category_a,category_b,conflict_type,origin,overlap_count,overlap_words,severity,note
weather,weather_words,do_not_pair,derived,19,blizzard | breeze | cloud | fog | frost | gale | hail | humidity | hurricane | lightning | mist | rain | sleet | snow | storm | sun | thunder | tornado | wind,P0,общих играбельных слов 19; пулы 36 и 26
dessert,desserts,do_not_pair,derived,17,brownie | cake | candy | cheesecake | cookie | cupcake | donut | fudge | gelato | ice cream | pastry | pie | pudding | sorbet | tart | tiramisu | trifle,P0,общих играбельных слов 17; пулы 18 и 31
accessories,fashion_accessories,do_not_pair,derived,16,belt | bowtie | bracelet | brooch | cufflinks | glasses | gloves | hat | hats | jewelry | necklace | scarf | sunglasses | suspenders | tie | watch,P0,общих играбельных слов 16; пулы 29 и 19
gemstones,jewelry_stones,do_not_pair,derived,15,amethyst | aquamarine | diamond | emerald | garnet | jade | moonstone | onyx | opal | pearl | peridot | ruby | sapphire | topaz | turquoise,P0,общих играбельных слов 15; пулы 21 и 15
office_supplies,school_supplies,do_not_pair,derived,15,binder | calculator | eraser | folder | highlighter | marker | notebook | paper | pen | pencil | planner | ruler | scissors | stapler | tape,P0,общих играбельных слов 15; пулы 30 и 27
art_class_things,art_supplies,do_not_pair,derived,14,brush | canvas | chalk | clay | easel | glitter | glue | marker | paint | palette | pastel | scissors | sketchbook | stencil,P0,общих играбельных слов 14; пулы 23 и 23
breakfast,breakfast_foods,do_not_pair,derived,14,bacon | bagel | bread | cereal | egg | eggs | granola | milk | omelet | pancake | pancakes | sausage | waffle | yogurt,P0,общих играбельных слов 14; пулы 20 и 34
fabric_types,fabrics,do_not_pair,derived,14,canvas | cashmere | chiffon | corduroy | cotton | denim | flannel | lace | linen | satin | silk | tweed | velvet | wool,P0,общих играбельных слов 14; пулы 21 и 20
birds,flying_animals,do_not_pair,derived,13,crow | duck | eagle | falcon | goose | hawk | owl | pelican | pigeon | robin | seagull | sparrow | swan,P0,общих играбельных слов 13; пулы 38 и 26
footwear,shoe_styles,do_not_pair,derived,13,boot | clog | flat | heel | loafer | moccasin | oxford | pump | sandal | slipper | sneaker | stiletto | wedge,P0,общих играбельных слов 13; пулы 24 и 15
fruit_trees,fruits,do_not_pair,derived,13,apple | apricot | banana | cherry | fig | grape | lemon | lime | mango | orange | peach | pear | plum,P0,общих играбельных слов 13; пулы 19 и 35
hobbies,hobby_verbs,do_not_pair,derived,13,birdwatching | collecting | dancing | drawing | fishing | gardening | hiking | knitting | painting | photography | reading | sewing | woodworking,P0,общих играбельных слов 13; пулы 21 и 20
ocean_animals,sea_creatures,do_not_pair,derived,13,clam | coral | crab | dolphin | jellyfish | lobster | octopus | oyster | seahorse | squid | starfish | stingray | whale,P0,общих играбельных слов 13; пулы 25 и 15
spices,spices_and_herbs,do_not_pair,derived,13,basil | cardamom | cinnamon | clove | coriander | cumin | nutmeg | oregano | paprika | pepper | saffron | thyme | turmeric,P0,общих играбельных слов 13; пулы 15 и 25
baking_ingredients,pie_ingredients,do_not_pair,derived,12,butter | chocolate | cinnamon | cream | egg | flour | molasses | raisin | salt | shortening | sugar | vanilla,P0,общих играбельных слов 12; пулы 25 и 25
bathroom_items,hygiene,do_not_pair,derived,12,brush | comb | floss | lotion | razor | shampoo | shower | soap | tissue | toothbrush | toothpaste | towel,P0,общих играбельных слов 12; пулы 25 и 19
clothing,clothing_items,do_not_pair,derived,12,blazer | boots | cardigan | dress | gloves | hat | jacket | pants | scarf | shirt | shorts | vest,P0,общих играбельных слов 12; пулы 19 и 28
farm_animals,livestock,do_not_pair,derived,12,chicken | cow | donkey | duck | goat | horse | mule | ox | pig | rabbit | sheep | turkey,P0,общих играбельных слов 12; пулы 20 и 17
fish_species,seafood,do_not_pair,derived,12,anchovy | catfish | cod | halibut | herring | salmon | sardine | snapper | swordfish | tilapia | trout | tuna,P0,общих играбельных слов 12; пулы 25 и 27
instruments,musical_instruments,do_not_pair,derived,12,banjo | bassoon | cello | clarinet | drum | flute | guitar | harp | oboe | piano | tuba | violin,P0,общих играбельных слов 12; пулы 15 и 30
languages,nationalities,do_not_pair,derived,12,chinese | dutch | french | german | greek | italian | japanese | korean | polish | russian | spanish | swedish,P0,общих играбельных слов 12; пулы 21 и 20
salad_ingredients,vegetables,do_not_pair,derived,12,beet | cabbage | carrot | celery | corn | cucumber | lettuce | onion | pepper | radish | spinach | tomato,P0,общих играбельных слов 12; пулы 25 и 33
school_jobs,school_people,do_not_pair,derived,12,aide | bus driver | coach | counselor | crossing guard | janitor | librarian | nurse | principal | substitute | teacher | tutor,P0,общих играбельных слов 12; пулы 18 и 16
bread_types,sandwich_breads,do_not_pair,derived,11,bagel | ciabatta | croissant | focaccia | pita | roll | rye | sourdough | texas toast | wheat | white,P0,общих играбельных слов 11; пулы 25 и 14
bread_types,world_breads,do_not_pair,derived,11,baguette | brioche | challah | ciabatta | focaccia | naan | pita | pumpernickel | rye | sourdough | tortilla,P0,общих играбельных слов 11; пулы 25 и 16
chemistry,chemistry_words,do_not_pair,derived,11,acid | atom | base | compound | element | formula | isotope | molecule | reaction | solution | valence,P0,общих играбельных слов 11; пулы 16 и 16
cleaning_supplies,cleaning_tools,do_not_pair,derived,11,broom | brush | bucket | duster | dustpan | mop | rag | scrubber | sponge | squeegee | vacuum,P0,общих играбельных слов 11; пулы 20 и 17
clothing_items,things_you_button,do_not_pair,derived,11,blouse | cardigan | coat | glove | jacket | jeans | overalls | pants | shirt | sweater | vest,P0,общих играбельных слов 11; пулы 28 и 14
fabric,fabric_types,do_not_pair,derived,11,burlap | canvas | chiffon | cotton | denim | lace | linen | silk | taffeta | velvet | wool,P0,общих играбельных слов 11; пулы 18 и 21
fishing_hobby,fishing_things,do_not_pair,derived,11,bait | boat | cooler | hook | line | lure | net | reel | rod | tackle box | waders,P0,общих играбельных слов 11; пулы 16 и 18
fruit,fruits,do_not_pair,derived,11,apricot | fig | kiwi | lemon | lychee | mango | peach | pear | pineapple | plum | quince,P0,общих играбельных слов 11; пулы 19 и 35
fruits,things_with_seeds,do_not_pair,derived,11,apple | cherry | fig | grape | kiwi | orange | peach | pear | plum | strawberry | watermelon,P0,общих играбельных слов 11; пулы 35 и 25
herbs,spices_and_herbs,do_not_pair,derived,11,basil | chive | cilantro | dill | mint | oregano | parsley | rosemary | sage | tarragon | thyme,P0,общих играбельных слов 11; пулы 17 и 25
meteorology,weather,do_not_pair,derived,11,blizzard | cyclone | forecast | humidity | monsoon | rain | snow | squall | storms | temperature | wind,P0,общих играбельных слов 11; пулы 18 и 36
olympic_sports,sports,do_not_pair,derived,11,archery | boxing | cricket | fencing | judo | luge | polo | surfing | swimming | tennis | track,P0,общих играбельных слов 11; пулы 34 и 22
rivers,world_rivers,do_not_pair,derived,11,amazon | congo | danube | euphrates | ganges | nile | rhine | seine | thames | volga | yangtze,P0,общих играбельных слов 11; пулы 18 и 16
wedding,wedding_things,do_not_pair,derived,11,best man | bouquet | bride | cake | ceremony | dress | honeymoon | invitation | reception | veil | vows,P0,общих играбельных слов 11; пулы 21 и 20
zodiac,zodiac_signs,do_not_pair,derived,11,aquarius | aries | cancer | capricorn | gemini | leo | libra | pisces | scorpio | taurus | virgo,P0,общих играбельных слов 11; пулы 16 и 12
astronomy,space_objects,do_not_pair,derived,10,comet | constellation | galaxy | meteor | moon | nebula | planet | pulsar | quasar | sun,P0,общих играбельных слов 10; пулы 26 и 20
calendar_words,time_units,do_not_pair,derived,10,century | day | decade | era | millennium | month | quarter | semester | week | year,P0,общих играбельных слов 10; пулы 22 и 16
chess,chess_words,do_not_pair,derived,10,bishop | castle | checkmate | en passant | gambit | king | knight | pawn | rook | stalemate,P0,общих играбельных слов 10; пулы 13 и 16
circus,circus_words,do_not_pair,derived,10,acrobat | clown | elephant | juggler | magician | popcorn | ringmaster | tent | tightrope | trapeze,P0,общих играбельных слов 10; пулы 14 и 19
cooking_actions,cooking_methods,do_not_pair,derived,10,bake | boil | broil | fry | grill | roast | saute | sear | simmer | steam,P0,общих играбельных слов 10; пулы 26 и 18
dance_styles,dances,do_not_pair,derived,10,ballet | breakdance | flamenco | foxtrot | hip hop | polka | salsa | samba | tango | waltz,P0,общих играбельных слов 10; пулы 19 и 15
fabric,fabrics,do_not_pair,derived,10,canvas | chiffon | cotton | denim | fleece | lace | linen | silk | velvet | wool,P0,общих играбельных слов 10; пулы 18 и 20
flowers,garden_flowers_summer,do_not_pair,derived,10,dahlia | daisy | geranium | lavender | lily | marigold | petunia | rose | sunflower | zinnia,P0,общих играбельных слов 10; пулы 36 и 14
garden,gardening,do_not_pair,derived,10,compost | flowers | hose | mulch | rake | seeds | shovel | soil | trellis | watering,P0,общих играбельных слов 10; пулы 19 и 18
gemstones,precious_stones,do_not_pair,derived,10,emerald | garnet | jade | moonstone | onyx | opal | ruby | sapphire | topaz | turquoise,P0,общих играбельных слов 10; пулы 21 и 10
jewelry_stones,precious_stones,do_not_pair,derived,10,emerald | garnet | jade | moonstone | onyx | opal | ruby | sapphire | topaz | turquoise,P0,общих играбельных слов 10; пулы 15 и 10
kinds_of_buildings,town_places,do_not_pair,derived,10,church | courthouse | hospital | library | mall | museum | school | stadium | temple | theater,P0,общих играбельных слов 10; пулы 26 и 25
magic_creatures,storybook_characters,do_not_pair,derived,10,dragon | dwarf | elf | fairy | genie | goblin | troll | unicorn | witch | wizard,P0,общих играбельных слов 10; пулы 18 и 20
musical_instruments,wind_instruments,do_not_pair,derived,10,bagpipes | bassoon | clarinet | flute | harmonica | oboe | saxophone | trombone | trumpet | tuba,P0,общих играбельных слов 10; пулы 30 и 14
nuts_and_seeds,nuts_world,do_not_pair,derived,10,almond | cashew | chestnut | hazelnut | macadamia | peanut | pecan | pine nut | pistachio | walnut,P0,общих играбельных слов 10; пулы 14 и 12
ocean_animals,seafood,do_not_pair,derived,10,clam | crab | eel | lobster | octopus | oyster | shrimp | squid | swordfish | tuna,P0,общих играбельных слов 10; пулы 25 и 27
office_supplies,stationery,do_not_pair,derived,10,binder | clip | eraser | folder | marker | notebook | paper | ruler | stapler | tape,P0,общих играбельных слов 10; пулы 30 и 12
olympic_events,olympic_sports,do_not_pair,derived,10,archery | diving | fencing | gymnastics | javelin | judo | rowing | swimming | weightlifting | wrestling,P0,общих играбельных слов 10; пулы 13 и 34
pasta,pasta_shapes,do_not_pair,derived,10,fettuccine | fusilli | lasagna | linguine | macaroni | orecchiette | penne | rigatoni | shell | spaghetti,P0,общих играбельных слов 10; пулы 13 и 23
soup_ingredients,vegetables,do_not_pair,derived,10,bean | cabbage | carrot | celery | corn | leek | onion | pepper | potato | tomato,P0,общих играбельных слов 10; пулы 25 и 33
storm,weather,do_not_pair,derived,10,cyclone | gale | hail | hurricane | lightning | rain | squall | thunder | tornado | wind,P0,общих играбельных слов 10; пулы 19 и 36
storms,weather,do_not_pair,derived,10,blizzard | cyclone | dust storm | gale | hailstorm | hurricane | monsoon | squall | thunder | tornado,P0,общих играбельных слов 10; пулы 17 и 36
things_with_wheels,vehicles,do_not_pair,derived,10,bike | bus | car | scooter | tractor | train | trolley | truck | van | wagon,P0,общих играбельных слов 10; пулы 26 и 33
us_states,usa,do_not_pair,derived,10,arizona | florida | georgia | kentucky | maine | nevada | ohio | texas | virginia | wyoming,P0,общих играбельных слов 10; пулы 27 и 10
water_states,weather_words,do_not_pair,derived,10,cloud | drizzle | fog | frost | hail | humidity | mist | rain | sleet | snow,P0,общих играбельных слов 10; пулы 19 и 26
airport,airport_words,do_not_pair,derived,9,boarding | control tower | customs | hangar | luggage | passport | runway | security | terminal,P0,общих играбельных слов 9; пулы 21 и 30
animals,zoo_animals,do_not_pair,derived,9,camel | elephant | giraffe | hippo | lion | otter | penguin | sloth | zebra,P0,общих играбельных слов 9; пулы 17 и 23
animals_with_shells,shellfish,do_not_pair,derived,9,barnacle | clam | cockle | crab | lobster | mussel | oyster | scallop | snail,P0,общих играбельных слов 9; пулы 15 и 15
astronomy,night_sky_things,do_not_pair,derived,9,comet | constellation | eclipse | galaxy | meteor | milky way | moon | planet | telescope,P0,общих играбельных слов 9; пулы 26 и 15
baking,bread,do_not_pair,derived,9,baguette | brioche | crust | flour | focaccia | rise | salt | sourdough | yeast,P0,общих играбельных слов 9; пулы 19 и 19
berries,berry_varieties,do_not_pair,derived,9,blackberry | blueberry | boysenberry | cranberry | currant | elderberry | gooseberry | raspberry | strawberry,P0,общих играбельных слов 9; пулы 13 и 11
birthday_things,party_things,do_not_pair,derived,9,balloon | cake | candle | confetti | guest | invitation | piñata | present | streamer,P0,общих играбельных слов 9; пулы 16 и 22
bread,bread_types,do_not_pair,derived,9,bagel | baguette | brioche | ciabatta | focaccia | pita | pumpernickel | rye | sourdough,P0,общих играбельных слов 9; пулы 19 и 25
cheese,cheese_types,do_not_pair,derived,9,american | brie | cheddar | colby | feta | gouda | gruyere | mozzarella | ricotta,P0,общих играбельных слов 9; пулы 18 и 20
cleaning_supplies,cleaning_trade,do_not_pair,derived,9,broom | bucket | disinfectant | dustpan | gloves | mop | squeegee | trash bag | vacuum,P0,общих играбельных слов 9; пулы 20 и 15
clothes,clothing_items,do_not_pair,derived,9,boots | dress | hat | hoodie | jeans | pants | scarf | shirt | shoes,P0,общих играбельных слов 9; пулы 17 и 28
clothing_items,things_with_pockets,do_not_pair,derived,9,blazer | coat | hoodie | jacket | jeans | overalls | robe | shirt | vest,P0,общих играбельных слов 9; пулы 28 и 14
cloud_and_sky,night_sky_things,do_not_pair,derived,9,aurora | cloud | comet | eclipse | meteor | moon | plane | satellite | star,P0,общих играбельных слов 9; пулы 20 и 15
constellation,constellations,do_not_pair,derived,9,andromeda | big dipper | cygnus | draco | lyra | orion | pegasus | perseus | polaris,P0,общих играбельных слов 9; пулы 11 и 23
currencies,world_currencies_more,do_not_pair,derived,9,baht | dinar | lira | peso | real | ruble | rupee | shekel | yen,P0,общих играбельных слов 9; пулы 15 и 18
diseases,illnesses,do_not_pair,derived,9,arthritis | asthma | bronchitis | chickenpox | diabetes | flu | measles | mumps | pneumonia,P0,общих играбельных слов 9; пулы 20 и 19
dog_breeds,dogs,do_not_pair,derived,9,beagle | bulldog | dachshund | dalmatian | husky | poodle | pug | shepherd | terrier,P0,общих играбельных слов 9; пулы 24 и 10
electricity_words,power_and_batteries,do_not_pair,derived,9,battery | fuse | generator | outlet | plug | socket | switch | voltage | watt,P0,общих играбельных слов 9; пулы 18 и 16
equestrian_words,horse_words,do_not_pair,derived,9,bridle | canter | gallop | groom | jockey | reins | saddle | stirrup | trot,P0,общих играбельных слов 9; пулы 14 и 20
european_cities,world_cities,do_not_pair,derived,9,barcelona | geneva | hamburg | manchester | marseille | milan | munich | naples | venice,P0,общих играбельных слов 9; пулы 25 и 31
family,family_members,do_not_pair,derived,9,aunt | brother | cousin | father | mother | nephew | niece | sister | uncle,P0,общих играбельных слов 9; пулы 13 и 26
fantasy_creatures,storybook_characters,do_not_pair,derived,9,dragon | elf | fairy | giant | goblin | mermaid | ogre | troll | unicorn,P0,общих играбельных слов 9; пулы 20 и 20
fish_species,pond_fish,do_not_pair,derived,9,bass | carp | catfish | minnow | perch | pike | sturgeon | trout | walleye,P0,общих играбельных слов 9; пулы 25 и 15
flower_parts,plant_parts,do_not_pair,derived,9,bud | leaf | petal | pollen | root | seed | stalk | stem | thorn,P0,общих играбельных слов 9; пулы 15 и 16
flowers,garden_flowers,do_not_pair,derived,9,dahlia | daisy | marigold | pansy | peony | rose | sunflower | tulip | zinnia,P0,общих играбельных слов 9; пулы 36 и 9
flowers,garden_flowers_spring,do_not_pair,derived,9,azalea | bluebell | daffodil | hyacinth | iris | lilac | magnolia | pansy | tulip,P0,общих играбельных слов 9; пулы 36 и 14
fruit_trees,things_with_seeds,do_not_pair,derived,9,apple | avocado | cherry | fig | grape | orange | peach | pear | plum,P0,общих играбельных слов 9; пулы 19 и 25
garden_bugs,insects,do_not_pair,derived,9,ant | aphid | bee | beetle | caterpillar | centipede | cricket | ladybug | spider,P0,общих играбельных слов 9; пулы 16 и 31
golf,golf_words,do_not_pair,derived,9,bogey | caddy | driver | eagle | hole | par | putter | tee | wedge,P0,общих играбельных слов 9; пулы 10 и 22
hair_words,hairstyles,do_not_pair,derived,9,bangs | bob | braid | bun | dreadlock | mohawk | perm | ponytail | updo,P0,общих играбельных слов 9; пулы 20 и 24
insects,pests,do_not_pair,derived,9,ant | aphid | flea | mosquito | moth | roach | termite | tick | wasp,P0,общих играбельных слов 9; пулы 31 и 22
lab_equipment,laboratory_equipment,do_not_pair,derived,9,beaker | burner | centrifuge | flask | funnel | goggles | microscope | petri dish | pipette,P0,общих играбельных слов 9; пулы 20 и 12
magic_tricks,magic_words,do_not_pair,derived,9,box | coin | dove | hat | illusion | mirror | rope | scarf | wand,P0,общих играбельных слов 9; пулы 25 и 18
measurement_devices,measuring_tools,do_not_pair,derived,9,barometer | compass | gauge | meter | odometer | scale | speedometer | stopwatch | thermometer,P0,общих играбельных слов 9; пулы 14 и 16
meat,meats,do_not_pair,derived,9,bacon | beef | chicken | ham | lamb | pork | ribs | sausage | venison,P0,общих играбельных слов 9; пулы 12 и 25
monkeys_and_apes,primates,do_not_pair,derived,9,baboon | bonobo | chimpanzee | gibbon | gorilla | lemur | macaque | mandrill | orangutan,P0,общих играбельных слов 9; пулы 14 и 11
music,music_words,do_not_pair,derived,9,beat | chord | chorus | harmony | melody | octave | rhythm | tempo | verse,P0,общих играбельных слов 9; пулы 27 и 25
pasta_shapes,types_of_pasta,do_not_pair,derived,9,fusilli | gnocchi | lasagna | linguine | penne | ravioli | rigatoni | spaghetti | tortellini,P0,общих играбельных слов 9; пулы 23 и 9
pizza_toppings,salad_ingredients,do_not_pair,derived,9,arugula | cheese | egg | mushroom | olive | onion | pepper | spinach | tomato,P0,общих играбельных слов 9; пулы 30 и 25
school_supplies,stationery,do_not_pair,derived,9,binder | eraser | folder | marker | notebook | paper | ruler | stapler | tape,P0,общих играбельных слов 9; пулы 27 и 12
sewing_supplies,sewing_words,do_not_pair,derived,9,bobbin | button | hem | needle | pattern | pin | thimble | thread | yarn,P0,общих играбельных слов 9; пулы 18 и 18
sewing_supplies,tailor_words,do_not_pair,derived,9,bobbin | hem | needle | pattern | pin | seam ripper | tape measure | thimble | thread,P0,общих играбельных слов 9; пулы 18 и 17
southern_cities,us_cities,do_not_pair,derived,9,atlanta | austin | charlotte | dallas | houston | memphis | miami | nashville | raleigh,P0,общих играбельных слов 9; пулы 15 и 22
storm,weather_words,do_not_pair,derived,9,downpour | gale | hail | hurricane | lightning | rain | thunder | tornado | wind,P0,общих играбельных слов 9; пулы 19 и 26
temperature_feel,textures,do_not_pair,derived,9,bumpy | fuzzy | grainy | prickly | rough | silky | smooth | soft | sticky,P0,общих играбельных слов 9; пулы 16 и 21
tennis,tennis_words,do_not_pair,derived,9,ace | backhand | deuce | forehand | love | net | racket | serve | volley,P0,общих играбельных слов 9; пулы 13 и 18
things_that_are_sharp,things_that_cut,do_not_pair,derived,9,arrow | dart | nail | needle | pin | spear | sword | tack | thorn,P0,общих играбельных слов 9; пулы 16 и 18
water_states,weather,do_not_pair,derived,9,cloud | fog | frost | hail | humidity | mist | rain | sleet | snow,P0,общих играбельных слов 9; пулы 19 и 36
weather,weather_phenomena,do_not_pair,derived,9,blizzard | breeze | cyclone | fog | hail | hurricane | lightning | thunder | tornado,P0,общих играбельных слов 9; пулы 36 и 13
anatomy,bones,do_not_pair,derived,8,clavicle | femur | patella | pelvis | radius | scapula | tibia | ulna,P0,общих играбельных слов 8; пулы 14 и 28
art_supplies,crafting_materials,do_not_pair,derived,8,bead | clay | glitter | glue | paint | paper | ribbon | yarn,P0,общих играбельных слов 8; пулы 23 и 18
astronomy,things_in_the_sky_science,do_not_pair,derived,8,comet | constellation | eclipse | galaxy | observatory | orbit | telescope | universe,P0,общих играбельных слов 8; пулы 26 и 17
berries,fruits,do_not_pair,derived,8,blackberry | blueberry | cherry | cranberry | grape | mulberry | raspberry | strawberry,P0,общих играбельных слов 8; пулы 13 и 35
beverages,everyday_drinks,do_not_pair,derived,8,cocoa | coffee | juice | lemonade | milk | smoothie | soda | tea,P0,общих играбельных слов 8; пулы 19 и 8
body_sounds,voice_sounds,do_not_pair,derived,8,cough | cry | gasp | grunt | laugh | sigh | whistle | yawn,P0,общих играбельных слов 8; пулы 16 и 16
bread,world_breads,do_not_pair,derived,8,baguette | brioche | ciabatta | focaccia | pita | pumpernickel | rye | sourdough,P0,общих играбельных слов 8; пулы 19 и 16
building_materials,hard_things,do_not_pair,derived,8,brick | concrete | glass | granite | marble | steel | tile | wood,P0,общих играбельных слов 8; пулы 24 и 18
camping,camping_gear,do_not_pair,derived,8,backpack | campfire | compass | cooler | lantern | sleeping bag | tarp | tent,P0,общих играбельных слов 8; пулы 10 и 27
clothing_parts,sewing_patterns,do_not_pair,derived,8,collar | cuff | hem | lapel | lining | pocket | seam | yoke,P0,общих играбельных слов 8; пулы 17 и 15
cold_things,water_states,do_not_pair,derived,8,frost | glacier | hail | ice | icicle | sleet | slush | snow,P0,общих играбельных слов 8; пулы 20 и 19
comedy,comedy_words,do_not_pair,derived,8,improv | parody | punchline | roast | satire | sketch | slapstick | standup,P0,общих играбельных слов 8; пулы 11 и 15
countries_in_europe,european_countries,do_not_pair,derived,8,austria | belgium | croatia | greece | hungary | italy | norway | spain,P0,общих играбельных слов 8; пулы 8 и 25
crops,grains_and_beans,do_not_pair,derived,8,barley | corn | millet | oat | rice | rye | soybean | wheat,P0,общих играбельных слов 8; пулы 18 и 15
cured_meats,meats,do_not_pair,derived,8,bacon | bologna | ham | jerky | pastrami | pepperoni | salami | sausage,P0,общих играбельных слов 8; пулы 14 и 25
cycling_words,parts_of_a_bike,do_not_pair,derived,8,brake | chain | gear | handlebar | pedal | saddle | spoke | tire,P0,общих играбельных слов 8; пулы 16 и 18
desert,desert_things,do_not_pair,derived,8,cactus | camel | dune | heat | mirage | oasis | sand | scorpion,P0,общих играбельных слов 8; пулы 17 и 18
dog,dog_breeds,do_not_pair,derived,8,beagle | bulldog | dalmatian | husky | labrador | mastiff | poodle | pug,P0,общих играбельных слов 8; пулы 13 и 24
electrical_words,electricity_words,do_not_pair,derived,8,amp | fuse | outlet | socket | switch | transformer | voltage | wire,P0,общих играбельных слов 8; пулы 16 и 18
evergreens,trees,do_not_pair,derived,8,cedar | cypress | fir | juniper | magnolia | pine | redwood | spruce,P0,общих играбельных слов 8; пулы 14 и 25
face,face_parts,do_not_pair,derived,8,brow | cheek | chin | ear | eye | eyelid | jaw | nose,P0,общих играбельных слов 8; пулы 10 и 20
flower,flower_parts,do_not_pair,derived,8,bud | nectar | petal | pistil | pollen | sepal | stamen | stem,P0,общих играбельных слов 8; пулы 12 и 15
flying_animals,insects,do_not_pair,derived,8,bee | butterfly | dragonfly | hornet | ladybug | mosquito | moth | wasp,P0,общих играбельных слов 8; пулы 26 и 31
flying_insects,insects,do_not_pair,derived,8,bee | butterfly | dragonfly | firefly | gnat | ladybug | mosquito | moth,P0,общих играбельных слов 8; пулы 9 и 31
garden_plants,things_with_seeds,do_not_pair,derived,8,bean | cucumber | pepper | pumpkin | squash | strawberry | sunflower | tomato,P0,общих играбельных слов 8; пулы 20 и 25
garden_plants,vegetables,do_not_pair,derived,8,bean | carrot | cucumber | lettuce | pepper | squash | tomato | zucchini,P0,общих играбельных слов 8; пулы 20 и 33
geological_eras,paleontology_eras,do_not_pair,derived,8,cenozoic | cretaceous | jurassic | mesozoic | paleozoic | permian | precambrian | triassic,P0,общих играбельных слов 8; пулы 10 и 8
geometric_shapes,shapes,do_not_pair,derived,8,cube | cylinder | hexagon | octagon | pentagon | prism | sphere | triangle,P0,общих играбельных слов 8; пулы 9 и 23
halloween,halloween_things,do_not_pair,derived,8,candy | costume | ghost | ghosts | pumpkin | vampire | witch | zombie,P0,общих играбельных слов 8; пулы 10 и 21
historic_jobs,old_professions,do_not_pair,derived,8,blacksmith | cobbler | cooper | miller | scribe | tanner | weaver | wheelwright,P0,общих играбельных слов 8; пулы 15 и 16
injuries,things_that_hurt,do_not_pair,derived,8,blister | bruise | burn | cut | scrape | splinter | sprain | sunburn,P0,общих играбельных слов 8; пулы 18 и 15
island_nations,islands,do_not_pair,derived,8,cuba | cyprus | fiji | iceland | jamaica | madagascar | maldives | malta,P0,общих играбельных слов 8; пулы 15 и 19
kitchen,kitchen_tools,do_not_pair,derived,8,grater | knife | ladle | peeler | skillet | spatula | tongs | whisk,P0,общих играбельных слов 8; пулы 26 и 30
kitchen_tools,kitchen_utensils,do_not_pair,derived,8,fork | knife | ladle | spatula | spoon | strainer | tongs | whisk,P0,общих играбельных слов 8; пулы 30 и 9
landforms,natural_wonders,do_not_pair,derived,8,canyon | desert | glacier | island | islands | mountains | ocean | volcano,P0,общих играбельных слов 8; пулы 33 и 8
landforms,nature,do_not_pair,derived,8,canyon | cliff | desert | hill | island | mountain | ocean | valley,P0,общих играбельных слов 8; пулы 33 и 19
lessons,school_subjects,do_not_pair,derived,8,algebra | astronomy | biology | geometry | history | math | music | science,P0,общих играбельных слов 8; пулы 8 и 33
mountain,mountain_things,do_not_pair,derived,8,cliff | eagle | glacier | peak | ridge | snow | summit | trail,P0,общих играбельных слов 8; пулы 14 и 20
mushroom_types,mushrooms,do_not_pair,derived,8,chanterelle | enoki | morel | oyster | porcini | portobello | shiitake | truffle,P0,общих играбельных слов 8; пулы 11 и 10
mythical_monsters,mythology,do_not_pair,derived,8,basilisk | chimera | gorgon | hydra | kraken | medusa | minotaur | sphinx,P0,общих играбельных слов 8; пулы 16 и 20
national_parks,national_parks_us,do_not_pair,derived,8,acadia | everglades | glacier | grand canyon | sequoia | yellowstone | yosemite | zion,P0,общих играбельных слов 8; пулы 26 и 15
night_sky_things,space_objects,do_not_pair,derived,8,comet | constellation | galaxy | meteor | moon | planet | satellite | star,P0,общих играбельных слов 8; пулы 15 и 20
nuts,nuts_and_seeds,do_not_pair,derived,8,almond | cashew | hazelnut | macadamia | peanut | pecan | pistachio | walnut,P0,общих играбельных слов 8; пулы 9 и 14
nuts,nuts_world,do_not_pair,derived,8,almond | cashew | hazelnut | macadamia | peanut | pecan | pistachio | walnut,P0,общих играбельных слов 8; пулы 9 и 12
parrots_and_exotic_birds,tropical_birds,do_not_pair,derived,8,cockatoo | hornbill | lorikeet | macaw | parakeet | parrot | quetzal | toucan,P0,общих играбельных слов 8; пулы 13 и 17
pie_ingredients,pie_types,do_not_pair,derived,8,apple | blueberry | cherry | custard | peach | pecan | pumpkin | rhubarb,P0,общих играбельных слов 8; пулы 25 и 15
pizza_toppings,sandwich_fillings,do_not_pair,derived,8,bacon | cheese | chicken | ham | meatball | onion | salami | tomato,P0,общих играбельных слов 8; пулы 30 и 25
pizza_toppings,soup_ingredients,do_not_pair,derived,8,bacon | chicken | garlic | ham | mushroom | onion | pepper | tomato,P0,общих играбельных слов 8; пулы 30 и 25
root_vegetables,vegetables,do_not_pair,derived,8,beet | carrot | kohlrabi | onion | parsnip | potato | radish | turnip,P0,общих играбельных слов 8; пулы 15 и 33
salad_ingredients,soup_ingredients,do_not_pair,derived,8,cabbage | carrot | celery | corn | mushroom | onion | pepper | tomato,P0,общих играбельных слов 8; пулы 25 и 25
sea_creatures,seafood,do_not_pair,derived,8,clam | crab | lobster | mussel | octopus | oyster | snapper | squid,P0,общих играбельных слов 8; пулы 15 и 27
seafood,shellfish,do_not_pair,derived,8,clam | crab | crawfish | lobster | mussel | oyster | scallop | shrimp,P0,общих играбельных слов 8; пулы 27 и 15
seasons_winter,winter,do_not_pair,derived,8,blizzard | fireplace | frost | icicle | ski | sled | snow | snowflake,P0,общих играбельных слов 8; пулы 16 и 21
sleep_and_rest,sleeping_actions,do_not_pair,derived,8,doze | dream | nap | rest | sleepwalk | slumber | snore | yawn,P0,общих играбельных слов 8; пулы 18 и 12
snack_foods,snacks,do_not_pair,derived,8,chips | cookie | crackers | nuts | popcorn | pretzel | pretzels | trail mix,P0,общих играбельных слов 8; пулы 24 и 12
solar_system_words,space_objects,do_not_pair,derived,8,asteroid belt | comet | dwarf planet | meteor | moon | planet | ring | sun,P0,общих играбельных слов 8; пулы 14 и 20
spice,spices,do_not_pair,derived,8,cardamom | cinnamon | coriander | cumin | nutmeg | oregano | paprika | turmeric,P0,общих играбельных слов 8; пулы 8 и 15
spice,spices_and_herbs,do_not_pair,derived,8,cardamom | cinnamon | coriander | cumin | nutmeg | oregano | paprika | turmeric,P0,общих играбельных слов 8; пулы 8 и 25
sports,team_sports,do_not_pair,derived,8,baseball | basketball | cricket | hockey | lacrosse | polo | rugby | soccer,P0,общих играбельных слов 8; пулы 22 и 18
storm,storms,do_not_pair,derived,8,cyclone | downpour | gale | hurricane | squall | thunder | thunderstorm | tornado,P0,общих играбельных слов 8; пулы 19 и 17
telescope,telescope_words,do_not_pair,derived,8,aperture | eyepiece | finder | lens | magnification | mirror | mount | observatory,P0,общих играбельных слов 8; пулы 18 и 14
theater,theater_words,do_not_pair,derived,8,aisle | backstage | curtain | encore | intermission | script | stage | wings,P0,общих играбельных слов 8; пулы 27 и 20
things_that_carry_people,vehicles,do_not_pair,derived,8,boat | bus | ferry | plane | sled | taxi | train | tram,P0,общих играбельных слов 8; пулы 18 и 33
weather_phenomena,weather_words,do_not_pair,derived,8,blizzard | breeze | fog | hail | hurricane | lightning | thunder | tornado,P0,общих играбельных слов 8; пулы 13 и 26
african_animals,zoo_animals,do_not_pair,derived,7,cheetah | elephant | giraffe | hippo | lion | rhino | zebra,P1,общих играбельных слов 7; пулы 21 и 23
african_countries,countries_in_africa,do_not_pair,derived,7,algeria | egypt | ghana | kenya | morocco | nigeria | tunisia,P0,общих играбельных слов 7; пулы 23 и 7
animals_with_shells,shell,do_not_pair,derived,7,clam | conch | crab | oyster | scallop | snail | turtle,P0,общих играбельных слов 7; пулы 15 и 10
animals_with_shells,shells,do_not_pair,derived,7,clam | cockle | conch | mussel | nautilus | oyster | scallop,P1,общих играбельных слов 7; пулы 15 и 13
appliances,kitchen_appliances,do_not_pair,derived,7,air fryer | blender | kettle | microwave | mixer | oven | toaster,P0,общих играбельных слов 7; пулы 8 и 22
architecture,architecture_words,do_not_pair,derived,7,blueprint | buttress | column | cornice | dome | facade | vault,P1,общих играбельных слов 7; пулы 22 и 16
art_class_things,painting_supplies,do_not_pair,derived,7,brush | canvas | easel | paint | palette | smock | stencil,P1,общих играбельных слов 7; пулы 23 и 16
art_supplies,writing_tools,do_not_pair,derived,7,brush | chalk | charcoal | crayon | marker | pastel | pencil,P1,общих играбельных слов 7; пулы 23 и 15
astrological_symbols,zodiac,do_not_pair,derived,7,aries | gemini | leo | libra | scorpio | taurus | virgo,P0,общих играбельных слов 7; пулы 8 и 16
astrological_symbols,zodiac_signs,do_not_pair,derived,7,aries | gemini | leo | libra | scorpio | taurus | virgo,P0,общих играбельных слов 7; пулы 8 и 12
astronomy,solar_system_words,do_not_pair,derived,7,comet | eclipse | meteor | moon | orbit | planet | sun,P1,общих играбельных слов 7; пулы 26 и 14
astronomy,space,do_not_pair,derived,7,comet | milky way | moon | orbit | planet | planets | stars,P1,общих играбельных слов 7; пулы 26 и 16
authors,writers,do_not_pair,derived,7,austen | bronte | dickens | orwell | shakespeare | tolkien | twain,P0,общих играбельных слов 7; пулы 15 и 7
baby,baby_things,do_not_pair,derived,7,bib | cradle | crib | diaper | onesie | pacifier | stroller,P1,общих играбельных слов 7; пулы 12 и 18
baked_goods,bread_types,do_not_pair,derived,7,bagel | challah | croissant | focaccia | muffin | pita | scone,P1,общих играбельных слов 7; пулы 14 и 25
bakery,baking,do_not_pair,derived,7,bread | cake | flour | oven | pastry | sourdough | yeast,P1,общих играбельных слов 7; пулы 20 и 19
beach,sea_shore_things,do_not_pair,derived,7,sand | seashell | shell | sunscreen | tide | towel | umbrella,P1,общих играбельных слов 7; пулы 16 и 21
bedroom,bedroom_things,do_not_pair,derived,7,bed | blanket | closet | dresser | lamp | mirror | pillow,P1,общих играбельных слов 7; пулы 13 и 21
beverages,cold_drinks,do_not_pair,derived,7,ginger ale | juice | lemonade | milk | milkshake | smoothie | soda,P1,общих играбельных слов 7; пулы 19 и 18
bible_books,biblical_names,do_not_pair,derived,7,daniel | isaiah | john | luke | mark | matthew | ruth,P1,общих играбельных слов 7; пулы 24 и 20
biomes,landforms,do_not_pair,derived,7,desert | dune | marsh | mountain | ocean | prairie | tundra,P1,общих играбельных слов 7; пулы 17 и 33
board_games,strategy_games,do_not_pair,derived,7,backgammon | checkers | chess | go | othello | risk | scrabble,P0,общих играбельных слов 7; пулы 28 и 10
book_genres,movie_genres,do_not_pair,derived,7,comedy | fantasy | horror | mystery | romance | thriller | western,P1,общих играбельных слов 7; пулы 19 и 19
building_actions,sewing_and_repair,do_not_pair,derived,7,bolt | caulk | glue | hammer | level | nail | screw,P1,общих играбельных слов 7; пулы 18 и 18
building_materials,construction_materials,do_not_pair,derived,7,brick | concrete | glass | lumber | steel | stone | tile,P0,общих играбельных слов 7; пулы 24 и 8
building_materials,sculpture_materials,do_not_pair,derived,7,concrete | glass | granite | marble | plaster | stone | wood,P1,общих играбельных слов 7; пулы 24 и 18
capitals,world_capitals,do_not_pair,derived,7,beijing | budapest | cairo | london | paris | prague | tokyo,P0,общих играбельных слов 7; пулы 11 и 25
christmas,christmas_things,do_not_pair,derived,7,carol | garland | lights | ornament | reindeer | tinsel | tree,P1,общих играбельных слов 7; пулы 14 и 20
cinema,movie_genres,do_not_pair,derived,7,action | animation | comedy | drama | fantasy | romance | thriller,P1,общих играбельных слов 7; пулы 15 и 19
cities,world_capitals,do_not_pair,derived,7,athens | lima | london | nairobi | paris | seoul | tokyo,P1,общих играбельных слов 7; пулы 15 и 25
cities,world_cities,do_not_pair,derived,7,london | mumbai | osaka | paris | sydney | tokyo | toronto,P1,общих играбельных слов 7; пулы 15 и 31
clothing_materials,fabrics,do_not_pair,derived,7,cotton | denim | lace | leather | silk | velvet | wool,P0,общих играбельных слов 7; пулы 10 и 20
cold_things,winter,do_not_pair,derived,7,blizzard | frost | ice | icicle | permafrost | snow | snowball,P1,общих играбельных слов 7; пулы 20 и 21
common_professions,jobs,do_not_pair,derived,7,chef | doctor | engineer | farmer | lawyer | manager | teacher,P0,общих играбельных слов 7; пулы 8 и 17
condiments,sauces,do_not_pair,derived,7,aioli | ketchup | mustard | pesto | ranch | relish | salsa,P1,общих играбельных слов 7; пулы 23 и 28
cooking_methods,cooking_techniques,do_not_pair,derived,7,bake | blanch | boil | grill | poach | roast | saute,P0,общих играбельных слов 7; пулы 18 и 7
coral_reef,ocean_animals,do_not_pair,derived,7,coral | eel | jellyfish | seahorse | starfish | turtle | urchin,P1,общих играбельных слов 7; пулы 15 и 25
crops,grasses,do_not_pair,derived,7,barley | corn | oat | rice | rye | sugarcane | wheat,P1,общих играбельных слов 7; пулы 18 и 14
dinosaurs,extinct_animals,do_not_pair,derived,7,brontosaurus | pterodactyl | raptor | stegosaurus | triceratops | tyrannosaurus | velociraptor,P1,общих играбельных слов 7; пулы 12 и 16
disasters,natural_disasters,do_not_pair,derived,7,earthquake | flood | hurricane | tornado | tsunami | volcano | wildfire,P0,общих играбельных слов 7; пулы 7 и 17
elements,metals,do_not_pair,derived,7,copper | gold | iron | lead | mercury | silver | zinc,P1,общих играбельных слов 7; пулы 24 и 21
elements_more,metals,do_not_pair,derived,7,aluminum | chromium | cobalt | nickel | platinum | silver | titanium,P1,общих играбельных слов 7; пулы 22 и 21
fabric,textiles,do_not_pair,derived,7,damask | denim | lace | linen | silk | weave | wool,P1,общих играбельных слов 7; пулы 18 и 16
fabric_types,textiles,do_not_pair,derived,7,denim | lace | linen | satin | silk | tweed | wool,P1,общих играбельных слов 7; пулы 21 и 16
fabrics,textiles,do_not_pair,derived,7,denim | lace | linen | satin | silk | tweed | wool,P1,общих играбельных слов 7; пулы 20 и 16
fantasy,storybook_characters,do_not_pair,derived,7,dragon | elf | goblin | knight | ogre | witch | wizard,P1,общих играбельных слов 7; пулы 18 и 20
fantasy_creatures,magic_creatures,do_not_pair,derived,7,dragon | elf | fairy | gnome | goblin | troll | unicorn,P1,общих играбельных слов 7; пулы 20 и 18
farm_buildings,things_on_a_farm,do_not_pair,derived,7,barn | coop | fence | pen | silo | stable | windmill,P1,общих играбельных слов 7; пулы 15 и 20
farm_jobs,jobs_with_animals,do_not_pair,derived,7,beekeeper | breeder | farmer | rancher | shepherd | trainer | vet,P1,общих играбельных слов 7; пулы 14 и 15
film_genres,movie_genres,do_not_pair,derived,7,action | comedy | documentary | drama | horror | romance | thriller,P0,общих играбельных слов 7; пулы 7 и 19
first_aid,medicine_cabinet,do_not_pair,derived,7,aspirin | bandage | gauze | ice pack | ointment | thermometer | tweezers,P1,общих играбельных слов 7; пулы 18 и 18
footwear,types_of_shoes,do_not_pair,derived,7,boots | clog | heels | pump | sandals | sneakers | wedge,P0,общих играбельных слов 7; пулы 24 и 8
fruit,fruit_trees,do_not_pair,derived,7,apricot | fig | lemon | mango | peach | pear | plum,P1,общих играбельных слов 7; пулы 19 и 19
fruit,things_with_seeds,do_not_pair,derived,7,fig | kiwi | melon | peach | pear | plum | pomegranate,P1,общих играбельных слов 7; пулы 19 и 25
gadgets,screens,do_not_pair,derived,7,camera | console | e-reader | laptop | phone | tablet | watch,P1,общих играбельных слов 7; пулы 22 и 16
gadgets,things_with_buttons,do_not_pair,derived,7,camera | doorbell | phone | printer | remote | thermostat | watch,P1,общих играбельных слов 7; пулы 22 и 18
garden_actions,gardening_words,do_not_pair,derived,7,compost | harvest | mulch | prune | seed | water | weed,P1,общих играбельных слов 7; пулы 15 и 18
garden_tools,gardening,do_not_pair,derived,7,gloves | hoe | hose | rake | shovel | trowel | watering can,P1,общих играбельных слов 7; пулы 22 и 18
garden_tools,gardening_hobby,do_not_pair,derived,7,gloves | hose | pruner | trowel | twine | watering can | wheelbarrow,P1,общих играбельных слов 7; пулы 22 и 16
gems,gemstones,do_not_pair,derived,7,agate | amethyst | aquamarine | emerald | ruby | sapphire | tanzanite,P0,общих играбельных слов 7; пулы 11 и 21
gemstones,precious_materials,do_not_pair,derived,7,diamond | emerald | jade | opal | pearl | ruby | sapphire,P1,общих играбельных слов 7; пулы 21 и 15
grains,grains_and_beans,do_not_pair,derived,7,barley | millet | oat | quinoa | rice | rye | wheat,P0,общих играбельных слов 7; пулы 10 и 15
grape_varieties,wine,do_not_pair,derived,7,cabernet | chardonnay | malbec | merlot | pinot noir | riesling | syrah,P0,общих играбельных слов 7; пулы 14 и 8
hand_tools,toolbox,do_not_pair,derived,7,chisel | clamp | hammer | pliers | saw | screwdriver | wrench,P0,общих играбельных слов 7; пулы 24 и 9
hard_things,sculpture_materials,do_not_pair,derived,7,concrete | glass | granite | ice | marble | metal | wood,P1,общих играбельных слов 7; пулы 18 и 18
hats,headwear,do_not_pair,derived,7,balaclava | bandana | beanie | beret | cap | headband | helmet,P0,общих играбельных слов 7; пулы 23 и 8
herb_garden,spices_and_herbs,do_not_pair,derived,7,basil | coriander | dill | parsley | rosemary | tarragon | thyme,P0,общих играбельных слов 7; пулы 8 и 25
hot_places,hot_things,do_not_pair,derived,7,campfire | engine | furnace | oven | sauna | sun | volcano,P1,общих играбельных слов 7; пулы 15 и 20
injuries,sports_injuries,do_not_pair,derived,7,bruise | concussion | dislocation | fracture | sprain | strain | whiplash,P1,общих играбельных слов 7; пулы 18 и 13
jewelry_stones,precious_materials,do_not_pair,derived,7,diamond | emerald | jade | opal | pearl | ruby | sapphire,P1,общих играбельных слов 7; пулы 15 и 15
jobs_with_tools,repair_jobs,do_not_pair,derived,7,electrician | locksmith | machinist | mechanic | plumber | tailor | welder,P1,общих играбельных слов 7; пулы 15 и 14
lake,world_lakes,do_not_pair,derived,7,baikal | erie | michigan | ontario | superior | tahoe | victoria,P0,общих играбельных слов 7; пулы 8 и 14
landscape_features,nature,do_not_pair,derived,7,cliff | cloud | hill | meadow | sky | soil | valley,P0,общих играбельных слов 7; пулы 7 и 19
languages,world_languages,do_not_pair,derived,7,arabic | english | french | hindi | portuguese | spanish | swedish,P0,общих играбельных слов 7; пулы 21 и 8
library,library_words,do_not_pair,derived,7,archive | book | catalog | checkout | librarian | reference | silence,P1,общих играбельных слов 7; пулы 17 и 18
meats,pizza_toppings,do_not_pair,derived,7,bacon | chicken | ham | meatball | pepperoni | salami | sausage,P1,общих играбельных слов 7; пулы 25 и 30
meats,sandwich_fillings,do_not_pair,derived,7,bacon | chicken | ham | meatball | pastrami | salami | turkey,P1,общих играбельных слов 7; пулы 25 и 25
medicine,medicines,do_not_pair,derived,7,antibiotic | injection | insulin | ointment | pill | syrup | vaccine,P1,общих играбельных слов 7; пулы 18 и 14
medieval_weapons,weapons_of_the_past,do_not_pair,derived,7,axe | crossbow | flail | halberd | mace | spear | sword,P0,общих играбельных слов 7; пулы 11 и 17
money,money_words,do_not_pair,derived,7,cash | cent | coin | credit | dime | dollar | euro,P1,общих играбельных слов 7; пулы 17 и 34
mushroom_types,mushrooms_and_fungi,do_not_pair,derived,7,chanterelle | morel | portobello | puffball | shiitake | toadstool | truffle,P0,общих играбельных слов 7; пулы 11 и 12
musical_instruments,string_instruments,do_not_pair,derived,7,banjo | cello | guitar | harp | mandolin | ukulele | violin,P1,общих играбельных слов 7; пулы 30 и 15
natural_sciences,science_fields,do_not_pair,derived,7,botany | chemistry | ecology | genetics | geology | physics | zoology,P0,общих играбельных слов 7; пулы 7 и 15
nature_surnames,old_professions,do_not_pair,derived,7,chandler | cooper | farmer | mason | miller | potter | weaver,P1,общих играбельных слов 7; пулы 18 и 16
ocean_animals,ocean_life,do_not_pair,derived,7,coral | crab | jellyfish | shark | starfish | turtle | whale,P1,общих играбельных слов 7; пулы 25 и 16
ocean_animals,sea_life,do_not_pair,derived,7,dolphin | jellyfish | octopus | seahorse | shrimp | squid | urchin,P0,общих играбельных слов 7; пулы 25 и 8
olympic_sports,racing_sports,do_not_pair,derived,7,cycling | hurdles | marathon | rowing | sailing | swimming | triathlon,P1,общих играбельных слов 7; пулы 34 и 19
olympic_sports,winter_sports,do_not_pair,derived,7,biathlon | bobsled | curling | figure skating | luge | skating | skiing,P1,общих играбельных слов 7; пулы 34 и 18
painting_supplies,painting_trade,do_not_pair,derived,7,brush | drop cloth | ladder | primer | roller | tape | tray,P1,общих играбельных слов 7; пулы 16 и 14
photography,photography_words,do_not_pair,derived,7,aperture | exposure | flash | frame | lens | portrait | shutter,P1,общих играбельных слов 7; пулы 15 и 18
planet,planets,do_not_pair,derived,7,earth | jupiter | mars | neptune | pluto | saturn | venus,P0,общих играбельных слов 7; пулы 14 и 9
planets,roman_gods,do_not_pair,derived,7,jupiter | mars | mercury | neptune | pluto | saturn | venus,P0,общих играбельных слов 7; пулы 9 и 14
pottery,pottery_words,do_not_pair,derived,7,bowl | clay | glaze | kiln | slip | vase | wheel,P1,общих играбельных слов 7; пулы 21 и 14
sailing,sailing_words,do_not_pair,derived,7,boom | keel | knot | mast | port | rudder | starboard,P0,общих играбельных слов 7; пулы 9 и 18
sailing_words,ship_parts,do_not_pair,derived,7,anchor | boom | hull | keel | mast | rudder | stern,P0,общих играбельных слов 7; пулы 18 и 11
sandwich_fillings,sandwich_things,do_not_pair,derived,7,cheese | ham | lettuce | mayo | pickle | roast beef | tomato,P1,общих играбельных слов 7; пулы 25 и 12
sewing,sewing_words,do_not_pair,derived,7,bobbin | hem | pattern | seam | stitch | thimble | thread,P0,общих играбельных слов 7; пулы 11 и 18
sewing_words,tailor_words,do_not_pair,derived,7,bobbin | hem | needle | pattern | pin | thimble | thread,P1,общих играбельных слов 7; пулы 18 и 17
shellfish,shells,do_not_pair,derived,7,abalone | clam | cockle | mussel | oyster | scallop | whelk,P1,общих играбельных слов 7; пулы 15 и 13
sleep,sleep_and_rest,do_not_pair,derived,7,dream | lullaby | nap | pillow | slumber | snore | yawn,P0,общих играбельных слов 7; пулы 11 и 18
snake,snakes,do_not_pair,derived,7,boa | cobra | copperhead | mamba | python | rattlesnake | viper,P0,общих играбельных слов 7; пулы 8 и 13
soups,world_soups,do_not_pair,derived,7,borscht | gazpacho | goulash | minestrone | miso | pho | ramen,P0,общих играбельных слов 7; пулы 22 и 11
speed_adjectives,word_fast,do_not_pair,derived,7,brisk | fast | hasty | quick | rapid | speedy | swift,P1,общих играбельных слов 7; пулы 16 и 14
spice_rack_staples,spices,do_not_pair,derived,7,basil | cinnamon | cumin | nutmeg | oregano | paprika | thyme,P0,общих играбельных слов 7; пулы 7 и 15
spice_rack_staples,spices_and_herbs,do_not_pair,derived,7,basil | cinnamon | cumin | nutmeg | oregano | paprika | thyme,P0,общих играбельных слов 7; пулы 7 и 25
state_capitals,us_cities,do_not_pair,derived,7,atlanta | austin | boston | denver | nashville | phoenix | raleigh,P1,общих играбельных слов 7; пулы 25 и 22
taste_words,tastes,do_not_pair,derived,7,bitter | savory | sour | sweet | tangy | umami | zesty,P0,общих играбельных слов 7; пулы 21 и 7
weather,weather_events,do_not_pair,derived,7,blizzard | cyclone | hail | squall | storm | thunder | tornado,P1,общих играбельных слов 7; пулы 36 и 14
weather_actions,weather_words,do_not_pair,derived,7,drizzle | hail | rain | sleet | snow | thaw | thunder,P1,общих играбельных слов 7; пулы 15 и 26
weather_adjectives,weather_types,do_not_pair,derived,7,clear | cloudy | foggy | rainy | snowy | sunny | windy,P0,общих играбельных слов 7; пулы 18 и 11
weather_events,weather_words,do_not_pair,derived,7,blizzard | drizzle | hail | shower | storm | thunder | tornado,P1,общих играбельных слов 7; пулы 14 и 26
weeds,wild_plants,do_not_pair,derived,7,clover | dandelion | ivy | moss | nettle | ragweed | thistle,P1,общих играбельных слов 7; пулы 14 и 19
zoo,zoo_animals,do_not_pair,derived,7,gorilla | hippo | koala | lion | panda | rhino | zebra,P1,общих играбельных слов 7; пулы 19 и 23
academic_subjects,school_subjects,do_not_pair,derived,6,algebra | biology | calculus | economics | geometry | physics,P1,общих играбельных слов 6; пулы 11 и 33
african_animals,animals,do_not_pair,derived,6,elephant | giraffe | hippo | hyena | lion | zebra,P1,общих играбельных слов 6; пулы 21 и 17
african_animals,safari_animals,do_not_pair,derived,6,cheetah | elephant | giraffe | lion | rhino | zebra,P0,общих играбельных слов 6; пулы 21 и 6
african_animals,zoo,do_not_pair,derived,6,buffalo | hippo | lion | ostrich | rhino | zebra,P1,общих играбельных слов 6; пулы 21 и 19
african_countries,north_african_countries,do_not_pair,derived,6,algeria | chad | egypt | libya | morocco | tunisia,P0,общих играбельных слов 6; пулы 23 и 6
animal_sounds,nature_sounds,do_not_pair,derived,6,buzz | chirp | croak | hoot | howl | roar,P1,общих играбельных слов 6; пулы 26 и 15
animals_with_shells,ocean_animals,do_not_pair,derived,6,barnacle | clam | crab | lobster | oyster | turtle,P1,общих играбельных слов 6; пулы 15 и 25
animals_with_shells,seafood,do_not_pair,derived,6,clam | crab | lobster | mussel | oyster | scallop,P1,общих играбельных слов 6; пулы 15 и 27
apple,apple_varieties,do_not_pair,derived,6,braeburn | fuji | gala | granny smith | honeycrisp | pink lady,P1,общих играбельных слов 6; пулы 11 и 14
archery,archery_words,do_not_pair,derived,6,arrow | draw | fletching | nock | quiver | target,P1,общих играбельных слов 6; пулы 11 и 17
archery_terms,archery_words,do_not_pair,derived,6,bowstring | draw | fletching | nock | quiver | release,P0,общих играбельных слов 6; пулы 6 и 17
art,art_classes,do_not_pair,derived,6,drawing | photography | portrait | pottery | sculpture | watercolor,P0,общих играбельных слов 6; пулы 13 и 9
art,art_forms,do_not_pair,derived,6,drawing | music | painting | photography | pottery | sculpture,P1,общих играбельных слов 6; пулы 13 и 19
art_forms,studio_arts,do_not_pair,derived,6,mosaic | photography | pottery | printmaking | sculpture | weaving,P0,общих играбельных слов 6; пулы 19 и 8
art_supplies,art_tools,do_not_pair,derived,6,brush | canvas | charcoal | easel | palette | pencil,P1,общих играбельных слов 6; пулы 23 и 16
art_supplies,painting_supplies,do_not_pair,derived,6,brush | canvas | easel | paint | palette | stencil,P1,общих играбельных слов 6; пулы 23 и 16
art_supplies,school_supplies,do_not_pair,derived,6,crayon | glue | marker | paper | pencil | scissors,P1,общих играбельных слов 6; пулы 23 и 27
art_tools,painting_supplies,do_not_pair,derived,6,brush | canvas | easel | palette | roller | sponge,P1,общих играбельных слов 6; пулы 16 и 16
artist,creative_jobs,do_not_pair,derived,6,actor | dancer | painter | poet | sculptor | writer,P0,общих играбельных слов 6; пулы 10 и 19
astronomy,deep_space,do_not_pair,derived,6,galaxy | meteor | moon | nebula | planets | stars,P0,общих играбельных слов 6; пулы 26 и 10
astronomy,space_phenomena,do_not_pair,derived,6,comet | eclipse | meteor | nebula | orbit | quasar,P1,общих играбельных слов 6; пулы 26 и 15
astronomy,stargazing,do_not_pair,derived,6,comet | constellations | eclipse | planets | stars | telescope,P0,общих играбельных слов 6; пулы 26 и 7
at_the_beach,beach,do_not_pair,derived,6,coast | shell | shore | sunscreen | towel | umbrella,P0,общих играбельных слов 6; пулы 10 и 16
at_the_beach,sea_shore_things,do_not_pair,derived,6,pebble | sandcastle | shell | sunscreen | towel | umbrella,P0,общих играбельных слов 6; пулы 10 и 21
at_the_theater,theater,do_not_pair,derived,6,actor | audience | curtain | props | script | stage,P0,общих играбельных слов 6; пулы 6 и 27
baby_things,infant,do_not_pair,derived,6,blanket | bottle | crib | highchair | pacifier | stroller,P0,общих играбельных слов 6; пулы 18 и 7
baked_goods,breakfast_foods,do_not_pair,derived,6,bagel | bread | croissant | danish | muffin | scone,P1,общих играбельных слов 6; пулы 14 и 34
baked_goods,breakfast_pastries,do_not_pair,derived,6,bagel | croissant | danish | donut | muffin | scone,P0,общих играбельных слов 6; пулы 14 и 8
bakery,bread,do_not_pair,derived,6,bagel | baker | dough | flour | sourdough | yeast,P1,общих играбельных слов 6; пулы 20 и 19
bakery,breakfast_foods,do_not_pair,derived,6,bagel | bread | croissant | eggs | milk | muffin,P1,общих играбельных слов 6; пулы 20 и 34
baking_ingredients,pantry_staples,do_not_pair,derived,6,baking soda | flour | honey | oil | salt | sugar,P1,общих играбельных слов 6; пулы 25 и 20
baking_ingredients,powders,do_not_pair,derived,6,baking soda | cinnamon | cocoa | flour | salt | sugar,P1,общих играбельных слов 6; пулы 25 и 15
bank,banking_words,do_not_pair,derived,6,account | deposit | loan | money | teller | vault,P0,общих играбельных слов 6; пулы 7 и 19
banking_words,money_words,do_not_pair,derived,6,account | check | deposit | interest | loan | teller,P1,общих играбельных слов 6; пулы 19 и 34
basic_shapes,shapes,do_not_pair,derived,6,circle | crescent | oval | pentagon | rectangle | square,P0,общих играбельных слов 6; пулы 7 и 23
bathroom,bathroom_items,do_not_pair,derived,6,mirror | razor | shampoo | shower | soap | towel,P0,общих играбельных слов 6; пулы 8 и 25
bedroom_things,fabrics_at_home,do_not_pair,derived,6,blanket | comforter | curtain | quilt | rug | sheet,P1,общих играбельных слов 6; пулы 21 и 17
beverages,drinks,do_not_pair,derived,6,coffee | juice | latte | milk | soda | tea,P0,общих играбельных слов 6; пулы 19 и 9
beverages,hot_drinks,do_not_pair,derived,6,americano | cider | cocoa | coffee | latte | tea,P1,общих играбельных слов 6; пулы 19 и 19
bicycle,parts_of_a_bike,do_not_pair,derived,6,bell | chain | handlebar | kickstand | pedal | wheel,P1,общих играбельных слов 6; пулы 13 и 18
birds,birds_of_prey,do_not_pair,derived,6,eagle | falcon | hawk | osprey | owl | raven,P1,общих играбельных слов 6; пулы 38 и 14
birthday,birthday_party,do_not_pair,derived,6,cake | candles | gift | gifts | presents | wish,P0,общих играбельных слов 6; пулы 7 и 10
blacksmith,forge,do_not_pair,derived,6,anvil | bellows | hammer | quench | smithy | tongs,P0,общих играбельных слов 6; пулы 11 и 10
bodies_of_water,ocean_zones,do_not_pair,derived,6,bay | cove | estuary | gulf | inlet | lagoon,P1,общих играбельных слов 6; пулы 26 и 29
body_of_water_types,irrigation,do_not_pair,derived,6,aqueduct | canal | dam | reservoir | sprinkler | well,P1,общих играбельных слов 6; пулы 14 и 14
body_parts,face_parts,do_not_pair,derived,6,chin | ear | eye | forehead | jaw | nose,P1,общих играбельных слов 6; пулы 37 и 20
botany,flower_parts,do_not_pair,derived,6,leaf | petal | pistil | root | seed | stem,P1,общих играбельных слов 6; пулы 16 и 15
boxes_and_cases,storage_containers,do_not_pair,derived,6,bag | bucket | case | chest | drawer | pouch,P1,общих играбельных слов 6; пулы 14 и 20
brass,brass_instruments,do_not_pair,derived,6,cornet | flugelhorn | french horn | trombone | trumpet | tuba,P0,общих играбельных слов 6; пулы 6 и 8
bread,sandwich_breads,do_not_pair,derived,6,bagel | ciabatta | focaccia | pita | rye | sourdough,P1,общих играбельных слов 6; пулы 19 и 14
breakfast_foods,food,do_not_pair,derived,6,bread | egg | milk | omelet | rice | yogurt,P1,общих играбельных слов 6; пулы 34 и 20
breakfast_pastries,pastries,do_not_pair,derived,6,croissant | danish | donut | muffin | scone | strudel,P0,общих играбельных слов 6; пулы 8 и 13
camping_and_outdoors,water_sports,do_not_pair,derived,6,canoeing | kayaking | rafting | sailing | snorkeling | surfing,P1,общих играбельных слов 6; пулы 18 и 17
candy,candy_brands,do_not_pair,derived,6,jolly rancher | reeses | skittles | snickers | starburst | twix,P1,общих играбельных слов 6; пулы 33 и 16
capital_cities,world_capitals,do_not_pair,derived,6,berlin | london | nairobi | ottawa | paris | tokyo,P0,общих играбельных слов 6; пулы 8 и 25
car_parts,parts_of_a_bike,do_not_pair,derived,6,brake | gear | pedal | seat | tire | wheel,P1,общих играбельных слов 6; пулы 27 и 18
carpentry,hand_tools,do_not_pair,derived,6,chisel | clamp | hammer | mallet | sander | saw,P0,общих играбельных слов 6; пулы 6 и 24
castle,castle_things,do_not_pair,derived,6,drawbridge | dungeon | keep | moat | tower | wall,P0,общих играбельных слов 6; пулы 9 и 18
cave,cave_things,do_not_pair,derived,6,chamber | darkness | echo | stalactite | stalagmite | tunnel,P0,общих играбельных слов 6; пулы 6 и 14
chess,chess_pieces,do_not_pair,derived,6,bishop | castle | king | knight | pawn | rook,P0,общих играбельных слов 6; пулы 13 и 6
chess_pieces,chess_words,do_not_pair,derived,6,bishop | castle | king | knight | pawn | rook,P0,общих играбельных слов 6; пулы 6 и 16
citrus,citrus_fruits,do_not_pair,derived,6,grapefruit | lemon | lime | mandarin | tangerine | yuzu,P0,общих играбельных слов 6; пулы 8 и 12
citrus_fruits,fruits,do_not_pair,derived,6,grapefruit | kumquat | lemon | lime | orange | tangerine,P1,общих играбельных слов 6; пулы 12 и 35
cleaning_tools,cleaning_trade,do_not_pair,derived,6,broom | bucket | dustpan | mop | squeegee | vacuum,P1,общих играбельных слов 6; пулы 17 и 15
clothes,clothing,do_not_pair,derived,6,boots | dress | hat | pants | scarf | shirt,P1,общих играбельных слов 6; пулы 17 и 19
clothing,things_you_button,do_not_pair,derived,6,cardigan | cuff | jacket | pants | shirt | vest,P1,общих играбельных слов 6; пулы 19 и 14
clothing_items,winter_clothing,do_not_pair,derived,6,boots | coat | glove | gloves | scarf | sweater,P1,общих играбельных слов 6; пулы 28 и 22
clothing_materials,fabric,do_not_pair,derived,6,cotton | denim | lace | silk | velvet | wool,P0,общих играбельных слов 6; пулы 10 и 18
clothing_materials,fabric_types,do_not_pair,derived,6,cotton | denim | lace | silk | velvet | wool,P0,общих играбельных слов 6; пулы 10 и 21
clothing_materials,textiles,do_not_pair,derived,6,denim | fabric | fur | lace | silk | wool,P0,общих играбельных слов 6; пулы 10 и 16
cloud_and_sky,space_objects,do_not_pair,derived,6,comet | meteor | moon | satellite | star | sun,P1,общих играбельных слов 6; пулы 20 и 20
coffee_drinks,hot_drinks,do_not_pair,derived,6,americano | cappuccino | espresso | latte | macchiato | mocha,P1,общих играбельных слов 6; пулы 14 и 19
coins_and_bills,money_words,do_not_pair,derived,6,bill | cent | coin | dime | dollar | quarter,P1,общих играбельных слов 6; пулы 15 и 34
cold_things,things_that_melt,do_not_pair,derived,6,glacier | ice | ice cream | icicle | popsicle | snow,P1,общих играбельных слов 6; пулы 20 и 18
combat_sports,martial_arts,do_not_pair,derived,6,boxing | fencing | judo | karate | taekwondo | wrestling,P0,общих играбельных слов 6; пулы 7 и 16
construction_materials,hard_things,do_not_pair,derived,6,brick | concrete | glass | metal | steel | tile,P0,общих играбельных слов 6; пулы 8 и 18
cooking,cooking_methods,do_not_pair,derived,6,bake | blanch | boil | grill | saute | simmer,P1,общих играбельных слов 6; пулы 16 и 18
cooking_oils,oils,do_not_pair,derived,6,canola | flaxseed | grapeseed | olive | sesame | sunflower,P0,общих играбельных слов 6; пулы 8 и 11
crop,crops,do_not_pair,derived,6,barley | corn | cotton | rice | soybean | wheat,P0,общих играбельных слов 6; пулы 6 и 18
crops,grains,do_not_pair,derived,6,barley | millet | oat | rice | rye | wheat,P0,общих играбельных слов 6; пулы 18 и 10
currencies,money,do_not_pair,derived,6,dollar | euro | franc | peso | rupee | yen,P1,общих играбельных слов 6; пулы 15 и 17
currency,money,do_not_pair,derived,6,banknote | coin | credit | dollar | euro | yen,P0,общих играбельных слов 6; пулы 8 и 17
dance_styles,types_of_dance,do_not_pair,derived,6,ballet | ballroom | hip hop | salsa | tango | waltz,P0,общих играбельных слов 6; пулы 19 и 8
dance_styles,world_dances,do_not_pair,derived,6,flamenco | polka | salsa | samba | tango | waltz,P1,общих играбельных слов 6; пулы 19 и 14
dances,types_of_dance,do_not_pair,derived,6,ballet | hip hop | salsa | square | tango | waltz,P0,общих играбельных слов 6; пулы 15 и 8
dances,world_dances,do_not_pair,derived,6,flamenco | polka | salsa | samba | tango | waltz,P1,общих играбельных слов 6; пулы 15 и 14
days_and_parts_of_day,times_of_day,do_not_pair,derived,6,dawn | dusk | midnight | night | noon | sunset,P0,общих играбельных слов 6; пулы 18 и 6
deadly_sins,sins,do_not_pair,derived,6,envy | greed | lust | pride | sloth | wrath,P0,общих играбельных слов 6; пулы 7 и 6
deer,deer_family,do_not_pair,derived,6,buck | doe | elk | fawn | moose | reindeer,P0,общих играбельных слов 6; пулы 9 и 14
dental_words,dentist_things,do_not_pair,derived,6,cavity | crown | filling | floss | plaque | retainer,P1,общих играбельных слов 6; пулы 18 и 16
desserts,pastries,do_not_pair,derived,6,baklava | cupcake | donut | eclair | strudel | tart,P1,общих играбельных слов 6; пулы 31 и 13
desserts,sweet,do_not_pair,derived,6,baklava | cake | candy | donut | macaron | tiramisu,P0,общих играбельных слов 6; пулы 31 и 10
desserts,sweets,do_not_pair,derived,6,baklava | brownie | candy | cookie | fudge | pastry,P0,общих играбельных слов 6; пулы 31 и 10
detective_words,investigation,do_not_pair,derived,6,alibi | clue | evidence | motive | suspect | witness,P0,общих играбельных слов 6; пулы 16 и 10
diamond,gem_cuts,do_not_pair,derived,6,brilliant | carat | clarity | cut | princess | setting,P1,общих играбельных слов 6; пулы 13 и 18
dining_table_things,dishes_and_glassware,do_not_pair,derived,6,bowl | mug | plate | platter | saucer | sugar bowl,P1,общих играбельных слов 6; пулы 12 и 22
disease,diseases,do_not_pair,derived,6,asthma | cancer | diabetes | flu | malaria | measles,P0,общих играбельных слов 6; пулы 7 и 20
disney_characters,fairy_tale_characters,do_not_pair,derived,6,aladdin | belle | cinderella | peter pan | pinocchio | rapunzel,P0,общих играбельных слов 6; пулы 24 и 9
dog,dogs,do_not_pair,derived,6,beagle | bulldog | dalmatian | husky | poodle | pug,P0,общих играбельных слов 6; пулы 13 и 10
drinks,liquids,do_not_pair,derived,6,coffee | juice | milk | soda | tea | water,P0,общих играбельных слов 6; пулы 9 и 20
electrical_words,power_and_batteries,do_not_pair,derived,6,cable | fuse | outlet | socket | switch | voltage,P1,общих играбельных слов 6; пулы 16 и 16
element,elements,do_not_pair,derived,6,air | earth | fire | potassium | silver | water,P0,общих играбельных слов 6; пулы 7 и 24
elements,gas,do_not_pair,derived,6,argon | helium | hydrogen | neon | nitrogen | oxygen,P1,общих играбельных слов 6; пулы 24 и 12
energy,energy_words,do_not_pair,derived,6,geothermal | hydro | nuclear | solar | thermal | wind,P0,общих играбельных слов 6; пулы 10 и 15
eu_countries,european_countries,do_not_pair,derived,6,austria | france | germany | greece | italy | spain,P0,общих играбельных слов 6; пулы 6 и 25
exotic_pets,pets,do_not_pair,derived,6,axolotl | chinchilla | ferret | hedgehog | iguana | parrot,P1,общих играбельных слов 6; пулы 12 и 25
extinct_and_prehistoric,extinct_animals,do_not_pair,derived,6,dodo | mammoth | mastodon | megalodon | saber tooth | trilobite,P1,общих играбельных слов 6; пулы 11 и 16
famous_artworks,famous_paintings,do_not_pair,derived,6,american gothic | guernica | mona lisa | starry night | sunflowers | the scream,P0,общих играбельных слов 6; пулы 11 и 8
fantasy_creatures,mythical_beasts,do_not_pair,derived,6,dragon | griffin | minotaur | pegasus | sphinx | vampire,P0,общих играбельных слов 6; пулы 20 и 7
farm_animals,farm_bird_words,do_not_pair,derived,6,chicken | duck | goose | hen | rooster | turkey,P1,общих играбельных слов 6; пулы 20 и 12
fast,word_fast,do_not_pair,derived,6,fleet | hasty | quick | rapid | speedy | swift,P0,общих играбельных слов 6; пулы 7 и 14
fasteners,sewing_and_repair,do_not_pair,derived,6,bolt | bracket | hinge | nail | screw | washer,P1,общих играбельных слов 6; пулы 23 и 18
filmmaking,movie_words,do_not_pair,derived,6,actor | camera | director | editing | scene | script,P0,общих играбельных слов 6; пулы 8 и 20
finance,money_words,do_not_pair,derived,6,budget | cash | credit | debt | loan | tax,P0,общих играбельных слов 6; пулы 10 и 34
first_aid,medical_tools,do_not_pair,derived,6,gauze | sling | splint | thermometer | tourniquet | tweezers,P1,общих играбельных слов 6; пулы 18 и 19
fixing_actions,joining_actions,do_not_pair,derived,6,attach | bind | fasten | glue | sew | weld,P1,общих играбельных слов 6; пулы 12 и 16
flying_animals,flying_insects,do_not_pair,derived,6,bee | butterfly | dragonfly | ladybug | mosquito | moth,P0,общих играбельных слов 6; пулы 26 и 9
fruit_trees,pie_ingredients,do_not_pair,derived,6,apple | cherry | coconut | lemon | peach | pecan,P1,общих играбельных слов 6; пулы 19 и 25
fruits,ice_cream_flavors,do_not_pair,derived,6,banana | cherry | lemon | mango | peach | strawberry,P1,общих играбельных слов 6; пулы 35 и 21
gaming,video_game_words,do_not_pair,derived,6,arcade | avatar | boss | console | controller | quest,P0,общих играбельных слов 6; пулы 8 и 18
garden,gardening_words,do_not_pair,derived,6,compost | greenhouse | hose | mulch | soil | trellis,P1,общих играбельных слов 6; пулы 19 и 18
garden_flowers,garden_flowers_summer,do_not_pair,derived,6,dahlia | daisy | marigold | rose | sunflower | zinnia,P0,общих играбельных слов 6; пулы 9 и 14
garden_insects,insects,do_not_pair,derived,6,aphid | bee | cricket | grasshopper | ladybug | moth,P0,общих играбельных слов 6; пулы 7 и 31
garden_tools,gardening_tools,do_not_pair,derived,6,hoe | pruner | rake | shovel | trowel | watering can,P0,общих играбельных слов 6; пулы 22 и 6
gardening,gardening_hobby,do_not_pair,derived,6,gloves | hose | soil | trellis | trowel | watering can,P1,общих играбельных слов 6; пулы 18 и 16
gardening,gardening_words,do_not_pair,derived,6,bed | compost | hose | mulch | soil | trellis,P1,общих играбельных слов 6; пулы 18 и 18
gardening,gardening_work,do_not_pair,derived,6,compost | flowers | seedlings | soil | trowel | watering,P0,общих играбельных слов 6; пулы 18 и 8
gardening_hobby,gardening_words,do_not_pair,derived,6,fertilizer | greenhouse | hose | pot | soil | trellis,P1,общих играбельных слов 6; пулы 16 и 18
gemstone,gemstones,do_not_pair,derived,6,emerald | onyx | opal | pearl | ruby | sapphire,P0,общих играбельных слов 6; пулы 6 и 21
gemstone,jewelry_stones,do_not_pair,derived,6,emerald | onyx | opal | pearl | ruby | sapphire,P0,общих играбельных слов 6; пулы 6 и 15
genres,movie_genres,do_not_pair,derived,6,comedy | drama | fantasy | noir | romance | thriller,P1,общих играбельных слов 6; пулы 11 и 19
geological_formations,landforms,do_not_pair,derived,6,butte | canyon | glacier | mesa | plateau | volcano,P0,общих играбельных слов 6; пулы 8 и 33
geology,rock_cycle_words,do_not_pair,derived,6,erosion | fault | magma | mineral | sediment | volcano,P1,общих играбельных слов 6; пулы 14 и 16
grains_and_beans,grasses,do_not_pair,derived,6,barley | corn | oat | rice | rye | wheat,P1,общих играбельных слов 6; пулы 15 и 14
grammar,parts_of_speech,do_not_pair,derived,6,adjective | adverb | article | gerund | pronoun | verb,P1,общих играбельных слов 6; пулы 12 и 12
grape,wine,do_not_pair,derived,6,cabernet | chardonnay | malbec | merlot | pinot | riesling,P0,общих играбельных слов 6; пулы 11 и 8
great_lakes_and_us_water,world_lakes,do_not_pair,derived,6,erie | huron | michigan | ontario | superior | tahoe,P1,общих играбельных слов 6; пулы 15 и 14
green_things,vegetables,do_not_pair,derived,6,broccoli | cucumber | kale | lettuce | pea | spinach,P1,общих играбельных слов 6; пулы 22 и 33
hand_tools,things_in_a_toolbox,do_not_pair,derived,6,hammer | level | pliers | screwdriver | tape measure | wrench,P1,общих играбельных слов 6; пулы 24 и 14
hand_tools,tools,do_not_pair,derived,6,hammer | level | pliers | saw | screwdriver | wrench,P0,общих играбельных слов 6; пулы 24 и 10
herb_garden,herbs,do_not_pair,derived,6,basil | dill | parsley | rosemary | tarragon | thyme,P0,общих играбельных слов 6; пулы 8 и 17
herbs,mint_and_herbs_varieties,do_not_pair,derived,6,basil | cilantro | dill | marjoram | oregano | sorrel,P1,общих играбельных слов 6; пулы 17 и 13
home_appliances,kitchen_appliances,do_not_pair,derived,6,coffee maker | dishwasher | fridge | microwave | refrigerator | toaster,P1,общих играбельных слов 6; пулы 11 и 22
hospital_things,medical_tools,do_not_pair,derived,6,gurney | iv | monitor | scalpel | stethoscope | syringe,P1,общих играбельных слов 6; пулы 18 и 19
instruments,instruments_you_strum,do_not_pair,derived,6,banjo | cello | guitar | harp | piano | violin,P1,общих играбельных слов 6; пулы 15 и 15
instruments,string_instruments,do_not_pair,derived,6,banjo | cello | guitar | harp | viola | violin,P1,общих играбельных слов 6; пулы 15 и 15
instruments,wind_instruments,do_not_pair,derived,6,bassoon | clarinet | flute | oboe | piccolo | tuba,P1,общих играбельных слов 6; пулы 15 и 14
instruments_you_strum,musical_instruments,do_not_pair,derived,6,banjo | cello | guitar | harp | piano | violin,P1,общих играбельных слов 6; пулы 15 и 30
internal_organs,organs,do_not_pair,derived,6,kidney | liver | lung | pancreas | spleen | thyroid,P0,общих играбельных слов 6; пулы 20 и 9
internet,internet_words,do_not_pair,derived,6,bandwidth | browser | email | router | server | website,P0,общих играбельных слов 6; пулы 10 и 20
ivy_league,universities,do_not_pair,derived,6,brown | columbia | cornell | dartmouth | harvard | princeton,P0,общих играбельных слов 6; пулы 6 и 18
japanese_cuisine,japanese_dishes,do_not_pair,derived,6,miso | ramen | sushi | tempura | teriyaki | udon,P0,общих играбельных слов 6; пулы 9 и 16
jungle_animals,zoo_animals,do_not_pair,derived,6,gorilla | lemur | monkey | sloth | tapir | tiger,P1,общих играбельных слов 6; пулы 20 и 23
kinds_of_books,literature,do_not_pair,derived,6,biography | essay | fiction | memoir | novel | poetry,P0,общих играбельных слов 6; пулы 7 и 15
kitchen,kitchen_appliances,do_not_pair,derived,6,fridge | kettle | microwave | oven | refrigerator | toaster,P1,общих играбельных слов 6; пулы 26 и 22
kitchen_gadgets,kitchen_tools,do_not_pair,derived,6,can opener | corkscrew | peeler | strainer | thermometer | timer,P1,общих играбельных слов 6; пулы 19 и 30
kitchen_tools,utensils,do_not_pair,derived,6,fork | knife | spatula | spoon | tongs | whisk,P0,общих играбельных слов 6; пулы 30 и 6
kitchen_utensils,utensils,do_not_pair,derived,6,fork | knife | spatula | spoon | tongs | whisk,P0,общих играбельных слов 6; пулы 9 и 6
knight,knights_and_armor,do_not_pair,derived,6,armor | helmet | lance | shield | squire | sword,P1,общих играбельных слов 6; пулы 17 и 18
knight,medieval_knight,do_not_pair,derived,6,armor | chivalry | helmet | lance | shield | squire,P0,общих играбельных слов 6; пулы 17 и 7
knitting,knitting_words,do_not_pair,derived,6,cast on | pattern | purl | skein | stitch | yarn,P1,общих играбельных слов 6; пулы 13 и 14
landforms,mountain_things,do_not_pair,derived,6,cave | cliff | glacier | ridge | summit | valley,P1,общих играбельных слов 6; пулы 33 и 20
landforms,rock_formations,do_not_pair,derived,6,butte | canyon | cave | cliff | gorge | mesa,P1,общих играбельных слов 6; пулы 33 и 18
latin_american_countries,south_america,do_not_pair,derived,6,argentina | brazil | chile | colombia | peru | venezuela,P0,общих играбельных слов 6; пулы 18 и 6
laundry,laundry_day,do_not_pair,derived,6,bleach | detergent | dirty clothes | rinse | softener | spin,P0,общих играбельных слов 6; пулы 13 и 8
laundry,laundry_things,do_not_pair,derived,6,basket | bleach | detergent | dryer | softener | washer,P1,общих играбельных слов 6; пулы 13 и 16
learning_actions,school_actions,do_not_pair,derived,6,memorize | quiz | read | research | review | write,P1,общих играбельных слов 6; пулы 16 и 15
light_sources,lighting,do_not_pair,derived,6,bulb | candle | flashlight | lamp | lantern | torch,P1,общих играбельных слов 6; пулы 22 и 17
livestock,pack_animals,do_not_pair,derived,6,alpaca | donkey | horse | llama | mule | ox,P1,общих играбельных слов 6; пулы 17 и 16
mammals,zoo_animals,do_not_pair,derived,6,bear | elephant | giraffe | lion | otter | rhino,P1,общих играбельных слов 6; пулы 16 и 23
marine_life,ocean_life,do_not_pair,derived,6,coral | kelp | plankton | seaweed | starfish | whale,P0,общих играбельных слов 6; пулы 9 и 16
meals,meals_of_the_day,do_not_pair,derived,6,breakfast | dessert | dinner | lunch | snack | supper,P0,общих играбельных слов 6; пулы 8 и 7
medicine,medicine_forms,do_not_pair,derived,6,capsule | injection | ointment | pill | syrup | tablet,P1,общих играбельных слов 6; пулы 18 и 15
medieval_occupations,old_professions,do_not_pair,derived,6,blacksmith | chandler | cooper | fletcher | miller | scribe,P0,общих играбельных слов 6; пулы 8 и 16
metal,metals,do_not_pair,derived,6,chromium | cobalt | copper | gold | silver | titanium,P0,общих играбельных слов 6; пулы 6 и 21
meteorology,weather_words,do_not_pair,derived,6,blizzard | humidity | rain | snow | sunshine | wind,P1,общих играбельных слов 6; пулы 18 и 26
mineral,minerals,do_not_pair,derived,6,calcite | feldspar | graphite | gypsum | mica | quartz,P1,общих играбельных слов 6; пулы 13 и 19
mountain,mountains,do_not_pair,derived,6,alps | andes | himalayas | peak | ridge | summit,P0,общих играбельных слов 6; пулы 14 и 10
mountain_peaks,world_mountains,do_not_pair,derived,6,aconcagua | denali | everest | fuji | kilimanjaro | matterhorn,P0,общих играбельных слов 6; пулы 7 и 17
mushroom,mushroom_types,do_not_pair,derived,6,chanterelle | enoki | oyster | porcini | portobello | shiitake,P0,общих играбельных слов 6; пулы 6 и 11
mushroom,mushrooms,do_not_pair,derived,6,chanterelle | enoki | oyster | porcini | portobello | shiitake,P0,общих играбельных слов 6; пулы 6 и 10
music_genres,musical_styles,do_not_pair,derived,6,blues | classical | country | folk | jazz | reggae,P0,общих играбельных слов 6; пулы 22 и 6
nautical_terms,sailing_words,do_not_pair,derived,6,anchor | boom | mast | port | starboard | stern,P1,общих играбельных слов 6; пулы 11 и 18
nicknames,nicknames_for_names,do_not_pair,derived,6,bob | jim | meg | sue | ted | tom,P1,общих играбельных слов 6; пулы 20 и 18
night_sky_things,things_in_the_sky_science,do_not_pair,derived,6,comet | constellation | eclipse | galaxy | satellite | telescope,P1,общих играбельных слов 6; пулы 15 и 17
ocean,ocean_life,do_not_pair,derived,6,coral | fish | kelp | reef | shark | whale,P1,общих играбельных слов 6; пулы 25 и 16
ocean_animals,sea_mammals,do_not_pair,derived,6,dolphin | manatee | orca | seal | walrus | whale,P1,общих играбельных слов 6; пулы 25 и 14
ocean_animals,shellfish,do_not_pair,derived,6,barnacle | clam | crab | lobster | oyster | shrimp,P1,общих играбельных слов 6; пулы 25 и 15
old_tech,things_with_screens_history,do_not_pair,derived,6,cassette | floppy disk | pager | rotary phone | telegram | typewriter,P0,общих играбельных слов 6; пулы 8 и 14
olympic_sports,summer_olympics,do_not_pair,derived,6,archery | cycling | gymnastics | rowing | swimming | triathlon,P0,общих играбельных слов 6; пулы 34 и 7
olympic_sports,water_sports,do_not_pair,derived,6,canoeing | diving | rowing | sailing | surfing | swimming,P1,общих играбельных слов 6; пулы 34 и 17
onomatopoeia,sounds,do_not_pair,derived,6,bang | buzz | click | crackle | hiss | snap,P1,общих играбельных слов 6; пулы 25 и 12
paper_types,words_before_paper,do_not_pair,derived,6,construction | graph | parchment | tissue | tracing | wax,P1,общих играбельных слов 6; пулы 16 и 16
party_snacks,snack_foods,do_not_pair,derived,6,cheese stick | chips | cookie | crackers | popcorn | pretzels,P1,общих играбельных слов 6; пулы 12 и 24
pasta,types_of_pasta,do_not_pair,derived,6,fusilli | lasagna | linguine | penne | rigatoni | spaghetti,P0,общих играбельных слов 6; пулы 13 и 9
pasta_dishes,pasta_sauces,do_not_pair,derived,6,alfredo | bolognese | carbonara | marinara | pesto | puttanesca,P0,общих играбельных слов 6; пулы 12 и 6
people_who_help,school_people,do_not_pair,derived,6,aide | coach | counselor | nurse | teacher | volunteer,P1,общих играбельных слов 6; пулы 14 и 16
photography_equipment,photography_hobby,do_not_pair,derived,6,battery | filter | flash | lens | strap | tripod,P1,общих играбельных слов 6; пулы 14 и 14
pine_and_cones,tree_parts,do_not_pair,derived,6,bark | bough | cone | needle | sap | seed,P1,общих играбельных слов 6; пулы 14 и 20
pizza_toppings,vegetables,do_not_pair,derived,6,artichoke | broccoli | onion | pepper | spinach | tomato,P1,общих играбельных слов 6; пулы 30 и 33
planet,roman_gods,do_not_pair,derived,6,jupiter | mars | neptune | pluto | saturn | venus,P1,общих играбельных слов 6; пулы 14 и 14
plumbing,plumbing_words,do_not_pair,derived,6,drain | faucet | flange | gasket | trap | valve,P0,общих играбельных слов 6; пулы 8 и 18
quiet_places,town_places,do_not_pair,derived,6,cemetery | church | hospital | library | museum | theater,P1,общих играбельных слов 6; пулы 12 и 25
radio,radio_words,do_not_pair,derived,6,antenna | broadcast | dial | frequency | static | transmitter,P0,общих играбельных слов 6; пулы 9 и 15
reading,reading_material,do_not_pair,derived,6,article | book | magazine | newspaper | novel | poem,P0,общих играбельных слов 6; пулы 9 и 22
reading_words,writing_words,do_not_pair,derived,6,chapter | footnote | index | page | paragraph | title,P1,общих играбельных слов 6; пулы 15 и 21
reptile,reptiles,do_not_pair,derived,6,crocodile | gecko | iguana | lizard | snake | turtle,P0,общих играбельных слов 6; пулы 7 и 22
reptiles,snakes,do_not_pair,derived,6,anaconda | boa | cobra | python | rattlesnake | viper,P1,общих играбельных слов 6; пулы 22 и 13
restaurant,restaurant_words,do_not_pair,derived,6,chef | kitchen | menu | reservation | table | waiter,P0,общих играбельных слов 6; пулы 9 и 20
road_signs,traffic_signs,do_not_pair,derived,6,detour | merge | one way | speed limit | stop | yield,P1,общих играбельных слов 6; пулы 13 и 17
roads,streets_and_roads,do_not_pair,derived,6,alley | avenue | boulevard | highway | lane | street,P0,общих играбельных слов 6; пулы 6 и 18
rocket,space_travel,do_not_pair,derived,6,astronaut | booster | countdown | launch | mission | orbit,P1,общих играбельных слов 6; пулы 18 и 18
rodent_species,rodents,do_not_pair,derived,6,capybara | chipmunk | groundhog | porcupine | prairie dog | vole,P1,общих играбельных слов 6; пулы 13 и 20
safari_animals,zoo_animals,do_not_pair,derived,6,cheetah | elephant | giraffe | lion | rhino | zebra,P0,общих играбельных слов 6; пулы 6 и 23
salad,salad_ingredients,do_not_pair,derived,6,arugula | cucumber | dressing | lettuce | spinach | tomato,P1,общих играбельных слов 6; пулы 17 и 25
salad,salads,do_not_pair,derived,6,caesar | caprese | cobb | greek | waldorf | watercress,P1,общих играбельных слов 6; пулы 17 и 20
salad_ingredients,sandwich_fillings,do_not_pair,derived,6,avocado | cheese | cucumber | lettuce | onion | tomato,P1,общих играбельных слов 6; пулы 25 и 25
school,school_supplies,do_not_pair,derived,6,backpack | book | desk | folder | pencil | ruler,P1,общих играбельных слов 6; пулы 19 и 27
sea_creatures,sea_life,do_not_pair,derived,6,dolphin | jellyfish | mussel | octopus | seahorse | squid,P0,общих играбельных слов 6; пулы 15 и 8
seasons_summer,summer,do_not_pair,derived,6,barbecue | beach | camp | lemonade | vacation | watermelon,P1,общих играбельных слов 6; пулы 16 и 16
sewing,sewing_supplies,do_not_pair,derived,6,bobbin | hem | pattern | scissors | thimble | thread,P1,общих играбельных слов 6; пулы 11 и 18
sewing_and_repair,things_in_a_toolbox,do_not_pair,derived,6,glue | hammer | level | sandpaper | tape | wrench,P1,общих играбельных слов 6; пулы 18 и 14
sewing_patterns,sewing_words,do_not_pair,derived,6,cuff | dart | hem | lining | pleat | seam,P1,общих играбельных слов 6; пулы 15 и 18
shell,shellfish,do_not_pair,derived,6,abalone | clam | crab | oyster | scallop | snail,P0,общих играбельных слов 6; пулы 10 и 15
space_missions,spacecraft,do_not_pair,derived,6,apollo | cassini | hubble | pioneer | soyuz | voyager,P0,общих играбельных слов 6; пулы 9 и 15
space_objects,space_phenomena,do_not_pair,derived,6,black hole | comet | meteor | nebula | quasar | supernova,P1,общих играбельных слов 6; пулы 20 и 15
speed,speed_adjectives,do_not_pair,derived,6,fast | medium | rapid | slow | swift | turbo,P0,общих играбельных слов 6; пулы 7 и 16
states_of_matter,water_states,do_not_pair,derived,6,ice | liquid | mist | slush | steam | vapor,P1,общих играбельных слов 6; пулы 12 и 19
storm,weather_phenomena,do_not_pair,derived,6,cyclone | hail | hurricane | lightning | thunder | tornado,P1,общих играбельных слов 6; пулы 19 и 13
storms,weather_phenomena,do_not_pair,derived,6,blizzard | cyclone | hurricane | thunder | tornado | typhoon,P1,общих играбельных слов 6; пулы 17 и 13
storms,weather_words,do_not_pair,derived,6,blizzard | downpour | gale | hurricane | thunder | tornado,P1,общих играбельных слов 6; пулы 17 и 26
street_food,street_foods,do_not_pair,derived,6,arepa | churros | falafel | hot dog | kebab | taco,P0,общих играбельных слов 6; пулы 19 и 7
string_instruments,stringed_instruments,do_not_pair,derived,6,banjo | cello | lute | mandolin | ukulele | violin,P0,общих играбельных слов 6; пулы 15 и 6
summer,summer_season,do_not_pair,derived,6,august | beach | heat | july | june | sun,P0,общих играбельных слов 6; пулы 16 и 6
things_made_of_paper,things_you_recycle,do_not_pair,derived,6,bag | carton | envelope | newspaper | receipt | tissue,P1,общих играбельных слов 6; пулы 16 и 18
things_that_carry_people,world_transport,do_not_pair,derived,6,cable car | ferry | gondola | rickshaw | sled | tram,P1,общих играбельных слов 6; пулы 18 и 14
things_with_pockets,things_you_button,do_not_pair,derived,6,coat | jacket | jeans | overalls | shirt | vest,P1,общих играбельных слов 6; пулы 14 и 14
things_with_seeds,vegetables,do_not_pair,derived,6,bean | corn | cucumber | pepper | squash | tomato,P1,общих играбельных слов 6; пулы 25 и 33
timekeeping,timekeeping_devices,do_not_pair,derived,6,calendar | hourglass | stopwatch | sundial | time | timer,P0,общих играбельных слов 6; пулы 7 и 9
underground_places,underground_things,do_not_pair,derived,6,burrow | cave | mine | sewer | subway | tunnel,P1,общих играбельных слов 6; пулы 14 и 18
us_states,us_states_more,do_not_pair,derived,6,arkansas | kansas | kentucky | nevada | oregon | utah,P1,общих играбельных слов 6; пулы 27 и 25
vehicle,vehicles,do_not_pair,derived,6,minivan | sedan | suv | truck | van | wagon,P1,общих играбельных слов 6; пулы 11 и 33
vehicles,world_transport,do_not_pair,derived,6,bicycle | canoe | ferry | moped | sled | tram,P1,общих играбельных слов 6; пулы 33 и 14
weather,weather_actions,do_not_pair,derived,6,gust | hail | rain | sleet | snow | thunder,P1,общих играбельных слов 6; пулы 36 и 15
weather,weather_conditions,do_not_pair,derived,6,breezy | fog | frost | rain | wind | windy,P1,общих играбельных слов 6; пулы 36 и 11
weather,wind,do_not_pair,derived,6,breeze | gale | gust | hurricane | tornado | zephyr,P0,общих играбельных слов 6; пулы 36 и 7
weather_events,weather_phenomena,do_not_pair,derived,6,blizzard | cyclone | hail | rainbow | thunder | tornado,P1,общих играбельных слов 6; пулы 14 и 13
wind_instruments,woodwind_instruments,do_not_pair,derived,6,bassoon | clarinet | flute | oboe | piccolo | saxophone,P0,общих играбельных слов 6; пулы 14 и 6
wind_instruments,woodwinds,do_not_pair,derived,6,bassoon | clarinet | flute | oboe | piccolo | saxophone,P0,общих играбельных слов 6; пулы 14 и 7
woodwind_instruments,woodwinds,do_not_pair,derived,6,bassoon | clarinet | flute | oboe | piccolo | saxophone,P0,общих играбельных слов 6; пулы 6 и 7
world_capitals,world_cities,do_not_pair,derived,6,cairo | london | madrid | paris | rome | tokyo,P1,общих играбельных слов 6; пулы 25 и 31
academic_fields,science_fields,do_not_pair,derived,5,astronomy | botany | chemistry | medicine | zoology,P1,общих играбельных слов 5; пулы 15 и 15
accounting_words,business_words,do_not_pair,derived,5,asset | expense | invoice | payroll | revenue,P1,общих играбельных слов 5; пулы 14 и 20
adhesives,sewing_and_repair,do_not_pair,derived,5,caulk | glue | putty | sealant | tape,P1,общих играбельных слов 5; пулы 15 и 18
adhesives,sticky_things,do_not_pair,derived,5,caulk | glue | gum | paste | tape,P1,общих играбельных слов 5; пулы 15 и 22
africa,african_countries,do_not_pair,derived,5,egypt | ethiopia | kenya | nigeria | sudan,P1,общих играбельных слов 5; пулы 12 и 23
african_animals,antelope_and_grazers,do_not_pair,derived,5,antelope | buffalo | gazelle | wildebeest | zebra,P1,общих играбельных слов 5; пулы 21 и 14
alloys,metal_alloys,do_not_pair,derived,5,brass | bronze | pewter | solder | steel,P0,общих играбельных слов 5; пулы 11 и 5
amphibians_and_bugs,frogs_and_toads,do_not_pair,derived,5,bullfrog | spring peeper | toad | tree frog | wood frog,P1,общих играбельных слов 5; пулы 10 и 10
ancient_wonders,world_heritage,do_not_pair,derived,5,chichen itza | great wall | machu picchu | petra | stonehenge,P1,общих играбельных слов 5; пулы 11 и 12
animal_actions,animal_verbs,do_not_pair,derived,5,burrow | perch | pounce | prowl | slither,P1,общих играбельных слов 5; пулы 16 и 18
animal_homes,places_with_animals,do_not_pair,derived,5,barn | coop | hive | kennel | stable,P1,общих играбельных слов 5; пулы 20 и 16
animal_verbs,ways_of_moving,do_not_pair,derived,5,crawl | dart | hop | leap | swim,P1,общих играбельных слов 5; пулы 18 и 30
animals_with_shells,sea_creatures,do_not_pair,derived,5,clam | crab | lobster | mussel | oyster,P1,общих играбельных слов 5; пулы 15 и 15
animated_movies,animation,do_not_pair,derived,5,frozen | ice age | minions | shrek | toy story,P0,общих играбельных слов 5; пулы 6 и 11
appliances,kitchen,do_not_pair,derived,5,kettle | microwave | oven | stove | toaster,P0,общих играбельных слов 5; пулы 8 и 26
archaeology,archaeology_words,do_not_pair,derived,5,artifact | excavation | fossil | relic | trowel,P1,общих играбельных слов 5; пулы 11 и 15
archer,archery,do_not_pair,derived,5,arrow | longbow | quiver | recurve | target,P0,общих играбельных слов 5; пулы 6 и 11
arctic_animals,sea_mammals,do_not_pair,derived,5,beluga | narwhal | orca | seal | walrus,P1,общих играбельных слов 5; пулы 17 и 14
art_class_things,art_tools,do_not_pair,derived,5,brush | canvas | easel | kiln | palette,P1,общих играбельных слов 5; пулы 23 и 16
art_forms,crafts,do_not_pair,derived,5,calligraphy | origami | pottery | sculpture | weaving,P1,общих играбельных слов 5; пулы 19 и 25
art_forms,fine_arts,do_not_pair,derived,5,calligraphy | drawing | photography | printmaking | sculpture,P0,общих играбельных слов 5; пулы 19 и 6
art_forms,hobbies,do_not_pair,derived,5,drawing | origami | painting | photography | pottery,P1,общих играбельных слов 5; пулы 19 и 21
art_forms,visual_arts,do_not_pair,derived,5,drawing | painting | photography | printmaking | sculpture,P0,общих играбельных слов 5; пулы 19 и 7
art_supplies,arts_crafts,do_not_pair,derived,5,glitter | glue | paint | paper | scissors,P0,общих играбельных слов 5; пулы 23 и 5
art_supplies,office_supplies,do_not_pair,derived,5,ink | marker | paper | pencil | scissors,P1,общих играбельных слов 5; пулы 23 и 30
art_tools,writing_tools,do_not_pair,derived,5,brush | charcoal | pen | pencil | stylus,P1,общих играбельных слов 5; пулы 16 и 15
asian_countries,southeast_asia,do_not_pair,derived,5,cambodia | malaysia | philippines | singapore | vietnam,P0,общих играбельных слов 5; пулы 20 и 5
asian_dishes,japanese_dishes,do_not_pair,derived,5,ramen | sashimi | sushi | tempura | teriyaki,P1,общих играбельных слов 5; пулы 20 и 16
astronomy,cloud_and_sky,do_not_pair,derived,5,comet | eclipse | meteor | moon | sun,P1,общих играбельных слов 5; пулы 26 и 20
at_the_gym,gym_equipment,do_not_pair,derived,5,barbell | bench | dumbbell | treadmill | weights,P0,общих играбельных слов 5; пулы 7 и 20
at_the_hospital,doctor,do_not_pair,derived,5,clinic | hospital | medicine | patient | stethoscope,P1,общих играбельных слов 5; пулы 9 и 14
at_the_hospital,health_care,do_not_pair,derived,5,clinic | doctor | hospital | medicine | nurse,P0,общих играбельных слов 5; пулы 9 и 8
at_the_hotel,hotel_words,do_not_pair,derived,5,checkout | lobby | reception | suite | vacancy,P0,общих играбельных слов 5; пулы 7 и 18
authors,writer,do_not_pair,derived,5,dickens | orwell | shakespeare | twain | wilde,P1,общих играбельных слов 5; пулы 15 и 11
baked_goods,bakery,do_not_pair,derived,5,bagel | bread | cake | croissant | muffin,P1,общих играбельных слов 5; пулы 14 и 20
baked_goods,bakery_items,do_not_pair,derived,5,bagel | bread | croissant | muffin | scone,P0,общих играбельных слов 5; пулы 14 и 6
baked_goods,baking,do_not_pair,derived,5,bread | cake | cookie | focaccia | pie,P1,общих играбельных слов 5; пулы 14 и 19
baked_goods,pastries,do_not_pair,derived,5,croissant | danish | donut | muffin | scone,P1,общих играбельных слов 5; пулы 14 и 13
baker_words,cooking_hobby,do_not_pair,derived,5,apron | cooling rack | oven | scale | timer,P1,общих играбельных слов 5; пулы 15 и 16
bakery,bakery_items,do_not_pair,derived,5,bagel | bread | croissant | muffin | pretzel,P0,общих играбельных слов 5; пулы 20 и 6
bakery,bread_types,do_not_pair,derived,5,bagel | croissant | muffin | pretzel | sourdough,P1,общих играбельных слов 5; пулы 20 и 25
bakery,breakfast,do_not_pair,derived,5,bagel | bread | coffee | eggs | milk,P1,общих играбельных слов 5; пулы 20 и 20
bakery_items,bread_types,do_not_pair,derived,5,bagel | croissant | muffin | pretzel | scone,P0,общих играбельных слов 5; пулы 6 и 25
bakery_items,breakfast_foods,do_not_pair,derived,5,bagel | bread | croissant | muffin | scone,P0,общих играбельных слов 5; пулы 6 и 34
baking,baking_ingredients,do_not_pair,derived,5,butter | flour | salt | syrup | yeast,P1,общих играбельных слов 5; пулы 19 и 25
baking_ingredients,experiments,do_not_pair,derived,5,baking soda | honey | salt | sugar | syrup,P1,общих играбельных слов 5; пулы 25 и 14
baking_tools,cooking_hobby,do_not_pair,derived,5,rolling pin | sifter | spatula | timer | whisk,P0,общих играбельных слов 5; пулы 6 и 16
baking_tools,kitchen_tools,do_not_pair,derived,5,mixer | rolling pin | spatula | timer | whisk,P0,общих играбельных слов 5; пулы 6 и 30
barbershop_words,bathroom_items,do_not_pair,derived,5,brush | comb | mirror | razor | towel,P1,общих играбельных слов 5; пулы 14 и 25
baseball,baseball_words,do_not_pair,derived,5,batter | catcher | grand slam | home run | steal,P0,общих играбельных слов 5; пулы 7 и 28
baseball_equipment,sports_gear_worn,do_not_pair,derived,5,chest protector | glove | helmet | mask | shin guard,P1,общих играбельных слов 5; пулы 15 и 14
basketball,basketball_words,do_not_pair,derived,5,dribble | free throw | hoop | layup | rebound,P0,общих играбельных слов 5; пулы 7 и 20
bathroom,hygiene,do_not_pair,derived,5,razor | shampoo | shower | soap | towel,P0,общих играбельных слов 5; пулы 8 и 19
bathroom_items,beauty_tools,do_not_pair,derived,5,brush | comb | mirror | razor | sponge,P1,общих играбельных слов 5; пулы 25 и 15
bbq_foods,meats,do_not_pair,derived,5,brisket | chicken | hot dog | ribs | sausage,P1,общих играбельных слов 5; пулы 20 и 25
bedding,bedtime_things,do_not_pair,derived,5,blanket | duvet | mattress | pillow | sheets,P0,общих играбельных слов 5; пулы 6 и 8
bedroom,bedtime_things,do_not_pair,derived,5,bed | blanket | pillow | sheets | sleep,P0,общих играбельных слов 5; пулы 13 и 8
bedtime,sleep,do_not_pair,derived,5,blanket | dreams | lullaby | pajamas | pillow,P0,общих играбельных слов 5; пулы 7 и 11
bee,beekeeping,do_not_pair,derived,5,hive | honey | nectar | pollen | worker,P1,общих играбельных слов 5; пулы 11 и 17
berry_varieties,fruits,do_not_pair,derived,5,blackberry | blueberry | cranberry | raspberry | strawberry,P1,общих играбельных слов 5; пулы 11 и 35
beverages,liquids,do_not_pair,derived,5,coffee | juice | milk | soda | tea,P1,общих играбельных слов 5; пулы 19 и 20
beverages,refreshing_drinks,do_not_pair,derived,5,iced coffee | juice | lemonade | soda | tea,P0,общих играбельных слов 5; пулы 19 и 8
bible_figures,biblical_names,do_not_pair,derived,5,adam | daniel | eve | noah | ruth,P1,общих играбельных слов 5; пулы 18 и 20
bible_figures,boys_names,do_not_pair,derived,5,daniel | david | jacob | joseph | noah,P1,общих играбельных слов 5; пулы 18 и 25
biblical_names,boys_names,do_not_pair,derived,5,daniel | john | matthew | noah | samuel,P1,общих играбельных слов 5; пулы 20 и 25
bicycle,cycling_words,do_not_pair,derived,5,chain | handlebar | helmet | pedal | trail,P1,общих играбельных слов 5; пулы 13 и 16
biome,biomes,do_not_pair,derived,5,desert | forest | jungle | savanna | tundra,P0,общих играбельных слов 5; пулы 6 и 17
biomes,earth,do_not_pair,derived,5,desert | forest | jungle | mountain | ocean,P1,общих играбельных слов 5; пулы 17 и 19
biomes,ecosystems,do_not_pair,derived,5,chaparral | desert | grassland | savanna | tundra,P0,общих играбельных слов 5; пулы 17 и 8
biomes,nature,do_not_pair,derived,5,desert | forest | mountain | ocean | savanna,P1,общих играбельных слов 5; пулы 17 и 19
birds,farm_bird_words,do_not_pair,derived,5,chicken | duck | goose | pigeon | turkey,P1,общих играбельных слов 5; пулы 38 и 12
birds,songbirds,do_not_pair,derived,5,canary | cardinal | finch | robin | sparrow,P1,общих играбельных слов 5; пулы 38 и 17
birds_of_prey,flying_animals,do_not_pair,derived,5,eagle | falcon | hawk | owl | vulture,P1,общих играбельных слов 5; пулы 14 и 26
birthday_party,happy_birthday,do_not_pair,derived,5,balloon | balloons | cake | confetti | gift,P0,общих играбельных слов 5; пулы 10 и 8
board_games,classic_board_games,do_not_pair,derived,5,clue | monopoly | risk | scrabble | sorry,P0,общих играбельных слов 5; пулы 28 и 8
board_games,games,do_not_pair,derived,5,cards | checkers | chess | monopoly | scrabble,P1,общих играбельных слов 5; пулы 28 и 14
boats,types_of_boats,do_not_pair,derived,5,barge | kayak | schooner | ship | yacht,P0,общих играбельных слов 5; пулы 23 и 8
boats,watercraft,do_not_pair,derived,5,canoe | kayak | rowboat | sailboat | submarine,P0,общих играбельных слов 5; пулы 23 и 6
body_language,body_movements,do_not_pair,derived,5,clap | nod | point | shrug | wave,P1,общих играбельных слов 5; пулы 15 и 20
body_language,hand_gestures,do_not_pair,derived,5,clap | fist bump | high five | salute | thumbs up,P0,общих играбельных слов 5; пулы 15 и 5
body_movements,involuntary_reflexes,do_not_pair,derived,5,blink | cough | shiver | sneeze | yawn,P0,общих играбельных слов 5; пулы 20 и 6
body_movements,quiet_actions,do_not_pair,derived,5,blink | breathe | nod | wave | wink,P1,общих играбельных слов 5; пулы 20 и 14
body_parts,face,do_not_pair,derived,5,chin | ear | eye | jaw | nose,P1,общих играбельных слов 5; пулы 37 и 10
body_parts,human_body,do_not_pair,derived,5,back | knee | muscles | spine | wrist,P1,общих играбельных слов 5; пулы 37 и 13
book_genres,genres,do_not_pair,derived,5,comedy | fantasy | romance | science fiction | thriller,P1,общих играбельных слов 5; пулы 19 и 11
botany,plant_parts,do_not_pair,derived,5,leaf | petal | root | seed | stem,P1,общих играбельных слов 5; пулы 16 и 16
boxing,boxing_words,do_not_pair,derived,5,corner | jab | knockout | southpaw | uppercut,P1,общих играбельных слов 5; пулы 9 и 15
bread_types,breakfast_foods,do_not_pair,derived,5,bagel | biscuit | croissant | muffin | scone,P1,общих играбельных слов 5; пулы 25 и 34
bread_types,pastries,do_not_pair,derived,5,biscuit | brioche | croissant | muffin | scone,P1,общих играбельных слов 5; пулы 25 и 13
breakfast,food,do_not_pair,derived,5,bread | egg | milk | omelet | yogurt,P1,общих играбельных слов 5; пулы 20 и 20
breakfast_cereals,cereal_brands,do_not_pair,derived,5,cheerios | chex | kix | life | trix,P0,общих играбельных слов 5; пулы 8 и 16
breakfast_cereals_types,cereal,do_not_pair,derived,5,bran | granola | muesli | oatmeal | puffs,P1,общих играбельных слов 5; пулы 12 и 15
breakfast_foods,breakfast_pastries,do_not_pair,derived,5,bagel | croissant | danish | muffin | scone,P0,общих играбельных слов 5; пулы 34 и 8
breakfast_foods,pastries,do_not_pair,derived,5,biscuit | croissant | danish | muffin | scone,P1,общих играбельных слов 5; пулы 34 и 13
breakfast_foods,things_in_a_fridge,do_not_pair,derived,5,egg | jam | juice | milk | yogurt,P1,общих играбельных слов 5; пулы 34 и 11
building_actions,fixing_actions,do_not_pair,derived,5,assemble | glue | nail | screw | weld,P1,общих играбельных слов 5; пулы 18 и 12
building_materials,materials,do_not_pair,derived,5,brick | cement | glass | stone | wood,P1,общих играбельных слов 5; пулы 24 и 10
bulls,wild_cattle,do_not_pair,derived,5,angus | bison | buffalo | ox | yak,P0,общих играбельных слов 5; пулы 7 и 6
calendar,calendar_words,do_not_pair,derived,5,day | holiday | month | week | year,P1,общих играбельных слов 5; пулы 14 и 22
calendar_words,time_periods,do_not_pair,derived,5,century | decade | era | millennium | year,P1,общих играбельных слов 5; пулы 22 и 14
camera,photography_words,do_not_pair,derived,5,aperture | flash | lens | shutter | tripod,P1,общих играбельных слов 5; пулы 11 и 18
camping_and_outdoors,hobby_verbs,do_not_pair,derived,5,birdwatching | camping | fishing | hiking | running,P1,общих играбельных слов 5; пулы 18 и 20
can_be_folded,things_you_fold,do_not_pair,derived,5,laundry | map | napkin | origami | tent,P0,общих играбельных слов 5; пулы 7 и 14
canada,canadian_places,do_not_pair,derived,5,alberta | banff | quebec | toronto | yukon,P1,общих играбельных слов 5; пулы 11 и 14
candy,sweet_treats,do_not_pair,derived,5,fudge | lollipop | praline | toffee | truffle,P0,общих играбельных слов 5; пулы 33 и 7
candy,sweets,do_not_pair,derived,5,caramel | chocolate | fudge | lollipop | toffee,P1,общих играбельных слов 5; пулы 33 и 10
capital,world_capitals,do_not_pair,derived,5,amsterdam | berlin | ottawa | paris | tokyo,P0,общих играбельных слов 5; пулы 8 и 25
card_and_dice_games,playground_games,do_not_pair,derived,5,hide and seek | hopscotch | jump rope | marbles | tag,P1,общих играбельных слов 5; пулы 14 и 14
card_game_terms,poker,do_not_pair,derived,5,ante | bluff | call | fold | raise,P0,общих играбельных слов 5; пулы 7 и 14
card_game_terms,poker_terms,do_not_pair,derived,5,ante | bluff | call | fold | raise,P0,общих играбельных слов 5; пулы 7 и 5
cartography,map_words,do_not_pair,derived,5,contour | grid | legend | longitude | meridian,P0,общих играбельных слов 5; пулы 8 и 23
ceramics,pottery,do_not_pair,derived,5,bisque | glaze | kiln | vase | wedge,P1,общих играбельных слов 5; пулы 11 и 21
cheese,cheese_varieties,do_not_pair,derived,5,brie | cheddar | feta | gouda | manchego,P0,общих играбельных слов 5; пулы 18 и 6
cheese_types,cheese_varieties,do_not_pair,derived,5,brie | camembert | cheddar | feta | gouda,P0,общих играбельных слов 5; пулы 20 и 6
cinema,film_genres,do_not_pair,derived,5,action | comedy | drama | romance | thriller,P0,общих играбельных слов 5; пулы 15 и 7
cinema,genres,do_not_pair,derived,5,comedy | drama | fantasy | romance | thriller,P1,общих играбельных слов 5; пулы 15 и 11
cinema,movie,do_not_pair,derived,5,action | comedy | director | popcorn | romance,P1,общих играбельных слов 5; пулы 15 и 12
circus,circus_acts,do_not_pair,derived,5,acrobat | clown | juggler | tightrope | trapeze,P0,общих играбельных слов 5; пулы 14 и 8
circus,circus_and_fair_jobs,do_not_pair,derived,5,acrobat | clown | juggler | magician | ringmaster,P1,общих играбельных слов 5; пулы 14 и 12
circus,circus_performers,do_not_pair,derived,5,acrobat | clown | juggler | magician | ringmaster,P0,общих играбельных слов 5; пулы 14 и 7
circus_acts,circus_words,do_not_pair,derived,5,acrobat | clown | juggler | tightrope | trapeze,P0,общих играбельных слов 5; пулы 8 и 19
circus_and_fair_jobs,circus_performers,do_not_pair,derived,5,acrobat | clown | juggler | magician | ringmaster,P0,общих играбельных слов 5; пулы 12 и 7
circus_and_fair_jobs,circus_words,do_not_pair,derived,5,acrobat | clown | juggler | magician | ringmaster,P1,общих играбельных слов 5; пулы 12 и 19
circus_performers,circus_words,do_not_pair,derived,5,acrobat | clown | juggler | magician | ringmaster,P0,общих играбельных слов 5; пулы 7 и 19
cities,city,do_not_pair,derived,5,chicago | denver | london | paris | tokyo,P1,общих играбельных слов 5; пулы 15 и 13
city,world_capitals,do_not_pair,derived,5,berlin | cairo | london | paris | tokyo,P1,общих играбельных слов 5; пулы 13 и 25
city,world_cities,do_not_pair,derived,5,cairo | istanbul | london | paris | tokyo,P1,общих играбельных слов 5; пулы 13 и 31
city_buildings,town_places,do_not_pair,derived,5,hospital | library | museum | post office | stadium,P0,общих играбельных слов 5; пулы 6 и 25
city_sounds,loud_things,do_not_pair,derived,5,alarm | bell | jackhammer | siren | whistle,P1,общих играбельных слов 5; пулы 15 и 16
city_words,downtown,do_not_pair,derived,5,plaza | sidewalk | skyscraper | street | traffic,P0,общих играбельных слов 5; пулы 20 и 8
clay,pottery_words,do_not_pair,derived,5,fire | glaze | kiln | sculpt | wheel,P1,общих играбельных слов 5; пулы 9 и 14
cleaning,cleaning_supplies,do_not_pair,derived,5,bleach | broom | duster | mop | vacuum,P0,общих играбельных слов 5; пулы 6 и 20
clock,timekeepers,do_not_pair,derived,5,alarm | analog | digital | sand | sundial,P1,общих играбельных слов 5; пулы 11 и 10
clothing_materials,soft_things,do_not_pair,derived,5,cotton | fur | silk | velvet | wool,P1,общих играбельных слов 5; пулы 10 и 18
clothing_parts,sewing_words,do_not_pair,derived,5,button | cuff | hem | lining | seam,P1,общих играбельных слов 5; пулы 17 и 18
cloud_and_sky,solar_system_words,do_not_pair,derived,5,comet | eclipse | meteor | moon | sun,P1,общих играбельных слов 5; пулы 20 и 14
cocktail,cocktails,do_not_pair,derived,5,daiquiri | manhattan | margarita | martini | mojito,P1,общих играбельных слов 5; пулы 10 и 20
coffee,coffee_drinks,do_not_pair,derived,5,americano | cappuccino | espresso | latte | mocha,P1,общих играбельных слов 5; пулы 19 и 14
coffee,coffee_shop_orders,do_not_pair,derived,5,americano | cappuccino | espresso | latte | mocha,P0,общих играбельных слов 5; пулы 19 и 5
coffee,hot_drinks,do_not_pair,derived,5,americano | cappuccino | espresso | latte | mocha,P1,общих играбельных слов 5; пулы 19 и 19
coffee_drinks,coffee_shop_orders,do_not_pair,derived,5,americano | cappuccino | espresso | latte | mocha,P0,общих играбельных слов 5; пулы 14 и 5
coffee_shop_orders,hot_drinks,do_not_pair,derived,5,americano | cappuccino | espresso | latte | mocha,P0,общих играбельных слов 5; пулы 5 и 19
coins_and_bills,money,do_not_pair,derived,5,cent | coin | dime | dollar | nickel,P1,общих играбельных слов 5; пулы 15 и 17
coins_and_bills,superstition_numbers,do_not_pair,derived,5,five | hundred | quarter | ten | twenty,P1,общих играбельных слов 5; пулы 15 и 25
cold_drinks,everyday_drinks,do_not_pair,derived,5,juice | lemonade | milk | smoothie | soda,P0,общих играбельных слов 5; пулы 18 и 8
cold_things,made_of_ice,do_not_pair,derived,5,frost | glacier | hail | iceberg | icicle,P0,общих играбельных слов 5; пулы 20 и 5
cold_things,weather,do_not_pair,derived,5,blizzard | frost | hail | sleet | snow,P1,общих играбельных слов 5; пулы 20 и 36
cold_things,weather_words,do_not_pair,derived,5,blizzard | frost | hail | sleet | snow,P1,общих играбельных слов 5; пулы 20 и 26
colors,shades_of_blue,do_not_pair,derived,5,cyan | navy | periwinkle | teal | turquoise,P1,общих играбельных слов 5; пулы 35 и 12
combat_sports,olympic_sports,do_not_pair,derived,5,boxing | fencing | judo | taekwondo | wrestling,P0,общих играбельных слов 5; пулы 7 и 34
compass,map_words,do_not_pair,derived,5,east | meridian | north | south | west,P1,общих играбельных слов 5; пулы 18 и 23
composer,famous_composers,do_not_pair,derived,5,bach | beethoven | chopin | debussy | mozart,P0,общих играбельных слов 5; пулы 5 и 14
computer_actions,computer_commands,do_not_pair,derived,5,copy | delete | paste | save | undo,P0,общих играбельных слов 5; пулы 20 и 5
computer_actions,editing,do_not_pair,derived,5,copy | delete | paste | print | save,P0,общих играбельных слов 5; пулы 20 и 6
computer_parts,phone_words,do_not_pair,derived,5,battery | case | charger | screen | speaker,P1,общих играбельных слов 5; пулы 20 и 18
computer_parts,video_gaming,do_not_pair,derived,5,cable | keyboard | monitor | mouse | webcam,P1,общих играбельных слов 5; пулы 20 и 14
continents,continents_and_oceans,do_not_pair,derived,5,africa | asia | australia | europe | north america,P0,общих играбельных слов 5; пулы 5 и 13
cook,cooking,do_not_pair,derived,5,boil | chef | pan | recipe | stove,P1,общих играбельных слов 5; пулы 11 и 16
cooking,cooking_actions,do_not_pair,derived,5,bake | boil | grill | saute | simmer,P1,общих играбельных слов 5; пулы 16 и 26
cooking,cooking_techniques,do_not_pair,derived,5,bake | blanch | boil | grill | saute,P0,общих играбельных слов 5; пулы 16 и 7
cooking_actions,cooking_techniques,do_not_pair,derived,5,bake | boil | grill | roast | saute,P0,общих играбельных слов 5; пулы 26 и 7
cooking_hobby,kitchen_tools,do_not_pair,derived,5,measuring cup | rolling pin | spatula | timer | whisk,P1,общих играбельных слов 5; пулы 16 и 30
countries,eu_countries,do_not_pair,derived,5,austria | france | greece | italy | spain,P0,общих играбельных слов 5; пулы 18 и 6
countries,european_countries,do_not_pair,derived,5,austria | france | greece | italy | spain,P1,общих играбельных слов 5; пулы 18 и 25
countries,latin_american_countries,do_not_pair,derived,5,brazil | chile | honduras | mexico | uruguay,P1,общих играбельных слов 5; пулы 18 и 18
courtroom,courtroom_things,do_not_pair,derived,5,gavel | jury | plaintiff | testimony | verdict,P1,общих играбельных слов 5; пулы 11 и 18
crafts,hobbies,do_not_pair,derived,5,knitting | origami | pottery | sewing | woodworking,P1,общих играбельных слов 5; пулы 25 и 21
creative_jobs,movie_roles,do_not_pair,derived,5,actor | composer | director | editor | producer,P1,общих играбельных слов 5; пулы 19 и 15
creative_jobs,professions,do_not_pair,derived,5,artist | musician | painter | sculptor | writer,P1,общих играбельных слов 5; пулы 19 и 27
crop,grains_and_beans,do_not_pair,derived,5,barley | corn | rice | soybean | wheat,P0,общих играбельных слов 5; пулы 6 и 15
crown,royalty,do_not_pair,derived,5,jewel | king | royal | scepter | throne,P1,общих играбельных слов 5; пулы 17 и 20
crustaceans,shellfish,do_not_pair,derived,5,barnacle | crab | lobster | prawn | shrimp,P1,общих играбельных слов 5; пулы 11 и 15
crystals,gemstones,do_not_pair,derived,5,amethyst | emerald | quartz | ruby | sapphire,P0,общих играбельных слов 5; пулы 7 и 21
cured_meats,pizza_toppings,do_not_pair,derived,5,bacon | ham | pepperoni | salami | sausage,P1,общих играбельных слов 5; пулы 14 и 30
cured_meats,sandwich_fillings,do_not_pair,derived,5,bacon | corned beef | ham | pastrami | salami,P1,общих играбельных слов 5; пулы 14 и 25
cutting_tools,things_that_cut,do_not_pair,derived,5,blade | knife | razor | saw | scissors,P1,общих играбельных слов 5; пулы 16 и 18
dairy,dairy_products,do_not_pair,derived,5,butter | cheese | ghee | milk | yogurt,P0,общих играбельных слов 5; пулы 5 и 20
dairy_products,things_in_a_fridge,do_not_pair,derived,5,butter | cheese | cream | milk | yogurt,P1,общих играбельных слов 5; пулы 20 и 11
dance_styles,music_genres,do_not_pair,derived,5,disco | folk | hip hop | jazz | swing,P1,общих играбельных слов 5; пулы 19 и 22
deep_space,space,do_not_pair,derived,5,asteroid | comets | moon | planets | stars,P1,общих играбельных слов 5; пулы 10 и 16
deep_space,space_objects,do_not_pair,derived,5,asteroid | galaxy | meteor | moon | nebula,P1,общих играбельных слов 5; пулы 10 и 20
deli,sandwich_fillings,do_not_pair,derived,5,cheese | ham | mustard | pickle | salami,P1,общих играбельных слов 5; пулы 10 и 25
dentist,dentist_things,do_not_pair,derived,5,bib | cavity | filling | floss | rinse,P1,общих играбельных слов 5; пулы 11 и 16
dessert,sweets,do_not_pair,derived,5,brownie | candy | cookie | fudge | pastry,P1,общих играбельных слов 5; пулы 18 и 10
desserts,frozen_treats,do_not_pair,derived,5,gelato | ice cream | popsicle | sorbet | sundae,P1,общих играбельных слов 5; пулы 31 и 13
dishes_and_glassware,drinkware,do_not_pair,derived,5,cup | glass | goblet | mug | tumbler,P0,общих играбельных слов 5; пулы 22 и 8
dog_breeds,dog_types,do_not_pair,derived,5,beagle | husky | labrador | poodle | retriever,P0,общих играбельных слов 5; пулы 24 и 7
drinks,everyday_drinks,do_not_pair,derived,5,coffee | juice | milk | soda | tea,P0,общих играбельных слов 5; пулы 9 и 8
drinks,hot_drinks,do_not_pair,derived,5,cappuccino | coffee | espresso | latte | tea,P1,общих играбельных слов 5; пулы 9 и 19
egg,egg_dishes,do_not_pair,derived,5,boiled | fried | omelet | poached | scrambled,P1,общих играбельных слов 5; пулы 12 и 14
egypt,egypt_things,do_not_pair,derived,5,mummy | nile | obelisk | pharaoh | sphinx,P0,общих играбельных слов 5; пулы 8 и 15
elements,vitamins_and_minerals,do_not_pair,derived,5,calcium | iron | potassium | sodium | zinc,P1,общих играбельных слов 5; пулы 24 и 15
emotions,feelings,do_not_pair,derived,5,angry | bored | happy | sad | surprised,P1,общих играбельных слов 5; пулы 20 и 29
european_countries,western_europe,do_not_pair,derived,5,france | germany | italy | portugal | spain,P0,общих играбельных слов 5; пулы 25 и 5
everyday_drinks,liquids,do_not_pair,derived,5,coffee | juice | milk | soda | tea,P0,общих играбельных слов 5; пулы 8 и 20
experiments,pantry_staples,do_not_pair,derived,5,baking soda | coffee | honey | salt | sugar,P1,общих играбельных слов 5; пулы 14 и 20
extinct,extinct_creatures,do_not_pair,derived,5,dinosaur | dinosaurs | dodo | mammoth | saber tooth,P0,общих играбельных слов 5; пулы 6 и 10
extinct_animals,extinct_creatures,do_not_pair,derived,5,dinosaur | dodo | mammoth | megalodon | saber tooth,P1,общих играбельных слов 5; пулы 16 и 10
fabric,textile_materials,do_not_pair,derived,5,cotton | linen | silk | thread | wool,P0,общих играбельных слов 5; пулы 18 и 8
fabric_patterns,patterns,do_not_pair,derived,5,chevron | houndstooth | plaid | polka dot | stripe,P0,общих играбельных слов 5; пулы 7 и 17
fabric_types,woven_textiles,do_not_pair,derived,5,burlap | chiffon | linen | muslin | tweed,P0,общих играбельных слов 5; пулы 21 и 6
face_parts,parts_of_the_eye,do_not_pair,derived,5,brow | eyelid | iris | lash | pupil,P1,общих играбельных слов 5; пулы 20 и 12
fairy_tale_villains,storybook_characters,do_not_pair,derived,5,dragon | ogre | troll | witch | wolf,P0,общих играбельных слов 5; пулы 5 и 20
famous_americans,us_presidents,do_not_pair,derived,5,jefferson | kennedy | lincoln | roosevelt | washington,P1,общих играбельных слов 5; пулы 22 и 21
famous_landmarks,landmarks,do_not_pair,derived,5,colosseum | eiffel tower | great wall | statue of liberty | stonehenge,P1,общих играбельных слов 5; пулы 15 и 13
fantasy,magic_creatures,do_not_pair,derived,5,dragon | elf | goblin | witch | wizard,P1,общих играбельных слов 5; пулы 18 и 18
fantasy_creatures,monsters,do_not_pair,derived,5,goblin | ogre | troll | vampire | werewolf,P1,общих играбельных слов 5; пулы 20 и 23
fantasy_creatures,mythological_creatures,do_not_pair,derived,5,dragon | griffin | kraken | sphinx | unicorn,P0,общих играбельных слов 5; пулы 20 и 8
fantasy_creatures,mythology,do_not_pair,derived,5,centaur | kraken | minotaur | pegasus | sphinx,P1,общих играбельных слов 5; пулы 20 и 20
farm_animals,pack_animals,do_not_pair,derived,5,dog | donkey | horse | mule | ox,P1,общих играбельных слов 5; пулы 20 и 16
fashion_accessories,jewelry,do_not_pair,derived,5,bracelet | brooch | earring | necklace | watch,P1,общих играбельных слов 5; пулы 19 и 20
fast,speed_adjectives,do_not_pair,derived,5,hasty | quick | rapid | speedy | swift,P0,общих играбельных слов 5; пулы 7 и 16
fast_food_items,street_food,do_not_pair,derived,5,burger | corn dog | fries | hot dog | taco,P1,общих играбельных слов 5; пулы 22 и 19
feeling_sick,symptoms,do_not_pair,derived,5,chills | cough | fever | headache | sneeze,P0,общих играбельных слов 5; пулы 7 и 17
fingers_and_toes,hand_parts,do_not_pair,derived,5,index finger | middle finger | pinky | ring finger | thumb,P1,общих играбельных слов 5; пулы 10 и 15
fish_species,saltwater_fish,do_not_pair,derived,5,cod | grouper | mackerel | snapper | tuna,P1,общих играбельных слов 5; пулы 25 и 15
fishing,fishing_things,do_not_pair,derived,5,bait | lure | net | rod | sinker,P0,общих играбельных слов 5; пулы 7 и 18
flowers,garden_plants,do_not_pair,derived,5,lavender | marigold | rose | sunflower | tulip,P1,общих играбельных слов 5; пулы 36 и 20
flowers,nature_names,do_not_pair,derived,5,daisy | jasmine | lily | rose | violet,P1,общих играбельных слов 5; пулы 36 и 18
flying_animals,pond_animals,do_not_pair,derived,5,dragonfly | duck | goose | mosquito | swan,P1,общих играбельных слов 5; пулы 26 и 18
food,lunch_menu,do_not_pair,derived,5,burger | fries | pizza | salad | steak,P0,общих играбельных слов 5; пулы 20 и 8
food_types,grocery_aisles,do_not_pair,derived,5,dairy | frozen | fruits | seafood | vegetables,P0,общих играбельных слов 5; пулы 11 и 8
footwear,shoes,do_not_pair,derived,5,boots | heel | heels | sandals | sneakers,P1,общих играбельных слов 5; пулы 24 и 11
fruit_trees,ice_cream_flavors,do_not_pair,derived,5,banana | cherry | lemon | mango | peach,P1,общих играбельных слов 5; пулы 19 и 21
fruits,pie_ingredients,do_not_pair,derived,5,apple | blueberry | cherry | lemon | peach,P1,общих играбельных слов 5; пулы 35 и 25
fruits,tropical_fruits,do_not_pair,derived,5,banana | lychee | mango | papaya | pineapple,P1,общих играбельных слов 5; пулы 35 и 13
fuel,things_that_burn,do_not_pair,derived,5,coal | diesel | ethanol | propane | wood,P1,общих играбельных слов 5; пулы 10 и 14
furniture,living_room_things,do_not_pair,derived,5,armchair | bookshelf | lamp | ottoman | sofa,P1,общих играбельных слов 5; пулы 42 и 20
gadgets,office_machines,do_not_pair,derived,5,computer | phone | printer | projector | scanner,P1,общих играбельных слов 5; пулы 22 и 14
garden_herbs,herbs,do_not_pair,derived,5,basil | cilantro | parsley | rosemary | thyme,P0,общих играбельных слов 5; пулы 5 и 17
garden_herbs,spices_and_herbs,do_not_pair,derived,5,basil | cilantro | parsley | rosemary | thyme,P0,общих играбельных слов 5; пулы 5 и 25
garden_in_bloom,spring,do_not_pair,derived,5,bloom | blossom | flower | garden | pollen,P0,общих играбельных слов 5; пулы 7 и 19
garden_plants,salad_ingredients,do_not_pair,derived,5,carrot | cucumber | lettuce | pepper | tomato,P1,общих играбельных слов 5; пулы 20 и 25
garden_shed,garden_tools,do_not_pair,derived,5,hoe | rake | spade | trowel | wheelbarrow,P0,общих играбельных слов 5; пулы 8 и 22
garden_shed,gardening,do_not_pair,derived,5,hoe | mulch | rake | trellis | trowel,P0,общих играбельных слов 5; пулы 8 и 18
garden_tools,things_in_a_garage,do_not_pair,derived,5,hose | lawnmower | rake | shovel | wheelbarrow,P1,общих играбельных слов 5; пулы 22 и 20
gardening,gardening_tools,do_not_pair,derived,5,hoe | rake | shovel | trowel | watering can,P0,общих играбельных слов 5; пулы 18 и 6
gem_cuts,gemstone_cuts,do_not_pair,derived,5,brilliant | pear | princess | radiant | trillion,P1,общих играбельных слов 5; пулы 18 и 11
gems,jewelry_stones,do_not_pair,derived,5,amethyst | aquamarine | emerald | ruby | sapphire,P1,общих играбельных слов 5; пулы 11 и 15
gemstone,precious_materials,do_not_pair,derived,5,emerald | opal | pearl | ruby | sapphire,P0,общих играбельных слов 5; пулы 6 и 15
gemstone,precious_stones,do_not_pair,derived,5,emerald | onyx | opal | ruby | sapphire,P0,общих играбельных слов 5; пулы 6 и 10
gemstones,mineral,do_not_pair,derived,5,agate | garnet | onyx | opal | quartz,P1,общих играбельных слов 5; пулы 21 и 13
geography,landforms,do_not_pair,derived,5,basin | desert | mountain | ocean | plain,P0,общих играбельных слов 5; пулы 7 и 33
geology,rocks_and_minerals,do_not_pair,derived,5,basalt | granite | obsidian | shale | slate,P1,общих играбельных слов 5; пулы 14 и 20
geometry,shapes,do_not_pair,derived,5,circle | pentagon | rectangle | square | triangle,P1,общих играбельных слов 5; пулы 15 и 23
giant_animals,mammals,do_not_pair,derived,5,elephant | giraffe | rhino | walrus | whale,P0,общих играбельных слов 5; пулы 7 и 16
grains,grasses,do_not_pair,derived,5,barley | oat | rice | rye | wheat,P1,общих играбельных слов 5; пулы 10 и 14
grape,grape_varieties,do_not_pair,derived,5,cabernet | chardonnay | malbec | merlot | riesling,P1,общих играбельных слов 5; пулы 11 и 14
grape,wines_and_drinks,do_not_pair,derived,5,cabernet | chardonnay | merlot | pinot | riesling,P1,общих играбельных слов 5; пулы 11 и 17
grape_varieties,wines_and_drinks,do_not_pair,derived,5,cabernet | chardonnay | merlot | riesling | zinfandel,P1,общих играбельных слов 5; пулы 14 и 17
great_lakes,great_lakes_and_us_water,do_not_pair,derived,5,erie | huron | michigan | ontario | superior,P0,общих играбельных слов 5; пулы 5 и 15
great_lakes,world_lakes,do_not_pair,derived,5,erie | huron | michigan | ontario | superior,P0,общих играбельных слов 5; пулы 5 и 14
great_lakes_and_us_water,lake,do_not_pair,derived,5,erie | michigan | ontario | superior | tahoe,P0,общих играбельных слов 5; пулы 15 и 8
great_lakes_and_us_water,rivers,do_not_pair,derived,5,colorado | hudson | mississippi | missouri | rio grande,P1,общих играбельных слов 5; пулы 15 и 18
greek_alphabet,greek_letters,do_not_pair,derived,5,alpha | beta | chi | gamma | omega,P0,общих играбельных слов 5; пулы 5 и 24
halloween,monsters,do_not_pair,derived,5,ghost | ghosts | vampire | witch | zombie,P1,общих играбельных слов 5; пулы 10 и 23
halloween_things,monsters,do_not_pair,derived,5,ghost | ghosts | vampire | witch | zombie,P1,общих играбельных слов 5; пулы 21 и 23
hats,world_hats,do_not_pair,derived,5,beret | bowler | panama | sombrero | turban,P1,общих играбельных слов 5; пулы 23 и 9
hobbies,hobby,do_not_pair,derived,5,fishing | gardening | knitting | painting | reading,P0,общих играбельных слов 5; пулы 21 и 6
hobby,hobby_verbs,do_not_pair,derived,5,fishing | gardening | knitting | painting | reading,P0,общих играбельных слов 5; пулы 6 и 20
holidays,us_holidays,do_not_pair,derived,5,christmas | halloween | independence day | labor day | thanksgiving,P0,общих играбельных слов 5; пулы 20 и 5
home_appliances,kitchen,do_not_pair,derived,5,fridge | microwave | refrigerator | stove | toaster,P1,общих играбельных слов 5; пулы 11 и 26
home_decor,living_room_things,do_not_pair,derived,5,curtain | lamp | rug | sofa | vase,P1,общих играбельных слов 5; пулы 12 и 20
home_electronics,things_that_plug_in,do_not_pair,derived,5,blender | microwave | radio | television | vacuum,P1,общих играбельных слов 5; пулы 15 и 20
home_electronics,things_with_buttons,do_not_pair,derived,5,blender | doorbell | microwave | radio | thermostat,P1,общих играбельных слов 5; пулы 15 и 18
home_rooms,rooms_in_a_house,do_not_pair,derived,5,basement | bathroom | bedroom | garage | kitchen,P0,общих играбельных слов 5; пулы 20 и 6
horror,monsters,do_not_pair,derived,5,demon | ghost | monster | vampire | zombie,P0,общих играбельных слов 5; пулы 6 и 23
horse_breeds,horses,do_not_pair,derived,5,appaloosa | arabian | clydesdale | mustang | thoroughbred,P1,общих играбельных слов 5; пулы 14 и 9
horse_words,horses,do_not_pair,derived,5,bridle | colt | mare | stallion | thoroughbred,P1,общих играбельных слов 5; пулы 20 и 9
hospital_departments,medical_specialties,do_not_pair,derived,5,cardiology | oncology | pediatrics | radiology | surgery,P1,общих играбельных слов 5; пулы 15 и 21
hot_things,light_sources,do_not_pair,derived,5,campfire | candle | fire | sun | torch,P1,общих играбельных слов 5; пулы 20 и 22
ice_cream_flavors,pie_ingredients,do_not_pair,derived,5,cherry | chocolate | lemon | peach | vanilla,P1,общих играбельных слов 5; пулы 21 и 25
in_a_lunchbox,vending_machine_items,do_not_pair,derived,5,chips | juice | pretzels | sandwich | water,P1,общих играбельных слов 5; пулы 12 и 13
insects,pest_control,do_not_pair,derived,5,aphid | beetle | caterpillar | grasshopper | locust,P1,общих играбельных слов 5; пулы 31 и 14
instruments,woodwind_instruments,do_not_pair,derived,5,bassoon | clarinet | flute | oboe | piccolo,P0,общих играбельных слов 5; пулы 15 и 6
instruments,woodwinds,do_not_pair,derived,5,bassoon | clarinet | flute | oboe | piccolo,P0,общих играбельных слов 5; пулы 15 и 7
instruments_in_an_orchestra,orchestra,do_not_pair,derived,5,brass | conductor | ensemble | section | woodwind,P1,общих играбельных слов 5; пулы 11 и 12
instruments_you_strum,string_instruments,do_not_pair,derived,5,banjo | cello | guitar | harp | violin,P1,общих играбельных слов 5; пулы 15 и 15
italian_cuisine,italian_dishes,do_not_pair,derived,5,bruschetta | gelato | pasta | pizza | risotto,P0,общих играбельных слов 5; пулы 7 и 22
italian_dishes,italian_food,do_not_pair,derived,5,bruschetta | lasagna | pasta | pizza | risotto,P0,общих играбельных слов 5; пулы 22 и 8
jobs,medical_jobs,do_not_pair,derived,5,dentist | doctor | nurse | surgeon | vet,P1,общих играбельных слов 5; пулы 17 и 20
kinds_of_buildings,quiet_places,do_not_pair,derived,5,church | hospital | library | museum | theater,P1,общих играбельных слов 5; пулы 26 и 12
kinds_of_plants,plants,do_not_pair,derived,5,bush | flower | grass | shrub | tree,P0,общих играбельных слов 5; пулы 7 и 5
kitchen,kitchen_utensils,do_not_pair,derived,5,knife | ladle | spatula | tongs | whisk,P1,общих играбельных слов 5; пулы 26 и 9
kitchen_appliances,kitchen_tools,do_not_pair,derived,5,blender | can opener | freezer | juicer | mixer,P1,общих играбельных слов 5; пулы 22 и 30
kitchen_appliances,things_that_plug_in,do_not_pair,derived,5,blender | freezer | kettle | microwave | toaster,P1,общих играбельных слов 5; пулы 22 и 20
kitchen_tools,silverware,do_not_pair,derived,5,fork | knife | ladle | spoon | tongs,P1,общих играбельных слов 5; пулы 30 и 14
kitchen_tools,table_setting,do_not_pair,derived,5,fork | knife | napkin | plate | spoon,P0,общих играбельных слов 5; пулы 30 и 8
kitchen_utensils,silverware,do_not_pair,derived,5,fork | knife | ladle | spoon | tongs,P1,общих играбельных слов 5; пулы 9 и 14
knight,knights,do_not_pair,derived,5,armor | arthur | bors | lancelot | tristan,P0,общих играбельных слов 5; пулы 17 и 6
knights_and_armor,medieval_knight,do_not_pair,derived,5,armor | helmet | lance | shield | squire,P0,общих играбельных слов 5; пулы 18 и 7
knights_and_armor,weapons_of_the_past,do_not_pair,derived,5,bow | dagger | shield | spear | sword,P1,общих играбельных слов 5; пулы 18 и 17
knot,knots,do_not_pair,derived,5,bowline | hitch | sheet bend | splice | square,P0,общих играбельных слов 5; пулы 6 и 20
laundry,laundry_care,do_not_pair,derived,5,bleach | dry | fold | rinse | wash,P1,общих играбельных слов 5; пулы 13 и 14
leafy_greens,lettuce_and_greens,do_not_pair,derived,5,arugula | endive | romaine | spinach | watercress,P1,общих играбельных слов 5; пулы 12 и 11
leather_goods,things_made_of_leather,do_not_pair,derived,5,belt | briefcase | jacket | strap | wallet,P0,общих играбельных слов 5; пулы 8 и 14
light_sources,words_before_light,do_not_pair,derived,5,candle | fire | moon | star | sun,P1,общих играбельных слов 5; пулы 22 и 20
light_things,things_that_float,do_not_pair,derived,5,balloon | bubble | feather | foam | leaf,P1,общих играбельных слов 5; пулы 16 и 17
liquids,pantry_staples,do_not_pair,derived,5,broth | coffee | oil | tea | vinegar,P1,общих играбельных слов 5; пулы 20 и 20
lizard,lizards,do_not_pair,derived,5,anole | chameleon | gecko | iguana | skink,P0,общих играбельных слов 5; пулы 5 и 12
lizards,reptiles,do_not_pair,derived,5,chameleon | gecko | iguana | monitor | skink,P1,общих играбельных слов 5; пулы 12 и 22
magic_words,magician,do_not_pair,derived,5,cape | hat | illusion | rabbit | wand,P0,общих играбельных слов 5; пулы 18 и 6
marine_life_forms,ocean_life,do_not_pair,derived,5,coral | crustacean | kelp | reef | shark,P0,общих играбельных слов 5; пулы 8 и 16
marine_mammals,sea_mammals,do_not_pair,derived,5,dolphin | dugong | manatee | walrus | whale,P0,общих играбельных слов 5; пулы 5 и 14
martial_arts,olympic_sports,do_not_pair,derived,5,boxing | fencing | judo | taekwondo | wrestling,P1,общих играбельных слов 5; пулы 16 и 34
marvel,superheroes,do_not_pair,derived,5,captain america | hulk | iron man | thor | wolverine,P0,общих играбельных слов 5; пулы 6 и 20
medical_equipment,medical_tools,do_not_pair,derived,5,forceps | scalpel | stethoscope | syringe | thermometer,P0,общих играбельных слов 5; пулы 6 и 19
medical_jobs,medical_staff,do_not_pair,derived,5,anesthesiologist | doctor | nurse | paramedic | surgeon,P0,общих играбельных слов 5; пулы 20 и 5
mollusca,sea_creatures,do_not_pair,derived,5,clam | mussel | octopus | oyster | squid,P0,общих играбельных слов 5; пулы 6 и 15
mollusca,seafood,do_not_pair,derived,5,clam | mussel | octopus | oyster | squid,P0,общих играбельных слов 5; пулы 6 и 27
money_actions,money_words,do_not_pair,derived,5,bill | budget | deposit | refund | tip,P1,общих играбельных слов 5; пулы 16 и 34
monkey,monkeys_and_apes,do_not_pair,derived,5,baboon | bonobo | capuchin | macaque | mandrill,P0,общих играбельных слов 5; пулы 8 и 14
movie_categories,movie_genres,do_not_pair,derived,5,animation | documentary | fantasy | romance | thriller,P0,общих играбельных слов 5; пулы 5 и 19
mushrooms,mushrooms_and_fungi,do_not_pair,derived,5,chanterelle | morel | portobello | shiitake | truffle,P1,общих играбельных слов 5; пулы 10 и 12
music,music_genres,do_not_pair,derived,5,classical | country | disco | jazz | rap,P1,общих играбельных слов 5; пулы 27 и 22
music_class_things,percussion,do_not_pair,derived,5,drum | maraca | tambourine | triangle | xylophone,P1,общих играбельных слов 5; пулы 14 и 15
music_devices,sound_devices,do_not_pair,derived,5,boombox | radio | tape deck | turntable | walkman,P0,общих играбельных слов 5; пулы 8 и 14
music_words,musical_terms,do_not_pair,derived,5,harmony | measure | melody | rhythm | tempo,P1,общих играбельных слов 5; пулы 25 и 9
musical_instruments,percussion,do_not_pair,derived,5,cymbal | drum | drums | tambourine | xylophone,P1,общих играбельных слов 5; пулы 30 и 15
musical_instruments,stringed_instruments,do_not_pair,derived,5,banjo | cello | mandolin | ukulele | violin,P0,общих играбельных слов 5; пулы 30 и 6
musical_instruments,woodwind_instruments,do_not_pair,derived,5,bassoon | clarinet | flute | oboe | saxophone,P0,общих играбельных слов 5; пулы 30 и 6
musical_instruments,woodwinds,do_not_pair,derived,5,bassoon | clarinet | flute | oboe | saxophone,P0,общих играбельных слов 5; пулы 30 и 7
mythical_monsters,mythological_creatures,do_not_pair,derived,5,chimera | hydra | kraken | manticore | sphinx,P0,общих играбельных слов 5; пулы 16 и 8
natural_disasters,weather_events,do_not_pair,derived,5,blizzard | cyclone | drought | flood | tornado,P1,общих играбельных слов 5; пулы 17 и 14
night_sky_things,solar_system_words,do_not_pair,derived,5,comet | eclipse | meteor | moon | planet,P1,общих играбельных слов 5; пулы 15 и 14
night_sky_things,space,do_not_pair,derived,5,comet | milky way | moon | planet | satellite,P1,общих играбельных слов 5; пулы 15 и 16
norse_gods,norse_mythology,do_not_pair,derived,5,balder | freya | loki | odin | thor,P1,общих играбельных слов 5; пулы 11 и 13
ocean,ocean_products,do_not_pair,derived,5,coral | fish | kelp | pearl | salt,P1,общих играбельных слов 5; пулы 25 и 13
ocean_floor,ocean_products,do_not_pair,derived,5,coral | kelp | sand | seaweed | sponge,P1,общих играбельных слов 5; пулы 10 и 13
ocean_life,ocean_products,do_not_pair,derived,5,coral | fish | kelp | plankton | seaweed,P1,общих играбельных слов 5; пулы 16 и 13
ocean_life,sea_creatures,do_not_pair,derived,5,coral | crab | jellyfish | starfish | whale,P1,общих играбельных слов 5; пулы 16 и 15
ocean_products,reef,do_not_pair,derived,5,coral | fish | kelp | seaweed | shell,P1,общих играбельных слов 5; пулы 13 и 12
office_supplies,things_in_a_junk_drawer,do_not_pair,derived,5,paper clip | pen | rubber band | scissors | tape,P1,общих играбельных слов 5; пулы 30 и 19
onomatopoeia,water_sounds,do_not_pair,derived,5,drip | hiss | plop | splash | whoosh,P1,общих играбельных слов 5; пулы 25 и 14
opposites,words_before_side,do_not_pair,derived,5,dark | down | in | out | up,P1,общих играбельных слов 5; пулы 26 и 18
paper_products,things_made_of_paper,do_not_pair,derived,5,book | envelope | napkin | newspaper | origami,P0,общих играбельных слов 5; пулы 6 и 16
particles,subatomic_particles,do_not_pair,derived,5,boson | electron | lepton | neutrino | quark,P0,общих играбельных слов 5; пулы 10 и 7
parts_of_a_volcano,volcanic_features,do_not_pair,derived,5,caldera | crater | lava | magma | vent,P0,общих играбельных слов 5; пулы 6 и 7
parts_of_a_volcano,volcano,do_not_pair,derived,5,caldera | crater | lava | magma | vent,P0,общих играбельных слов 5; пулы 6 и 9
party_snacks,snacks,do_not_pair,derived,5,chips | cookie | crackers | popcorn | pretzels,P1,общих играбельных слов 5; пулы 12 и 12
pasta_dishes,pasta_sauce,do_not_pair,derived,5,alfredo | bolognese | carbonara | marinara | pesto,P0,общих играбельных слов 5; пулы 12 и 5
pasta_sauce,pasta_sauces,do_not_pair,derived,5,alfredo | bolognese | carbonara | marinara | pesto,P0,общих играбельных слов 5; пулы 5 и 6
pastries,pastry,do_not_pair,derived,5,croissant | donut | eclair | muffin | profiterole,P1,общих играбельных слов 5; пулы 13 и 10
people_who_help,school_jobs,do_not_pair,derived,5,aide | coach | counselor | nurse | teacher,P1,общих играбельных слов 5; пулы 14 и 18
pepper_varieties,peppers,do_not_pair,derived,5,bell | habanero | jalapeno | poblano | serrano,P0,общих играбельных слов 5; пулы 12 и 5
performance_arts,theater_arts,do_not_pair,derived,5,ballet | magic | mime | opera | puppetry,P0,общих играбельных слов 5; пулы 7 и 14
personality_traits,personality_words,do_not_pair,derived,5,brave | curious | honest | loyal | shy,P0,общих играбельных слов 5; пулы 7 и 18
pets,rodents,do_not_pair,derived,5,chinchilla | gerbil | guinea pig | hamster | mouse,P1,общих играбельных слов 5; пулы 25 и 20
photography,photography_terms,do_not_pair,derived,5,aperture | bokeh | exposure | flash | iso,P1,общих играбельных слов 5; пулы 15 и 15
photography_equipment,photography_words,do_not_pair,derived,5,darkroom | filter | flash | lens | tripod,P1,общих играбельных слов 5; пулы 14 и 18
photography_terms,photography_words,do_not_pair,derived,5,aperture | exposure | flash | focus | zoom,P1,общих играбельных слов 5; пулы 15 и 18
photography_words,telescope_words,do_not_pair,derived,5,aperture | filter | focus | lens | tripod,P1,общих играбельных слов 5; пулы 18 и 14
physics,physics_terms,do_not_pair,derived,5,energy | force | gravity | photon | quantum,P1,общих играбельных слов 5; пулы 29 и 10
pirate,pirate_words,do_not_pair,derived,5,eyepatch | parrot | ship | sword | treasure,P1,общих играбельных слов 5; пулы 11 и 20
plant_parts,things_that_grow,do_not_pair,derived,5,bud | flower | leaf | root | vine,P1,общих играбельных слов 5; пулы 16 и 18
plant_parts,tree_parts,do_not_pair,derived,5,bark | bud | leaf | root | seed,P1,общих играбельных слов 5; пулы 16 и 20
poker,poker_terms,do_not_pair,derived,5,ante | bluff | call | fold | raise,P0,общих играбельных слов 5; пулы 14 и 5
polygons,shapes,do_not_pair,derived,5,decagon | hexagon | octagon | pentagon | square,P0,общих играбельных слов 5; пулы 6 и 23
pottery,pottery_tools,do_not_pair,derived,5,clay | glaze | kiln | wedge | wheel,P0,общих играбельных слов 5; пулы 21 и 8
precious_materials,precious_stones,do_not_pair,derived,5,emerald | jade | opal | ruby | sapphire,P1,общих играбельных слов 5; пулы 15 и 10
prime_numbers,superstition_numbers,do_not_pair,derived,5,eleven | five | seven | three | two,P0,общих играбельных слов 5; пулы 7 и 25
programming_language,programming_languages,do_not_pair,derived,5,java | python | ruby | rust | swift,P0,общих играбельных слов 5; пулы 7 и 7
radiation_types,types_of_radiation,do_not_pair,derived,5,beta | gamma | infrared | uv | x ray,P0,общих играбельных слов 5; пулы 5 и 7
recycled_materials,things_you_recycle,do_not_pair,derived,5,carton | glass | newspaper | paper | plastic,P1,общих играбельных слов 5; пулы 14 и 18
reptiles,snake,do_not_pair,derived,5,boa | cobra | python | rattlesnake | viper,P0,общих играбельных слов 5; пулы 22 и 8
river,rivers,do_not_pair,derived,5,amazon | danube | mississippi | nile | stream,P0,общих играбельных слов 5; пулы 8 и 18
robot,robot_words,do_not_pair,derived,5,android | automation | circuit | motor | sensor,P1,общих играбельных слов 5; пулы 13 и 15
rock_types,rocks_and_minerals,do_not_pair,derived,5,basalt | flint | granite | obsidian | slate,P0,общих играбельных слов 5; пулы 6 и 20
rocket,rocket_parts,do_not_pair,derived,5,booster | engine | fuel tank | payload | thruster,P1,общих играбельных слов 5; пулы 18 и 12
rocks_and_minerals,sculpture_materials,do_not_pair,derived,5,clay | granite | limestone | marble | sandstone,P1,общих играбельных слов 5; пулы 20 и 18
round_things,things_that_spin,do_not_pair,derived,5,coin | dial | globe | tire | wheel,P1,общих играбельных слов 5; пулы 27 и 18
royalty,storybook_characters,do_not_pair,derived,5,king | knight | prince | princess | queen,P1,общих играбельных слов 5; пулы 20 и 20
salad_ingredients,things_with_seeds,do_not_pair,derived,5,avocado | corn | cucumber | pepper | tomato,P1,общих играбельных слов 5; пулы 25 и 25
salty_snacks,snack_foods,do_not_pair,derived,5,chips | crackers | nachos | popcorn | pretzel,P0,общих играбельных слов 5; пулы 6 и 24
sandwich,sandwich_types,do_not_pair,derived,5,blt | hero | hoagie | panini | reuben,P1,общих играбельных слов 5; пулы 15 и 13
sandwich_breads,world_breads,do_not_pair,derived,5,ciabatta | focaccia | pita | rye | sourdough,P1,общих играбельных слов 5; пулы 14 и 16
sandwich_fillings,soup_ingredients,do_not_pair,derived,5,bacon | chicken | ham | onion | tomato,P1,общих играбельных слов 5; пулы 25 и 25
sandwich_fillings,things_you_spread,do_not_pair,derived,5,hummus | jelly | mayo | mustard | peanut butter,P1,общих играбельных слов 5; пулы 25 и 16
school,school_morning,do_not_pair,derived,5,backpack | desk | homework | locker | teacher,P1,общих играбельных слов 5; пулы 19 и 11
school_subjects,subjects,do_not_pair,derived,5,art | history | math | music | science,P1,общих играбельных слов 5; пулы 33 и 9
school_supplies,writing,do_not_pair,derived,5,crayon | marker | notebook | paper | pencil,P1,общих играбельных слов 5; пулы 27 и 28
school_supplies,writing_tools,do_not_pair,derived,5,crayon | highlighter | marker | pen | pencil,P1,общих играбельных слов 5; пулы 27 и 15
science,science_fields,do_not_pair,derived,5,archaeology | astronomy | biology | chemistry | physics,P1,общих играбельных слов 5; пулы 12 и 15
screens,things_with_buttons,do_not_pair,derived,5,calculator | camera | microwave | phone | watch,P1,общих играбельных слов 5; пулы 16 и 18
sea_creatures,shellfish,do_not_pair,derived,5,clam | crab | lobster | mussel | oyster,P1,общих играбельных слов 5; пулы 15 и 15
sea_mammals,whale_types,do_not_pair,derived,5,beluga | blue whale | humpback | narwhal | orca,P1,общих играбельных слов 5; пулы 14 и 12
senses,senses_and_perception,do_not_pair,derived,5,hearing | sight | smell | taste | touch,P0,общих играбельных слов 5; пулы 5 и 12
sewing,tailor_words,do_not_pair,derived,5,bobbin | hem | pattern | thimble | thread,P1,общих играбельных слов 5; пулы 11 и 17
shell,shells,do_not_pair,derived,5,abalone | clam | conch | oyster | scallop,P1,общих играбельных слов 5; пулы 10 и 13
shoe,shoe_parts,do_not_pair,derived,5,aglet | eyelet | heel | lace | outsole,P0,общих играбельных слов 5; пулы 6 и 18
sleep,sleeping_actions,do_not_pair,derived,5,dream | nap | slumber | snore | yawn,P1,общих играбельных слов 5; пулы 11 и 12
snack_foods,vending_machine_items,do_not_pair,derived,5,candy bar | chips | granola bar | popcorn | pretzels,P1,общих играбельных слов 5; пулы 24 и 13
snake,venomous_snakes,do_not_pair,derived,5,cobra | mamba | rattlesnake | taipan | viper,P0,общих играбельных слов 5; пулы 8 и 6
snakes,venomous_snakes,do_not_pair,derived,5,adder | cobra | mamba | rattlesnake | viper,P0,общих играбельных слов 5; пулы 13 и 6
soccer,soccer_words,do_not_pair,derived,5,defender | goal | goalkeeper | midfielder | striker,P0,общих играбельных слов 5; пулы 7 и 18
soil_types,types_of_soil,do_not_pair,derived,5,clay | loam | peat | sand | silt,P0,общих играбельных слов 5; пулы 6 и 6
solar_system_words,space,do_not_pair,derived,5,comet | gravity | moon | orbit | planet,P1,общих играбельных слов 5; пулы 14 и 16
space,space_objects,do_not_pair,derived,5,asteroid | comet | moon | planet | satellite,P1,общих играбельных слов 5; пулы 16 и 20
space,space_travel,do_not_pair,derived,5,astronaut | gravity | orbit | rocket | satellite,P1,общих играбельных слов 5; пулы 16 и 18
space,spaceship,do_not_pair,derived,5,asteroid | astronaut | comet | orbit | rocket,P0,общих играбельных слов 5; пулы 16 и 7
space_exploration,space_travel,do_not_pair,derived,5,astronaut | rocket | rover | satellite | shuttle,P1,общих играбельных слов 5; пулы 15 и 18
spice,spice_rack_staples,do_not_pair,derived,5,cinnamon | cumin | nutmeg | oregano | paprika,P0,общих играбельных слов 5; пулы 8 и 7
spice_rack,spice_rack_staples,do_not_pair,derived,5,basil | cumin | oregano | paprika | thyme,P0,общих играбельных слов 5; пулы 5 и 7
spice_rack,spices,do_not_pair,derived,5,basil | cumin | oregano | paprika | thyme,P0,общих играбельных слов 5; пулы 5 и 15
spice_rack,spices_and_herbs,do_not_pair,derived,5,basil | cumin | oregano | paprika | thyme,P0,общих играбельных слов 5; пулы 5 и 25
sports_balls,team_sports,do_not_pair,derived,5,baseball | basketball | football | softball | volleyball,P1,общих играбельных слов 5; пулы 14 и 18
sticky_things,things_that_stick,do_not_pair,derived,5,glue | gum | honey | syrup | tape,P1,общих играбельных слов 5; пулы 22 и 10
storage_containers,things_you_recycle,do_not_pair,derived,5,bag | box | carton | envelope | jar,P1,общих играбельных слов 5; пулы 20 и 18
storm,weather_events,do_not_pair,derived,5,cyclone | hail | squall | thunder | tornado,P1,общих играбельных слов 5; пулы 19 и 14
storms,tropical_storms,do_not_pair,derived,5,cyclone | hurricane | monsoon | squall | typhoon,P0,общих играбельных слов 5; пулы 17 и 6
storms,types_of_storms,do_not_pair,derived,5,blizzard | hurricane | monsoon | tornado | typhoon,P0,общих играбельных слов 5; пулы 17 и 6
storms,weather_events,do_not_pair,derived,5,blizzard | cyclone | squall | thunder | tornado,P1,общих играбельных слов 5; пулы 17 и 14
sweet_treats,sweets,do_not_pair,derived,5,brownie | candy | fudge | lollipop | toffee,P0,общих играбельных слов 5; пулы 7 и 10
tea,teas,do_not_pair,derived,5,black | herbal | hibiscus | matcha | oolong,P1,общих играбельных слов 5; пулы 10 и 16
telescope_parts,telescope_words,do_not_pair,derived,5,eyepiece | finder | mirror | mount | tripod,P0,общих играбельных слов 5; пулы 5 и 14
temperature_feel,texture,do_not_pair,derived,5,grainy | rough | silky | slippery | smooth,P0,общих играбельных слов 5; пулы 16 и 5
textile_materials,textiles,do_not_pair,derived,5,fabric | linen | silk | wool | yarn,P0,общих играбельных слов 5; пулы 8 и 16
things_in_a_pocket,things_in_a_purse,do_not_pair,derived,5,gum | phone | receipt | tissue | wallet,P1,общих играбельных слов 5; пулы 12 и 15
things_in_a_toolbox,tools,do_not_pair,derived,5,hammer | level | pliers | screwdriver | wrench,P1,общих играбельных слов 5; пулы 14 и 10
things_in_the_forest,tree_parts,do_not_pair,derived,5,acorn | bark | branch | leaf | stump,P1,общих играбельных слов 5; пулы 20 и 20
things_made_of_glass,things_that_break,do_not_pair,derived,5,bulb | mirror | ornament | screen | vase,P1,общих играбельных слов 5; пулы 15 и 14
things_you_recycle,trash_and_recycling,do_not_pair,derived,5,bag | bottle | can | newspaper | wrapper,P1,общих играбельных слов 5; пулы 18 и 16
ticket,tickets_and_passes,do_not_pair,derived,5,admission | entry | pass | stub | voucher,P0,общих играбельных слов 5; пулы 14 и 7
time_periods,time_units,do_not_pair,derived,5,century | decade | era | millennium | year,P1,общих играбельных слов 5; пулы 14 и 16
toolbox,tools,do_not_pair,derived,5,hammer | pliers | saw | screwdriver | wrench,P1,общих играбельных слов 5; пулы 9 и 10
train,train_words,do_not_pair,derived,5,conductor | engine | freight | track | tunnel,P1,общих играбельных слов 5; пулы 13 и 18
transportation_history,vehicles,do_not_pair,derived,5,canoe | ferry | sled | trolley | wagon,P1,общих играбельных слов 5; пулы 15 и 33
transportation_history,world_transport,do_not_pair,derived,5,camel | canoe | ferry | rickshaw | sled,P1,общих играбельных слов 5; пулы 15 и 14
tree_types,trees,do_not_pair,derived,5,birch | maple | oak | pine | willow,P0,общих играбельных слов 5; пулы 5 и 25
types_of_storms,weather,do_not_pair,derived,5,blizzard | hail | hurricane | monsoon | tornado,P0,общих играбельных слов 5; пулы 6 и 36
types_of_storms,weather_phenomena,do_not_pair,derived,5,blizzard | hail | hurricane | tornado | typhoon,P0,общих играбельных слов 5; пулы 6 и 13
typography,typography_terms,do_not_pair,derived,5,baseline | glyph | kerning | ligature | serif,P0,общих играбельных слов 5; пулы 7 и 6
volcanic_features,volcano,do_not_pair,derived,5,caldera | crater | lava | magma | vent,P0,общих играбельных слов 5; пулы 7 и 9
water_states,weather_actions,do_not_pair,derived,5,drizzle | hail | rain | sleet | snow,P1,общих играбельных слов 5; пулы 19 и 15
waterfall,waterfalls,do_not_pair,derived,5,angel | havasu | iguazu | niagara | victoria,P1,общих играбельных слов 5; пулы 10 и 11
weapon,weapons_of_the_past,do_not_pair,derived,5,axe | dagger | shield | spear | sword,P1,общих играбельных слов 5; пулы 9 и 17
weather,weather_adjectives,do_not_pair,derived,5,breezy | rainy | snowy | sunny | windy,P1,общих играбельных слов 5; пулы 36 и 18
weather,wind_words,do_not_pair,derived,5,breeze | gale | gust | squall | zephyr,P1,общих играбельных слов 5; пулы 36 и 14
weather_adjectives,weather_conditions,do_not_pair,derived,5,breezy | cloudy | humid | overcast | windy,P1,общих играбельных слов 5; пулы 18 и 11
weather_conditions,weather_words,do_not_pair,derived,5,drizzle | fog | frost | rain | wind,P1,общих играбельных слов 5; пулы 11 и 26
weather_forecast_terms,weather_science,do_not_pair,derived,5,dew point | forecast | front | precipitation | pressure,P1,общих играбельных слов 5; пулы 14 и 14
wet,wetness_words,do_not_pair,derived,5,damp | drenched | dripping | soaked | soggy,P0,общих играбельных слов 5; пулы 8 и 14
whale_types,whales,do_not_pair,derived,5,beluga | humpback | minke | narwhal | orca,P1,общих играбельных слов 5; пулы 12 и 10
wild_cats,wild_cats_small,do_not_pair,derived,5,bobcat | caracal | lynx | ocelot | serval,P0,общих играбельных слов 5; пулы 14 и 8
wine,wines_and_drinks,do_not_pair,derived,5,cabernet | chardonnay | merlot | pinot | riesling,P0,общих играбельных слов 5; пулы 8 и 17
winter_olympics,winter_sports,do_not_pair,derived,5,biathlon | figure skating | luge | skeleton | snowboard,P0,общих играбельных слов 5; пулы 7 и 18
word_size,words_for_big,do_not_pair,derived,5,colossal | enormous | giant | huge | massive,P0,общих играбельных слов 5; пулы 15 и 7
academic_disciplines,university_academic_departments,do_not_pair,derived,4,anthropology | philosophy | psychology | sociology,P0,общих играбельных слов 4; пулы 8 и 4
academic_disciplines,university_departments,do_not_pair,derived,4,anthropology | linguistics | philosophy | psychology,P1,общих играбельных слов 4; пулы 8 и 7
academic_fields,school_subjects,do_not_pair,derived,4,art | astronomy | chemistry | economics,P1,общих играбельных слов 4; пулы 15 и 33
academic_fields,university_departments,do_not_pair,derived,4,anthropology | chemistry | economics | linguistics,P1,общих играбельных слов 4; пулы 15 и 7
academic_subjects,science_fields,do_not_pair,derived,4,archaeology | biology | geology | physics,P1,общих играбельных слов 4; пулы 11 и 15
accessories,bags,do_not_pair,derived,4,backpack | clutch | purse | wallet,P1,общих играбельных слов 4; пулы 29 и 15
accessories,clothing,do_not_pair,derived,4,belt | gloves | hat | scarf,P1,общих играбельных слов 4; пулы 29 и 19
accessories,clothing_items,do_not_pair,derived,4,gloves | hat | scarf | tie,P1,общих играбельных слов 4; пулы 29 и 28
accessories,jewelry,do_not_pair,derived,4,bracelet | brooch | necklace | watch,P1,общих играбельных слов 4; пулы 29 и 20
accessories,things_you_tie,do_not_pair,derived,4,belt | bowtie | scarf | tie,P1,общих играбельных слов 4; пулы 29 и 14
accounting_words,money_words,do_not_pair,derived,4,credit | debit | invoice | receipt,P1,общих играбельных слов 4; пулы 14 и 34
actions,ways_of_moving,do_not_pair,derived,4,climb | crawl | jump | run,P1,общих играбельных слов 4; пулы 7 и 30
adverbs_of_frequency,frequency,do_not_pair,derived,4,often | rarely | sometimes | usually,P0,общих играбельных слов 4; пулы 4 и 4
advertise,advertising_words,do_not_pair,derived,4,billboard | commercial | jingle | sponsor,P0,общих играбельных слов 4; пулы 4 и 16
african_animals,african_wildlife,do_not_pair,derived,4,cheetah | hippo | rhino | wildebeest,P0,общих играбельных слов 4; пулы 21 и 4
african_animals,giant_animals,do_not_pair,derived,4,elephant | giraffe | hippo | rhino,P1,общих играбельных слов 4; пулы 21 и 7
african_animals,mammals,do_not_pair,derived,4,elephant | giraffe | lion | rhino,P1,общих играбельных слов 4; пулы 21 и 16
african_animals,savanna,do_not_pair,derived,4,giraffe | hyena | lion | zebra,P0,общих играбельных слов 4; пулы 21 и 4
aircraft,plane,do_not_pair,derived,4,drone | glider | helicopter | jet,P0,общих играбельных слов 4; пулы 16 и 4
airline_names,airlines,do_not_pair,derived,4,american | frontier | spirit | united,P0,общих играбельных слов 4; пулы 4 и 15
alarm,bell_and_alarm,do_not_pair,derived,4,alert | beep | bell | siren,P1,общих играбельных слов 4; пулы 9 и 14
alarm,things_that_ring,do_not_pair,derived,4,bell | buzzer | clock | timer,P1,общих играбельных слов 4; пулы 9 и 13
alloys,metals,do_not_pair,derived,4,brass | bronze | pewter | steel,P1,общих играбельных слов 4; пулы 11 и 21
alloys,musical_alloys,do_not_pair,derived,4,brass | bronze | pewter | sterling,P0,общих играбельных слов 4; пулы 11 и 4
alphabet_code,nato_phonetic_alphabet,do_not_pair,derived,4,alpha | charlie | foxtrot | tango,P0,общих играбельных слов 4; пулы 24 и 4
alphabet_code,phonetic_alphabet,do_not_pair,derived,4,foxtrot | juliet | quebec | whiskey,P0,общих играбельных слов 4; пулы 24 и 4
american_east_cities,us_cities,do_not_pair,derived,4,baltimore | boston | philadelphia | portland,P1,общих играбельных слов 4; пулы 15 и 22
american_legends,tall_tale_characters,do_not_pair,derived,4,davy crockett | john henry | paul bunyan | pecos bill,P0,общих играбельных слов 4; пулы 9 и 4
american_states,us_states,do_not_pair,derived,4,alaska | arkansas | delaware | florida,P0,общих играбельных слов 4; пулы 4 и 27
americas,parts_of_the_americas,do_not_pair,derived,4,central | latin | north | south,P0,общих играбельных слов 4; пулы 4 и 4
ancient_cities,ancient_civilizations,do_not_pair,derived,4,babylon | carthage | sparta | troy,P1,общих играбельных слов 4; пулы 12 и 21
ancient_cities,ancient_greek_city_states,do_not_pair,derived,4,athens | corinth | sparta | thebes,P0,общих играбельных слов 4; пулы 12 и 4
ancient_cities,world_heritage,do_not_pair,derived,4,ephesus | machu picchu | petra | pompeii,P1,общих играбельных слов 4; пулы 12 и 12
ancient_civilizations,ancient_lands,do_not_pair,derived,4,babylon | egypt | greece | persia,P0,общих играбельных слов 4; пулы 21 и 4
ancient_civilizations,ancient_states,do_not_pair,derived,4,babylon | carthage | egypt | rome,P0,общих играбельных слов 4; пулы 21 и 4
ancient_egyptian_pharaohs,egyptian_pharaohs,do_not_pair,derived,4,cleopatra | nefertiti | ramses | tutankhamun,P0,общих играбельных слов 4; пулы 4 и 5
ancient_greece_ideas,greece,do_not_pair,derived,4,democracy | mythology | olympics | philosophy,P0,общих играбельных слов 4; пулы 6 и 7
ancient_landmarks,landmarks,do_not_pair,derived,4,colosseum | parthenon | pyramids | stonehenge,P0,общих играбельных слов 4; пулы 4 и 13
ancient_warrior,ancient_warriors,do_not_pair,derived,4,gladiator | samurai | spartan | viking,P0,общих играбельных слов 4; пулы 4 и 10
ancient_warrior,legendary_warriors,do_not_pair,derived,4,gladiator | samurai | spartan | viking,P0,общих играбельных слов 4; пулы 4 и 4
ancient_warriors,legendary_warriors,do_not_pair,derived,4,gladiator | samurai | spartan | viking,P0,общих играбельных слов 4; пулы 10 и 4
ancient_warriors,warrior_classes,do_not_pair,derived,4,gladiator | knight | samurai | viking,P0,общих играбельных слов 4; пулы 10 и 4
ancient_wonders,famous_landmarks,do_not_pair,derived,4,colosseum | great wall | stonehenge | taj mahal,P1,общих играбельных слов 4; пулы 11 и 15
ancient_wonders,landmarks,do_not_pair,derived,4,colosseum | great wall | machu picchu | stonehenge,P1,общих играбельных слов 4; пулы 11 и 13
angle,angles,do_not_pair,derived,4,acute | obtuse | reflex | right,P0,общих играбельных слов 4; пулы 4 и 4
animal_actions,seasons_and_nature,do_not_pair,derived,4,hibernate | migrate | molt | shed,P1,общих играбельных слов 4; пулы 16 и 18
animal_and_bird_homes,animal_homes,do_not_pair,derived,4,burrow | den | hive | nest,P0,общих играбельных слов 4; пулы 4 и 20
animal_classes,creatures,do_not_pair,derived,4,fish | insect | mammal | reptile,P0,общих играбельных слов 4; пулы 9 и 4
animal_classes,species,do_not_pair,derived,4,amphibian | bird | mammal | reptile,P1,общих играбельных слов 4; пулы 9 и 12
animal_classification,taxonomy,do_not_pair,derived,4,class | kingdom | order | phylum,P0,общих играбельных слов 4; пулы 4 и 7
animal_group_names,animal_groups,do_not_pair,derived,4,flock | pack | pod | pride,P0,общих играбельных слов 4; пулы 4 и 18
animal_groups,groups,do_not_pair,derived,4,bevy | colony | herd | swarm,P1,общих играбельных слов 4; пулы 18 и 7
animal_homes,farm_buildings,do_not_pair,derived,4,barn | coop | pen | stable,P1,общих играбельных слов 4; пулы 20 и 15
animal_homes,things_on_a_farm,do_not_pair,derived,4,barn | coop | pen | stable,P1,общих играбельных слов 4; пулы 20 и 20
animal_kingdom,animal_types,do_not_pair,derived,4,birds | fish | mammals | reptiles,P0,общих играбельных слов 4; пулы 4 и 4
animal_kingdom,animals,do_not_pair,derived,4,birds | fish | mammals | reptiles,P0,общих играбельных слов 4; пулы 4 и 17
animal_names_male_female,farm_animals,do_not_pair,derived,4,bull | cow | hen | rooster,P1,общих играбельных слов 4; пулы 18 и 20
animal_names_male_female,female_animals,do_not_pair,derived,4,cow | doe | hen | mare,P0,общих играбельных слов 4; пулы 18 и 4
animal_names_male_female,male_animals,do_not_pair,derived,4,boar | buck | bull | ram,P0,общих играбельных слов 4; пулы 18 и 5
animal_sounds,bird_sound,do_not_pair,derived,4,caw | chirp | hoot | tweet,P0,общих играбельных слов 4; пулы 26 и 4
animal_types,animals,do_not_pair,derived,4,birds | fish | mammals | reptiles,P0,общих играбельных слов 4; пулы 4 и 17
animals,giant_animals,do_not_pair,derived,4,elephant | giraffe | hippo | moose,P1,общих играбельных слов 4; пулы 17 и 7
animals,mammals,do_not_pair,derived,4,elephant | giraffe | lion | otter,P1,общих играбельных слов 4; пулы 17 и 16
animals,safari_animals,do_not_pair,derived,4,elephant | giraffe | lion | zebra,P0,общих играбельных слов 4; пулы 17 и 6
animals,savanna,do_not_pair,derived,4,giraffe | hyena | lion | zebra,P0,общих играбельных слов 4; пулы 17 и 4
animals,vertebrates,do_not_pair,derived,4,amphibians | birds | mammals | reptiles,P0,общих играбельных слов 4; пулы 17 и 4
animals_with_shells,has_shells,do_not_pair,derived,4,mussel | oyster | scallop | snail,P0,общих играбельных слов 4; пулы 15 и 4
animals_with_shells,mollusca,do_not_pair,derived,4,clam | mussel | oyster | snail,P0,общих играбельных слов 4; пулы 15 и 6
animated_films,disney_characters,do_not_pair,derived,4,aladdin | bambi | cinderella | dumbo,P0,общих играбельных слов 4; пулы 4 и 24
annual_events,holidays,do_not_pair,derived,4,easter | halloween | new year | thanksgiving,P1,общих играбельных слов 4; пулы 8 и 20
antelope_and_grazers,deer_family,do_not_pair,derived,4,antelope | elk | gazelle | impala,P1,общих играбельных слов 4; пулы 14 и 14
antlers,deer_family,do_not_pair,derived,4,caribou | elk | moose | reindeer,P0,общих играбельных слов 4; пулы 6 и 14
appliances,appliances_for_the_home,do_not_pair,derived,4,kettle | oven | stove | toaster,P0,общих играбельных слов 4; пулы 8 и 4
appliances,things_that_plug_in,do_not_pair,derived,4,blender | kettle | microwave | toaster,P1,общих играбельных слов 4; пулы 8 и 20
appliances_for_the_home,kitchen,do_not_pair,derived,4,kettle | oven | stove | toaster,P0,общих играбельных слов 4; пулы 4 и 26
aquatic_life,ocean_animals,do_not_pair,derived,4,dolphin | octopus | shark | whale,P0,общих играбельных слов 4; пулы 4 и 25
archer,archery_words,do_not_pair,derived,4,arrow | bullseye | quiver | target,P0,общих играбельных слов 4; пулы 6 и 17
archery,archery_terms,do_not_pair,derived,4,draw | fletching | nock | quiver,P0,общих играбельных слов 4; пулы 11 и 6
archery,bows,do_not_pair,derived,4,compound | crossbow | longbow | recurve,P0,общих играбельных слов 4; пулы 11 и 4
archery_equipment,archery_words,do_not_pair,derived,4,arrow | bowstring | quiver | target,P0,общих играбельных слов 4; пулы 5 и 17
archery_words,arrow,do_not_pair,derived,4,aim | nock | shaft | string,P0,общих играбельных слов 4; пулы 17 и 6
archery_words,darts,do_not_pair,derived,4,aim | bullseye | shaft | target,P0,общих играбельных слов 4; пулы 17 и 6
arid_landforms,landforms,do_not_pair,derived,4,butte | dune | mesa | plateau,P0,общих играбельных слов 4; пулы 5 и 33
aromatic_herbs,herbs,do_not_pair,derived,4,basil | oregano | rosemary | thyme,P0,общих играбельных слов 4; пулы 4 и 17
aromatic_herbs,spices_and_herbs,do_not_pair,derived,4,basil | oregano | rosemary | thyme,P0,общих играбельных слов 4; пулы 4 и 25
art,art_supplies,do_not_pair,derived,4,brush | canvas | easel | sketch,P1,общих играбельных слов 4; пулы 13 и 23
art,hobbies,do_not_pair,derived,4,drawing | painting | photography | pottery,P1,общих играбельных слов 4; пулы 13 и 21
art,visual_arts,do_not_pair,derived,4,drawing | painting | photography | sculpture,P1,общих играбельных слов 4; пулы 13 и 7
art_class_things,arts_crafts,do_not_pair,derived,4,glitter | glue | paint | scissors,P0,общих играбельных слов 4; пулы 23 и 5
art_class_things,crafting_materials,do_not_pair,derived,4,clay | glitter | glue | paint,P1,общих играбельных слов 4; пулы 23 и 18
art_class_things,painting,do_not_pair,derived,4,brush | canvas | easel | palette,P1,общих играбельных слов 4; пулы 23 и 7
art_class_things,painting_tools,do_not_pair,derived,4,brush | canvas | easel | palette,P0,общих играбельных слов 4; пулы 23 и 4
art_class_things,writing_tools,do_not_pair,derived,4,brush | chalk | marker | pastel,P1,общих играбельных слов 4; пулы 23 и 15
art_classes,art_forms,do_not_pair,derived,4,drawing | photography | pottery | sculpture,P1,общих играбельных слов 4; пулы 9 и 19
art_classes,fine_arts,do_not_pair,derived,4,ceramics | drawing | photography | sculpture,P0,общих играбельных слов 4; пулы 9 и 6
art_classes,studio_arts,do_not_pair,derived,4,ceramics | photography | pottery | sculpture,P1,общих играбельных слов 4; пулы 9 и 8
art_museums,famous_museums,do_not_pair,derived,4,hermitage | louvre | prado | uffizi,P0,общих играбельных слов 4; пулы 4 и 14
art_supplies,painting,do_not_pair,derived,4,brush | canvas | easel | palette,P1,общих играбельных слов 4; пулы 23 и 7
art_supplies,painting_tools,do_not_pair,derived,4,brush | canvas | easel | palette,P0,общих играбельных слов 4; пулы 23 и 4
art_supplies,writing,do_not_pair,derived,4,crayon | marker | paper | pencil,P1,общих играбельных слов 4; пулы 23 и 28
art_tools,painting,do_not_pair,derived,4,brush | canvas | easel | palette,P1,общих играбельных слов 4; пулы 16 и 7
art_tools,painting_tools,do_not_pair,derived,4,brush | canvas | easel | palette,P0,общих играбельных слов 4; пулы 16 и 4
art_tools,used_for_paint,do_not_pair,derived,4,brush | canvas | palette | roller,P0,общих играбельных слов 4; пулы 16 и 4
artisan_breads,bread,do_not_pair,derived,4,baguette | brioche | rye | sourdough,P0,общих играбельных слов 4; пулы 4 и 19
artisan_breads,bread_types,do_not_pair,derived,4,baguette | brioche | rye | sourdough,P0,общих играбельных слов 4; пулы 4 и 25
artisan_breads,world_breads,do_not_pair,derived,4,baguette | brioche | rye | sourdough,P0,общих играбельных слов 4; пулы 4 и 16
artists,impressionists,do_not_pair,derived,4,cezanne | degas | monet | renoir,P0,общих играбельных слов 4; пулы 15 и 4
arts_crafts,crafting_materials,do_not_pair,derived,4,glitter | glue | paint | paper,P0,общих играбельных слов 4; пулы 5 и 18
asia,asian_countries,do_not_pair,derived,4,china | india | japan | thailand,P0,общих играбельных слов 4; пулы 4 и 20
asian_cities,major_cities,do_not_pair,derived,4,delhi | mumbai | osaka | shanghai,P1,общих играбельных слов 4; пулы 20 и 7
asian_cities,world_cities,do_not_pair,derived,4,jakarta | mumbai | osaka | shanghai,P1,общих играбельных слов 4; пулы 20 и 31
asian_countries,countries,do_not_pair,derived,4,cambodia | china | japan | mongolia,P1,общих играбельных слов 4; пулы 20 и 18
asian_countries,countries_in_asia,do_not_pair,derived,4,indonesia | japan | thailand | vietnam,P0,общих играбельных слов 4; пулы 20 и 4
asian_cuisine,asian_dishes,do_not_pair,derived,4,curry | dim sum | kimchi | sushi,P1,общих играбельных слов 4; пулы 7 и 20
asian_dishes,japanese_cuisine,do_not_pair,derived,4,ramen | sushi | tempura | teriyaki,P1,общих играбельных слов 4; пулы 20 и 9
astronomical_phenomenon,space_phenomena,do_not_pair,derived,4,black hole | comet | eclipse | meteor shower,P0,общих играбельных слов 4; пулы 4 и 15
astronomy,celestial_objects,do_not_pair,derived,4,comet | nebula | pulsar | quasar,P0,общих играбельных слов 4; пулы 26 и 4
astronomy,cosmic_objects,do_not_pair,derived,4,comet | nebula | pulsar | quasar,P0,общих играбельных слов 4; пулы 26 и 4
astronomy,galaxy,do_not_pair,derived,4,milky way | nebula | planets | stars,P1,общих играбельных слов 4; пулы 26 и 10
at_a_birthday_party,birthday_party,do_not_pair,derived,4,balloons | cake | candles | streamers,P0,общих играбельных слов 4; пулы 4 и 10
at_a_picnic,picnic,do_not_pair,derived,4,ants | basket | blanket | sandwich,P0,общих играбельных слов 4; пулы 4 и 12
at_the_gym,gym,do_not_pair,derived,4,dumbbell | trainer | treadmill | weights,P1,общих играбельных слов 4; пулы 7 и 7
at_the_harbor,harbor_things,do_not_pair,derived,4,anchor | dock | lighthouse | pier,P0,общих играбельных слов 4; пулы 6 и 16
at_the_hospital,health,do_not_pair,derived,4,clinic | doctor | medicine | patient,P0,общих играбельных слов 4; пулы 9 и 4
at_the_hospital,hospital,do_not_pair,derived,4,doctor | nurse | patient | ward,P1,общих играбельных слов 4; пулы 9 и 11
at_the_pool,swimming,do_not_pair,derived,4,cap | goggles | pool | swimsuit,P1,общих играбельных слов 4; пулы 7 и 8
at_the_stables,horse_words,do_not_pair,derived,4,bridle | foal | reins | stirrup,P1,общих играбельных слов 4; пулы 7 и 20
at_the_zoo,zoo_animals,do_not_pair,derived,4,flamingo | giraffe | penguin | tiger,P1,общих играбельных слов 4; пулы 7 и 23
atmospheric_gases,elements,do_not_pair,derived,4,argon | helium | nitrogen | oxygen,P0,общих играбельных слов 4; пулы 4 и 24
atmospheric_gases,gas,do_not_pair,derived,4,argon | helium | nitrogen | oxygen,P0,общих играбельных слов 4; пулы 4 и 12
atmospheric_light_phenomena,cloud_and_sky,do_not_pair,derived,4,aurora | lightning | meteor | rainbow,P0,общих играбельных слов 4; пулы 4 и 20
atmospheric_phenomena,light_phenomena,do_not_pair,derived,4,aurora | halo | mirage | rainbow,P0,общих играбельных слов 4; пулы 4 и 4
atom,atomic_components,do_not_pair,derived,4,electron | neutron | nucleus | proton,P0,общих играбельных слов 4; пулы 5 и 4
audio,sound_devices,do_not_pair,derived,4,amplifier | headphone | microphone | speaker,P1,общих играбельных слов 4; пулы 7 и 14
australia,marsupials,do_not_pair,derived,4,kangaroo | koala | wallaby | wombat,P1,общих играбельных слов 4; пулы 10 и 11
authors,classic_authors,do_not_pair,derived,4,austen | dickens | hemingway | orwell,P0,общих играбельных слов 4; пулы 15 и 5
authors,classic_writers,do_not_pair,derived,4,austen | bronte | dickens | twain,P0,общих играбельных слов 4; пулы 15 и 5
autumn,seasons_fall,do_not_pair,derived,4,acorn | foliage | harvest | pumpkin,P1,общих играбельных слов 4; пулы 9 и 14
aviation,aviation_words,do_not_pair,derived,4,cockpit | hangar | radar | runway,P1,общих играбельных слов 4; пулы 8 и 18
award_shows,awards,do_not_pair,derived,4,emmy | grammy | oscar | tony,P0,общих играбельных слов 4; пулы 4 и 12
babies,baby_things,do_not_pair,derived,4,bottle | crib | diaper | stroller,P0,общих играбельных слов 4; пулы 4 и 18
baby_items,baby_things,do_not_pair,derived,4,bottle | diaper | pacifier | stroller,P0,общих играбельных слов 4; пулы 4 и 18
baby_things,pregnancy_words,do_not_pair,derived,4,cradle | crib | formula | stroller,P1,общих играбельных слов 4; пулы 18 и 15
backpack,clothing_parts,do_not_pair,derived,4,buckle | pocket | strap | zipper,P0,общих играбельных слов 4; пулы 4 и 17
bags,types_of_bags,do_not_pair,derived,4,backpack | clutch | duffel | tote,P0,общих играбельных слов 4; пулы 15 и 4
bake,baking,do_not_pair,derived,4,crust | flour | oven | rise,P0,общих играбельных слов 4; пулы 4 и 19
baked_goods,bread,do_not_pair,derived,4,bagel | focaccia | loaf | pita,P1,общих играбельных слов 4; пулы 14 и 19
baked_goods,dessert,do_not_pair,derived,4,cake | cookie | donut | pie,P1,общих играбельных слов 4; пулы 14 и 18
baked_goods,desserts,do_not_pair,derived,4,cake | cookie | donut | pie,P1,общих играбельных слов 4; пулы 14 и 31
baked_goods,pastry,do_not_pair,derived,4,bagel | croissant | donut | muffin,P1,общих играбельных слов 4; пулы 14 и 10
baked_goods,sandwich_breads,do_not_pair,derived,4,bagel | croissant | focaccia | pita,P1,общих играбельных слов 4; пулы 14 и 14
baker_words,bakery,do_not_pair,derived,4,dough | flour | mixer | oven,P1,общих играбельных слов 4; пулы 15 и 20
bakery,bakery_case,do_not_pair,derived,4,bagel | croissant | muffin | pretzel,P0,общих играбельных слов 4; пулы 20 и 4
bakery,baking_ingredients,do_not_pair,derived,4,cinnamon | flour | milk | yeast,P1,общих играбельных слов 4; пулы 20 и 25
bakery_case,bakery_items,do_not_pair,derived,4,bagel | croissant | muffin | pretzel,P0,общих играбельных слов 4; пулы 4 и 6
bakery_case,bread_types,do_not_pair,derived,4,bagel | croissant | muffin | pretzel,P0,общих играбельных слов 4; пулы 4 и 25
bakery_items,breakfast_pastries,do_not_pair,derived,4,bagel | croissant | muffin | scone,P0,общих играбельных слов 4; пулы 6 и 8
baking,bread_types,do_not_pair,derived,4,baguette | brioche | focaccia | sourdough,P1,общих играбельных слов 4; пулы 19 и 25
baking,dessert,do_not_pair,derived,4,cake | cookie | pastry | pie,P1,общих играбельных слов 4; пулы 19 и 18
baking,desserts,do_not_pair,derived,4,cake | cookie | pastry | pie,P1,общих играбельных слов 4; пулы 19 и 31
baking,pie_ingredients,do_not_pair,derived,4,butter | crust | flour | salt,P1,общих играбельных слов 4; пулы 19 и 25
baking,world_breads,do_not_pair,derived,4,baguette | brioche | focaccia | sourdough,P1,общих играбельных слов 4; пулы 19 и 16
baking_ingredients,dairy_products,do_not_pair,derived,4,butter | buttermilk | cream | milk,P1,общих играбельных слов 4; пулы 25 и 20
baking_ingredients,dessert_ingredients,do_not_pair,derived,4,butter | flour | sugar | vanilla,P0,общих играбельных слов 4; пулы 25 и 4
baking_ingredients,sticky_things,do_not_pair,derived,4,frosting | honey | molasses | syrup,P1,общих играбельных слов 4; пулы 25 и 22
baking_ingredients,things_in_a_fridge,do_not_pair,derived,4,butter | cream | egg | milk,P1,общих играбельных слов 4; пулы 25 и 11
baking_ingredients,things_that_melt,do_not_pair,derived,4,butter | chocolate | frosting | sugar,P1,общих играбельных слов 4; пулы 25 и 18
baking_ingredients,white_things,do_not_pair,derived,4,flour | milk | salt | sugar,P1,общих играбельных слов 4; пулы 25 и 20
ballroom_dances,dance_styles,do_not_pair,derived,4,foxtrot | rumba | tango | waltz,P0,общих играбельных слов 4; пулы 6 и 19
ballroom_dances,partner_dances,do_not_pair,derived,4,foxtrot | quickstep | tango | viennese,P0,общих играбельных слов 4; пулы 6 и 4
band_sections,orchestral_sections,do_not_pair,derived,4,brass | percussion | strings | woodwinds,P0,общих играбельных слов 4; пулы 6 и 4
bank,money_words,do_not_pair,derived,4,account | deposit | loan | teller,P1,общих играбельных слов 4; пулы 7 и 34
barbershop_words,beauty_tools,do_not_pair,derived,4,brush | comb | mirror | razor,P1,общих играбельных слов 4; пулы 14 и 15
barbershop_words,grooming_tools,do_not_pair,derived,4,brush | comb | razor | trimmer,P0,общих играбельных слов 4; пулы 14 и 4
barbershop_words,hygiene,do_not_pair,derived,4,brush | comb | razor | towel,P1,общих играбельных слов 4; пулы 14 и 19
bark,tree_types,do_not_pair,derived,4,birch | maple | oak | pine,P0,общих играбельных слов 4; пулы 4 и 5
bark,trees,do_not_pair,derived,4,birch | maple | oak | pine,P0,общих играбельных слов 4; пулы 4 и 25
barn_things,things_on_a_farm,do_not_pair,derived,4,bale | gate | hay | trough,P1,общих играбельных слов 4; пулы 16 и 20
basic_directions,directions,do_not_pair,derived,4,down | left | right | up,P0,общих играбельных слов 4; пулы 4 и 21
basic_shapes,geometry,do_not_pair,derived,4,circle | pentagon | rectangle | square,P1,общих играбельных слов 4; пулы 7 и 15
bathroom_counter,bathroom_items,do_not_pair,derived,4,lotion | razor | soap | toothbrush,P0,общих играбельных слов 4; пулы 4 и 25
bathroom_counter,hygiene,do_not_pair,derived,4,lotion | razor | soap | toothbrush,P0,общих играбельных слов 4; пулы 4 и 19
bathroom_items,cleaning_tools,do_not_pair,derived,4,brush | plunger | sponge | toothbrush,P1,общих играбельных слов 4; пулы 25 и 17
bathroom_items,things_in_a_bathroom,do_not_pair,derived,4,mirror | soap | toothbrush | towel,P0,общих играбельных слов 4; пулы 25 и 4
bbq_foods,sandwich_fillings,do_not_pair,derived,4,chicken | coleslaw | mustard | pickle,P1,общих играбельных слов 4; пулы 20 и 25
beach_activities,water_sports,do_not_pair,derived,4,diving | snorkeling | surfing | swimming,P1,общих играбельных слов 4; пулы 10 и 17
beach_gear,beach_items,do_not_pair,derived,4,cooler | sunscreen | towel | umbrella,P0,общих играбельных слов 4; пулы 4 и 5
beach_gear,sea_shore_things,do_not_pair,derived,4,cooler | sunscreen | towel | umbrella,P0,общих играбельных слов 4; пулы 4 и 21
beach_items,sea_shore_things,do_not_pair,derived,4,cooler | sunscreen | towel | umbrella,P0,общих играбельных слов 4; пулы 5 и 21
beautiful,beauty,do_not_pair,derived,4,gorgeous | lovely | pretty | stunning,P0,общих играбельных слов 4; пулы 4 и 4
bed,bedding,do_not_pair,derived,4,blanket | mattress | pillow | sheets,P0,общих играбельных слов 4; пулы 11 и 6
bed,bedroom_things,do_not_pair,derived,4,blanket | mattress | pajamas | pillow,P1,общих играбельных слов 4; пулы 11 и 21
bed,bedtime_things,do_not_pair,derived,4,blanket | mattress | pillow | sheets,P1,общих играбельных слов 4; пулы 11 и 8
bedding,bedroom_things,do_not_pair,derived,4,blanket | mattress | pillow | quilt,P0,общих играбельных слов 4; пулы 6 и 21
bedroom,furniture,do_not_pair,derived,4,bed | dresser | lamp | wardrobe,P1,общих играбельных слов 4; пулы 13 и 42
bedroom_furniture,furniture,do_not_pair,derived,4,armchair | nightstand | vanity | wardrobe,P0,общих играбельных слов 4; пулы 4 и 42
bedroom_things,bedtime,do_not_pair,derived,4,blanket | lamp | pajamas | pillow,P1,общих играбельных слов 4; пулы 21 и 7
bedroom_things,bedtime_things,do_not_pair,derived,4,bed | blanket | mattress | pillow,P1,общих играбельных слов 4; пулы 21 и 8
bedroom_things,furniture,do_not_pair,derived,4,bed | dresser | lamp | nightstand,P1,общих играбельных слов 4; пулы 21 и 42
bedroom_things,living_room_things,do_not_pair,derived,4,blanket | curtain | lamp | rug,P1,общих играбельных слов 4; пулы 21 и 20
bedroom_things,sleep,do_not_pair,derived,4,bed | blanket | pajamas | pillow,P1,общих играбельных слов 4; пулы 21 и 11
bedtime_things,sleep,do_not_pair,derived,4,bed | blanket | dream | pillow,P1,общих играбельных слов 4; пулы 8 и 11
beef_cut,cuts_of_meat,do_not_pair,derived,4,brisket | ribeye | sirloin | tenderloin,P0,общих играбельных слов 4; пулы 4 и 15
beekeeping,beekeeping_equipment,do_not_pair,derived,4,frame | hive | smoker | veil,P0,общих играбельных слов 4; пулы 17 и 4
beekeeping,beekeeping_kit,do_not_pair,derived,4,hive | smoker | super | veil,P0,общих играбельных слов 4; пулы 17 и 4
beer,types_of_beer,do_not_pair,derived,4,lager | pilsner | porter | stout,P0,общих играбельных слов 4; пулы 8 и 4
beer,wines_and_drinks,do_not_pair,derived,4,lager | pilsner | porter | stout,P1,общих играбельных слов 4; пулы 8 и 17
bell_and_alarm,loud_things,do_not_pair,derived,4,bell | horn | siren | whistle,P1,общих играбельных слов 4; пулы 14 и 16
berries,berry_types,do_not_pair,derived,4,blackberry | blueberry | raspberry | strawberry,P0,общих играбельных слов 4; пулы 13 и 4
berry_types,berry_varieties,do_not_pair,derived,4,blackberry | blueberry | raspberry | strawberry,P0,общих играбельных слов 4; пулы 4 и 11
berry_types,fruits,do_not_pair,derived,4,blackberry | blueberry | raspberry | strawberry,P0,общих играбельных слов 4; пулы 4 и 35
beverages,breakfast,do_not_pair,derived,4,coffee | milk | orange juice | tea,P1,общих играбельных слов 4; пулы 19 и 20
beverages,breakfast_drinks,do_not_pair,derived,4,coffee | juice | milk | tea,P0,общих играбельных слов 4; пулы 19 и 4
beverages,drink_mixers,do_not_pair,derived,4,ginger ale | juice | lemonade | tonic,P1,общих играбельных слов 4; пулы 19 и 14
beverages,drink_types,do_not_pair,derived,4,coffee | juice | tea | wine,P0,общих играбельных слов 4; пулы 19 и 4
bible_figures,biblical_figures,do_not_pair,derived,4,abraham | david | moses | solomon,P0,общих играбельных слов 4; пулы 18 и 4
big,word_size,do_not_pair,derived,4,enormous | giant | huge | massive,P0,общих играбельных слов 4; пулы 4 и 15
big,words_for_big,do_not_pair,derived,4,enormous | giant | huge | massive,P0,общих играбельных слов 4; пулы 4 и 7
big_cats,wild_cats,do_not_pair,derived,4,cheetah | leopard | lion | tiger,P0,общих играбельных слов 4; пулы 4 и 14
bike,parts_of_a_bike,do_not_pair,derived,4,gear | handlebar | pedal | wheel,P1,общих играбельных слов 4; пулы 8 и 18
bike_parts,cycling_words,do_not_pair,derived,4,brake | chain | saddle | spoke,P0,общих играбельных слов 4; пулы 4 и 16
bike_parts,parts_of_a_bike,do_not_pair,derived,4,brake | chain | saddle | spoke,P0,общих играбельных слов 4; пулы 4 и 18
biomes,geography,do_not_pair,derived,4,desert | forest | mountain | ocean,P1,общих играбельных слов 4; пулы 17 и 7
bird_species,songbirds,do_not_pair,derived,4,finch | robin | starling | wren,P1,общих играбельных слов 4; пулы 8 и 17
bird_watching,birds,do_not_pair,derived,4,owls | seabirds | songbirds | waterfowl,P1,общих играбельных слов 4; пулы 7 и 38
birds,farm_animals,do_not_pair,derived,4,chicken | duck | goose | turkey,P1,общих играбельных слов 4; пулы 38 и 20
birds,flightless_birds,do_not_pair,derived,4,emu | kiwi | ostrich | penguin,P0,общих играбельных слов 4; пулы 38 и 4
birds,non_flying_birds,do_not_pair,derived,4,emu | kiwi | ostrich | penguin,P0,общих играбельных слов 4; пулы 38 и 4
birds,pond_animals,do_not_pair,derived,4,duck | goose | heron | swan,P1,общих играбельных слов 4; пулы 38 и 18
birds,seabirds,do_not_pair,derived,4,heron | osprey | pelican | seagull,P1,общих играбельных слов 4; пулы 38 и 13
birds,wading_birds,do_not_pair,derived,4,crane | flamingo | heron | plover,P1,общих играбельных слов 4; пулы 38 и 12
birds,waterfowl,do_not_pair,derived,4,duck | goose | pelican | swan,P1,общих играбельных слов 4; пулы 38 и 14
birds_of_prey,hawk,do_not_pair,derived,4,buzzard | kestrel | merlin | osprey,P0,общих играбельных слов 4; пулы 14 и 6
birds_of_prey,raptor,do_not_pair,derived,4,condor | goshawk | kestrel | osprey,P0,общих играбельных слов 4; пулы 14 и 4
birds_of_prey,sky_predators,do_not_pair,derived,4,eagle | falcon | hawk | vulture,P0,общих играбельных слов 4; пулы 14 и 4
birthday_party,birthday_things,do_not_pair,derived,4,balloon | cake | confetti | wish,P1,общих играбельных слов 4; пулы 10 и 16
birthstone_months,months,do_not_pair,derived,4,april | july | october | september,P0,общих играбельных слов 4; пулы 4 и 12
birthstones,gemstones,do_not_pair,derived,4,emerald | garnet | pearl | ruby,P0,общих играбельных слов 4; пулы 4 и 21
birthstones,jewelry_stones,do_not_pair,derived,4,emerald | garnet | pearl | ruby,P0,общих играбельных слов 4; пулы 4 и 15
birthstones_by_month,gemstones,do_not_pair,derived,4,aquamarine | garnet | pearl | peridot,P0,общих играбельных слов 4; пулы 4 и 21
birthstones_by_month,jewelry_stones,do_not_pair,derived,4,aquamarine | garnet | pearl | peridot,P0,общих играбельных слов 4; пулы 4 и 15
bivalves_cephalopods,mollusca,do_not_pair,derived,4,mussel | octopus | snail | squid,P0,общих играбельных слов 4; пулы 4 и 6
blacksmith,blacksmithing,do_not_pair,derived,4,anvil | bellows | forge | hammer,P0,общих играбельных слов 4; пулы 11 и 5
blacksmith_skills,metalworking,do_not_pair,derived,4,anneal | forge | temper | weld,P0,общих играбельных слов 4; пулы 4 и 11
board_and_card_games,board_games,do_not_pair,derived,4,backgammon | checkers | chess | dominoes,P1,общих играбельных слов 4; пулы 14 и 28
board_and_card_games,pub_games,do_not_pair,derived,4,billiards | bowling | darts | shuffleboard,P0,общих играбельных слов 4; пулы 14 и 6
board_game_night,board_games,do_not_pair,derived,4,chess | clue | monopoly | scrabble,P0,общих играбельных слов 4; пулы 4 и 28
board_game_types,board_games,do_not_pair,derived,4,backgammon | checkers | chess | go,P0,общих играбельных слов 4; пулы 4 и 28
board_game_types,strategy_games,do_not_pair,derived,4,backgammon | checkers | chess | go,P0,общих играбельных слов 4; пулы 4 и 10
board_games,board_games_with_pieces,do_not_pair,derived,4,backgammon | checkers | go | parcheesi,P0,общих играбельных слов 4; пулы 28 и 4
board_games,games_with_boards,do_not_pair,derived,4,checkers | chess | monopoly | scrabble,P0,общих играбельных слов 4; пулы 28 и 4
board_games,strategic_board_games,do_not_pair,derived,4,checkers | chess | go | othello,P0,общих играбельных слов 4; пулы 28 и 4
boat_parts,sailing_words,do_not_pair,derived,4,hull | keel | mast | rudder,P0,общих играбельных слов 4; пулы 5 и 18
boat_parts,ship_parts,do_not_pair,derived,4,hull | keel | mast | rudder,P0,общих играбельных слов 4; пулы 5 и 11
boat_types,boats,do_not_pair,derived,4,canoe | catamaran | dinghy | kayak,P0,общих играбельных слов 4; пулы 4 и 23
boats,water_transport,do_not_pair,derived,4,barge | boat | raft | ship,P0,общих играбельных слов 4; пулы 23 и 4
boats,water_transportation,do_not_pair,derived,4,boat | ferry | ship | submarine,P0,общих играбельных слов 4; пулы 23 и 4
boats,watercrafts,do_not_pair,derived,4,canoe | kayak | ship | yacht,P0,общих играбельных слов 4; пулы 23 и 6
bodies_of_water,body_of_water_types,do_not_pair,derived,4,canal | pond | pool | reservoir,P1,общих играбельных слов 4; пулы 26 и 14
bodies_of_water,fishing_locations,do_not_pair,derived,4,bay | cove | harbor | lake,P0,общих играбельных слов 4; пулы 26 и 4
bodies_of_water,water_bodies,do_not_pair,derived,4,estuary | lake | ocean | river,P0,общих играбельных слов 4; пулы 26 и 6
body_extremities,body_parts,do_not_pair,derived,4,ear | finger | nose | toe,P0,общих играбельных слов 4; пулы 4 и 37
body_movements,dance_moves,do_not_pair,derived,4,jump | kick | twist | wave,P1,общих играбельных слов 4; пулы 20 и 17
body_movements,hand_actions,do_not_pair,derived,4,clap | point | twist | wave,P1,общих играбельных слов 4; пулы 20 и 20
body_parts,joints,do_not_pair,derived,4,elbow | hip | knee | wrist,P0,общих играбельных слов 4; пулы 37 и 4
body_parts,leg_parts,do_not_pair,derived,4,ankle | knee | shin | thigh,P0,общих играбельных слов 4; пулы 37 и 5
body_reactions,body_sounds,do_not_pair,derived,4,cough | hiccup | sneeze | yawn,P0,общих играбельных слов 4; пулы 4 и 16
body_reactions,involuntary_reflexes,do_not_pair,derived,4,cough | hiccup | sneeze | yawn,P0,общих играбельных слов 4; пулы 4 и 6
body_science,human_anatomy,do_not_pair,derived,4,artery | bone | muscle | nerve,P1,общих играбельных слов 4; пулы 18 и 10
body_sounds,involuntary_reflexes,do_not_pair,derived,4,cough | hiccup | sneeze | yawn,P0,общих играбельных слов 4; пулы 16 и 6
body_systems,human_systems,do_not_pair,derived,4,digestive | endocrine | nervous | skeletal,P0,общих играбельных слов 4; пулы 17 и 4
bodyweight_moves,exercise_words,do_not_pair,derived,4,lunge | plank | pushup | squat,P0,общих играбельных слов 4; пулы 4 и 15
bonds,chemical_bonds,do_not_pair,derived,4,covalent | hydrogen | ionic | metallic,P0,общих играбельных слов 4; пулы 4 и 4
book_genres,cinema,do_not_pair,derived,4,comedy | fantasy | romance | thriller,P1,общих играбельных слов 4; пулы 19 и 15
book_genres,film_genres,do_not_pair,derived,4,comedy | horror | romance | thriller,P1,общих играбельных слов 4; пулы 19 и 7
book_genres,genre,do_not_pair,derived,4,fantasy | horror | mystery | romance,P0,общих играбельных слов 4; пулы 19 и 4
boroughs_of_new_york,nyc_boroughs,do_not_pair,derived,4,bronx | brooklyn | manhattan | queens,P0,общих играбельных слов 4; пулы 4 и 4
boys_names,names,do_not_pair,derived,4,daniel | david | lucas | robert,P1,общих играбельных слов 4; пулы 25 и 8
brain,the_mind,do_not_pair,derived,4,emotion | logic | memory | thought,P1,общих играбельных слов 4; пулы 15 и 7
branches_of_linguistics,linguistics,do_not_pair,derived,4,morphology | phonetics | semantics | syntax,P0,общих играбельных слов 4; пулы 4 и 11
branches_of_philosophy,philosophy_fields,do_not_pair,derived,4,epistemology | ethics | logic | metaphysics,P0,общих играбельных слов 4; пулы 4 и 5
brass,wind_instruments,do_not_pair,derived,4,french horn | trombone | trumpet | tuba,P0,общих играбельных слов 4; пулы 6 и 14
brass_instruments,wind_instruments,do_not_pair,derived,4,french horn | trombone | trumpet | tuba,P1,общих играбельных слов 4; пулы 8 и 14
bread,breads,do_not_pair,derived,4,baguette | focaccia | pumpernickel | sourdough,P0,общих играбельных слов 4; пулы 19 и 4
bread_types,breads,do_not_pair,derived,4,baguette | focaccia | pumpernickel | sourdough,P0,общих играбельных слов 4; пулы 25 и 4
bread_types,breakfast_pastries,do_not_pair,derived,4,bagel | croissant | muffin | scone,P1,общих играбельных слов 4; пулы 25 и 8
bread_types,types_of_bread,do_not_pair,derived,4,bagel | croissant | pumpernickel | sourdough,P0,общих играбельных слов 4; пулы 25 и 4
breads,world_breads,do_not_pair,derived,4,baguette | focaccia | pumpernickel | sourdough,P0,общих играбельных слов 4; пулы 4 и 16
breakfast,breakfast_dishes,do_not_pair,derived,4,bagel | omelet | pancake | waffle,P0,общих играбельных слов 4; пулы 20 и 4
breakfast_dishes,breakfast_foods,do_not_pair,derived,4,bagel | omelet | pancake | waffle,P0,общих играбельных слов 4; пулы 4 и 34
breakfast_drinks,drinks,do_not_pair,derived,4,coffee | juice | milk | tea,P0,общих играбельных слов 4; пулы 4 и 9
breakfast_drinks,everyday_drinks,do_not_pair,derived,4,coffee | juice | milk | tea,P0,общих играбельных слов 4; пулы 4 и 8
breakfast_drinks,liquids,do_not_pair,derived,4,coffee | juice | milk | tea,P0,общих играбельных слов 4; пулы 4 и 20
breakfast_foods,egg_and_dairy_dishes,do_not_pair,derived,4,french toast | omelet | scone | waffle,P1,общих играбельных слов 4; пулы 34 и 14
breakfast_foods,pizza_toppings,do_not_pair,derived,4,bacon | egg | ham | sausage,P1,общих играбельных слов 4; пулы 34 и 30
breakfast_pastries,pastry,do_not_pair,derived,4,bagel | croissant | donut | muffin,P1,общих играбельных слов 4; пулы 8 и 10
breathing,lung,do_not_pair,derived,4,breathe | exhale | inhale | oxygen,P0,общих играбельных слов 4; пулы 8 и 4
broadway,broadway_musicals,do_not_pair,derived,4,cats | chicago | hamilton | phantom,P0,общих играбельных слов 4; пулы 4 и 5
bronze,knights_and_armor,do_not_pair,derived,4,helmet | shield | spear | sword,P1,общих играбельных слов 4; пулы 14 и 18
browsers,web_browsers,do_not_pair,derived,4,chrome | firefox | opera | safari,P0,общих играбельных слов 4; пулы 4 и 8
builders,building_trades,do_not_pair,derived,4,architect | carpenter | painter | plumber,P0,общих играбельных слов 4; пулы 4 и 18
building_actions,hand_tools,do_not_pair,derived,4,drill | hammer | level | saw,P1,общих играбельных слов 4; пулы 18 и 24
building_materials,rocks_and_minerals,do_not_pair,derived,4,granite | gravel | marble | slate,P1,общих играбельных слов 4; пулы 24 и 20
building_materials,roofing_materials,do_not_pair,derived,4,shingle | slate | thatch | tile,P0,общих играбельных слов 4; пулы 24 и 6
building_trades,jobs_with_tools,do_not_pair,derived,4,carpenter | electrician | plumber | welder,P1,общих играбельных слов 4; пулы 18 и 15
building_trades,trades,do_not_pair,derived,4,carpenter | electrician | painter | plumber,P1,общих играбельных слов 4; пулы 18 и 8
buildings,kinds_of_buildings,do_not_pair,derived,4,castle | house | skyscraper | tower,P0,общих играбельных слов 4; пулы 5 и 26
business,business_words,do_not_pair,derived,4,budget | invoice | profit | revenue,P1,общих играбельных слов 4; пулы 11 и 20
butterflies,butterflies_and_moths,do_not_pair,derived,4,cabbage white | monarch | painted lady | swallowtail,P0,общих играбельных слов 4; пулы 4 и 12
butterfly,metamorphosis,do_not_pair,derived,4,adult | egg | larva | pupa,P0,общих играбельных слов 4; пулы 12 и 4
cable_tv_channels,television,do_not_pair,derived,4,cnn | espn | hbo | mtv,P0,общих играбельных слов 4; пулы 4 и 18
caged_creatures,terrarium_creatures,do_not_pair,derived,4,gecko | scorpion | snake | spider,P0,общих играбельных слов 4; пулы 4 и 4
cake_types,cakes_and_pastries,do_not_pair,derived,4,cheesecake | cupcake | red velvet | shortcake,P1,общих играбельных слов 4; пулы 20 и 12
cake_types,words_before_cake,do_not_pair,derived,4,carrot | pound | sponge | wedding,P1,общих играбельных слов 4; пулы 20 и 18
cakes_and_pastries,dessert,do_not_pair,derived,4,brownie | cheesecake | cupcake | pudding,P1,общих играбельных слов 4; пулы 12 и 18
cakes_and_pastries,desserts,do_not_pair,derived,4,brownie | cheesecake | cupcake | pudding,P1,общих играбельных слов 4; пулы 12 и 31
cakes_and_pastries,pastries,do_not_pair,derived,4,cupcake | danish | muffin | scone,P1,общих играбельных слов 4; пулы 12 и 13
calendar,time_periods,do_not_pair,derived,4,days | months | year | years,P1,общих играбельных слов 4; пулы 14 и 14
calendar,time_units,do_not_pair,derived,4,day | month | week | year,P1,общих играбельных слов 4; пулы 14 и 16
camel,camels_desert,do_not_pair,derived,4,caravan | dune | hump | oasis,P0,общих играбельных слов 4; пулы 7 и 4
camera,photography,do_not_pair,derived,4,aperture | flash | lens | shutter,P1,общих играбельных слов 4; пулы 11 и 15
camera_and_electronics,camera_brands,do_not_pair,derived,4,canon | kodak | nikon | sony,P0,общих играбельных слов 4; пулы 14 и 4
camping_and_outdoors,mountain_activity,do_not_pair,derived,4,camping | climbing | hiking | skiing,P0,общих играбельных слов 4; пулы 18 и 4
camping_and_outdoors,olympic_sports,do_not_pair,derived,4,canoeing | sailing | skiing | surfing,P1,общих играбельных слов 4; пулы 18 и 34
camping_equipment,camping_gear,do_not_pair,derived,4,backpack | lantern | sleeping | tent,P0,общих играбельных слов 4; пулы 4 и 27
camping_gear,camping_trip,do_not_pair,derived,4,campfire | marshmallow | sleeping | tent,P0,общих играбельных слов 4; пулы 27 и 4
camping_gear,military_things,do_not_pair,derived,4,backpack | binoculars | canteen | compass,P1,общих играбельных слов 4; пулы 27 и 19
camping_gear,national_parks,do_not_pair,derived,4,campfire | lantern | map | tent,P1,общих играбельных слов 4; пулы 27 и 26
canadian_cities,canadian_places,do_not_pair,derived,4,calgary | montreal | toronto | vancouver,P0,общих играбельных слов 4; пулы 4 и 14
candy,candy_shapes,do_not_pair,derived,4,brittle | gummy | lollipop | mint,P1,общих играбельных слов 4; пулы 33 и 14
candy,old_fashioned_candy,do_not_pair,derived,4,fudge | licorice | taffy | toffee,P0,общих играбельных слов 4; пулы 33 и 4
candy,sticky_things,do_not_pair,derived,4,caramel | gum | marshmallow | taffy,P1,общих играбельных слов 4; пулы 33 и 22
candy_bar,candy_brands,do_not_pair,derived,4,butterfinger | kitkat | snickers | twix,P0,общих играбельных слов 4; пулы 4 и 16
canines,wild_dogs,do_not_pair,derived,4,coyote | dingo | jackal | wolf,P0,общих играбельных слов 4; пулы 4 и 11
canyon,landforms,do_not_pair,derived,4,cliff | gorge | ridge | valley,P1,общих играбельных слов 4; пулы 11 и 33
capital,capital_cities,do_not_pair,derived,4,berlin | ottawa | paris | tokyo,P1,общих играбельных слов 4; пулы 8 и 8
capital_cities,capitals,do_not_pair,derived,4,canberra | london | paris | tokyo,P1,общих играбельных слов 4; пулы 8 и 11
capital_cities,cities,do_not_pair,derived,4,london | nairobi | paris | tokyo,P1,общих играбельных слов 4; пулы 8 и 15
capital_cities,city,do_not_pair,derived,4,berlin | london | paris | tokyo,P1,общих играбельных слов 4; пулы 8 и 13
capitals,city,do_not_pair,derived,4,cairo | london | paris | tokyo,P1,общих играбельных слов 4; пулы 11 и 13
capitals,world_cities,do_not_pair,derived,4,cairo | london | paris | tokyo,P1,общих играбельных слов 4; пулы 11 и 31
car,car_parts,do_not_pair,derived,4,door | engine | tire | wheel,P1,общих играбельных слов 4; пулы 20 и 27
car,vehicle,do_not_pair,derived,4,coupe | sedan | suv | wheels,P1,общих играбельных слов 4; пулы 20 и 11
car_bodies,car_body_styles,do_not_pair,derived,4,coupe | hatchback | sedan | wagon,P0,общих играбельных слов 4; пулы 4 и 4
car_details,car_parts,do_not_pair,derived,4,bumper | dashboard | fender | headlight,P0,общих играбельных слов 4; пулы 4 и 27
car_parts,cycling_words,do_not_pair,derived,4,brake | gear | pedal | tire,P1,общих играбельных слов 4; пулы 27 и 16
car_safety,safety,do_not_pair,derived,4,abs | airbag | headrest | seatbelt,P0,общих играбельных слов 4; пулы 4 и 9
card_game_actions,card_game_terms,do_not_pair,derived,4,ante | bluff | deal | fold,P1,общих играбельных слов 4; пулы 10 и 7
card_game_terms,poker_actions,do_not_pair,derived,4,bluff | call | fold | raise,P0,общих играбельных слов 4; пулы 7 и 5
card_suits,deck_symbols,do_not_pair,derived,4,clubs | diamonds | hearts | spades,P0,общих играбельных слов 4; пулы 4 и 4
cardinal,cardinals,do_not_pair,derived,4,east | north | south | west,P1,общих играбельных слов 4; пулы 11 и 8
cardinal,compass,do_not_pair,derived,4,east | north | south | west,P1,общих играбельных слов 4; пулы 11 и 18
cardinal,compass_points,do_not_pair,derived,4,east | north | south | west,P0,общих играбельных слов 4; пулы 11 и 4
cardinal,directions,do_not_pair,derived,4,east | north | south | west,P1,общих играбельных слов 4; пулы 11 и 21
cardinal,map_words,do_not_pair,derived,4,east | north | south | west,P1,общих играбельных слов 4; пулы 11 и 23
cardinals,compass,do_not_pair,derived,4,east | north | south | west,P1,общих играбельных слов 4; пулы 8 и 18
cardinals,compass_points,do_not_pair,derived,4,east | north | south | west,P0,общих играбельных слов 4; пулы 8 и 4
cardinals,directions,do_not_pair,derived,4,east | north | south | west,P1,общих играбельных слов 4; пулы 8 и 21
cardinals,map_words,do_not_pair,derived,4,east | north | south | west,P1,общих играбельных слов 4; пулы 8 и 23
caribbean_islands,caribbean_places,do_not_pair,derived,4,barbados | cuba | jamaica | trinidad,P0,общих играбельных слов 4; пулы 4 и 14
caribbean_places,islands,do_not_pair,derived,4,barbados | bermuda | cuba | jamaica,P1,общих играбельных слов 4; пулы 14 и 19
carpentry,toolbox,do_not_pair,derived,4,chisel | clamp | hammer | saw,P0,общих играбельных слов 4; пулы 6 и 9
carpentry_joints,woodworking,do_not_pair,derived,4,dovetail | mortise | rabbet | tenon,P0,общих играбельных слов 4; пулы 4 и 11
carpentry_joints,woodworking_joints,do_not_pair,derived,4,dovetail | mortise | rabbet | tenon,P0,общих играбельных слов 4; пулы 4 и 7
carpentry_words,hand_tools,do_not_pair,derived,4,chisel | level | plane | square,P1,общих играбельных слов 4; пулы 18 и 24
carpentry_words,woodworking,do_not_pair,derived,4,chisel | dovetail | plywood | veneer,P1,общих играбельных слов 4; пулы 18 и 11
carrying_actions,magnets_and_forces,do_not_pair,derived,4,drag | lift | pull | push,P1,общих играбельных слов 4; пулы 15 и 13
cartoon_characters,cartoon_dogs,do_not_pair,derived,4,goofy | pluto | scooby | snoopy,P0,общих играбельных слов 4; пулы 18 и 4
casino,casino_games,do_not_pair,derived,4,blackjack | poker | roulette | slots,P0,общих играбельных слов 4; пулы 4 и 7
casino_games,games_of_chance,do_not_pair,derived,4,baccarat | blackjack | craps | roulette,P0,общих играбельных слов 4; пулы 7 и 6
castle,castle_fortifications,do_not_pair,derived,4,drawbridge | moat | tower | wall,P0,общих играбельных слов 4; пулы 9 и 4
castle,medieval_structures,do_not_pair,derived,4,drawbridge | keep | moat | tower,P0,общих играбельных слов 4; пулы 9 и 4
castle_fortifications,castle_things,do_not_pair,derived,4,drawbridge | moat | tower | wall,P0,общих играбельных слов 4; пулы 4 и 18
castle_things,fortress,do_not_pair,derived,4,battlement | drawbridge | portcullis | turret,P0,общих играбельных слов 4; пулы 18 и 4
castle_things,medieval_structures,do_not_pair,derived,4,drawbridge | keep | moat | tower,P0,общих играбельных слов 4; пулы 18 и 4
cat,cat_breeds,do_not_pair,derived,4,maine coon | persian | siamese | sphynx,P1,общих играбельных слов 4; пулы 9 и 15
cat,cat_things,do_not_pair,derived,4,meow | purr | scratch | whiskers,P0,общих играбельных слов 4; пулы 9 и 6
cat_breeds,cat_types,do_not_pair,derived,4,bengal | calico | siamese | tabby,P0,общих играбельных слов 4; пулы 15 и 4
cat_family,wild_cats,do_not_pair,derived,4,cat | cheetah | leopard | tiger,P0,общих играбельных слов 4; пулы 4 и 14
cattle_and_farm_breeds,cow,do_not_pair,derived,4,angus | hereford | holstein | jersey,P0,общих играбельных слов 4; пулы 13 и 4
celestial_objects,cosmic_objects,do_not_pair,derived,4,comet | nebula | pulsar | quasar,P0,общих играбельных слов 4; пулы 4 и 4
celestial_objects,space_objects,do_not_pair,derived,4,comet | nebula | pulsar | quasar,P0,общих играбельных слов 4; пулы 4 и 20
celestial_phenomena,space_phenomena,do_not_pair,derived,4,aurora | eclipse | meteor | supernova,P0,общих играбельных слов 4; пулы 4 и 15
ceramics,pottery_words,do_not_pair,derived,4,glaze | kiln | tile | vase,P1,общих играбельных слов 4; пулы 11 и 14
character_archetypes,people_in_a_story,do_not_pair,derived,4,hero | mentor | sidekick | villain,P0,общих играбельных слов 4; пулы 6 и 14
character_in_literature,people_in_a_story,do_not_pair,derived,4,hero | narrator | protagonist | villain,P0,общих играбельных слов 4; пулы 4 и 14
cheese,types_of_cheese,do_not_pair,derived,4,american | brie | cheddar | gouda,P0,общих играбельных слов 4; пулы 18 и 4
cheese_types,types_of_cheese,do_not_pair,derived,4,american | brie | cheddar | gouda,P0,общих играбельных слов 4; пулы 20 и 4
chemical_lab_glassware,lab_equipment,do_not_pair,derived,4,beaker | flask | funnel | pipette,P0,общих играбельных слов 4; пулы 4 и 20
chemical_lab_glassware,laboratory_equipment,do_not_pair,derived,4,beaker | flask | funnel | pipette,P0,общих играбельных слов 4; пулы 4 и 12
chemistry_terms,chemistry_words,do_not_pair,derived,4,catalyst | ion | molecule | reaction,P0,общих играбельных слов 4; пулы 4 и 16
chess_words,royalty,do_not_pair,derived,4,castle | king | knight | queen,P1,общих играбельных слов 4; пулы 16 и 20
childhood_development,life_stages,do_not_pair,derived,4,baby | teen | toddler | youth,P0,общих играбельных слов 4; пулы 4 и 18
chilled_treats,frozen_treats,do_not_pair,derived,4,frozen yogurt | ice cream | popsicle | sorbet,P0,общих играбельных слов 4; пулы 4 и 13
china,chinese_cities,do_not_pair,derived,4,beijing | chengdu | guangzhou | shanghai,P0,общих играбельных слов 4; пулы 12 и 5
cinema,movie_categories,do_not_pair,derived,4,animation | fantasy | romance | thriller,P0,общих играбельных слов 4; пулы 15 и 5
cities,major_cities,do_not_pair,derived,4,chicago | denver | mumbai | osaka,P1,общих играбельных слов 4; пулы 15 и 7
citrus,fruits,do_not_pair,derived,4,grapefruit | lemon | lime | tangerine,P1,общих играбельных слов 4; пулы 8 и 35
city,fashion_capitals,do_not_pair,derived,4,london | new york | paris | tokyo,P0,общих играбельных слов 4; пулы 13 и 5
city_buildings,kinds_of_buildings,do_not_pair,derived,4,hospital | library | museum | stadium,P0,общих играбельных слов 4; пулы 6 и 26
city_transportation,vehicles,do_not_pair,derived,4,bus | subway | taxi | tram,P0,общих играбельных слов 4; пулы 4 и 33
city_words,road_things,do_not_pair,derived,4,bridge | curb | intersection | sidewalk,P1,общих играбельных слов 4; пулы 20 и 20
city_words,roads,do_not_pair,derived,4,alley | avenue | boulevard | street,P0,общих играбельных слов 4; пулы 20 и 6
city_words,streets_and_roads,do_not_pair,derived,4,alley | avenue | boulevard | street,P1,общих играбельных слов 4; пулы 20 и 18
classic_operas,opera,do_not_pair,derived,4,aida | carmen | rigoletto | turandot,P0,общих играбельных слов 4; пулы 4 и 30
classic_writers,writers,do_not_pair,derived,4,austen | bronte | dickens | twain,P0,общих играбельных слов 4; пулы 5 и 7
classical_concertos,musical_instruments,do_not_pair,derived,4,cello | piano | trumpet | violin,P0,общих играбельных слов 4; пулы 4 и 30
classical_elements,element,do_not_pair,derived,4,air | earth | fire | water,P0,общих играбельных слов 4; пулы 4 и 7
classical_elements,elemental_powers,do_not_pair,derived,4,air | earth | fire | water,P0,общих играбельных слов 4; пулы 4 и 4
classical_elements,elements,do_not_pair,derived,4,air | earth | fire | water,P0,общих играбельных слов 4; пулы 4 и 24
classical_elements,elements_of_nature,do_not_pair,derived,4,air | earth | fire | water,P0,общих играбельных слов 4; пулы 4 и 8
classical_instruments,instruments,do_not_pair,derived,4,cello | harp | oboe | violin,P0,общих играбельных слов 4; пулы 4 и 15
classical_instruments,musical_instruments,do_not_pair,derived,4,cello | harp | oboe | violin,P0,общих играбельных слов 4; пулы 4 и 30
classroom_things,things_on_a_wall,do_not_pair,derived,4,calendar | clock | poster | whiteboard,P1,общих играбельных слов 4; пулы 20 и 20
clay,pottery,do_not_pair,derived,4,earthenware | glaze | kiln | wheel,P1,общих играбельных слов 4; пулы 9 и 21
cleaning,cleaning_tools,do_not_pair,derived,4,broom | duster | mop | vacuum,P0,общих играбельных слов 4; пулы 6 и 17
cleaning,house_cleaning,do_not_pair,derived,4,broom | duster | mop | vacuum,P0,общих играбельных слов 4; пулы 6 и 4
cleaning_items,cleaning_supplies,do_not_pair,derived,4,broom | brush | duster | mop,P0,общих играбельных слов 4; пулы 4 и 20
cleaning_items,cleaning_tools,do_not_pair,derived,4,broom | brush | duster | mop,P0,общих играбельных слов 4; пулы 4 и 17
cleaning_supplies,house_cleaning,do_not_pair,derived,4,broom | duster | mop | vacuum,P0,общих играбельных слов 4; пулы 20 и 4
cleaning_tools,house_cleaning,do_not_pair,derived,4,broom | duster | mop | vacuum,P0,общих играбельных слов 4; пулы 17 и 4
climate_zones,weather_types,do_not_pair,derived,4,arctic | desert | temperate | tropical,P1,общих играбельных слов 4; пулы 14 и 11
clock,clock_words,do_not_pair,derived,4,alarm | face | pendulum | sundial,P1,общих играбельных слов 4; пулы 11 и 16
clock_words,timekeepers,do_not_pair,derived,4,alarm | hourglass | stopwatch | sundial,P1,общих играбельных слов 4; пулы 16 и 10
clock_words,timekeeping,do_not_pair,derived,4,hourglass | stopwatch | sundial | timer,P1,общих играбельных слов 4; пулы 16 и 7
clock_words,timekeeping_devices,do_not_pair,derived,4,hourglass | stopwatch | sundial | timer,P1,общих играбельных слов 4; пулы 16 и 9
clothing,clothing_parts,do_not_pair,derived,4,collar | cuff | hem | seam,P1,общих играбельных слов 4; пулы 19 и 17
clothing,fashion_accessories,do_not_pair,derived,4,belt | gloves | hat | scarf,P1,общих играбельных слов 4; пулы 19 и 19
clothing,fashion_items,do_not_pair,derived,4,gloves | hat | jacket | scarf,P0,общих играбельных слов 4; пулы 19 и 5
clothing,leather_goods,do_not_pair,derived,4,belt | boots | gloves | jacket,P1,общих играбельных слов 4; пулы 19 и 8
clothing,sewing_patterns,do_not_pair,derived,4,collar | cuff | hem | seam,P1,общих играбельных слов 4; пулы 19 и 15
clothing,things_with_pockets,do_not_pair,derived,4,blazer | jacket | shirt | vest,P1,общих играбельных слов 4; пулы 19 и 14
clothing,things_you_wear,do_not_pair,derived,4,boots | gloves | hat | scarf,P0,общих играбельных слов 4; пулы 19 и 4
clothing_brands,sneaker_brands,do_not_pair,derived,4,adidas | nike | puma | reebok,P0,общих играбельных слов 4; пулы 15 и 4
clothing_brands,sneakers,do_not_pair,derived,4,adidas | nike | puma | reebok,P0,общих играбельных слов 4; пулы 15 и 4
clothing_items,denim,do_not_pair,derived,4,jacket | jeans | overalls | skirt,P1,общих играбельных слов 4; пулы 28 и 12
clothing_items,fashion_accessories,do_not_pair,derived,4,gloves | hat | scarf | tie,P1,общих играбельных слов 4; пулы 28 и 19
clothing_items,fashion_items,do_not_pair,derived,4,gloves | hat | jacket | scarf,P0,общих играбельных слов 4; пулы 28 и 5
clothing_items,things_you_wear,do_not_pair,derived,4,boots | gloves | hat | scarf,P0,общих играбельных слов 4; пулы 28 и 4
clothing_items,tops,do_not_pair,derived,4,blouse | jacket | shirt | sweater,P0,общих играбельных слов 4; пулы 28 и 4
clothing_materials,textile_materials,do_not_pair,derived,4,cotton | fabric | silk | wool,P1,общих играбельных слов 4; пулы 10 и 8
clothing_parts,coat,do_not_pair,derived,4,collar | cuff | lapel | lining,P0,общих играбельных слов 4; пулы 17 и 4
clothing_styles,fashion_styles,do_not_pair,derived,4,casual | formal | sporty | vintage,P0,общих играбельных слов 4; пулы 4 и 14
cloud,cloud_formations,do_not_pair,derived,4,cirrus | cumulus | nimbus | stratus,P0,общих играбельных слов 4; пулы 8 и 6
cloud,cloud_types,do_not_pair,derived,4,cirrus | cumulus | nimbus | stratus,P0,общих играбельных слов 4; пулы 8 и 4
cloud,clouds,do_not_pair,derived,4,cirrus | cumulus | nimbus | stratus,P0,общих играбельных слов 4; пулы 8 и 4
cloud,types_of_clouds,do_not_pair,derived,4,cirrus | cumulus | nimbus | stratus,P0,общих играбельных слов 4; пулы 8 и 5
cloud_and_sky,light_sources,do_not_pair,derived,4,lightning | moon | star | sun,P1,общих играбельных слов 4; пулы 20 и 22
cloud_and_sky,natural_phenomena,do_not_pair,derived,4,aurora | eclipse | lightning | rainbow,P1,общих играбельных слов 4; пулы 20 и 9
cloud_and_sky,space_phenomena,do_not_pair,derived,4,aurora | comet | eclipse | meteor,P1,общих играбельных слов 4; пулы 20 и 15
cloud_and_sky,things_in_the_sky,do_not_pair,derived,4,comet | moon | rainbow | sun,P0,общих играбельных слов 4; пулы 20 и 4
cloud_and_sky,weather,do_not_pair,derived,4,cloud | fog | lightning | sun,P1,общих играбельных слов 4; пулы 20 и 36
cloud_and_sky,weather_phenomena,do_not_pair,derived,4,aurora | fog | lightning | rainbow,P1,общих играбельных слов 4; пулы 20 и 13
cloud_and_sky,weather_words,do_not_pair,derived,4,cloud | fog | lightning | sun,P1,общих играбельных слов 4; пулы 20 и 26
cloud_formations,cloud_types,do_not_pair,derived,4,cirrus | cumulus | nimbus | stratus,P0,общих играбельных слов 4; пулы 6 и 4
cloud_formations,clouds,do_not_pair,derived,4,cirrus | cumulus | nimbus | stratus,P0,общих играбельных слов 4; пулы 6 и 4
cloud_formations,types_of_clouds,do_not_pair,derived,4,cirrus | cumulus | nimbus | stratus,P0,общих играбельных слов 4; пулы 6 и 5
cloud_types,clouds,do_not_pair,derived,4,cirrus | cumulus | nimbus | stratus,P0,общих играбельных слов 4; пулы 4 и 4
cloud_types,types_of_clouds,do_not_pair,derived,4,cirrus | cumulus | nimbus | stratus,P0,общих играбельных слов 4; пулы 4 и 5
clouds,types_of_clouds,do_not_pair,derived,4,cirrus | cumulus | nimbus | stratus,P0,общих играбельных слов 4; пулы 4 и 5
coat,sewing_patterns,do_not_pair,derived,4,collar | cuff | lapel | lining,P0,общих играбельных слов 4; пулы 4 и 15
cocktail_garnishes,fruit_trees,do_not_pair,derived,4,cherry | lemon | lime | olive,P0,общих играбельных слов 4; пулы 6 и 19
cocktail_ingredients,cocktail_spirits,do_not_pair,derived,4,gin | rum | vodka | whiskey,P0,общих играбельных слов 4; пулы 14 и 4
cocktail_ingredients,distilled_spirits,do_not_pair,derived,4,gin | rum | vodka | whiskey,P0,общих играбельных слов 4; пулы 14 и 4
cocktail_ingredients,spirits,do_not_pair,derived,4,gin | rum | vodka | whiskey,P0,общих играбельных слов 4; пулы 14 и 4
cocktail_spirits,distilled_spirits,do_not_pair,derived,4,gin | rum | vodka | whiskey,P0,общих играбельных слов 4; пулы 4 и 4
cocktail_spirits,spirits,do_not_pair,derived,4,gin | rum | vodka | whiskey,P0,общих играбельных слов 4; пулы 4 и 4
codes,communication_codes,do_not_pair,derived,4,binary | braille | cipher | morse,P0,общих играбельных слов 4; пулы 4 и 5
coding_concepts,computer_programming_terms,do_not_pair,derived,4,array | function | loop | variable,P0,общих играбельных слов 4; пулы 4 и 4
coding_concepts,programming_concept,do_not_pair,derived,4,array | function | loop | variable,P0,общих играбельных слов 4; пулы 4 и 4
coding_concepts,programming_words,do_not_pair,derived,4,array | function | loop | variable,P0,общих играбельных слов 4; пулы 4 и 18
coffee,coffee_orders,do_not_pair,derived,4,cappuccino | espresso | latte | mocha,P0,общих играбельных слов 4; пулы 19 и 4
coffee,coffee_types,do_not_pair,derived,4,cappuccino | espresso | latte | mocha,P0,общих играбельных слов 4; пулы 19 и 4
coffee_drinks,coffee_machine,do_not_pair,derived,4,americano | cappuccino | espresso | macchiato,P0,общих играбельных слов 4; пулы 14 и 4
coffee_drinks,coffee_orders,do_not_pair,derived,4,cappuccino | espresso | latte | mocha,P0,общих играбельных слов 4; пулы 14 и 4
coffee_drinks,coffee_types,do_not_pair,derived,4,cappuccino | espresso | latte | mocha,P0,общих играбельных слов 4; пулы 14 и 4
coffee_machine,hot_drinks,do_not_pair,derived,4,americano | cappuccino | espresso | macchiato,P0,общих играбельных слов 4; пулы 4 и 19
coffee_orders,coffee_shop_orders,do_not_pair,derived,4,cappuccino | espresso | latte | mocha,P0,общих играбельных слов 4; пулы 4 и 5
coffee_orders,coffee_types,do_not_pair,derived,4,cappuccino | espresso | latte | mocha,P0,общих играбельных слов 4; пулы 4 и 4
coffee_orders,hot_drinks,do_not_pair,derived,4,cappuccino | espresso | latte | mocha,P0,общих играбельных слов 4; пулы 4 и 19
coffee_shop_orders,coffee_types,do_not_pair,derived,4,cappuccino | espresso | latte | mocha,P0,общих играбельных слов 4; пулы 5 и 4
coffee_types,hot_drinks,do_not_pair,derived,4,cappuccino | espresso | latte | mocha,P0,общих играбельных слов 4; пулы 4 и 19
cold,temperature_words,do_not_pair,derived,4,chilly | freezing | frosty | icy,P0,общих играбельных слов 4; пулы 4 и 16
cold_blooded_animals,pets,do_not_pair,derived,4,fish | lizard | snake | turtle,P0,общих играбельных слов 4; пулы 5 и 25
cold_blooded_animals,reptile,do_not_pair,derived,4,crocodile | lizard | snake | turtle,P0,общих играбельных слов 4; пулы 5 и 7
cold_blooded_animals,reptiles,do_not_pair,derived,4,crocodile | lizard | snake | turtle,P0,общих играбельных слов 4; пулы 5 и 22
cold_drinks,drink_mixers,do_not_pair,derived,4,cola | ginger ale | juice | lemonade,P1,общих играбельных слов 4; пулы 18 и 14
cold_drinks,drinks,do_not_pair,derived,4,juice | milk | soda | water,P1,общих играбельных слов 4; пулы 18 и 9
cold_drinks,liquids,do_not_pair,derived,4,juice | milk | soda | water,P1,общих играбельных слов 4; пулы 18 и 20
cold_drinks,non_alcoholic_beverages,do_not_pair,derived,4,iced tea | lemonade | milkshake | smoothie,P0,общих играбельных слов 4; пулы 18 и 4
cold_drinks,refreshing_drinks,do_not_pair,derived,4,coconut water | juice | lemonade | soda,P1,общих играбельных слов 4; пулы 18 и 8
cold_places,cold_things,do_not_pair,derived,4,freezer | glacier | iceberg | refrigerator,P1,общих играбельных слов 4; пулы 14 и 20
cold_places,landforms,do_not_pair,derived,4,cave | glacier | mountain | tundra,P1,общих играбельных слов 4; пулы 14 и 33
cold_things,desserts,do_not_pair,derived,4,ice | ice cream | popsicle | sorbet,P1,общих играбельных слов 4; пулы 20 и 31
cold_things,frozen_things,do_not_pair,derived,4,ice cream | ice cube | icicle | snowball,P0,общих играбельных слов 4; пулы 20 и 4
cold_things,north_pole,do_not_pair,derived,4,glacier | ice | iceberg | permafrost,P1,общих играбельных слов 4; пулы 20 и 7
cold_things,seasons_winter,do_not_pair,derived,4,blizzard | frost | icicle | snow,P1,общих играбельных слов 4; пулы 20 и 16
cold_things,weather_actions,do_not_pair,derived,4,freeze | hail | sleet | snow,P1,общих играбельных слов 4; пулы 20 и 15
college_reqs,school_subjects,do_not_pair,derived,4,art classes | history | math | science,P0,общих играбельных слов 4; пулы 4 и 33
college_subjects,school_subjects,do_not_pair,derived,4,astronomy | biology | calculus | history,P1,общих играбельных слов 4; пулы 8 и 33
cologne,perfume,do_not_pair,derived,4,bottle | fragrance | scent | spray,P1,общих играбельных слов 4; пулы 12 и 8
color,colors,do_not_pair,derived,4,blue | pink | turquoise | yellow,P1,общих играбельных слов 4; пулы 10 и 35
color_shades,color_words_advanced,do_not_pair,derived,4,cobalt | crimson | ivory | scarlet,P0,общих играбельных слов 4; пулы 4 и 20
colors,printer_colors,do_not_pair,derived,4,black | cyan | magenta | yellow,P0,общих играбельных слов 4; пулы 35 и 4
colors,rice_types,do_not_pair,derived,4,black | brown | red | white,P1,общих играбельных слов 4; пулы 35 и 13
colors,shades_of_red,do_not_pair,derived,4,crimson | mahogany | maroon | vermillion,P1,общих играбельных слов 4; пулы 35 и 8
colosseum,roman_things,do_not_pair,derived,4,arena | chariot | emperor | gladiator,P0,общих играбельных слов 4; пулы 6 и 15
combat_sports,fighting,do_not_pair,derived,4,boxing | judo | taekwondo | wrestling,P0,общих играбельных слов 4; пулы 7 и 4
combat_sports,sports,do_not_pair,derived,4,boxing | fencing | judo | karate,P1,общих играбельных слов 4; пулы 7 и 22
comedy,comedy_types,do_not_pair,derived,4,improv | sitcom | sketch | standup,P0,общих играбельных слов 4; пулы 11 и 4
comedy_words,kinds_of_humor,do_not_pair,derived,4,joke | parody | pun | satire,P1,общих играбельных слов 4; пулы 15 и 7
comic_book_characters,superheroes,do_not_pair,derived,4,batman | hulk | wolverine | wonder woman,P0,общих играбельных слов 4; пулы 4 и 20
comic_book_heroes,superheroes,do_not_pair,derived,4,batman | flash | superman | wonder woman,P0,общих играбельных слов 4; пулы 4 и 20
comic_book_publishers,comic_book_universes,do_not_pair,derived,4,dark horse | dc | image | marvel,P0,общих играбельных слов 4; пулы 6 и 4
common_symptoms,symptoms,do_not_pair,derived,4,cough | fatigue | fever | nausea,P0,общих играбельных слов 4; пулы 4 и 17
common_toys,toys,do_not_pair,derived,4,blocks | puzzle | teddy bear | yo yo,P0,общих играбельных слов 4; пулы 4 и 28
communication_systems,signals_and_codes,do_not_pair,derived,4,braille | morse code | semaphore | sign language,P0,общих играбельных слов 4; пулы 6 и 11
commute,vehicles,do_not_pair,derived,4,bus | car | subway | train,P0,общих играбельных слов 4; пулы 4 и 33
compass,compass_points,do_not_pair,derived,4,east | north | south | west,P0,общих играбельных слов 4; пулы 18 и 4
compass,directions,do_not_pair,derived,4,east | north | south | west,P1,общих играбельных слов 4; пулы 18 и 21
compass_points,directions,do_not_pair,derived,4,east | north | south | west,P0,общих играбельных слов 4; пулы 4 и 21
compass_points,map_words,do_not_pair,derived,4,east | north | south | west,P0,общих играбельных слов 4; пулы 4 и 23
competitive_sports,olympic_events,do_not_pair,derived,4,archery | gymnastics | swimming | wrestling,P0,общих играбельных слов 4; пулы 4 и 13
competitive_sports,olympic_sports,do_not_pair,derived,4,archery | gymnastics | swimming | wrestling,P0,общих играбельных слов 4; пулы 4 и 34
composer,famous_musicians,do_not_pair,derived,4,bach | beethoven | chopin | mozart,P0,общих играбельных слов 4; пулы 5 и 14
computer_commands,editing,do_not_pair,derived,4,copy | delete | paste | save,P0,общих играбельных слов 4; пулы 5 и 6
computer_programming,programming_words,do_not_pair,derived,4,debug | function | loop | variable,P1,общих играбельных слов 4; пулы 8 и 18
computer_programming_languages,programming_language,do_not_pair,derived,4,java | python | ruby | swift,P0,общих играбельных слов 4; пулы 4 и 7
computer_programming_languages,programming_languages,do_not_pair,derived,4,java | python | ruby | swift,P0,общих играбельных слов 4; пулы 4 и 7
computer_programming_languages,software_engineering,do_not_pair,derived,4,java | python | ruby | swift,P0,общих играбельных слов 4; пулы 4 и 4
computer_programming_terms,programming_concept,do_not_pair,derived,4,array | function | loop | variable,P0,общих играбельных слов 4; пулы 4 и 4
computer_programming_terms,programming_words,do_not_pair,derived,4,array | function | loop | variable,P0,общих играбельных слов 4; пулы 4 и 18
condiments,things_you_spread,do_not_pair,derived,4,honey | jam | mayo | mustard,P1,общих играбельных слов 4; пулы 23 и 16
constellation_names,constellations,do_not_pair,derived,4,andromeda | cassiopeia | orion | perseus,P0,общих играбельных слов 4; пулы 4 и 23
constellations,sky_constellations,do_not_pair,derived,4,cassiopeia | orion | ursa major | ursa minor,P0,общих играбельных слов 4; пулы 23 и 4
construction_materials,materials,do_not_pair,derived,4,brick | glass | metal | stone,P1,общих играбельных слов 4; пулы 8 и 10
construction_materials,sculpture_materials,do_not_pair,derived,4,concrete | glass | metal | stone,P1,общих играбельных слов 4; пулы 8 и 18
continents_and_oceans,landmass,do_not_pair,derived,4,africa | americas | asia | europe,P0,общих играбельных слов 4; пулы 13 и 4
continents_and_oceans,ocean,do_not_pair,derived,4,arctic | atlantic | indian | pacific,P1,общих играбельных слов 4; пулы 13 и 25
continents_and_oceans,oceans,do_not_pair,derived,4,arctic | atlantic | indian | pacific,P0,общих играбельных слов 4; пулы 13 и 4
contract,insurance_and_legal,do_not_pair,derived,4,agreement | breach | clause | signature,P1,общих играбельных слов 4; пулы 7 и 14
cook,kitchen_jobs,do_not_pair,derived,4,chef | pastry chef | prep cook | sous chef,P1,общих играбельных слов 4; пулы 11 и 18
cookie_flavors,cookie_types,do_not_pair,derived,4,chocolate chip | gingerbread | oatmeal | snickerdoodle,P0,общих играбельных слов 4; пулы 4 и 17
cooking_ingredients,pantry_items,do_not_pair,derived,4,flour | spice | spices | sugar,P0,общих играбельных слов 4; пулы 6 и 5
cooking_methods,cooking_verbs,do_not_pair,derived,4,braise | poach | saute | simmer,P0,общих играбельных слов 4; пулы 18 и 5
cooking_oils,crops,do_not_pair,derived,4,canola | corn | peanut | sunflower,P1,общих играбельных слов 4; пулы 8 и 18
cooking_utensils,kitchen,do_not_pair,derived,4,ladle | spatula | tongs | whisk,P0,общих играбельных слов 4; пулы 4 и 26
cooking_utensils,kitchen_tools,do_not_pair,derived,4,ladle | spatula | tongs | whisk,P0,общих играбельных слов 4; пулы 4 и 30
cooking_utensils,kitchen_utensils,do_not_pair,derived,4,ladle | spatula | tongs | whisk,P0,общих играбельных слов 4; пулы 4 и 9
coral,types_of_coral,do_not_pair,derived,4,brain | elkhorn | staghorn | table,P0,общих играбельных слов 4; пулы 15 и 4
coral_reef,marine_life,do_not_pair,derived,4,anemone | coral | starfish | urchin,P1,общих играбельных слов 4; пулы 15 и 9
coral_reef,ocean_life,do_not_pair,derived,4,coral | jellyfish | starfish | turtle,P1,общих играбельных слов 4; пулы 15 и 16
coral_reef,reef_life,do_not_pair,derived,4,anemone | coral | starfish | urchin,P0,общих играбельных слов 4; пулы 15 и 4
coral_reef,sea_creatures,do_not_pair,derived,4,coral | jellyfish | seahorse | starfish,P1,общих играбельных слов 4; пулы 15 и 15
cosmic_objects,space_objects,do_not_pair,derived,4,comet | nebula | pulsar | quasar,P0,общих играбельных слов 4; пулы 4 и 20
cosmic_phenomena,space_phenomena,do_not_pair,derived,4,big bang | black hole | nebula | supernova,P0,общих играбельных слов 4; пулы 4 и 15
countries,countries_in_europe,do_not_pair,derived,4,austria | greece | italy | spain,P1,общих играбельных слов 4; пулы 18 и 8
countries_in_africa,north_african_countries,do_not_pair,derived,4,algeria | egypt | morocco | tunisia,P0,общих играбельных слов 4; пулы 7 и 6
countries_in_europe,eu_countries,do_not_pair,derived,4,austria | greece | italy | spain,P0,общих играбельных слов 4; пулы 8 и 6
countries_more,former_ussr,do_not_pair,derived,4,armenia | georgia | latvia | ukraine,P0,общих играбельных слов 4; пулы 20 и 4
courtroom_drama,courtroom_things,do_not_pair,derived,4,bailiff | gavel | jury | verdict,P0,общих играбельных слов 4; пулы 4 и 18
craft_skills,crafts,do_not_pair,derived,4,crochet | knitting | sewing | weaving,P0,общих играбельных слов 4; пулы 4 и 25
crafting_hobbies,crafts,do_not_pair,derived,4,origami | pottery | sewing | weaving,P0,общих играбельных слов 4; пулы 4 и 25
crafts,crafts_hobbies,do_not_pair,derived,4,knitting | pottery | scrapbooking | woodworking,P0,общих играбельных слов 4; пулы 25 и 4
crafts,handicrafts,do_not_pair,derived,4,knitting | origami | pottery | sewing,P0,общих играбельных слов 4; пулы 25 и 4
crafts,handywork,do_not_pair,derived,4,carpentry | knitting | sewing | weaving,P0,общих играбельных слов 4; пулы 25 и 4
crafts,studio_arts,do_not_pair,derived,4,ceramics | pottery | sculpture | weaving,P1,общих играбельных слов 4; пулы 25 и 8
crafts,textile_techniques,do_not_pair,derived,4,crochet | embroidery | knitting | weaving,P0,общих играбельных слов 4; пулы 25 и 4
creative_activities,hobbies,do_not_pair,derived,4,origami | painting | photography | sewing,P1,общих играбельных слов 4; пулы 7 и 21
creative_jobs,creative_professions,do_not_pair,derived,4,designer | painter | sculptor | writer,P0,общих играбельных слов 4; пулы 19 и 4
creative_jobs,performers,do_not_pair,derived,4,actor | artist | dancer | singer,P1,общих играбельных слов 4; пулы 19 и 8
crime_investigation,detective_words,do_not_pair,derived,4,evidence | forensics | interrogation | witness,P1,общих играбельных слов 4; пулы 8 и 16
crop,grasses,do_not_pair,derived,4,barley | corn | rice | wheat,P0,общих играбельных слов 4; пулы 6 и 14
crops,flour,do_not_pair,derived,4,barley | oat | rye | wheat,P0,общих играбельных слов 4; пулы 18 и 4
crops,soup_ingredients,do_not_pair,derived,4,barley | corn | potato | rice,P1,общих играбельных слов 4; пулы 18 и 25
crown,king,do_not_pair,derived,4,majesty | royal | scepter | throne,P1,общих играбельных слов 4; пулы 17 и 10
crown,monarch,do_not_pair,derived,4,czar | emperor | king | sultan,P0,общих играбельных слов 4; пулы 17 и 4
crustacean,crustaceans,do_not_pair,derived,4,crab | krill | lobster | shrimp,P0,общих играбельных слов 4; пулы 4 и 11
crustaceans,ocean_animals,do_not_pair,derived,4,barnacle | crab | lobster | shrimp,P1,общих играбельных слов 4; пулы 11 и 25
crypto,cryptocurrency,do_not_pair,derived,4,bitcoin | ethereum | hash | litecoin,P1,общих играбельных слов 4; пулы 7 и 15
crystalline_structures,minerals,do_not_pair,derived,4,calcite | fluorite | pyrite | quartz,P0,общих играбельных слов 4; пулы 4 и 19
crystals,gems,do_not_pair,derived,4,amethyst | emerald | ruby | sapphire,P1,общих играбельных слов 4; пулы 7 и 11
crystals,jewelry_stones,do_not_pair,derived,4,amethyst | emerald | ruby | sapphire,P1,общих играбельных слов 4; пулы 7 и 15
crystals_and_gems,gemstones,do_not_pair,derived,4,amethyst | pearl | quartz | topaz,P0,общих играбельных слов 4; пулы 4 и 21
cuisine,nationalities,do_not_pair,derived,4,chinese | indian | italian | mexican,P0,общих играбельных слов 4; пулы 4 и 20
cured_meats,meat,do_not_pair,derived,4,bacon | chorizo | ham | sausage,P1,общих играбельных слов 4; пулы 14 и 12
currency,money_words,do_not_pair,derived,4,coin | credit | dollar | euro,P1,общих играбельных слов 4; пулы 8 и 34
cushions_padding,padding,do_not_pair,derived,4,cushion | foam | mattress | pillow,P0,общих играбельных слов 4; пулы 4 и 4
cutting_tools,sharp_edge,do_not_pair,derived,4,blade | knife | razor | saw,P0,общих играбельных слов 4; пулы 16 и 4
daily_meals,meals_of_the_day,do_not_pair,derived,4,breakfast | brunch | dinner | lunch,P0,общих играбельных слов 4; пулы 4 и 7
daily_routines,day_cycle,do_not_pair,derived,4,evening | morning | night | noon,P0,общих играбельных слов 4; пулы 4 и 4
daily_routines,days_and_parts_of_day,do_not_pair,derived,4,evening | morning | night | noon,P0,общих играбельных слов 4; пулы 4 и 18
dairy,things_in_a_fridge,do_not_pair,derived,4,butter | cheese | milk | yogurt,P0,общих играбельных слов 4; пулы 5 и 11
dairy_products,dairy_words,do_not_pair,derived,4,cheese | cream | curd | milk,P1,общих играбельных слов 4; пулы 20 и 14
dairy_products,things_that_melt,do_not_pair,derived,4,butter | cheese | gelato | ice cream,P1,общих играбельных слов 4; пулы 20 и 18
dance,dance_styles,do_not_pair,derived,4,ballet | ballroom | flamenco | salsa,P1,общих играбельных слов 4; пулы 8 и 19
dance_styles,latin_dances,do_not_pair,derived,4,rumba | salsa | samba | tango,P0,общих играбельных слов 4; пулы 19 и 4
dance_styles,paired_dance,do_not_pair,derived,4,cha cha | foxtrot | rumba | tango,P0,общих играбельных слов 4; пулы 19 и 4
darts,darts_words,do_not_pair,derived,4,bullseye | flight | target | throw,P0,общих играбельных слов 4; пулы 6 и 6
date_night_look,date_outfit,do_not_pair,derived,4,dress | hairstyle | makeup | perfume,P0,общих играбельных слов 4; пулы 5 и 4
day_cycle,days_and_parts_of_day,do_not_pair,derived,4,evening | morning | night | noon,P0,общих играбельных слов 4; пулы 4 и 18
daylight_phases,days_and_parts_of_day,do_not_pair,derived,4,dusk | sunrise | sunset | twilight,P0,общих играбельных слов 4; пулы 4 и 18
days_and_parts_of_day,days_of_the_week,do_not_pair,derived,4,friday | monday | sunday | tuesday,P0,общих играбельных слов 4; пулы 18 и 4
days_and_parts_of_day,parts_of_the_day,do_not_pair,derived,4,dawn | dusk | night | noon,P0,общих играбельных слов 4; пулы 18 и 4
days_and_parts_of_day,time_of_day,do_not_pair,derived,4,dawn | dusk | midnight | noon,P0,общих играбельных слов 4; пулы 18 и 4
days_and_parts_of_day,weekdays,do_not_pair,derived,4,friday | monday | thursday | tuesday,P0,общих играбельных слов 4; пулы 18 и 4
decorative_things,living_room_things,do_not_pair,derived,4,curtain | painting | rug | vase,P1,общих играбельных слов 4; пулы 18 и 20
decorative_things,party_things,do_not_pair,derived,4,balloon | banner | candle | streamer,P1,общих играбельных слов 4; пулы 18 и 22
deep_fried,deep_fried_food,do_not_pair,derived,4,falafel | katsu | samosa | schnitzel,P0,общих играбельных слов 4; пулы 8 и 4
deep_space_objects,space_objects,do_not_pair,derived,4,black hole | nebula | pulsar | quasar,P0,общих играбельных слов 4; пулы 4 и 20
dental_words,dentist,do_not_pair,derived,4,cavity | filling | floss | root canal,P1,общих играбельных слов 4; пулы 18 и 11
desert_animal,desert_animals,do_not_pair,derived,4,camel | meerkat | scorpion | snake,P0,общих играбельных слов 4; пулы 4 и 6
desert_animals,desert_things,do_not_pair,derived,4,camel | lizard | scorpion | snake,P0,общих играбельных слов 4; пулы 6 и 18
dessert,sweet,do_not_pair,derived,4,cake | candy | donut | tiramisu,P1,общих играбельных слов 4; пулы 18 и 10
dessert,treats,do_not_pair,derived,4,brownie | cupcake | donut | fudge,P0,общих играбельных слов 4; пулы 18 и 4
dessert_ingredients,pie_ingredients,do_not_pair,derived,4,butter | flour | sugar | vanilla,P0,общих играбельных слов 4; пулы 4 и 25
dessert_toppings,sticky_things,do_not_pair,derived,4,caramel | frosting | marshmallow | syrup,P1,общих играбельных слов 4; пулы 14 и 22
dessert_toppings,toppings_and_garnish,do_not_pair,derived,4,cherry | powdered sugar | sprinkles | whipped cream,P1,общих играбельных слов 4; пулы 14 и 15
desserts,french_dishes,do_not_pair,derived,4,eclair | macaron | mousse | souffle,P1,общих играбельных слов 4; пулы 31 и 18
desserts,frozen_foods,do_not_pair,derived,4,berries | ice cream | popsicle | sorbet,P1,общих играбельных слов 4; пулы 31 и 18
desserts,things_that_melt,do_not_pair,derived,4,gelato | ice | ice cream | popsicle,P1,общих играбельных слов 4; пулы 31 и 18
desserts,treats,do_not_pair,derived,4,brownie | cupcake | donut | fudge,P0,общих играбельных слов 4; пулы 31 и 4
detective_procedures,forensic_evidence,do_not_pair,derived,4,ballistics | dna | fingerprint | toxicology,P0,общих играбельных слов 4; пулы 14 и 4
detective_procedures,forensics,do_not_pair,derived,4,autopsy | dna | fingerprint | lab,P0,общих играбельных слов 4; пулы 14 и 4
detective_words,detective_work,do_not_pair,derived,4,clue | evidence | suspect | witness,P1,общих играбельных слов 4; пулы 16 и 9
detective_words,interrogation,do_not_pair,derived,4,alibi | motive | suspect | witness,P0,общих играбельных слов 4; пулы 16 и 4
detective_work,investigation,do_not_pair,derived,4,clue | evidence | suspect | witness,P1,общих играбельных слов 4; пулы 9 и 10
development_methodology,project_methodologies,do_not_pair,derived,4,agile | kanban | scrum | waterfall,P0,общих играбельных слов 4; пулы 6 и 4
diamond,diamond_quality,do_not_pair,derived,4,carat | clarity | color | cut,P0,общих играбельных слов 4; пулы 13 и 4
diamond,diamond_quality_factors,do_not_pair,derived,4,carat | clarity | color | cut,P0,общих играбельных слов 4; пулы 13 и 4
diamond_quality,diamond_quality_factors,do_not_pair,derived,4,carat | clarity | color | cut,P0,общих играбельных слов 4; пулы 4 и 4
digestive_system,internal_organs,do_not_pair,derived,4,esophagus | intestine | liver | stomach,P0,общих играбельных слов 4; пулы 4 и 20
digital_file_types,digital_files,do_not_pair,derived,4,docx | jpeg | mp3 | pdf,P0,общих играбельных слов 4; пулы 4 и 4
dinner_courses,restaurant_courses,do_not_pair,derived,4,appetizer | dessert | entree | salad,P0,общих играбельных слов 4; пулы 4 и 6
dinosaur,dinosaurs,do_not_pair,derived,4,pterodactyl | stegosaurus | t rex | velociraptor,P0,общих играбельных слов 4; пулы 4 и 12
dinosaur_types,dinosaurs,do_not_pair,derived,4,stegosaurus | t rex | triceratops | velociraptor,P0,общих играбельных слов 4; пулы 4 и 12
direction,directions,do_not_pair,derived,4,back | east | left | north,P0,общих играбельных слов 4; пулы 4 и 21
directions,map_words,do_not_pair,derived,4,east | north | south | west,P1,общих играбельных слов 4; пулы 21 и 23
directions,opposites,do_not_pair,derived,4,down | far | near | up,P1,общих играбельных слов 4; пулы 21 и 26
disease,illnesses,do_not_pair,derived,4,asthma | diabetes | flu | measles,P1,общих играбельных слов 4; пулы 7 и 19
dishes_and_glassware,table_setting,do_not_pair,derived,4,bowl | cup | glass | plate,P1,общих играбельных слов 4; пулы 22 и 8
disney_characters,fairy_tales,do_not_pair,derived,4,cinderella | pinocchio | rapunzel | snow white,P1,общих играбельных слов 4; пулы 24 и 19
dissolved_minerals,vitamins_and_minerals,do_not_pair,derived,4,calcium | magnesium | potassium | sodium,P0,общих играбельных слов 4; пулы 4 и 15
distilled_spirits,spirits,do_not_pair,derived,4,gin | rum | vodka | whiskey,P0,общих играбельных слов 4; пулы 4 и 4
diving_gear,scuba_diving_equipment,do_not_pair,derived,4,fins | mask | regulator | wetsuit,P0,общих играбельных слов 4; пулы 15 и 4
doctor,kinds_of_doctors,do_not_pair,derived,4,allergist | dentist | dietitian | surgeon,P0,общих играбельных слов 4; пулы 14 и 6
dog,dog_types,do_not_pair,derived,4,beagle | husky | labrador | poodle,P1,общих играбельных слов 4; пулы 13 и 7
dog_breeds,dog_breeds_more,do_not_pair,derived,4,dalmatian | pointer | vizsla | weimaraner,P1,общих играбельных слов 4; пулы 24 и 20
door,locksmith_words,do_not_pair,derived,4,hinge | keyhole | latch | lock,P1,общих играбельных слов 4; пулы 9 и 15
draft_animals,farm_animals,do_not_pair,derived,4,donkey | horse | mule | ox,P0,общих играбельных слов 4; пулы 4 и 20
draft_animals,livestock,do_not_pair,derived,4,donkey | horse | mule | ox,P0,общих играбельных слов 4; пулы 4 и 17
draft_animals,pack_animals,do_not_pair,derived,4,donkey | horse | mule | ox,P0,общих играбельных слов 4; пулы 4 и 16
dressings,salad_dressing,do_not_pair,derived,4,balsamic | caesar | ranch | vinaigrette,P0,общих играбельных слов 4; пулы 5 и 4
drinks,vending_machine_items,do_not_pair,derived,4,coffee | juice | soda | water,P1,общих играбельных слов 4; пулы 9 и 13
driving,on_the_road,do_not_pair,derived,4,brake | car | road | traffic,P0,общих играбельных слов 4; пулы 6 и 8
drum,drums,do_not_pair,derived,4,beat | snare | timpani | tom,P1,общих играбельных слов 4; пулы 7 и 7
dye,types_of_natural_dye,do_not_pair,derived,4,henna | indigo | madder | woad,P0,общих играбельных слов 4; пулы 4 и 4
earth,geography,do_not_pair,derived,4,desert | forest | mountain | ocean,P1,общих играбельных слов 4; пулы 19 и 7
earth,landforms,do_not_pair,derived,4,desert | mountain | mountains | ocean,P1,общих играбельных слов 4; пулы 19 и 33
earth,nature,do_not_pair,derived,4,desert | forest | mountain | ocean,P1,общих играбельных слов 4; пулы 19 и 19
east_europe,european_countries,do_not_pair,derived,4,bulgaria | croatia | romania | serbia,P0,общих играбельных слов 4; пулы 4 и 25
economic_system_types,economic_systems,do_not_pair,derived,4,capitalism | communism | feudalism | socialism,P0,общих играбельных слов 4; пулы 4 и 5
education,in_the_classroom,do_not_pair,derived,4,exam | homework | lesson | student,P0,общих играбельных слов 4; пулы 12 и 6
egg,egg_styles,do_not_pair,derived,4,boiled | fried | poached | scrambled,P0,общих играбельных слов 4; пулы 12 и 4
egg_dishes,egg_style,do_not_pair,derived,4,fried | over easy | poached | scrambled,P0,общих играбельных слов 4; пулы 14 и 4
egg_dishes,egg_styles,do_not_pair,derived,4,boiled | fried | poached | scrambled,P0,общих играбельных слов 4; пулы 14 и 4
egypt_things,pharaoh,do_not_pair,derived,4,nile | obelisk | sphinx | tomb,P0,общих играбельных слов 4; пулы 15 и 4
egyptian_gods,egyptian_mythology,do_not_pair,derived,4,anubis | horus | osiris | ra,P0,общих играбельных слов 4; пулы 4 и 4
electric,electricity_words,do_not_pair,derived,4,outlet | shock | watt | wire,P1,общих играбельных слов 4; пулы 8 и 18
electricity,electricity_words,do_not_pair,derived,4,battery | voltage | watt | wire,P1,общих играбельных слов 4; пулы 9 и 18
electronic_devices,gadgets,do_not_pair,derived,4,headphones | laptop | smartphone | tablet,P0,общих играбельных слов 4; пулы 4 и 22
element,elemental_powers,do_not_pair,derived,4,air | earth | fire | water,P0,общих играбельных слов 4; пулы 7 и 4
element,elements_of_nature,do_not_pair,derived,4,air | earth | fire | water,P1,общих играбельных слов 4; пулы 7 и 8
elemental_powers,elements,do_not_pair,derived,4,air | earth | fire | water,P0,общих играбельных слов 4; пулы 4 и 24
elemental_powers,elements_of_nature,do_not_pair,derived,4,air | earth | fire | water,P0,общих играбельных слов 4; пулы 4 и 8
elements,elements_of_nature,do_not_pair,derived,4,air | earth | fire | water,P1,общих играбельных слов 4; пулы 24 и 8
elements_more,metal,do_not_pair,derived,4,chromium | cobalt | silver | titanium,P0,общих играбельных слов 4; пулы 22 и 6
elements_of_nature,storm,do_not_pair,derived,4,lightning | rain | thunder | wind,P1,общих играбельных слов 4; пулы 8 и 19
elements_of_nature,weather,do_not_pair,derived,4,lightning | rain | thunder | wind,P1,общих играбельных слов 4; пулы 8 и 36
elements_of_nature,weather_words,do_not_pair,derived,4,lightning | rain | thunder | wind,P1,общих играбельных слов 4; пулы 8 и 26
email_words,file_types,do_not_pair,derived,4,archive | attachment | draft | trash,P1,общих играбельных слов 4; пулы 16 и 20
emmy_award_categories,television_genres,do_not_pair,derived,4,comedy | documentary | drama | reality,P0,общих играбельных слов 4; пулы 4 и 4
emotion,emotions,do_not_pair,derived,4,anger | fear | joy | sadness,P0,общих играбельных слов 4; пулы 6 и 20
emotions,mood,do_not_pair,derived,4,angry | happy | sad | worry,P0,общих играбельных слов 4; пулы 20 и 4
emotions,unpleasant,do_not_pair,derived,4,anger | envy | fear | guilt,P0,общих играбельных слов 4; пулы 20 и 4
endangered_species,zoo_animals,do_not_pair,derived,4,gorilla | panda | rhino | tiger,P0,общих играбельных слов 4; пулы 4 и 23
energy,energy_sources,do_not_pair,derived,4,hydro | nuclear | solar | wind,P1,общих играбельных слов 4; пулы 10 и 7
energy,green_energy,do_not_pair,derived,4,geothermal | hydro | solar | wind,P0,общих играбельных слов 4; пулы 10 и 4
energy,renewable_energy,do_not_pair,derived,4,geothermal | hydro | solar | wind,P0,общих играбельных слов 4; пулы 10 и 5
energy_sources,energy_words,do_not_pair,derived,4,hydro | nuclear | solar | wind,P1,общих играбельных слов 4; пулы 7 и 15
energy_words,green_energy,do_not_pair,derived,4,geothermal | hydro | solar | wind,P0,общих играбельных слов 4; пулы 15 и 4
energy_words,renewable_energy,do_not_pair,derived,4,geothermal | hydro | solar | wind,P0,общих играбельных слов 4; пулы 15 и 5
engine,engine_components,do_not_pair,derived,4,crankshaft | cylinder | piston | spark plug,P0,общих играбельных слов 4; пулы 10 и 4
england,uk_cities,do_not_pair,derived,4,birmingham | liverpool | london | manchester,P0,общих играбельных слов 4; пулы 4 и 4
entertainment_venues,venues,do_not_pair,derived,4,circus | opera | stadium | theater,P1,общих играбельных слов 4; пулы 8 и 11
equidae_family,horse_family,do_not_pair,derived,4,donkey | horse | mule | zebra,P0,общих играбельных слов 4; пулы 4 и 4
equipment,sports_gear,do_not_pair,derived,4,cleats | glove | helmet | racket,P1,общих играбельных слов 4; пулы 10 и 8
ethnic_clothing,traditional_clothing,do_not_pair,derived,4,kilt | kimono | poncho | sari,P0,общих играбельных слов 4; пулы 4 и 15
eu_countries,western_europe,do_not_pair,derived,4,france | germany | italy | spain,P0,общих играбельных слов 4; пулы 6 и 5
european_capitals,world_capitals,do_not_pair,derived,4,berlin | madrid | paris | rome,P0,общих играбельных слов 4; пулы 4 и 25
european_countries,european_union,do_not_pair,derived,4,belgium | netherlands | poland | sweden,P0,общих играбельных слов 4; пулы 25 и 4
european_countries,nordic_countries,do_not_pair,derived,4,denmark | finland | norway | sweden,P0,общих играбельных слов 4; пулы 25 и 4
european_countries,scandinavia,do_not_pair,derived,4,denmark | finland | norway | sweden,P0,общих играбельных слов 4; пулы 25 и 4
european_countries,slavic_countries,do_not_pair,derived,4,bulgaria | croatia | poland | slovakia,P1,общих играбельных слов 4; пулы 25 и 7
european_rivers,rivers,do_not_pair,derived,4,danube | rhine | seine | thames,P0,общих играбельных слов 4; пулы 4 и 18
european_rivers,rivers_of_europe,do_not_pair,derived,4,danube | rhine | seine | thames,P0,общих играбельных слов 4; пулы 4 и 4
european_rivers,world_rivers,do_not_pair,derived,4,danube | rhine | seine | thames,P0,общих играбельных слов 4; пулы 4 и 16
even_numbers,superstition_numbers,do_not_pair,derived,4,eight | four | six | two,P0,общих играбельных слов 4; пулы 4 и 25
everyday_drinks,refreshing_drinks,do_not_pair,derived,4,juice | lemonade | soda | tea,P1,общих играбельных слов 4; пулы 8 и 8
everyday_materials,material,do_not_pair,derived,4,glass | paper | plastic | wood,P0,общих играбельных слов 4; пулы 7 и 4
everyday_materials,materials,do_not_pair,derived,4,glass | metal | plastic | wood,P1,общих играбельных слов 4; пулы 7 и 10
everyday_materials,recyclable,do_not_pair,derived,4,glass | metal | paper | plastic,P0,общих играбельных слов 4; пулы 7 и 4
everyday_materials,recycled_materials,do_not_pair,derived,4,glass | paper | plastic | rubber,P1,общих играбельных слов 4; пулы 7 и 14
everyday_materials,things_you_recycle,do_not_pair,derived,4,glass | metal | paper | plastic,P1,общих играбельных слов 4; пулы 7 и 18
exotic_pets,reptiles,do_not_pair,derived,4,gecko | iguana | python | tortoise,P1,общих играбельных слов 4; пулы 12 и 22
experiments,liquids,do_not_pair,derived,4,coffee | ink | soap | syrup,P1,общих играбельных слов 4; пулы 14 и 20
experiments,powders,do_not_pair,derived,4,baking soda | chalk | salt | sugar,P1,общих играбельных слов 4; пулы 14 и 15
experiments,sweet,do_not_pair,derived,4,candy | honey | sugar | syrup,P1,общих играбельных слов 4; пулы 14 и 10
exploration_words,navigation_tools,do_not_pair,derived,4,compass | map | sextant | telescope,P1,общих играбельных слов 4; пулы 15 и 16
extinct,extinct_animals,do_not_pair,derived,4,dinosaur | dodo | mammoth | saber tooth,P0,общих играбельных слов 4; пулы 6 и 16
extinct_and_prehistoric,extinct_creatures,do_not_pair,derived,4,dodo | mammoth | megalodon | saber tooth,P1,общих играбельных слов 4; пулы 11 и 10
extreme_entertainment,extreme_sports,do_not_pair,derived,4,base jumping | bungee jumping | rock climbing | skydiving,P0,общих играбельных слов 4; пулы 4 и 9
eye,eyes,do_not_pair,derived,4,cornea | iris | pupil | retina,P0,общих играбельных слов 4; пулы 4 и 4
eye,human_eye,do_not_pair,derived,4,cornea | iris | pupil | retina,P0,общих играбельных слов 4; пулы 4 и 4
eye,parts_of_the_eye,do_not_pair,derived,4,cornea | iris | pupil | retina,P0,общих играбельных слов 4; пулы 4 и 12
eyes,human_eye,do_not_pair,derived,4,cornea | iris | pupil | retina,P0,общих играбельных слов 4; пулы 4 и 4
eyes,parts_of_the_eye,do_not_pair,derived,4,cornea | iris | pupil | retina,P0,общих играбельных слов 4; пулы 4 и 12
fabric,fibers,do_not_pair,derived,4,cotton | linen | silk | wool,P0,общих играбельных слов 4; пулы 18 и 4
fabric,natural_fibers,do_not_pair,derived,4,cotton | linen | silk | wool,P0,общих играбельных слов 4; пулы 18 и 4
fabric,soft_things,do_not_pair,derived,4,cotton | silk | velvet | wool,P1,общих играбельных слов 4; пулы 18 и 18
fabric,textile_fibers,do_not_pair,derived,4,cotton | linen | silk | wool,P0,общих играбельных слов 4; пулы 18 и 5
fabric,woven_textiles,do_not_pair,derived,4,burlap | chiffon | fleece | linen,P0,общих играбельных слов 4; пулы 18 и 6
fabric,yarn,do_not_pair,derived,4,cotton | linen | thread | wool,P1,общих играбельных слов 4; пулы 18 и 14
fabric_care,laundry,do_not_pair,derived,4,bleach | detergent | fold | wash,P0,общих играбельных слов 4; пулы 5 и 13
fabric_care,laundry_care,do_not_pair,derived,4,bleach | fold | steam | wash,P0,общих играбельных слов 4; пулы 5 и 14
fabric_materials,fabric_types,do_not_pair,derived,4,burlap | denim | flannel | tweed,P0,общих играбельных слов 4; пулы 4 и 21
fabric_textures,fabrics,do_not_pair,derived,4,corduroy | satin | suede | velvet,P0,общих играбельных слов 4; пулы 4 и 20
fabric_types,fibers,do_not_pair,derived,4,cotton | linen | silk | wool,P0,общих играбельных слов 4; пулы 21 и 4
fabric_types,luxury_fabrics,do_not_pair,derived,4,cashmere | chiffon | satin | velvet,P0,общих играбельных слов 4; пулы 21 и 6
fabric_types,natural_fibers,do_not_pair,derived,4,cotton | linen | silk | wool,P0,общих играбельных слов 4; пулы 21 и 4
fabric_types,smooth_textures,do_not_pair,derived,4,cashmere | satin | silk | velvet,P0,общих играбельных слов 4; пулы 21 и 4
fabric_types,soft_things,do_not_pair,derived,4,cotton | silk | velvet | wool,P1,общих играбельных слов 4; пулы 21 и 18
fabric_types,textile_fibers,do_not_pair,derived,4,cotton | linen | silk | wool,P0,общих играбельных слов 4; пулы 21 и 5
fabric_types,textile_materials,do_not_pair,derived,4,cotton | linen | silk | wool,P1,общих играбельных слов 4; пулы 21 и 8
fabric_types,types_of_fabric,do_not_pair,derived,4,denim | silk | tweed | velvet,P0,общих играбельных слов 4; пулы 21 и 4
fabrics,fibers,do_not_pair,derived,4,cotton | linen | silk | wool,P0,общих играбельных слов 4; пулы 20 и 4
fabrics,luxury_fabrics,do_not_pair,derived,4,cashmere | chiffon | satin | velvet,P0,общих играбельных слов 4; пулы 20 и 6
fabrics,natural_fibers,do_not_pair,derived,4,cotton | linen | silk | wool,P0,общих играбельных слов 4; пулы 20 и 4
fabrics,smooth_textures,do_not_pair,derived,4,cashmere | satin | silk | velvet,P0,общих играбельных слов 4; пулы 20 и 4
fabrics,soft_things,do_not_pair,derived,4,cotton | silk | velvet | wool,P1,общих играбельных слов 4; пулы 20 и 18
fabrics,textile_fibers,do_not_pair,derived,4,cotton | linen | silk | wool,P0,общих играбельных слов 4; пулы 20 и 5
fabrics,textile_materials,do_not_pair,derived,4,cotton | linen | silk | wool,P1,общих играбельных слов 4; пулы 20 и 8
fabrics,types_of_fabric,do_not_pair,derived,4,denim | silk | tweed | velvet,P0,общих играбельных слов 4; пулы 20 и 4
fabrics,woven_textiles,do_not_pair,derived,4,chiffon | fleece | linen | tweed,P0,общих играбельных слов 4; пулы 20 и 6
fabrics,yarn,do_not_pair,derived,4,cotton | linen | nylon | wool,P1,общих играбельных слов 4; пулы 20 и 14
face_expressions,facial_expressions,do_not_pair,derived,4,frown | scowl | smile | wink,P0,общих играбельных слов 4; пулы 4 и 16
facial_care,skincare,do_not_pair,derived,4,cleanser | moisturizer | serum | toner,P0,общих играбельных слов 4; пулы 7 и 5
fairy_tale_characters,fairy_tales,do_not_pair,derived,4,cinderella | goldilocks | pinocchio | rapunzel,P1,общих играбельных слов 4; пулы 9 и 19
fairy_tales,storybook_characters,do_not_pair,derived,4,fairy | goblin | ogre | witch,P1,общих играбельных слов 4; пулы 19 и 20
family,family_relationships,do_not_pair,derived,4,brother | father | mother | sister,P0,общих играбельных слов 4; пулы 13 и 4
family_members,family_relationships,do_not_pair,derived,4,brother | father | mother | sister,P0,общих играбельных слов 4; пулы 26 и 4
famous_americans,inventors,do_not_pair,derived,4,edison | ford | franklin | wright,P1,общих играбельных слов 4; пулы 22 и 16
famous_composers,famous_musicians,do_not_pair,derived,4,bach | beethoven | chopin | mozart,P1,общих играбельных слов 4; пулы 14 и 14
famous_creatures,mythical_monsters,do_not_pair,derived,4,cerberus | cyclops | hydra | kraken,P1,общих играбельных слов 4; пулы 7 и 16
famous_inventors,inventors,do_not_pair,derived,4,bell | edison | morse | tesla,P0,общих играбельных слов 4; пулы 4 и 16
famous_job_titles,titles_of_address,do_not_pair,derived,4,captain | chief | coach | dean,P1,общих играбельных слов 4; пулы 16 и 18
famous_landmarks,famous_monuments,do_not_pair,derived,4,big ben | colosseum | sphinx | statue of liberty,P0,общих играбельных слов 4; пулы 15 и 4
famous_landmarks,landmark,do_not_pair,derived,4,eiffel tower | great wall | statue of liberty | taj mahal,P0,общих играбельных слов 4; пулы 15 и 4
famous_landmarks,us_landmarks,do_not_pair,derived,4,golden gate | mount rushmore | statue of liberty | white house,P1,общих играбельных слов 4; пулы 15 и 15
famous_operas,opera,do_not_pair,derived,4,aida | carmen | rigoletto | tosca,P0,общих играбельных слов 4; пулы 4 и 30
famous_operas,operas,do_not_pair,derived,4,aida | carmen | rigoletto | tosca,P0,общих играбельных слов 4; пулы 4 и 4
famous_physicists,scientists,do_not_pair,derived,4,bohr | einstein | newton | tesla,P0,общих играбельных слов 4; пулы 4 и 16
famous_rivers,rivers,do_not_pair,derived,4,amazon | congo | danube | ganges,P0,общих играбельных слов 4; пулы 4 и 18
famous_rivers,world_rivers,do_not_pair,derived,4,amazon | congo | danube | ganges,P0,общих играбельных слов 4; пулы 4 и 16
famous_towers,tower,do_not_pair,derived,4,big ben | cn tower | eiffel | leaning tower,P1,общих играбельных слов 4; пулы 12 и 13
famous_universities,universities,do_not_pair,derived,4,cambridge | harvard | oxford | stanford,P0,общих играбельных слов 4; пулы 4 и 18
fantasy,fantasy_creatures,do_not_pair,derived,4,dragon | elf | goblin | ogre,P1,общих играбельных слов 4; пулы 18 и 20
fantasy_creatures,fictional_creatures,do_not_pair,derived,4,fairy | griffin | mermaid | troll,P0,общих играбельных слов 4; пулы 20 и 4
farm_animals,farmyard_animals,do_not_pair,derived,4,donkey | goat | pig | rooster,P0,общих играбельных слов 4; пулы 20 и 4
farm_animals,meats,do_not_pair,derived,4,chicken | duck | lamb | turkey,P1,общих играбельных слов 4; пулы 20 и 25
farm_bird_words,livestock,do_not_pair,derived,4,chicken | duck | guinea fowl | turkey,P1,общих играбельных слов 4; пулы 12 и 17
farm_goods,farm_products,do_not_pair,derived,4,eggs | grain | milk | wool,P0,общих играбельных слов 4; пулы 4 и 16
farm_life,things_on_a_farm,do_not_pair,derived,4,barn | fence | hay | tractor,P0,общих играбельных слов 4; пулы 6 и 20
farm_machines,farming_machinery,do_not_pair,derived,4,harvester | mower | plow | seeder,P0,общих играбельных слов 4; пулы 15 и 4
fashion_accessories,things_you_tie,do_not_pair,derived,4,belt | bowtie | scarf | tie,P1,общих играбельных слов 4; пулы 19 и 14
fashion_capitals,fashionable_cities,do_not_pair,derived,4,london | milan | new york | tokyo,P0,общих играбельных слов 4; пулы 5 и 4
fashion_capitals,world_cities,do_not_pair,derived,4,london | milan | paris | tokyo,P0,общих играбельных слов 4; пулы 5 и 31
fashion_designers,watch_and_luxury,do_not_pair,derived,4,armani | chanel | dior | versace,P0,общих играбельных слов 4; пулы 4 и 14
fast_food_chains,fast_food_restaurant_chains,do_not_pair,derived,4,burger king | popeyes | subway | wendys,P0,общих играбельных слов 4; пулы 18 и 4
fast_food_items,food_dishes,do_not_pair,derived,4,burger | burrito | quesadilla | taco,P1,общих играбельных слов 4; пулы 22 и 7
fast_food_items,frozen_foods,do_not_pair,derived,4,burrito | corn dog | french fries | pizza,P1,общих играбельных слов 4; пулы 22 и 18
fast_food_items,lunch_menu,do_not_pair,derived,4,burger | fries | pizza | taco,P1,общих играбельных слов 4; пулы 22 и 8
fastener,fasteners,do_not_pair,derived,4,buckle | clip | staple | zipper,P0,общих играбельных слов 4; пулы 6 и 23
fasteners,sewing_supplies,do_not_pair,derived,4,hook | pin | snap | zipper,P1,общих играбельных слов 4; пулы 23 и 18
fasteners,things_that_cut,do_not_pair,derived,4,hook | nail | pin | tack,P1,общих играбельных слов 4; пулы 23 и 18
fasteners,things_that_stick_out,do_not_pair,derived,4,bolt | nail | rivet | tack,P1,общих играбельных слов 4; пулы 23 и 13
feelings,feelings_emotions,do_not_pair,derived,4,angry | curious | joyful | lonely,P0,общих играбельных слов 4; пулы 29 и 4
felids,wild_cats,do_not_pair,derived,4,cougar | lion | lynx | ocelot,P0,общих играбельных слов 4; пулы 4 и 14
female_names,girls_names,do_not_pair,derived,4,emily | emma | jessica | rachel,P0,общих играбельных слов 4; пулы 6 и 26
fibers,natural_fibers,do_not_pair,derived,4,cotton | linen | silk | wool,P0,общих играбельных слов 4; пулы 4 и 4
fibers,textile_fibers,do_not_pair,derived,4,cotton | linen | silk | wool,P0,общих играбельных слов 4; пулы 4 и 5
fibers,textile_materials,do_not_pair,derived,4,cotton | linen | silk | wool,P0,общих играбельных слов 4; пулы 4 и 8
fighting,martial_arts,do_not_pair,derived,4,boxing | judo | taekwondo | wrestling,P0,общих играбельных слов 4; пулы 4 и 16
fighting,olympic_sports,do_not_pair,derived,4,boxing | judo | taekwondo | wrestling,P0,общих играбельных слов 4; пулы 4 и 34
fighting_style,martial_arts,do_not_pair,derived,4,judo | karate | kung fu | taekwondo,P0,общих играбельных слов 4; пулы 4 и 16
film_genres,films,do_not_pair,derived,4,action | comedy | documentary | horror,P0,общих играбельных слов 4; пулы 7 и 4
film_genres,genres,do_not_pair,derived,4,comedy | drama | romance | thriller,P1,общих играбельных слов 4; пулы 7 и 11
film_genres,movie,do_not_pair,derived,4,action | comedy | horror | romance,P1,общих играбельных слов 4; пулы 7 и 12
films,movie_genres,do_not_pair,derived,4,action | comedy | documentary | horror,P0,общих играбельных слов 4; пулы 4 и 19
fine_arts,studio_arts,do_not_pair,derived,4,ceramics | photography | printmaking | sculpture,P0,общих играбельных слов 4; пулы 6 и 8
fine_arts,visual_arts,do_not_pair,derived,4,drawing | photography | printmaking | sculpture,P0,общих играбельных слов 4; пулы 6 и 7
firefighter,firemen,do_not_pair,derived,4,hose | hydrant | siren | truck,P0,общих играбельных слов 4; пулы 4 и 4
fishing,fishing_hobby,do_not_pair,derived,4,bait | lure | net | rod,P1,общих играбельных слов 4; пулы 7 и 16
fishing_things,whaling_and_fishing,do_not_pair,derived,4,hook | line | net | trap,P1,общих играбельных слов 4; пулы 18 и 14
fixing_actions,sewing_and_repair,do_not_pair,derived,4,glue | nail | patch | screw,P1,общих играбельных слов 4; пулы 12 и 18
flammable,things_that_burn,do_not_pair,derived,4,ethanol | gasoline | kerosene | propane,P0,общих играбельных слов 4; пулы 4 и 14
flavor_profiles,smell_words,do_not_pair,derived,4,smoky | sour | spicy | sweet,P0,общих играбельных слов 4; пулы 4 и 15
flavor_profiles,taste_words,do_not_pair,derived,4,smoky | sour | spicy | sweet,P0,общих играбельных слов 4; пулы 4 и 21
flightless_birds,non_flying_birds,do_not_pair,derived,4,emu | kiwi | ostrich | penguin,P0,общих играбельных слов 4; пулы 4 и 4
flour,grains,do_not_pair,derived,4,barley | oat | rye | wheat,P0,общих играбельных слов 4; пулы 4 и 10
flour,grains_and_beans,do_not_pair,derived,4,barley | oat | rye | wheat,P0,общих играбельных слов 4; пулы 4 и 15
flour,grasses,do_not_pair,derived,4,barley | oat | rye | wheat,P0,общих играбельных слов 4; пулы 4 и 14
flower,flowers,do_not_pair,derived,4,azalea | camellia | rose | tulip,P1,общих играбельных слов 4; пулы 12 и 36
flower,parts_of_a_flower,do_not_pair,derived,4,petal | pistil | sepal | stamen,P0,общих играбельных слов 4; пулы 12 и 4
flower,plant_parts,do_not_pair,derived,4,bud | petal | pollen | stem,P1,общих играбельных слов 4; пулы 12 и 16
flower_parts,garden_in_bloom,do_not_pair,derived,4,blossom | bud | petal | pollen,P1,общих играбельных слов 4; пулы 15 и 7
flower_parts,parts_of_a_flower,do_not_pair,derived,4,petal | pistil | sepal | stamen,P0,общих играбельных слов 4; пулы 15 и 4
flower_parts,parts_of_a_rose,do_not_pair,derived,4,leaf | petal | stem | thorn,P0,общих играбельных слов 4; пулы 15 и 4
flower_parts,rose,do_not_pair,derived,4,leaf | petal | stem | thorn,P0,общих играбельных слов 4; пулы 15 и 6
flower_parts,tree_parts,do_not_pair,derived,4,bud | leaf | root | seed,P1,общих играбельных слов 4; пулы 15 и 20
flowers,flowers_in_bloom,do_not_pair,derived,4,daisy | lily | rose | tulip,P0,общих играбельных слов 4; пулы 36 и 4
flowers,houseplants,do_not_pair,derived,4,begonia | geranium | orchid | violet,P1,общих играбельных слов 4; пулы 36 и 18
flying_animals,pests,do_not_pair,derived,4,mosquito | moth | pigeon | wasp,P1,общих играбельных слов 4; пулы 26 и 22
flying_animals,pollinators,do_not_pair,derived,4,bee | butterfly | hummingbird | wasp,P0,общих играбельных слов 4; пулы 26 и 5
flying_animals,sky_predators,do_not_pair,derived,4,eagle | falcon | hawk | vulture,P0,общих играбельных слов 4; пулы 26 и 4
flying_animals,waterfowl,do_not_pair,derived,4,duck | goose | pelican | swan,P1,общих играбельных слов 4; пулы 26 и 14
food,things_in_a_fridge,do_not_pair,derived,4,butter | egg | milk | yogurt,P1,общих играбельных слов 4; пулы 20 и 11
food_dishes,lunch_menu,do_not_pair,derived,4,burger | salad | steak | taco,P1,общих играбельных слов 4; пулы 7 и 8
food_dishes,mexican_food,do_not_pair,derived,4,burrito | nachos | quesadilla | taco,P0,общих играбельных слов 4; пулы 7 и 6
food_establishments,places_to_eat,do_not_pair,derived,4,cafe | deli | pub | restaurant,P0,общих играбельных слов 4; пулы 4 и 16
food_taste,taste_words,do_not_pair,derived,4,salty | savory | spicy | sweet,P0,общих играбельных слов 4; пулы 4 и 21
forest,things_in_the_forest,do_not_pair,derived,4,moss | mushroom | squirrel | tree,P1,общих играбельных слов 4; пулы 13 и 20
forest_animals,things_in_the_forest,do_not_pair,derived,4,deer | fox | owl | squirrel,P1,общих играбельных слов 4; пулы 8 и 20
forest_animals,wild_animals,do_not_pair,derived,4,bear | deer | fox | wolf,P0,общих играбельных слов 4; пулы 8 и 4
forest_trees,trees,do_not_pair,derived,4,beech | cedar | elm | spruce,P0,общих играбельных слов 4; пулы 4 и 25
forest_types,forests,do_not_pair,derived,4,boreal | mangrove | rainforest | taiga,P1,общих играбельных слов 4; пулы 12 и 12
fragile_items,things_that_break,do_not_pair,derived,4,glass | mirror | porcelain | vase,P0,общих играбельных слов 4; пулы 4 и 14
frailty,strength_words,do_not_pair,derived,4,delicate | feeble | fragile | weak,P0,общих играбельных слов 4; пулы 5 и 14
fruit,tropical_fruits,do_not_pair,derived,4,guava | lychee | mango | pineapple,P1,общих играбельных слов 4; пулы 19 и 13
fruit_trees,pie_types,do_not_pair,derived,4,apple | cherry | peach | pecan,P1,общих играбельных слов 4; пулы 19 и 15
fruit_trees,pitted,do_not_pair,derived,4,apricot | cherry | mango | plum,P0,общих играбельных слов 4; пулы 19 и 4
fruit_trees,salad_ingredients,do_not_pair,derived,4,almond | avocado | olive | walnut,P1,общих играбельных слов 4; пулы 19 и 25
fruits,juice,do_not_pair,derived,4,cranberry | grape | mango | pear,P0,общих играбельных слов 4; пулы 35 и 5
fruits,juicy_foods,do_not_pair,derived,4,grapefruit | pineapple | strawberry | watermelon,P0,общих играбельных слов 4; пулы 35 и 4
fruits,lollipops,do_not_pair,derived,4,cherry | grape | lemon | strawberry,P0,общих играбельных слов 4; пулы 35 и 4
fruits,pie_types,do_not_pair,derived,4,apple | blueberry | cherry | peach,P1,общих играбельных слов 4; пулы 35 и 15
fruits,pitted,do_not_pair,derived,4,apricot | cherry | mango | plum,P0,общих играбельных слов 4; пулы 35 и 4
fruits,yellow_fruits,do_not_pair,derived,4,banana | lemon | mango | pineapple,P0,общих играбельных слов 4; пулы 35 и 4
furniture,waiting_room_things,do_not_pair,derived,4,chair | desk | lamp | table,P1,общих играбельных слов 4; пулы 42 и 11
gadgets,office,do_not_pair,derived,4,computer | laptop | printer | scanner,P1,общих играбельных слов 4; пулы 22 и 14
gadgets,technology,do_not_pair,derived,4,computer | drone | smartphone | smartwatch,P1,общих играбельных слов 4; пулы 22 и 7
game,games,do_not_pair,derived,4,checkers | chess | domino | scrabble,P0,общих играбельных слов 4; пулы 4 и 14
game_basics,video_game_words,do_not_pair,derived,4,avatar | console | controller | level,P0,общих играбельных слов 4; пулы 5 и 18
game_types,games,do_not_pair,derived,4,arcade | puzzle | simulation | strategy,P0,общих играбельных слов 4; пулы 4 и 14
games,games_with_boards,do_not_pair,derived,4,checkers | chess | monopoly | scrabble,P0,общих играбельных слов 4; пулы 14 и 4
garden,garden_center,do_not_pair,derived,4,flowers | seedling | soil | weeds,P1,общих играбельных слов 4; пулы 19 и 7
garden,gardening_hobby,do_not_pair,derived,4,greenhouse | hose | soil | trellis,P1,общих играбельных слов 4; пулы 19 и 16
garden,gardening_work,do_not_pair,derived,4,compost | flowers | soil | watering,P1,общих играбельных слов 4; пулы 19 и 8
garden_actions,garden_care,do_not_pair,derived,4,fertilize | mulch | prune | water,P1,общих играбельных слов 4; пулы 15 и 8
garden_bugs,garden_insects,do_not_pair,derived,4,aphid | bee | cricket | ladybug,P1,общих играбельных слов 4; пулы 16 и 7
garden_bugs,garden_pests,do_not_pair,derived,4,aphid | caterpillar | slug | snail,P1,общих играбельных слов 4; пулы 16 и 8
garden_bugs,pest_control,do_not_pair,derived,4,aphid | beetle | caterpillar | slug,P1,общих играбельных слов 4; пулы 16 и 14
garden_bugs,pests,do_not_pair,derived,4,ant | aphid | slug | snail,P1,общих играбельных слов 4; пулы 16 и 22
garden_flowers,garden_plants,do_not_pair,derived,4,marigold | rose | sunflower | tulip,P1,общих играбельных слов 4; пулы 9 и 20
garden_flowers_summer,garden_plants,do_not_pair,derived,4,lavender | marigold | rose | sunflower,P1,общих играбельных слов 4; пулы 14 и 20
garden_herbs,herb_garden,do_not_pair,derived,4,basil | parsley | rosemary | thyme,P0,общих играбельных слов 4; пулы 5 и 8
garden_in_bloom,plant_parts,do_not_pair,derived,4,bud | flower | petal | pollen,P1,общих играбельных слов 4; пулы 7 и 16
garden_pests,pest_control,do_not_pair,derived,4,aphid | caterpillar | slug | weevil,P1,общих играбельных слов 4; пулы 8 и 14
garden_pests,pests,do_not_pair,derived,4,aphid | slug | snail | weevil,P1,общих играбельных слов 4; пулы 8 и 22
garden_plants,green_things,do_not_pair,derived,4,cucumber | fern | lettuce | mint,P1,общих играбельных слов 4; пулы 20 и 22
garden_plants,soup_ingredients,do_not_pair,derived,4,bean | carrot | pepper | tomato,P1,общих играбельных слов 4; пулы 20 и 25
garden_plants,vines,do_not_pair,derived,4,bean | cucumber | ivy | pumpkin,P1,общих играбельных слов 4; пулы 20 и 14
garden_shed,gardening_hobby,do_not_pair,derived,4,pot | trellis | trowel | wheelbarrow,P1,общих играбельных слов 4; пулы 8 и 16
garden_shed,in_a_garden_shed,do_not_pair,derived,4,hoe | pot | rake | trowel,P0,общих играбельных слов 4; пулы 8 и 4
garden_tools,landscaping_words,do_not_pair,derived,4,edger | shears | sprinkler | wheelbarrow,P1,общих играбельных слов 4; пулы 22 и 15
gardening_hobby,landscaping_words,do_not_pair,derived,4,fertilizer | planter | stake | wheelbarrow,P1,общих играбельных слов 4; пулы 16 и 15
gas,gases,do_not_pair,derived,4,helium | neon | radon | xenon,P0,общих играбельных слов 4; пулы 12 и 4
gender_neutral_name,unisex_names,do_not_pair,derived,4,alex | avery | jordan | riley,P0,общих играбельных слов 4; пулы 4 и 16
genre,movie_genres,do_not_pair,derived,4,fantasy | horror | mystery | romance,P0,общих играбельных слов 4; пулы 4 и 19
geographical,landforms,do_not_pair,derived,4,islands | mountains | ocean | valleys,P0,общих играбельных слов 4; пулы 4 и 33
geographical_objects,landforms,do_not_pair,derived,4,canyon | islands | mountains | ocean,P0,общих играбельных слов 4; пулы 4 и 33
geographical_objects,natural_wonders,do_not_pair,derived,4,canyon | islands | mountains | ocean,P0,общих играбельных слов 4; пулы 4 и 8
geography,nature,do_not_pair,derived,4,desert | forest | mountain | ocean,P1,общих играбельных слов 4; пулы 7 и 19
geologic_periods,geological_eras,do_not_pair,derived,4,cretaceous | devonian | jurassic | triassic,P0,общих играбельных слов 4; пулы 4 и 10
geological_eras,geological_periods,do_not_pair,derived,4,cambrian | jurassic | permian | triassic,P0,общих играбельных слов 4; пулы 10 и 4
geological_time,units_of_geological_time,do_not_pair,derived,4,eon | epoch | era | period,P0,общих играбельных слов 4; пулы 4 и 4
geology,rock_types,do_not_pair,derived,4,basalt | granite | obsidian | slate,P0,общих играбельных слов 4; пулы 14 и 6
geometric_shapes,polygons,do_not_pair,derived,4,heptagon | hexagon | octagon | pentagon,P0,общих играбельных слов 4; пулы 9 и 6
giant_animals,zoo_animals,do_not_pair,derived,4,elephant | giraffe | hippo | rhino,P1,общих играбельных слов 4; пулы 7 и 23
giving_and_taking,transaction,do_not_pair,derived,4,borrow | buy | give | lend,P0,общих играбельных слов 4; пулы 16 и 4
goddess,greek_gods,do_not_pair,derived,4,hades | hermes | poseidon | zeus,P0,общих играбельных слов 4; пулы 4 и 15
goddesses,greek_gods,do_not_pair,derived,4,aphrodite | artemis | athena | hera,P0,общих играбельных слов 4; пулы 4 и 15
gods,greek_gods,do_not_pair,derived,4,aphrodite | athena | demeter | hera,P0,общих играбельных слов 4; пулы 4 и 15
golf_course,golf_words,do_not_pair,derived,4,caddy | fairway | flag | rough,P0,общих играбельных слов 4; пулы 5 и 22
golf_scores,golf_words,do_not_pair,derived,4,birdie | bogey | eagle | par,P0,общих играбельных слов 4; пулы 4 и 22
government_jobs,office_jobs,do_not_pair,derived,4,auditor | clerk | secretary | treasurer,P1,общих играбельных слов 4; пулы 15 и 16
government_systems,types_of_government,do_not_pair,derived,4,democracy | dictatorship | monarchy | republic,P0,общих играбельных слов 4; пулы 4 и 4
grades_and_marks,knowledge_check,do_not_pair,derived,4,exam | homework | quiz | test,P0,общих играбельных слов 4; пулы 18 и 4
grades_and_marks,school_assessment,do_not_pair,derived,4,essay | exam | quiz | test,P0,общих играбельных слов 4; пулы 18 и 4
grains_and_beans,soup_ingredients,do_not_pair,derived,4,barley | corn | lentil | rice,P1,общих играбельных слов 4; пулы 15 и 25
grape,wine_grapes,do_not_pair,derived,4,cabernet | chardonnay | merlot | pinot,P0,общих играбельных слов 4; пулы 11 и 4
great_apes,monkeys_and_apes,do_not_pair,derived,4,bonobo | chimpanzee | gorilla | orangutan,P0,общих играбельных слов 4; пулы 4 и 14
great_apes,primates,do_not_pair,derived,4,bonobo | chimpanzee | gorilla | orangutan,P0,общих играбельных слов 4; пулы 4 и 11
great_inventions,inventions,do_not_pair,derived,4,internet | printing press | telephone | wheel,P0,общих играбельных слов 4; пулы 4 и 24
great_lakes,lake,do_not_pair,derived,4,erie | michigan | ontario | superior,P0,общих играбельных слов 4; пулы 5 и 8
greek_gods,greek_mythology,do_not_pair,derived,4,athena | hermes | poseidon | zeus,P0,общих играбельных слов 4; пулы 15 и 6
greek_gods,olympus,do_not_pair,derived,4,apollo | hera | poseidon | zeus,P0,общих играбельных слов 4; пулы 15 и 4
green_energy,renewable_energy,do_not_pair,derived,4,geothermal | hydro | solar | wind,P0,общих играбельных слов 4; пулы 4 и 5
green_things,salad_ingredients,do_not_pair,derived,4,avocado | cucumber | lettuce | spinach,P1,общих играбельных слов 4; пулы 22 и 25
green_things,sandwich_fillings,do_not_pair,derived,4,avocado | cucumber | lettuce | pickle,P1,общих играбельных слов 4; пулы 22 и 25
gun,gun_types,do_not_pair,derived,4,pistol | revolver | rifle | shotgun,P0,общих играбельных слов 4; пулы 6 и 4
gym,gym_equipment,do_not_pair,derived,4,dumbbell | mat | treadmill | weights,P1,общих играбельных слов 4; пулы 7 и 20
gymnastics,gymnastics_events,do_not_pair,derived,4,dismount | rings | routine | vault,P0,общих играбельных слов 4; пулы 6 и 14
hair,hair_words,do_not_pair,derived,4,bangs | braid | bun | ponytail,P0,общих играбельных слов 4; пулы 4 и 20
hair,hairstyles,do_not_pair,derived,4,bangs | braid | bun | ponytail,P0,общих играбельных слов 4; пулы 4 и 24
hair_words,hairstyle,do_not_pair,derived,4,braid | bun | mohawk | ponytail,P0,общих играбельных слов 4; пулы 20 и 5
hairdos,hairstyles,do_not_pair,derived,4,bangs | cowlick | mohawk | mullet,P0,общих играбельных слов 4; пулы 4 и 24
hairstyle,hairstyles,do_not_pair,derived,4,braid | bun | mohawk | ponytail,P0,общих играбельных слов 4; пулы 5 и 24
hand_tools,tool,do_not_pair,derived,4,hammer | saw | screwdriver | wrench,P0,общих играбельных слов 4; пулы 24 и 4
hand_tools,tool_types,do_not_pair,derived,4,hammer | pliers | screwdriver | wrench,P0,общих играбельных слов 4; пулы 24 и 4
hand_tools,toolkit,do_not_pair,derived,4,chisel | clamp | level | wrench,P0,общих играбельных слов 4; пулы 24 и 4
hand_tools,workbench,do_not_pair,derived,4,clamp | hammer | saw | vise,P0,общих играбельных слов 4; пулы 24 и 4
hand_tools,workshop_things,do_not_pair,derived,4,clamp | drill | hammer | vise,P1,общих играбельных слов 4; пулы 24 и 18
handicrafts,hobbies,do_not_pair,derived,4,knitting | origami | pottery | sewing,P0,общих играбельных слов 4; пулы 4 и 21
happy_birthday,party_things,do_not_pair,derived,4,balloon | cake | confetti | party hat,P1,общих играбельных слов 4; пулы 8 и 22
harbor,harbor_things,do_not_pair,derived,4,dock | lighthouse | pier | wharf,P0,общих играбельных слов 4; пулы 6 и 16
hard_things,materials,do_not_pair,derived,4,brick | glass | metal | wood,P1,общих играбельных слов 4; пулы 18 и 10
hard_working_animals,insects,do_not_pair,derived,4,ant | bee | silkworm | termite,P0,общих играбельных слов 4; пулы 4 и 31
hardwood_trees,trees,do_not_pair,derived,4,beech | hickory | maple | walnut,P0,общих играбельных слов 4; пулы 4 и 25
harvest_words,things_on_a_farm,do_not_pair,derived,4,bale | crop | field | silo,P1,общих играбельных слов 4; пулы 15 и 20
has_keys,keyboard_devices,do_not_pair,derived,4,accordion | laptop | pc | piano,P0,общих играбельных слов 4; пулы 7 и 4
has_shells,shellfish,do_not_pair,derived,4,mussel | oyster | scallop | snail,P0,общих играбельных слов 4; пулы 4 и 15
has_stripes,spotted_and_striped,do_not_pair,derived,4,badger | bee | chipmunk | clownfish,P0,общих играбельных слов 4; пулы 4 и 14
hats,types_of_hats,do_not_pair,derived,4,beret | bowler | fedora | stetson,P0,общих играбельных слов 4; пулы 23 и 4
have_stripes,spotted_and_striped,do_not_pair,derived,4,chipmunk | skunk | tiger | zebra,P0,общих играбельных слов 4; пулы 4 и 14
health_care,healthcare,do_not_pair,derived,4,clinic | disease | hospital | medicine,P1,общих играбельных слов 4; пулы 8 и 7
healthy_life,healthy_lifestyle,do_not_pair,derived,4,diet | hydration | meditation | nutrition,P1,общих играбельных слов 4; пулы 8 и 10
healthy_lifestyle,wellness,do_not_pair,derived,4,diet | gym | hydration | meditation,P1,общих играбельных слов 4; пулы 10 и 11
heart,hearts,do_not_pair,derived,4,aorta | atrium | valve | ventricle,P0,общих играбельных слов 4; пулы 24 и 4
hexapods,insects,do_not_pair,derived,4,ant | bee | beetle | dragonfly,P0,общих играбельных слов 4; пулы 4 и 31
high_school_courses,school_subjects,do_not_pair,derived,4,biology | calculus | chemistry | economics,P0,общих играбельных слов 4; пулы 4 и 33
highlands,scottish_culture,do_not_pair,derived,4,bagpipes | haggis | kilt | tartan,P0,общих играбельных слов 4; пулы 5 и 8
historic_jobs,medieval_occupations,do_not_pair,derived,4,blacksmith | cooper | miller | scribe,P1,общих играбельных слов 4; пулы 15 и 8
historical_eras,time_periods,do_not_pair,derived,4,ancient | medieval | modern | renaissance,P1,общих играбельных слов 4; пулы 23 и 14
historical_leaders,leaders,do_not_pair,derived,4,caesar | churchill | lincoln | napoleon,P0,общих играбельных слов 4; пулы 6 и 14
holidays,religious_holidays,do_not_pair,derived,4,christmas | easter | hanukkah | passover,P1,общих играбельных слов 4; пулы 20 и 17
holy_scripture,religious_books,do_not_pair,derived,4,quran | talmud | torah | vedas,P0,общих играбельных слов 4; пулы 4 и 13
home,home_rooms,do_not_pair,derived,4,bathroom | bedroom | garage | kitchen,P0,общих играбельных слов 4; пулы 4 и 20
home,rooms_in_a_house,do_not_pair,derived,4,bathroom | bedroom | garage | kitchen,P0,общих играбельных слов 4; пулы 4 и 6
home_rooms,in_your_house,do_not_pair,derived,4,bathroom | bedroom | hallway | kitchen,P0,общих играбельных слов 4; пулы 20 и 4
home_rooms,rooms,do_not_pair,derived,4,bathroom | bedroom | kitchen | living room,P0,общих играбельных слов 4; пулы 20 и 4
home_security,security_tech,do_not_pair,derived,4,alarm | camera | lock | sensor,P0,общих играбельных слов 4; пулы 4 и 14
honey_and_syrups,sweeteners,do_not_pair,derived,4,agave | brown sugar | honey | stevia,P1,общих играбельных слов 4; пулы 13 и 8
horoscope,zodiac,do_not_pair,derived,4,aries | cancer | gemini | pisces,P0,общих играбельных слов 4; пулы 4 и 16
horoscope,zodiac_signs,do_not_pair,derived,4,aries | cancer | gemini | pisces,P0,общих играбельных слов 4; пулы 4 и 12
horoscope_signs,zodiac,do_not_pair,derived,4,aries | cancer | libra | scorpio,P0,общих играбельных слов 4; пулы 4 и 16
horoscope_signs,zodiac_signs,do_not_pair,derived,4,aries | cancer | libra | scorpio,P0,общих играбельных слов 4; пулы 4 и 12
hospital_things,medical_equipment,do_not_pair,derived,4,bandage | scalpel | stethoscope | syringe,P0,общих играбельных слов 4; пулы 18 и 6
hotel,hotel_words,do_not_pair,derived,4,concierge | lobby | suite | valet,P1,общих играбельных слов 4; пулы 13 и 18
houseplants,tropical_plants,do_not_pair,derived,4,bamboo | fern | orchid | palm,P1,общих играбельных слов 4; пулы 18 и 14
housing_types,kinds_of_buildings,do_not_pair,derived,4,bungalow | cottage | duplex | mansion,P0,общих играбельных слов 4; пулы 4 и 26
human_eye,parts_of_the_eye,do_not_pair,derived,4,cornea | iris | pupil | retina,P0,общих играбельных слов 4; пулы 4 и 12
human_locomotion,ways_of_moving,do_not_pair,derived,4,crawl | run | sprint | walk,P0,общих играбельных слов 4; пулы 4 и 30
human_senses,senses,do_not_pair,derived,4,hearing | sight | smell | touch,P0,общих играбельных слов 4; пулы 7 и 5
human_senses,senses_and_perception,do_not_pair,derived,4,hearing | sight | smell | touch,P1,общих играбельных слов 4; пулы 7 и 12
humor,kinds_of_humor,do_not_pair,derived,4,irony | joke | prank | sarcasm,P1,общих играбельных слов 4; пулы 8 и 7
igneous_rocks,rocks_and_minerals,do_not_pair,derived,4,basalt | granite | obsidian | pumice,P0,общих играбельных слов 4; пулы 4 и 20
image_formats,photo_file_formats,do_not_pair,derived,4,bmp | gif | jpeg | png,P0,общих играбельных слов 4; пулы 5 и 4
imaging_techniques,scientific_imaging_techniques,do_not_pair,derived,4,crystallography | microscopy | radiography | tomography,P0,общих играбельных слов 4; пулы 4 и 4
in_a_field,things_on_a_farm,do_not_pair,derived,4,fence | hay | scarecrow | tractor,P0,общих играбельных слов 4; пулы 4 и 20
in_a_lunchbox,snack_foods,do_not_pair,derived,4,chips | cookie | pretzels | yogurt,P1,общих играбельных слов 4; пулы 12 и 24
in_a_salad,salad,do_not_pair,derived,4,cucumber | dressing | lettuce | tomato,P0,общих играбельных слов 4; пулы 6 и 17
in_a_salad,salad_ingredients,do_not_pair,derived,4,cucumber | dressing | lettuce | tomato,P0,общих играбельных слов 4; пулы 6 и 25
indian,indian_dishes,do_not_pair,derived,4,biryani | curry | dal | samosa,P0,общих играбельных слов 4; пулы 4 и 15
insects,pollinators,do_not_pair,derived,4,bee | beetle | butterfly | wasp,P0,общих играбельных слов 4; пулы 31 и 5
instruments,music,do_not_pair,derived,4,drum | flute | guitar | piano,P1,общих играбельных слов 4; пулы 15 и 27
instruments,orchestra_instruments,do_not_pair,derived,4,cello | flute | viola | violin,P0,общих играбельных слов 4; пулы 15 и 5
internet_browser,web_browsers,do_not_pair,derived,4,chrome | edge | opera | safari,P0,общих играбельных слов 4; пулы 4 и 8
interrogation,investigation,do_not_pair,derived,4,alibi | motive | suspect | witness,P0,общих играбельных слов 4; пулы 4 и 10
island_nations,island_states,do_not_pair,derived,4,cyprus | iceland | indonesia | jamaica,P0,общих играбельных слов 4; пулы 15 и 4
italian_cuisine,italian_food,do_not_pair,derived,4,bruschetta | pasta | pizza | risotto,P1,общих играбельных слов 4; пулы 7 и 8
italian_culinary_terms,italian_dishes,do_not_pair,derived,4,antipasto | gelato | pasta | risotto,P0,общих играбельных слов 4; пулы 4 и 22
italian_dishes,pasta_dishes,do_not_pair,derived,4,alfredo | carbonara | lasagna | pesto,P1,общих играбельных слов 4; пулы 22 и 12
italian_dishes,pasta_shapes,do_not_pair,derived,4,gnocchi | lasagna | ravioli | spaghetti,P1,общих играбельных слов 4; пулы 22 и 23
italian_dishes,types_of_pasta,do_not_pair,derived,4,gnocchi | lasagna | ravioli | spaghetti,P1,общих играбельных слов 4; пулы 22 и 9
japanese_dishes,japanese_foods,do_not_pair,derived,4,ramen | sushi | teriyaki | yakitori,P0,общих играбельных слов 4; пулы 16 и 4
japanese_dishes,sushi_bar,do_not_pair,derived,4,bento | edamame | sashimi | teriyaki,P0,общих играбельных слов 4; пулы 16 и 6
jazz,jazz_subgenres,do_not_pair,derived,4,bebop | fusion | ragtime | swing,P0,общих играбельных слов 4; пулы 23 и 4
jazz,jazz_variants,do_not_pair,derived,4,bebop | fusion | ragtime | swing,P0,общих играбельных слов 4; пулы 23 и 4
jazz_subgenres,jazz_variants,do_not_pair,derived,4,bebop | fusion | ragtime | swing,P0,общих играбельных слов 4; пулы 4 и 4
job_hunting,job_interview,do_not_pair,derived,4,application | interview | recruiter | resume,P0,общих играбельных слов 4; пулы 16 и 4
jobs,people_who_help,do_not_pair,derived,4,doctor | firefighter | nurse | teacher,P1,общих играбельных слов 4; пулы 17 и 14
jobs,professions,do_not_pair,derived,4,artist | engineer | lawyer | teacher,P1,общих играбельных слов 4; пулы 17 и 27
jungle_animal,jungle_animals,do_not_pair,derived,4,jaguar | monkey | sloth | toucan,P0,общих играбельных слов 4; пулы 4 и 20
jungle_animals,monkeys_and_apes,do_not_pair,derived,4,chimpanzee | gorilla | lemur | orangutan,P1,общих играбельных слов 4; пулы 20 и 14
jungle_animals,primates,do_not_pair,derived,4,chimpanzee | gorilla | lemur | orangutan,P1,общих играбельных слов 4; пулы 20 и 11
jungle_animals,reptiles,do_not_pair,derived,4,boa | iguana | python | snake,P1,общих играбельных слов 4; пулы 20 и 22
jungle_animals,wild_cats,do_not_pair,derived,4,jaguar | leopard | panther | tiger,P1,общих играбельных слов 4; пулы 20 и 14
justice_league,superheroes,do_not_pair,derived,4,aquaman | batman | flash | superman,P0,общих играбельных слов 4; пулы 4 и 20
kinds_of_doctors,medical_jobs,do_not_pair,derived,4,cardiologist | dentist | pediatrician | surgeon,P0,общих играбельных слов 4; пулы 6 и 20
kinds_of_plants,things_that_grow,do_not_pair,derived,4,flower | grass | moss | tree,P1,общих играбельных слов 4; пулы 7 и 18
kings_and_queens,royal_names,do_not_pair,derived,4,charles | elizabeth | henry | victoria,P0,общих играбельных слов 4; пулы 4 и 16
kitchen,utensils,do_not_pair,derived,4,knife | spatula | tongs | whisk,P0,общих играбельных слов 4; пулы 26 и 6
kitchen_accessories,kitchen_tools,do_not_pair,derived,4,corkscrew | grater | tongs | whisk,P0,общих играбельных слов 4; пулы 4 и 30
kitchen_tools,mixing_tools,do_not_pair,derived,4,blender | ladle | spatula | whisk,P0,общих играбельных слов 4; пулы 30 и 4
knights_and_armor,medieval_armor,do_not_pair,derived,4,breastplate | gauntlet | helmet | shield,P0,общих играбельных слов 4; пулы 18 и 4
knights_and_armor,weapon,do_not_pair,derived,4,dagger | shield | spear | sword,P1,общих играбельных слов 4; пулы 18 и 9
knitting,knitting_terms,do_not_pair,derived,4,cable | cast on | purl | skein,P0,общих играбельных слов 4; пулы 13 и 5
knitting_terms,knitting_words,do_not_pair,derived,4,cast on | gauge | purl | skein,P0,общих играбельных слов 4; пулы 5 и 14
knitting_words,sewing_supplies,do_not_pair,derived,4,hook | needle | pattern | yarn,P1,общих играбельных слов 4; пулы 14 и 18
knitting_words,sewing_words,do_not_pair,derived,4,needle | pattern | stitch | yarn,P1,общих играбельных слов 4; пулы 14 и 18
la_pizza,pizza,do_not_pair,derived,4,cheese | crust | sauce | slice,P0,общих играбельных слов 4; пулы 4 и 18
land_transport,vehicles,do_not_pair,derived,4,moped | scooter | subway | tram,P0,общих играбельных слов 4; пулы 4 и 33
landforms,mountain,do_not_pair,derived,4,cliff | glacier | ridge | summit,P1,общих играбельных слов 4; пулы 33 и 14
landforms,natural_elevations,do_not_pair,derived,4,hill | mountain | plateau | volcano,P0,общих играбельных слов 4; пулы 33 и 4
landforms,natural_landforms,do_not_pair,derived,4,basin | plateau | ridge | valley,P0,общих играбельных слов 4; пулы 33 и 4
landforms,terrain,do_not_pair,derived,4,canyon | mountain | plateau | valley,P0,общих играбельных слов 4; пулы 33 и 5
largest_countries,the_largest_countries,do_not_pair,derived,4,canada | china | russia | usa,P0,общих играбельных слов 4; пулы 4 и 4
latin_american_countries,latin_nations,do_not_pair,derived,4,brazil | chile | mexico | peru,P0,общих играбельных слов 4; пулы 18 и 4
latin_american_countries,south_american_countries,do_not_pair,derived,4,argentina | brazil | chile | peru,P0,общих играбельных слов 4; пулы 18 и 4
latin_american_countries,spanish_speaking,do_not_pair,derived,4,argentina | colombia | mexico | peru,P0,общих играбельных слов 4; пулы 18 и 5
laughter,ways_of_laughing,do_not_pair,derived,4,chuckle | giggle | laugh | snicker,P0,общих играбельных слов 4; пулы 4 и 11
laundry_day,laundry_things,do_not_pair,derived,4,bleach | detergent | hamper | softener,P1,общих играбельных слов 4; пулы 8 и 16
leaf_shapes,plant_parts,do_not_pair,derived,4,bud | sprout | stalk | stem,P1,общих играбельных слов 4; пулы 14 и 16
leafy_greens,salad,do_not_pair,derived,4,arugula | lettuce | spinach | watercress,P1,общих играбельных слов 4; пулы 12 и 17
leafy_greens,salad_ingredients,do_not_pair,derived,4,arugula | cabbage | lettuce | spinach,P1,общих играбельных слов 4; пулы 12 и 25
leafy_greens,vegetables,do_not_pair,derived,4,cabbage | kale | lettuce | spinach,P1,общих играбельных слов 4; пулы 12 и 33
length,things_measured_in_inches,do_not_pair,derived,4,centimeter | inch | meter | mile,P0,общих играбельных слов 4; пулы 5 и 21
lessons,subjects,do_not_pair,derived,4,history | math | music | science,P1,общих играбельных слов 4; пулы 8 и 9
levant,middle_east_places,do_not_pair,derived,4,israel | jordan | lebanon | syria,P0,общих играбельных слов 4; пулы 4 и 16
life_stages,young_age,do_not_pair,derived,4,child | infant | teen | youth,P0,общих играбельных слов 4; пулы 18 и 4
light_sources,things_that_glow,do_not_pair,derived,4,bulb | candle | firefly | lamp,P0,общих играбельных слов 4; пулы 22 и 6
light_things,things_you_blow,do_not_pair,derived,4,balloon | bubble | dust | hair,P1,общих играбельных слов 4; пулы 16 и 12
lighthouse,lighthouse_parts,do_not_pair,derived,4,beacon | keeper | lens | tower,P0,общих играбельных слов 4; пулы 15 и 6
linguistic_features,linguistics,do_not_pair,derived,4,morpheme | phoneme | semantics | syntax,P0,общих играбельных слов 4; пулы 4 и 11
liquids,vending_machine_items,do_not_pair,derived,4,coffee | juice | soda | water,P1,общих играбельных слов 4; пулы 20 и 13
living_room_things,things_that_plug_in,do_not_pair,derived,4,clock | lamp | speaker | television,P1,общих играбельных слов 4; пулы 20 и 20
living_room_things,waiting_room_things,do_not_pair,derived,4,clock | lamp | magazine | plant,P1,общих играбельных слов 4; пулы 20 и 11
lizard,reptiles,do_not_pair,derived,4,chameleon | gecko | iguana | skink,P0,общих играбельных слов 4; пулы 5 и 22
lizard,terrarium,do_not_pair,derived,4,anole | chameleon | gecko | skink,P0,общих играбельных слов 4; пулы 5 и 7
lizards,terrarium,do_not_pair,derived,4,anole | chameleon | gecko | skink,P1,общих играбельных слов 4; пулы 12 и 7
locksmith_words,security_tech,do_not_pair,derived,4,deadbolt | keypad | lock | safe,P1,общих играбельных слов 4; пулы 15 и 14
locksmith_words,things_made_of_metal,do_not_pair,derived,4,chain | hinge | key | safe,P1,общих играбельных слов 4; пулы 15 и 18
locksmith_words,under_lock,do_not_pair,derived,4,key | lock | padlock | safe,P1,общих играбельных слов 4; пулы 15 и 7
long_rivers,rivers,do_not_pair,derived,4,amazon | congo | mississippi | nile,P0,общих играбельных слов 4; пулы 4 и 18
loom_parts,weaving_terms,do_not_pair,derived,4,heddle | reed | shuttle | warp,P0,общих играбельных слов 4; пулы 4 и 4
loud_noises,onomatopoeia,do_not_pair,derived,4,bang | boom | crash | rumble,P1,общих играбельных слов 4; пулы 14 и 25
loud_noises,thunder,do_not_pair,derived,4,boom | crash | roar | rumble,P1,общих играбельных слов 4; пулы 14 и 10
lunch_menu,main_course,do_not_pair,derived,4,burger | pizza | sandwich | steak,P0,общих играбельных слов 4; пулы 8 и 5
lunch_menu,things_you_eat_with_hands,do_not_pair,derived,4,burger | pizza | sandwich | taco,P0,общих играбельных слов 4; пулы 8 и 4
luxury_fabrics,luxury_textures,do_not_pair,derived,4,angora | cashmere | mohair | velvet,P0,общих играбельных слов 4; пулы 6 и 4
made_of_ice,water_states,do_not_pair,derived,4,frost | glacier | hail | icicle,P0,общих играбельных слов 4; пулы 5 и 19
magic_creatures,monsters,do_not_pair,derived,4,banshee | goblin | troll | witch,P1,общих играбельных слов 4; пулы 18 и 23
magnets_and_forces,physics,do_not_pair,derived,4,friction | gravity | inertia | torque,P1,общих играбельных слов 4; пулы 13 и 29
mammal,mammals,do_not_pair,derived,4,dolphin | elephant | lion | whale,P0,общих играбельных слов 4; пулы 6 и 16
mammal,zoo_animals,do_not_pair,derived,4,elephant | lion | monkey | zebra,P0,общих играбельных слов 4; пулы 6 и 23
mammals,safari_animals,do_not_pair,derived,4,elephant | giraffe | lion | rhino,P0,общих играбельных слов 4; пулы 16 и 6
mammals,sea_mammals,do_not_pair,derived,4,dolphin | otter | walrus | whale,P1,общих играбельных слов 4; пулы 16 и 14
manners,polite_words,do_not_pair,derived,4,apologize | excuse me | please | sorry,P1,общих играбельных слов 4; пулы 18 и 12
marine,ocean_animals,do_not_pair,derived,4,coral | seahorse | shark | turtle,P0,общих играбельных слов 4; пулы 4 и 25
marine_life,ocean_animals,do_not_pair,derived,4,coral | starfish | urchin | whale,P1,общих играбельных слов 4; пулы 9 и 25
marine_life,ocean_products,do_not_pair,derived,4,coral | kelp | plankton | seaweed,P1,общих играбельных слов 4; пулы 9 и 13
marine_life,reef,do_not_pair,derived,4,anemone | coral | kelp | seaweed,P1,общих играбельных слов 4; пулы 9 и 12
marine_life,reef_life,do_not_pair,derived,4,anemone | coral | starfish | urchin,P0,общих играбельных слов 4; пулы 9 и 4
marine_life_forms,ocean,do_not_pair,derived,4,coral | kelp | reef | shark,P1,общих играбельных слов 4; пулы 8 и 25
marine_life_forms,ocean_animals,do_not_pair,derived,4,coral | dolphin | octopus | shark,P1,общих играбельных слов 4; пулы 8 и 25
marine_mammals,ocean_animals,do_not_pair,derived,4,dolphin | manatee | walrus | whale,P0,общих играбельных слов 4; пулы 5 и 25
marsupial,marsupials,do_not_pair,derived,4,kangaroo | koala | opossum | wallaby,P0,общих играбельных слов 4; пулы 4 и 11
marsupials,pouched,do_not_pair,derived,4,kangaroo | koala | opossum | wombat,P0,общих играбельных слов 4; пулы 11 и 4
martial_arts,sports,do_not_pair,derived,4,boxing | fencing | judo | karate,P1,общих играбельных слов 4; пулы 16 и 22
materials,sculpture_materials,do_not_pair,derived,4,glass | metal | stone | wood,P1,общих играбельных слов 4; пулы 10 и 18
math_branches,math_subjects,do_not_pair,derived,4,algebra | calculus | geometry | statistics,P0,общих играбельных слов 4; пулы 7 и 5
math_concepts,math_subjects,do_not_pair,derived,4,algebra | calculus | geometry | trigonometry,P0,общих играбельных слов 4; пулы 4 и 5
math_concepts,school_subjects,do_not_pair,derived,4,algebra | calculus | geometry | trigonometry,P0,общих играбельных слов 4; пулы 4 и 33
math_subjects,school_subjects,do_not_pair,derived,4,algebra | calculus | geometry | trigonometry,P0,общих играбельных слов 4; пулы 5 и 33
mathematical_fields,mathematics_branches,do_not_pair,derived,4,calculus | combinatorics | topology | trigonometry,P0,общих играбельных слов 4; пулы 6 и 5
meal_types,menu,do_not_pair,derived,4,appetizer | dessert | salad | soup,P0,общих играбельных слов 4; пулы 4 и 6
meal_types,restaurant_courses,do_not_pair,derived,4,appetizer | dessert | salad | soup,P0,общих играбельных слов 4; пулы 4 и 6
measurement_devices,weather_instruments,do_not_pair,derived,4,barometer | seismograph | sundial | thermometer,P1,общих играбельных слов 4; пулы 14 и 12
measuring_instruments,measuring_tools,do_not_pair,derived,4,caliper | compass | protractor | ruler,P0,общих играбельных слов 4; пулы 4 и 16
meat,pizza_toppings,do_not_pair,derived,4,bacon | chicken | ham | sausage,P1,общих играбельных слов 4; пулы 12 и 30
medicine_forms,medicines,do_not_pair,derived,4,injection | ointment | pill | syrup,P1,общих играбельных слов 4; пулы 15 и 14
medieval_siege_weapons,siege_weapons,do_not_pair,derived,4,ballista | catapult | mangonel | trebuchet,P0,общих играбельных слов 4; пулы 5 и 5
melons_and_squash,squash_family,do_not_pair,derived,4,acorn | butternut | pumpkin | zucchini,P0,общих играбельных слов 4; пулы 11 и 4
menu,restaurant_courses,do_not_pair,derived,4,appetizer | dessert | salad | soup,P0,общих играбельных слов 4; пулы 6 и 6
metal_alloys,metals,do_not_pair,derived,4,brass | bronze | pewter | steel,P0,общих играбельных слов 4; пулы 5 и 21
metals,reward_tier,do_not_pair,derived,4,bronze | gold | platinum | silver,P0,общих играбельных слов 4; пулы 21 и 4
meteorology,storm,do_not_pair,derived,4,cyclone | rain | squall | wind,P1,общих играбельных слов 4; пулы 18 и 19
meteorology,storms,do_not_pair,derived,4,blizzard | cyclone | monsoon | squall,P1,общих играбельных слов 4; пулы 18 и 17
meteorology,weather_science,do_not_pair,derived,4,barometer | forecast | humidity | isobar,P1,общих играбельных слов 4; пулы 18 и 14
mexican_dishes,spanish_dishes,do_not_pair,derived,4,churro | empanada | flan | tortilla,P1,общих играбельных слов 4; пулы 20 и 11
mexican_dishes,taco_night,do_not_pair,derived,4,fajita | guacamole | salsa | tortilla,P1,общих играбельных слов 4; пулы 20 и 12
microscope_parts,microscopy,do_not_pair,derived,4,condenser | eyepiece | objective | stage,P0,общих играбельных слов 4; пулы 5 и 12
midwest_cities,us_cities,do_not_pair,derived,4,chicago | cleveland | detroit | milwaukee,P1,общих играбельных слов 4; пулы 15 и 22
military_branches,military_sections,do_not_pair,derived,4,air force | army | marines | navy,P0,общих играбельных слов 4; пулы 12 и 4
military_ranks,navy_officer_ranks,do_not_pair,derived,4,captain | commander | ensign | lieutenant,P0,общих играбельных слов 4; пулы 14 и 4
milk,plant_based_milks,do_not_pair,derived,4,almond | coconut | oat | soy,P0,общих играбельных слов 4; пулы 4 и 4
mint,mint_and_herbs_varieties,do_not_pair,derived,4,basil | oregano | peppermint | spearmint,P1,общих играбельных слов 4; пулы 22 и 13
mint_and_herbs_varieties,spices_and_herbs,do_not_pair,derived,4,basil | cilantro | dill | oregano,P1,общих играбельных слов 4; пулы 13 и 25
mollusca,molluscs,do_not_pair,derived,4,clam | octopus | snail | squid,P0,общих играбельных слов 4; пулы 6 и 4
mollusca,ocean_animals,do_not_pair,derived,4,clam | octopus | oyster | squid,P0,общих играбельных слов 4; пулы 6 и 25
mollusca,shellfish,do_not_pair,derived,4,clam | mussel | oyster | snail,P0,общих играбельных слов 4; пулы 6 и 15
money,world_currencies_more,do_not_pair,derived,4,dirham | peso | rupee | yen,P1,общих играбельных слов 4; пулы 17 и 18
monkey,primates,do_not_pair,derived,4,baboon | bonobo | macaque | mandrill,P1,общих играбельных слов 4; пулы 8 и 11
monsters,mutants,do_not_pair,derived,4,monster | vampire | werewolf | zombie,P0,общих играбельных слов 4; пулы 23 и 4
monsters,storybook_characters,do_not_pair,derived,4,goblin | ogre | troll | witch,P1,общих играбельных слов 4; пулы 23 и 20
months,summer_months,do_not_pair,derived,4,august | july | june | september,P0,общих играбельных слов 4; пулы 12 и 4
mountain,mountain_ranges,do_not_pair,derived,4,alps | andes | himalayas | rockies,P1,общих играбельных слов 4; пулы 14 и 12
mountain_ranges,mountains,do_not_pair,derived,4,alps | andes | himalayas | pyrenees,P1,общих играбельных слов 4; пулы 12 и 10
mountain_things,mountains,do_not_pair,derived,4,peak | ridge | slope | summit,P1,общих играбельных слов 4; пулы 20 и 10
mountains,world_mountains,do_not_pair,derived,4,alps | andes | everest | fuji,P1,общих играбельных слов 4; пулы 10 и 17
movie,movie_genres,do_not_pair,derived,4,action | comedy | horror | romance,P1,общих играбельных слов 4; пулы 12 и 19
movie_genre,movie_genres,do_not_pair,derived,4,comedy | drama | horror | western,P0,общих играбельных слов 4; пулы 4 и 19
movie_roles,theater_roles,do_not_pair,derived,4,actor | director | gaffer | producer,P1,общих играбельных слов 4; пулы 15 и 9
movie_snacks,movie_theater_snacks,do_not_pair,derived,4,candy | nachos | popcorn | soda,P0,общих играбельных слов 4; пулы 4 и 4
movie_words,theater_words,do_not_pair,derived,4,box office | cast | matinee | script,P1,общих играбельных слов 4; пулы 20 и 20
moving,verbs_of_movement,do_not_pair,derived,4,crawl | jump | run | walk,P0,общих играбельных слов 4; пулы 8 и 4
moving,ways_of_moving,do_not_pair,derived,4,crawl | jump | run | walk,P1,общих играбельных слов 4; пулы 8 и 30
multi_legged,multi_legged_creatures,do_not_pair,derived,4,centipede | crab | millipede | spider,P0,общих играбельных слов 4; пулы 4 и 4
mushroom_types,mushroom_varieties,do_not_pair,derived,4,chanterelle | morel | porcini | truffle,P0,общих играбельных слов 4; пулы 11 и 4
mushroom_varieties,mushrooms,do_not_pair,derived,4,chanterelle | morel | porcini | truffle,P0,общих играбельных слов 4; пулы 4 и 10
music,musical_instruments,do_not_pair,derived,4,drum | flute | guitar | piano,P1,общих играбельных слов 4; пулы 27 и 30
music,musical_terms,do_not_pair,derived,4,harmony | melody | rhythm | tempo,P1,общих играбельных слов 4; пулы 27 и 9
music_class_things,musical_instruments,do_not_pair,derived,4,drum | piano | tambourine | xylophone,P1,общих играбельных слов 4; пулы 14 и 30
music_genres,music_styles,do_not_pair,derived,4,folk | funk | jazz | reggae,P0,общих играбельных слов 4; пулы 22 и 4
music_genres,musical_genres,do_not_pair,derived,4,blues | country | opera | reggae,P0,общих играбельных слов 4; пулы 22 и 4
music_tempo_terms,musical_directions,do_not_pair,derived,4,adagio | allegro | lento | presto,P0,общих играбельных слов 4; пулы 15 и 4
music_tempo_terms,musical_speeds,do_not_pair,derived,4,adagio | allegro | andante | moderato,P0,общих играбельных слов 4; пулы 15 и 4
music_tempo_terms,musical_tempo_markings,do_not_pair,derived,4,adagio | allegro | andante | presto,P0,общих играбельных слов 4; пулы 15 и 4
music_tempo_terms,musical_tempos,do_not_pair,derived,4,adagio | allegro | andante | presto,P0,общих играбельных слов 4; пулы 15 и 4
music_tempo_terms,tempos,do_not_pair,derived,4,adagio | largo | moderato | presto,P0,общих играбельных слов 4; пулы 15 и 4
music_words,musical_notation,do_not_pair,derived,4,clef | flat | octave | sharp,P1,общих играбельных слов 4; пулы 25 и 8
musical_instruments,orchestra_instruments,do_not_pair,derived,4,cello | flute | trumpet | violin,P0,общих играбельных слов 4; пулы 30 и 5
musical_instruments,orchestral_instruments,do_not_pair,derived,4,bassoon | flute | trumpet | violin,P0,общих играбельных слов 4; пулы 30 и 4
musical_instruments,simple_instruments,do_not_pair,derived,4,guitar | harmonica | trumpet | ukulele,P0,общих играбельных слов 4; пулы 30 и 4
musical_sounds,onomatopoeia,do_not_pair,derived,4,boom | clang | jingle | ring,P1,общих играбельных слов 4; пулы 14 и 25
musical_tempo_markings,musical_tempos,do_not_pair,derived,4,adagio | allegro | andante | presto,P0,общих играбельных слов 4; пулы 4 и 4
mythical_beasts,mythological_creatures,do_not_pair,derived,4,dragon | griffin | hydra | sphinx,P1,общих играбельных слов 4; пулы 7 и 8
mythical_beasts,mythology,do_not_pair,derived,4,hydra | minotaur | pegasus | sphinx,P1,общих играбельных слов 4; пулы 7 и 20
mythological_creatures,mythology,do_not_pair,derived,4,chimera | hydra | kraken | sphinx,P1,общих играбельных слов 4; пулы 8 и 20
nasa,space_exploration,do_not_pair,derived,4,apollo | artemis | astronaut | rocket,P1,общих играбельных слов 4; пулы 7 и 15
national_parks,us_landmarks,do_not_pair,derived,4,everglades | grand canyon | yellowstone | yosemite,P1,общих играбельных слов 4; пулы 26 и 15
national_parks_us,us_landmarks,do_not_pair,derived,4,everglades | grand canyon | yellowstone | yosemite,P1,общих играбельных слов 4; пулы 15 и 15
national_parks_us,us_national_parks,do_not_pair,derived,4,acadia | arches | denali | zion,P0,общих играбельных слов 4; пулы 15 и 4
native_american_tribes,native_tribes,do_not_pair,derived,4,apache | cherokee | navajo | sioux,P0,общих играбельных слов 4; пулы 5 и 4
natural_disasters,storms,do_not_pair,derived,4,blizzard | cyclone | hurricane | tornado,P1,общих играбельных слов 4; пулы 17 и 17
natural_disasters,weather,do_not_pair,derived,4,blizzard | cyclone | hurricane | tornado,P1,общих играбельных слов 4; пулы 17 и 36
natural_disasters,weather_phenomena,do_not_pair,derived,4,blizzard | cyclone | hurricane | tornado,P1,общих играбельных слов 4; пулы 17 и 13
natural_fibers,textile_fibers,do_not_pair,derived,4,cotton | linen | silk | wool,P0,общих играбельных слов 4; пулы 4 и 5
natural_fibers,textile_materials,do_not_pair,derived,4,cotton | linen | silk | wool,P0,общих играбельных слов 4; пулы 4 и 8
natural_wonders,nature,do_not_pair,derived,4,canyon | desert | island | ocean,P1,общих играбельных слов 4; пулы 8 и 19
nature_sounds,quiet_sounds,do_not_pair,derived,4,hum | patter | rustle | whisper,P1,общих играбельных слов 4; пулы 15 и 13
nautical_ranks,sea_jobs,do_not_pair,derived,4,boatswain | captain | deckhand | navigator,P1,общих играбельных слов 4; пулы 12 и 14
nautical_terms,sailing,do_not_pair,derived,4,boom | mast | port | starboard,P1,общих играбельных слов 4; пулы 11 и 9
nautical_terms,sailing_terms,do_not_pair,derived,4,boom | port | starboard | stern,P1,общих играбельных слов 4; пулы 11 и 18
nautical_terms,ship_parts,do_not_pair,derived,4,anchor | boom | mast | stern,P1,общих играбельных слов 4; пулы 11 и 11
navigation_aids,navigation_tools,do_not_pair,derived,4,buoy | compass | radar | sonar,P0,общих играбельных слов 4; пулы 4 и 16
need_vaccine_for,vaccine_types,do_not_pair,derived,4,covid | influenza | measles | polio,P0,общих играбельных слов 4; пулы 4 и 4
newspaper_parts,newspaper_sections,do_not_pair,derived,4,comics | editorial | obituary | sports,P1,общих играбельных слов 4; пулы 18 и 10
night_sky_things,space_phenomena,do_not_pair,derived,4,aurora | comet | eclipse | meteor,P1,общих играбельных слов 4; пулы 15 и 15
nobel_prize,nobel_prize_categories,do_not_pair,derived,4,chemistry | literature | peace | physics,P0,общих играбельных слов 4; пулы 4 и 5
nobel_prize,nobel_prize_fields,do_not_pair,derived,4,chemistry | literature | peace | physics,P0,общих играбельных слов 4; пулы 4 и 4
nobel_prize_categories,nobel_prize_fields,do_not_pair,derived,4,chemistry | literature | peace | physics,P0,общих играбельных слов 4; пулы 5 и 4
nocturnal_animals,pests,do_not_pair,derived,4,mole | moth | mouse | raccoon,P1,общих играбельных слов 4; пулы 21 и 22
nocturnal_animals,rodents,do_not_pair,derived,4,beaver | hamster | mouse | porcupine,P1,общих играбельных слов 4; пулы 21 и 20
noodle_dishes,noodles,do_not_pair,derived,4,pho | ramen | soba | udon,P0,общих играбельных слов 4; пулы 4 и 7
nordic_countries,scandinavia,do_not_pair,derived,4,denmark | finland | norway | sweden,P0,общих играбельных слов 4; пулы 4 и 4
norse_gods,scandinavian_gods,do_not_pair,derived,4,loki | odin | thor | tyr,P0,общих играбельных слов 4; пулы 11 и 4
norse_legends,norse_mythology,do_not_pair,derived,4,asgard | loki | thor | valhalla,P0,общих играбельных слов 4; пулы 4 и 13
numbers,superstition_numbers,do_not_pair,derived,4,eight | five | four | three,P1,общих играбельных слов 4; пулы 9 и 25
nutrients,nutrition_words,do_not_pair,derived,4,fiber | mineral | protein | vitamin,P1,общих играбельных слов 4; пулы 10 и 16
nutrients,supplements,do_not_pair,derived,4,magnesium | probiotic | vitamin | zinc,P1,общих играбельных слов 4; пулы 10 и 12
nutrients,vitamins_and_minerals,do_not_pair,derived,4,calcium | iron | magnesium | zinc,P1,общих играбельных слов 4; пулы 10 и 15
ocean,ocean_zones,do_not_pair,derived,4,bay | gulf | reef | tide,P1,общих играбельных слов 4; пулы 25 и 29
ocean,oceans,do_not_pair,derived,4,arctic | atlantic | indian | pacific,P0,общих играбельных слов 4; пулы 25 и 4
ocean_animals,shell,do_not_pair,derived,4,clam | crab | oyster | turtle,P1,общих играбельных слов 4; пулы 25 и 10
ocean_animals,things_with_shells,do_not_pair,derived,4,crab | lobster | shrimp | turtle,P0,общих играбельных слов 4; пулы 25 и 4
ocean_animals,under_the_sea,do_not_pair,derived,4,coral | crab | jellyfish | seahorse,P0,общих играбельных слов 4; пулы 25 и 5
ocean_floor,ocean_life,do_not_pair,derived,4,coral | kelp | reef | seaweed,P1,общих играбельных слов 4; пулы 10 и 16
ocean_life,reef,do_not_pair,derived,4,coral | fish | kelp | seaweed,P1,общих играбельных слов 4; пулы 16 и 12
ocean_life,sea_shore_things,do_not_pair,derived,4,crab | jellyfish | seaweed | starfish,P1,общих играбельных слов 4; пулы 16 и 21
ocean_life,under_the_sea,do_not_pair,derived,4,coral | crab | fish | jellyfish,P0,общих играбельных слов 4; пулы 16 и 5
oceania,oceania_places,do_not_pair,derived,4,australia | fiji | guam | papua new guinea,P0,общих играбельных слов 4; пулы 4 и 12
odd_numbers,superstition_numbers,do_not_pair,derived,4,five | one | seven | three,P0,общих играбельных слов 4; пулы 4 и 25
office,office_machines,do_not_pair,derived,4,computer | printer | scanner | shredder,P1,общих играбельных слов 4; пулы 14 и 14
office_equipment,office_machines,do_not_pair,derived,4,copier | scanner | shredder | typewriter,P0,общих играбельных слов 4; пулы 4 и 14
office_jobs,staff,do_not_pair,derived,4,assistant | clerk | manager | supervisor,P0,общих играбельных слов 4; пулы 16 и 4
office_supplies,writing,do_not_pair,derived,4,marker | notebook | paper | pencil,P1,общих играбельных слов 4; пулы 30 и 28
office_supplies,writing_tools,do_not_pair,derived,4,highlighter | marker | pen | pencil,P1,общих играбельных слов 4; пулы 30 и 15
oil,petroleum,do_not_pair,derived,4,diesel | gasoline | jet fuel | kerosene,P0,общих играбельных слов 4; пулы 8 и 4
oligarch,oligarchy,do_not_pair,derived,4,magnate | mogul | overlord | tycoon,P0,общих играбельных слов 4; пулы 4 и 4
olympic_events,sports,do_not_pair,derived,4,archery | fencing | judo | swimming,P1,общих играбельных слов 4; пулы 13 и 22
olympic_events,summer_olympics,do_not_pair,derived,4,archery | gymnastics | rowing | swimming,P1,общих играбельных слов 4; пулы 13 и 7
olympic_sports,track_events,do_not_pair,derived,4,hurdles | javelin | marathon | shot put,P1,общих играбельных слов 4; пулы 34 и 16
olympic_swimming_strokes,swimming,do_not_pair,derived,4,backstroke | breaststroke | butterfly | freestyle,P0,общих играбельных слов 4; пулы 4 и 8
olympic_swimming_strokes,swimming_strokes,do_not_pair,derived,4,backstroke | breaststroke | butterfly | freestyle,P0,общих играбельных слов 4; пулы 4 и 11
omelet_ingredients,pizza_toppings,do_not_pair,derived,4,cheese | egg | mushroom | onion,P0,общих играбельных слов 4; пулы 4 и 30
omelet_ingredients,salad_ingredients,do_not_pair,derived,4,cheese | egg | mushroom | onion,P0,общих играбельных слов 4; пулы 4 и 25
opera,opera_composers,do_not_pair,derived,4,puccini | rossini | verdi | wagner,P0,общих играбельных слов 4; пулы 30 и 4
opera,operas,do_not_pair,derived,4,aida | carmen | rigoletto | tosca,P0,общих играбельных слов 4; пулы 30 и 4
opera_vocal_ranges,opera_voices,do_not_pair,derived,4,baritone | mezzo | soprano | tenor,P0,общих играбельных слов 4; пулы 4 и 4
opera_vocal_ranges,singer,do_not_pair,derived,4,baritone | mezzo | soprano | tenor,P0,общих играбельных слов 4; пулы 4 и 8
opera_voices,singer,do_not_pair,derived,4,baritone | mezzo | soprano | tenor,P0,общих играбельных слов 4; пулы 4 и 8
opposites,words_before_ball,do_not_pair,derived,4,hard | high | low | soft,P1,общих играбельных слов 4; пулы 26 и 20
opposites,words_before_time,do_not_pair,derived,4,big | day | full | night,P1,общих играбельных слов 4; пулы 26 и 20
origami,origami_models,do_not_pair,derived,4,butterfly | dragon | frog | lotus,P0,общих играбельных слов 4; пулы 13 и 6
outer_planets,planets,do_not_pair,derived,4,jupiter | neptune | saturn | uranus,P0,общих играбельных слов 4; пулы 4 и 9
outer_planets,planets_with_rings,do_not_pair,derived,4,jupiter | neptune | saturn | uranus,P0,общих играбельных слов 4; пулы 4 и 4
pace,ways_of_moving,do_not_pair,derived,4,jog | run | sprint | walk,P0,общих играбельных слов 4; пулы 4 и 30
pack_animals,riding_animals,do_not_pair,derived,4,camel | donkey | horse | mule,P0,общих играбельных слов 4; пулы 16 и 4
painting,painting_supplies,do_not_pair,derived,4,brush | canvas | easel | palette,P1,общих играбельных слов 4; пулы 7 и 16
painting,painting_tools,do_not_pair,derived,4,brush | canvas | easel | palette,P0,общих играбельных слов 4; пулы 7 и 4
painting_supplies,painting_tools,do_not_pair,derived,4,brush | canvas | easel | palette,P0,общих играбельных слов 4; пулы 16 и 4
painting_supplies,used_for_paint,do_not_pair,derived,4,brush | canvas | palette | roller,P0,общих играбельных слов 4; пулы 16 и 4
painting_trade,sewing_and_repair,do_not_pair,derived,4,caulk | putty | sandpaper | tape,P1,общих играбельных слов 4; пулы 14 и 18
paleontology_equipment,paleontology_tools,do_not_pair,derived,4,awl | brush | matrix | plaster,P0,общих играбельных слов 4; пулы 4 и 4
pantry_staples,powders,do_not_pair,derived,4,baking soda | flour | salt | sugar,P1,общих играбельных слов 4; пулы 20 и 15
pantry_staples,soup_ingredients,do_not_pair,derived,4,broth | pasta | rice | salt,P1,общих играбельных слов 4; пулы 20 и 25
pantry_staples,white_things,do_not_pair,derived,4,flour | rice | salt | sugar,P1,общих играбельных слов 4; пулы 20 и 20
paper_arts,paper_crafts,do_not_pair,derived,4,decoupage | kirigami | origami | quilling,P0,общих играбельных слов 4; пулы 4 и 8
paper_arts,paper_folding_arts,do_not_pair,derived,4,decoupage | kirigami | origami | quilling,P0,общих играбельных слов 4; пулы 4 и 4
paper_crafts,paper_folding_arts,do_not_pair,derived,4,decoupage | kirigami | origami | quilling,P0,общих играбельных слов 4; пулы 8 и 4
parrot_species,parrots_and_exotic_birds,do_not_pair,derived,4,cockatoo | lorikeet | lovebird | macaw,P0,общих играбельных слов 4; пулы 4 и 13
particle_physics,particles,do_not_pair,derived,4,boson | hadron | neutrino | quark,P0,общих играбельных слов 4; пулы 4 и 10
parts_of_a_rose,plant_parts,do_not_pair,derived,4,leaf | petal | stem | thorn,P0,общих играбельных слов 4; пулы 4 и 16
parts_of_a_rose,rose,do_not_pair,derived,4,leaf | petal | stem | thorn,P0,общих играбельных слов 4; пулы 4 и 6
parts_of_sentence,parts_of_speech,do_not_pair,derived,4,adjective | adverb | noun | verb,P0,общих играбельных слов 4; пулы 4 и 12
parts_of_sentence,words,do_not_pair,derived,4,adjective | adverb | noun | verb,P0,общих играбельных слов 4; пулы 4 и 4
parts_of_speech,words,do_not_pair,derived,4,adjective | adverb | noun | verb,P0,общих играбельных слов 4; пулы 12 и 4
parts_of_the_day,times_of_day,do_not_pair,derived,4,dawn | dusk | night | noon,P0,общих играбельных слов 4; пулы 4 и 6
parts_of_the_eye,vision_science,do_not_pair,derived,4,cornea | lens | pupil | retina,P0,общих играбельных слов 4; пулы 12 и 4
past_and_future,time_expressions,do_not_pair,derived,4,forever | today | tomorrow | yesterday,P0,общих играбельных слов 4; пулы 18 и 4
pasta_dishes,types_of_pasta_sauce,do_not_pair,derived,4,alfredo | carbonara | marinara | pesto,P0,общих играбельных слов 4; пулы 12 и 4
pasta_dishes,types_of_sauce,do_not_pair,derived,4,alfredo | bolognese | marinara | pesto,P0,общих играбельных слов 4; пулы 12 и 4
pasta_sauce,types_of_pasta_sauce,do_not_pair,derived,4,alfredo | carbonara | marinara | pesto,P0,общих играбельных слов 4; пулы 5 и 4
pasta_sauce,types_of_sauce,do_not_pair,derived,4,alfredo | bolognese | marinara | pesto,P0,общих играбельных слов 4; пулы 5 и 4
pasta_sauces,types_of_pasta_sauce,do_not_pair,derived,4,alfredo | carbonara | marinara | pesto,P0,общих играбельных слов 4; пулы 6 и 4
pasta_sauces,types_of_sauce,do_not_pair,derived,4,alfredo | bolognese | marinara | pesto,P0,общих играбельных слов 4; пулы 6 и 4
pasta_shapes,pasta_types,do_not_pair,derived,4,fusilli | penne | ravioli | rigatoni,P0,общих играбельных слов 4; пулы 23 и 4
pasta_types,types_of_pasta,do_not_pair,derived,4,fusilli | penne | ravioli | rigatoni,P0,общих играбельных слов 4; пулы 4 и 9
pastries,types_of_pastry,do_not_pair,derived,4,croissant | danish | eclair | profiterole,P0,общих играбельных слов 4; пулы 13 и 4
patterns,textile_patterns,do_not_pair,derived,4,argyle | chevron | houndstooth | paisley,P0,общих играбельных слов 4; пулы 17 и 4
pencil_case,school_supplies,do_not_pair,derived,4,eraser | highlighter | ruler | sharpener,P0,общих играбельных слов 4; пулы 4 и 27
penguin,penguins,do_not_pair,derived,4,adelie | chinstrap | emperor | gentoo,P0,общих играбельных слов 4; пулы 15 и 4
people_at_a_wedding,wedding_things,do_not_pair,derived,4,best man | bride | bridesmaid | groom,P1,общих играбельных слов 4; пулы 14 и 20
perfume,watch_and_luxury,do_not_pair,derived,4,chanel | dior | gucci | versace,P1,общих играбельных слов 4; пулы 8 и 14
perfume_words,scent_families,do_not_pair,derived,4,citrus | floral | musk | woody,P0,общих играбельных слов 4; пулы 15 и 4
perfume_words,smell_words,do_not_pair,derived,4,floral | fresh | spicy | sweet,P1,общих играбельных слов 4; пулы 15 и 15
personal_protective_equipment,safety_gear,do_not_pair,derived,4,gloves | goggles | helmet | vest,P0,общих играбельных слов 4; пулы 4 и 14
personality,personality_traits,do_not_pair,derived,4,brave | honest | kind | shy,P1,общих играбельных слов 4; пулы 8 и 7
pest_control,pests,do_not_pair,derived,4,aphid | gopher | slug | weevil,P1,общих играбельных слов 4; пулы 14 и 22
pet_shop,pet_supplies,do_not_pair,derived,4,aquarium | cage | collar | leash,P0,общих играбельных слов 4; пулы 5 и 20
pets,reptile,do_not_pair,derived,4,iguana | lizard | snake | turtle,P1,общих играбельных слов 4; пулы 25 и 7
pets,reptiles,do_not_pair,derived,4,iguana | lizard | snake | turtle,P1,общих играбельных слов 4; пулы 25 и 22
philosophers,sage,do_not_pair,derived,4,aristotle | confucius | plato | socrates,P1,общих играбельных слов 4; пулы 16 и 15
philosophical_schools,philosophy_schools,do_not_pair,derived,4,empiricism | existentialism | nihilism | stoicism,P0,общих играбельных слов 4; пулы 6 и 4
philosophy,philosophy_branches,do_not_pair,derived,4,aesthetics | ethics | logic | metaphysics,P0,общих играбельных слов 4; пулы 12 и 4
philosophy,philosophy_fields,do_not_pair,derived,4,aesthetics | ethics | logic | metaphysics,P0,общих играбельных слов 4; пулы 12 и 5
philosophy_branches,philosophy_fields,do_not_pair,derived,4,aesthetics | ethics | logic | metaphysics,P0,общих играбельных слов 4; пулы 4 и 5
phone_words,smartphone,do_not_pair,derived,4,app | battery | camera | charger,P0,общих играбельных слов 4; пулы 18 и 6
photographer,photography,do_not_pair,derived,4,exposure | lens | portrait | shutter,P0,общих играбельных слов 4; пулы 4 и 15
photographer,photography_words,do_not_pair,derived,4,exposure | lens | portrait | shutter,P0,общих играбельных слов 4; пулы 4 и 18
photography_hobby,photography_words,do_not_pair,derived,4,filter | flash | lens | tripod,P1,общих играбельных слов 4; пулы 14 и 18
photography_hobby,telescope_words,do_not_pair,derived,4,filter | lens | reflector | tripod,P1,общих играбельных слов 4; пулы 14 и 14
physicists,scientists,do_not_pair,derived,4,einstein | galileo | hawking | newton,P0,общих играбельных слов 4; пулы 4 и 16
physics,physics_concepts,do_not_pair,derived,4,energy | force | momentum | velocity,P0,общих играбельных слов 4; пулы 29 и 4
pie_ingredients,powders,do_not_pair,derived,4,cinnamon | flour | salt | sugar,P1,общих играбельных слов 4; пулы 25 и 15
pie_ingredients,things_with_seeds,do_not_pair,derived,4,apple | cherry | peach | pumpkin,P1,общих играбельных слов 4; пулы 25 и 25
pie_types,things_with_seeds,do_not_pair,derived,4,apple | cherry | peach | pumpkin,P1,общих играбельных слов 4; пулы 15 и 25
pirate,pirates,do_not_pair,derived,4,blackbeard | cutlass | ship | treasure,P1,общих играбельных слов 4; пулы 11 и 11
place_names_as_names,state_capitals,do_not_pair,derived,4,austin | madison | phoenix | trenton,P1,общих играбельных слов 4; пулы 16 и 25
places_with_animals,things_on_a_farm,do_not_pair,derived,4,barn | coop | pasture | stable,P1,общих играбельных слов 4; пулы 16 и 20
places_you_wait,town_places,do_not_pair,derived,4,bank | pharmacy | post office | theater,P1,общих играбельных слов 4; пулы 14 и 25
planet,roman_deities,do_not_pair,derived,4,jupiter | mars | neptune | venus,P0,общих играбельных слов 4; пулы 14 и 5
planets,planets_with_rings,do_not_pair,derived,4,jupiter | neptune | saturn | uranus,P0,общих играбельных слов 4; пулы 9 и 4
planets,roman_deities,do_not_pair,derived,4,jupiter | mars | neptune | venus,P0,общих играбельных слов 4; пулы 9 и 5
plant_parts,rose,do_not_pair,derived,4,leaf | petal | stem | thorn,P0,общих играбельных слов 4; пулы 16 и 6
plate_tectonics,tectonic_features,do_not_pair,derived,4,fault | mantle | rift | subduction,P0,общих играбельных слов 4; пулы 4 и 4
play_genres,theater,do_not_pair,derived,4,comedy | drama | musical | tragedy,P0,общих играбельных слов 4; пулы 4 и 27
poetic_forms,poetry_types,do_not_pair,derived,4,ghazal | haiku | sonnet | villanelle,P0,общих играбельных слов 4; пулы 6 и 4
poker,poker_actions,do_not_pair,derived,4,bluff | call | fold | raise,P0,общих играбельных слов 4; пулы 14 и 5
poker,poker_hands,do_not_pair,derived,4,flush | full house | straight | two pair,P1,общих играбельных слов 4; пулы 14 и 12
poker_actions,poker_terms,do_not_pair,derived,4,bluff | call | fold | raise,P0,общих играбельных слов 4; пулы 5 и 5
pond_animals,water_animals,do_not_pair,derived,4,beaver | newt | otter | swan,P0,общих играбельных слов 4; пулы 18 и 4
pottery,pottery_essentials,do_not_pair,derived,4,clay | glaze | kiln | wheel,P0,общих играбельных слов 4; пулы 21 и 4
pottery_essentials,pottery_tools,do_not_pair,derived,4,clay | glaze | kiln | wheel,P0,общих играбельных слов 4; пулы 4 и 8
pottery_essentials,pottery_words,do_not_pair,derived,4,clay | glaze | kiln | wheel,P0,общих играбельных слов 4; пулы 4 и 14
pottery_tools,pottery_words,do_not_pair,derived,4,clay | glaze | kiln | wheel,P1,общих играбельных слов 4; пулы 8 и 14
powders,white_things,do_not_pair,derived,4,chalk | flour | salt | sugar,P1,общих играбельных слов 4; пулы 15 и 20
power_and_batteries,socket,do_not_pair,derived,4,adapter | extension | outlet | plug,P0,общих играбельных слов 4; пулы 16 и 4
press,reading_material,do_not_pair,derived,4,book | brochure | magazine | newspaper,P0,общих играбельных слов 4; пулы 4 и 22
printing_and_type,typography,do_not_pair,derived,4,font | kerning | serif | typeface,P1,общих играбельных слов 4; пулы 14 и 7
programming,programming_languages,do_not_pair,derived,4,go | python | rust | swift,P0,общих играбельных слов 4; пулы 4 и 7
programming_concept,programming_words,do_not_pair,derived,4,array | function | loop | variable,P0,общих играбельных слов 4; пулы 4 и 18
programming_language,software_engineering,do_not_pair,derived,4,java | python | ruby | swift,P0,общих играбельных слов 4; пулы 7 и 4
programming_languages,software_engineering,do_not_pair,derived,4,java | python | ruby | swift,P0,общих играбельных слов 4; пулы 7 и 4
promotional,promotional_materials,do_not_pair,derived,4,banner | booklet | business card | flyer,P0,общих играбельных слов 4; пулы 4 и 4
psychological_states,psychology,do_not_pair,derived,4,emotions | feelings | instincts | moods,P0,общих играбельных слов 4; пулы 4 и 10
punctuation,symbols,do_not_pair,derived,4,asterisk | brackets | question mark | semicolon,P1,общих играбельных слов 4; пулы 19 и 9
puzzle_types,types_of_puzzles,do_not_pair,derived,4,crossword | jigsaw | rebus | riddle,P0,общих играбельных слов 4; пулы 14 и 4
quantities,quantity_words,do_not_pair,derived,4,few | handful | several | some,P0,общих играбельных слов 4; пулы 4 и 18
racing_sports,summer_olympics,do_not_pair,derived,4,cycling | rowing | swimming | triathlon,P1,общих играбельных слов 4; пулы 19 и 7
racing_sports,track_events,do_not_pair,derived,4,hurdles | marathon | relay | sprint,P1,общих играбельных слов 4; пулы 19 и 16
racket_sports,racquet_sports,do_not_pair,derived,4,badminton | pickleball | racquetball | tennis,P0,общих играбельных слов 4; пулы 5 и 4
radiation,types_of_radiation,do_not_pair,derived,4,alpha | beta | gamma | x ray,P0,общих играбельных слов 4; пулы 4 и 7
radio_station,radio_words,do_not_pair,derived,4,broadcast | dj | static | transmitter,P1,общих играбельных слов 4; пулы 8 и 15
ranch_words,wild_west,do_not_pair,derived,4,corral | cowboy | horse | lasso,P1,общих играбельных слов 4; пулы 15 и 22
reading_material,things_made_of_paper,do_not_pair,derived,4,book | map | newspaper | ticket,P1,общих играбельных слов 4; пулы 22 и 16
recyclable,things_you_recycle,do_not_pair,derived,4,glass | metal | paper | plastic,P0,общих играбельных слов 4; пулы 4 и 18
red_liquid,red_liquids,do_not_pair,derived,4,blood | cherry juice | tomato sauce | wine,P0,общих играбельных слов 4; пулы 4 и 4
red_things,things_with_seeds,do_not_pair,derived,4,apple | cherry | strawberry | tomato,P1,общих играбельных слов 4; пулы 20 и 25
religions,world_religions,do_not_pair,derived,4,buddhism | christianity | hinduism | islam,P0,общих играбельных слов 4; пулы 4 и 12
religious_figures,religious_leaders,do_not_pair,derived,4,bishop | imam | monk | rabbi,P0,общих играбельных слов 4; пулы 4 и 17
renaissance_artists,renaissance_masters,do_not_pair,derived,4,donatello | leonardo | michelangelo | raphael,P0,общих играбельных слов 4; пулы 5 и 4
reptiles,serpents,do_not_pair,derived,4,anaconda | cobra | python | viper,P0,общих играбельных слов 4; пулы 22 и 4
rhetoric,rhetoric_techniques,do_not_pair,derived,4,anaphora | ethos | logos | pathos,P0,общих играбельных слов 4; пулы 11 и 4
rice_types,rice_varieties,do_not_pair,derived,4,arborio | basmati | jasmine | wild,P0,общих играбельных слов 4; пулы 13 и 4
ringing,things_that_ring,do_not_pair,derived,4,alarm | doorbell | gong | phone,P0,общих играбельных слов 4; пулы 4 и 13
rivers,rivers_of_europe,do_not_pair,derived,4,danube | rhine | seine | thames,P0,общих играбельных слов 4; пулы 18 и 4
rivers_of_europe,world_rivers,do_not_pair,derived,4,danube | rhine | seine | thames,P0,общих играбельных слов 4; пулы 4 и 16
road,road_vehicles,do_not_pair,derived,4,bike | bus | car | motorcycle,P0,общих играбельных слов 4; пулы 4 и 4
road,vehicles,do_not_pair,derived,4,bike | bus | car | motorcycle,P0,общих играбельных слов 4; пулы 4 и 33
road_vehicles,vehicles,do_not_pair,derived,4,bike | bus | car | motorcycle,P0,общих играбельных слов 4; пулы 4 и 33
rocket_components,rocket_parts,do_not_pair,derived,4,booster | nozzle | payload | thruster,P0,общих играбельных слов 4; пулы 4 и 12
roman_deities,roman_gods,do_not_pair,derived,4,jupiter | mars | neptune | venus,P0,общих играбельных слов 4; пулы 5 и 14
root_vegetables,salad_ingredients,do_not_pair,derived,4,beet | carrot | onion | radish,P1,общих играбельных слов 4; пулы 15 и 25
root_vegetables,soup_ingredients,do_not_pair,derived,4,carrot | garlic | onion | potato,P1,общих играбельных слов 4; пулы 15 и 25
root_vegetables,underground_harvest,do_not_pair,derived,4,beet | carrot | radish | turnip,P0,общих играбельных слов 4; пулы 15 и 4
rouge,shades_of_red,do_not_pair,derived,4,cherry | crimson | maroon | scarlet,P0,общих играбельных слов 4; пулы 4 и 8
safety_gear,sports_gear_worn,do_not_pair,derived,4,goggles | harness | helmet | mask,P1,общих играбельных слов 4; пулы 14 и 14
safety_signs,traffic_signs,do_not_pair,derived,4,exit | no entry | stop | yield,P1,общих играбельных слов 4; пулы 16 и 17
sailing,sailing_terms,do_not_pair,derived,4,boom | heel | port | starboard,P1,общих играбельных слов 4; пулы 9 и 18
sailing,ship_parts,do_not_pair,derived,4,boom | keel | mast | rudder,P1,общих играбельных слов 4; пулы 9 и 11
sailing_terms,sailing_words,do_not_pair,derived,4,boom | port | starboard | stern,P1,общих играбельных слов 4; пулы 18 и 18
salad,vegetables,do_not_pair,derived,4,cucumber | lettuce | spinach | tomato,P1,общих играбельных слов 4; пулы 17 и 33
saltwater_fish,seafood,do_not_pair,derived,4,cod | mahi mahi | snapper | tuna,P1,общих играбельных слов 4; пулы 15 и 27
salty_snacks,snacks,do_not_pair,derived,4,chips | crackers | popcorn | pretzel,P0,общих играбельных слов 4; пулы 6 и 12
san,spanish_names,do_not_pair,derived,4,antonio | diego | jose | pablo,P0,общих играбельных слов 4; пулы 4 и 20
sandwich,sandwich_names,do_not_pair,derived,4,grinder | hero | hoagie | sub,P0,общих играбельных слов 4; пулы 15 и 4
sandwich_components,sandwich_fillings,do_not_pair,derived,4,lettuce | mustard | pickle | tomato,P0,общих играбельных слов 4; пулы 4 и 25
sandwich_fillings,vegetables,do_not_pair,derived,4,cucumber | lettuce | onion | tomato,P1,общих играбельных слов 4; пулы 25 и 33
school_classes,school_subjects,do_not_pair,derived,4,biology | chemistry | geometry | literature,P0,общих играбельных слов 4; пулы 4 и 33
school_subjects,school_topics,do_not_pair,derived,4,geography | history | math | science,P0,общих играбельных слов 4; пулы 33 и 4
school_subjects,science,do_not_pair,derived,4,astronomy | biology | chemistry | physics,P1,общих играбельных слов 4; пулы 33 и 12
school_subjects,science_fields,do_not_pair,derived,4,astronomy | biology | chemistry | physics,P1,общих играбельных слов 4; пулы 33 и 15
school_supplies,things_in_a_junk_drawer,do_not_pair,derived,4,glue | pen | scissors | tape,P1,общих играбельных слов 4; пулы 27 и 19
science_branches,science_fields,do_not_pair,derived,4,biology | chemistry | physics | psychology,P0,общих играбельных слов 4; пулы 4 и 15
science_disciplines,science_fields,do_not_pair,derived,4,biology | chemistry | geology | physics,P0,общих играбельных слов 4; пулы 4 и 15
science_fiction,science_fiction_space,do_not_pair,derived,4,alien | cyborg | galaxy | laser,P1,общих играбельных слов 4; пулы 13 и 14
science_jobs,stem_jobs,do_not_pair,derived,4,biologist | chemist | engineer | physicist,P0,общих играбельных слов 4; пулы 15 и 4
sea_creatures,under_the_sea,do_not_pair,derived,4,coral | crab | jellyfish | seahorse,P0,общих играбельных слов 4; пулы 15 и 5
sea_life,seafood,do_not_pair,derived,4,mussel | octopus | shrimp | squid,P1,общих играбельных слов 4; пулы 8 и 27
sea_mammals,whales,do_not_pair,derived,4,beluga | humpback | narwhal | orca,P1,общих играбельных слов 4; пулы 14 и 10
sea_shore_things,washed_up,do_not_pair,derived,4,crab | driftwood | seaweed | shell,P0,общих играбельных слов 4; пулы 21 и 4
seafood,shell,do_not_pair,derived,4,clam | crab | oyster | scallop,P1,общих играбельных слов 4; пулы 27 и 10
seafood,shells,do_not_pair,derived,4,clam | mussel | oyster | scallop,P1,общих играбельных слов 4; пулы 27 и 13
seas_and_oceans,seas_near_europe,do_not_pair,derived,4,adriatic | baltic | mediterranean | north sea,P0,общих играбельных слов 4; пулы 14 и 5
seasoning,taste_words,do_not_pair,derived,4,salty | sour | spicy | sweet,P1,общих играбельных слов 4; пулы 8 и 21
seasons_and_nature,signs_of_spring,do_not_pair,derived,4,blossom | bud | sprout | thaw,P0,общих играбельных слов 4; пулы 18 и 4
seasons_spring,spring_season,do_not_pair,derived,4,nest | puddle | rain | sprout,P0,общих играбельных слов 4; пулы 16 и 6
see_through,transparent_things,do_not_pair,derived,4,cellophane | glass | lens | water,P0,общих играбельных слов 4; пулы 4 и 14
sense,senses,do_not_pair,derived,4,hearing | sight | taste | touch,P0,общих играбельных слов 4; пулы 4 и 5
sense,senses_and_perception,do_not_pair,derived,4,hearing | sight | taste | touch,P0,общих играбельных слов 4; пулы 4 и 12
serpents,snakes,do_not_pair,derived,4,anaconda | cobra | python | viper,P0,общих играбельных слов 4; пулы 4 и 13
sewing_and_repair,things_made_of_metal,do_not_pair,derived,4,hinge | nail | wire | wrench,P1,общих играбельных слов 4; пулы 18 и 18
sewing_supplies,things_that_cut,do_not_pair,derived,4,hook | needle | pin | scissors,P1,общих играбельных слов 4; пулы 18 и 18
shakespeare,shakespeare_plays,do_not_pair,derived,4,hamlet | macbeth | othello | tempest,P1,общих играбельных слов 4; пулы 8 и 15
shakespeare,tragic_heroes,do_not_pair,derived,4,hamlet | lear | macbeth | othello,P0,общих играбельных слов 4; пулы 8 и 4
shakespeare_plays,shakespeare_tragedies,do_not_pair,derived,4,hamlet | king lear | macbeth | othello,P0,общих играбельных слов 4; пулы 15 и 4
shakespeare_plays,shakespearean_tragedies,do_not_pair,derived,4,hamlet | king lear | macbeth | othello,P0,общих играбельных слов 4; пулы 15 и 4
shakespeare_tragedies,shakespearean_tragedies,do_not_pair,derived,4,hamlet | king lear | macbeth | othello,P0,общих играбельных слов 4; пулы 4 и 4
shape_adjectives,size_words,do_not_pair,derived,4,narrow | thick | thin | wide,P1,общих играбельных слов 4; пулы 18 и 12
sharp_edge,things_that_cut,do_not_pair,derived,4,blade | knife | razor | saw,P0,общих играбельных слов 4; пулы 4 и 18
sharp_objects,things_that_cut,do_not_pair,derived,4,blade | knife | razor | thorn,P0,общих играбельных слов 4; пулы 6 и 18
shoes,types_of_shoes,do_not_pair,derived,4,boots | heels | sandals | sneakers,P1,общих играбельных слов 4; пулы 11 и 8
shops,store_types,do_not_pair,derived,4,bakery | butcher | deli | florist,P0,общих играбельных слов 4; пулы 4 и 20
silverware,utensils,do_not_pair,derived,4,fork | knife | spoon | tongs,P0,общих играбельных слов 4; пулы 14 и 6
size_words,word_size,do_not_pair,derived,4,enormous | gigantic | huge | massive,P1,общих играбельных слов 4; пулы 12 и 15
skateboard,skateboarding,do_not_pair,derived,4,deck | grip tape | trucks | wheels,P0,общих играбельных слов 4; пулы 6 и 16
skiing,skiing_words,do_not_pair,derived,4,lift | poles | powder | slope,P0,общих играбельных слов 4; пулы 4 и 14
skin_features,skin_marks,do_not_pair,derived,4,birthmark | freckle | scar | wrinkle,P0,общих играбельных слов 4; пулы 6 и 5
skyscapers,skyscrapers,do_not_pair,derived,4,elevator | lobby | penthouse | rooftop,P0,общих играбельных слов 4; пулы 4 и 4
small_sizes,word_small,do_not_pair,derived,4,micro | mini | small | tiny,P0,общих играбельных слов 4; пулы 4 и 14
smell_words,taste_words,do_not_pair,derived,4,smoky | sour | spicy | sweet,P1,общих играбельных слов 4; пулы 15 и 21
smelly_things,strong_odors,do_not_pair,derived,4,ammonia | garlic | skunk | vinegar,P0,общих играбельных слов 4; пулы 15 и 4
snacks,vending_machine_items,do_not_pair,derived,4,chips | cookies | popcorn | pretzels,P1,общих играбельных слов 4; пулы 12 и 13
sneaker_brands,sneakers,do_not_pair,derived,4,adidas | nike | puma | reebok,P0,общих играбельных слов 4; пулы 4 и 4
soccer_actions,sporting_verbs,do_not_pair,derived,4,dive | dribble | sprint | tackle,P0,общих играбельных слов 4; пулы 4 и 4
soccer_actions,sports_actions,do_not_pair,derived,4,dive | dribble | sprint | tackle,P0,общих играбельных слов 4; пулы 4 и 18
soda_brands,sodas,do_not_pair,derived,4,coke | fanta | pepsi | sprite,P0,общих играбельных слов 4; пулы 13 и 4
soil,soil_types,do_not_pair,derived,4,clay | loam | peat | sand,P0,общих играбельных слов 4; пулы 7 и 6
soil,types_of_soil,do_not_pair,derived,4,clay | loam | peat | sand,P0,общих играбельных слов 4; пулы 7 и 6
soil_types,soil_words,do_not_pair,derived,4,clay | loam | sand | silt,P0,общих играбельных слов 4; пулы 6 и 14
soil_words,types_of_soil,do_not_pair,derived,4,clay | loam | sand | silt,P0,общих играбельных слов 4; пулы 14 и 6
solar_system_words,space_phenomena,do_not_pair,derived,4,comet | eclipse | meteor | orbit,P1,общих играбельных слов 4; пулы 14 и 15
solar_system_words,things_in_the_sky_science,do_not_pair,derived,4,comet | eclipse | gravity | orbit,P1,общих играбельных слов 4; пулы 14 и 17
songbird,songbirds,do_not_pair,derived,4,finch | lark | thrush | warbler,P0,общих играбельных слов 4; пулы 4 и 17
sonnet,sonnet_forms,do_not_pair,derived,4,miltonic | petrarchan | shakespearean | spenserian,P0,общих играбельных слов 4; пулы 16 и 4
soup,soups,do_not_pair,derived,4,broth | chicken noodle | chowder | miso,P1,общих играбельных слов 4; пулы 7 и 22
soup_ingredients,things_with_seeds,do_not_pair,derived,4,bean | corn | pepper | tomato,P1,общих играбельных слов 4; пулы 25 и 25
soup_ingredients,veggies,do_not_pair,derived,4,carrot | celery | onion | potato,P0,общих играбельных слов 4; пулы 25 и 4
soup_varieties,soups,do_not_pair,derived,4,bisque | chowder | gazpacho | minestrone,P0,общих играбельных слов 4; пулы 4 и 22
south_america,south_american_countries,do_not_pair,derived,4,argentina | brazil | chile | peru,P0,общих играбельных слов 4; пулы 6 и 4
south_american_cities,world_cities,do_not_pair,derived,4,bogota | buenos aires | rio de janeiro | santiago,P1,общих играбельных слов 4; пулы 14 и 31
southern_cities,state_capitals,do_not_pair,derived,4,atlanta | austin | nashville | raleigh,P1,общих играбельных слов 4; пулы 15 и 25
southern_dishes,thanksgiving_foods,do_not_pair,derived,4,biscuit | cornbread | gravy | pecan pie,P1,общих играбельных слов 4; пулы 16 и 20
space,space_exploration,do_not_pair,derived,4,astronaut | moon | rocket | satellite,P1,общих играбельных слов 4; пулы 16 и 15
space,things_in_the_sky_science,do_not_pair,derived,4,comet | gravity | orbit | satellite,P1,общих играбельных слов 4; пулы 16 и 17
space_exploration,space_missions,do_not_pair,derived,4,apollo | artemis | hubble | voyager,P1,общих играбельных слов 4; пулы 15 и 9
space_exploration,spacecraft,do_not_pair,derived,4,apollo | hubble | sputnik | voyager,P1,общих играбельных слов 4; пулы 15 и 15
space_measurements,things_in_the_sky_science,do_not_pair,derived,4,gravity | light year | orbit | rotation,P1,общих играбельных слов 4; пулы 11 и 17
space_objects,things_in_the_sky_science,do_not_pair,derived,4,comet | constellation | galaxy | satellite,P1,общих играбельных слов 4; пулы 20 и 17
space_phenomena,things_in_the_sky_science,do_not_pair,derived,4,comet | eclipse | meteor shower | orbit,P1,общих играбельных слов 4; пулы 15 и 17
space_probes,spacecraft,do_not_pair,derived,4,cassini | pioneer | sputnik | voyager,P0,общих играбельных слов 4; пулы 4 и 15
space_travel,spaceship,do_not_pair,derived,4,astronaut | orbit | rocket | shuttle,P1,общих играбельных слов 4; пулы 18 и 7
space_travel,things_in_the_sky_science,do_not_pair,derived,4,gravity | orbit | satellite | telescope,P1,общих играбельных слов 4; пулы 18 и 17
spanish_cuisine,spanish_dishes,do_not_pair,derived,4,churro | gazpacho | paella | tapas,P0,общих играбельных слов 4; пулы 6 и 11
spice_varieties,spices,do_not_pair,derived,4,cardamom | paprika | saffron | turmeric,P0,общих играбельных слов 4; пулы 4 и 15
spice_varieties,spices_and_herbs,do_not_pair,derived,4,cardamom | paprika | saffron | turmeric,P0,общих играбельных слов 4; пулы 4 и 25
spiders,spiders_and_crawlers,do_not_pair,derived,4,black widow | brown recluse | tarantula | wolf spider,P0,общих играбельных слов 4; пулы 4 и 11
sporting_verbs,sports_actions,do_not_pair,derived,4,dive | dribble | sprint | tackle,P0,общих играбельных слов 4; пулы 4 и 18
spotted_and_striped,striped_things,do_not_pair,derived,4,bee | skunk | tiger | zebra,P1,общих играбельных слов 4; пулы 14 и 14
spotted_and_striped,they_have_stripes,do_not_pair,derived,4,bee | okapi | skunk | tiger,P0,общих играбельных слов 4; пулы 14 и 4
state_capitals,us_state_capitals,do_not_pair,derived,4,austin | boston | denver | richmond,P0,общих играбельных слов 4; пулы 25 и 4
states,us_states,do_not_pair,derived,4,arizona | nebraska | oregon | wyoming,P0,общих играбельных слов 4; пулы 4 и 27
sticky_things,things_that_melt,do_not_pair,derived,4,caramel | frosting | marshmallow | wax,P1,общих играбельных слов 4; пулы 22 и 18
storage_containers,things_that_open,do_not_pair,derived,4,box | drawer | envelope | jar,P1,общих играбельных слов 4; пулы 20 и 20
storm,tempest,do_not_pair,derived,4,fury | gale | hurricane | squall,P0,общих играбельных слов 4; пулы 19 и 6
storm,thunderstorm,do_not_pair,derived,4,downpour | lightning | shelter | thunder,P0,общих играбельных слов 4; пулы 19 и 4
storm_conditions,water_states,do_not_pair,derived,4,fog | hail | mist | sleet,P0,общих играбельных слов 4; пулы 4 и 19
storm_conditions,weather,do_not_pair,derived,4,fog | hail | mist | sleet,P0,общих играбельных слов 4; пулы 4 и 36
storm_conditions,weather_words,do_not_pair,derived,4,fog | hail | mist | sleet,P0,общих играбельных слов 4; пулы 4 и 26
storm_types,storms,do_not_pair,derived,4,blizzard | hurricane | thunderstorm | tornado,P0,общих играбельных слов 4; пулы 4 и 17
strategic_board_games,strategy_games,do_not_pair,derived,4,checkers | chess | go | othello,P0,общих играбельных слов 4; пулы 4 и 10
striped_objects,striped_things,do_not_pair,derived,4,barber pole | candy cane | tiger | zebra,P0,общих играбельных слов 4; пулы 4 и 14
swimming,swimming_strokes,do_not_pair,derived,4,backstroke | breaststroke | butterfly | freestyle,P1,общих играбельных слов 4; пулы 8 и 11
tarot_card_categories,tarot_card_suits,do_not_pair,derived,4,cups | pentacles | swords | wands,P0,общих играбельных слов 4; пулы 4 и 4
taste_qualities,taste_words,do_not_pair,derived,4,bitter | savory | spicy | tangy,P0,общих играбельных слов 4; пулы 4 и 21
taxonomy,taxonomy_ranks,do_not_pair,derived,4,family | genus | phylum | species,P0,общих играбельных слов 4; пулы 7 и 4
team_sports,world_sports,do_not_pair,derived,4,cricket | handball | netball | rugby,P1,общих играбельных слов 4; пулы 18 и 13
telescope,telescope_parts,do_not_pair,derived,4,eyepiece | finder | mirror | mount,P0,общих играбельных слов 4; пулы 18 и 5
television,tv_words,do_not_pair,derived,4,broadcast | channel | commercial | episode,P1,общих играбельных слов 4; пулы 18 и 18
tells_time,timekeeping,do_not_pair,derived,4,clock | hourglass | stopwatch | sundial,P0,общих играбельных слов 4; пулы 4 и 7
tells_time,timepieces,do_not_pair,derived,4,clock | hourglass | stopwatch | sundial,P0,общих играбельных слов 4; пулы 4 и 6
temperature_words,weather_adjectives,do_not_pair,derived,4,freezing | icy | mild | sweltering,P1,общих играбельных слов 4; пулы 16 и 18
tennis_shots,tennis_words,do_not_pair,derived,4,ace | lob | serve | volley,P0,общих играбельных слов 4; пулы 4 и 18
textile_fibers,textile_materials,do_not_pair,derived,4,cotton | linen | silk | wool,P0,общих играбельных слов 4; пулы 5 и 8
textile_materials,yarn,do_not_pair,derived,4,cotton | linen | thread | wool,P1,общих играбельных слов 4; пулы 8 и 14
texture,textures,do_not_pair,derived,4,grainy | rough | silky | smooth,P0,общих играбельных слов 4; пулы 5 и 21
theater,theater_elements,do_not_pair,derived,4,backdrop | curtain | stage | wings,P0,общих играбельных слов 4; пулы 27 и 4
theater,theatrical_genres,do_not_pair,derived,4,comedy | drama | musical | opera,P0,общих играбельных слов 4; пулы 27 и 4
things_in_a_garage,things_with_wheels,do_not_pair,derived,4,bike | car | lawnmower | wheelbarrow,P1,общих играбельных слов 4; пулы 20 и 26
things_in_a_garage,workshop_things,do_not_pair,derived,4,extension cord | shelf | toolbox | workbench,P1,общих играбельных слов 4; пулы 20 и 18
things_in_a_glove_box,things_in_a_purse,do_not_pair,derived,4,charger | gum | pen | sunglasses,P1,общих играбельных слов 4; пулы 13 и 15
things_in_a_glove_box,travel_documents,do_not_pair,derived,4,charger | insurance | map | sunglasses,P1,общих играбельных слов 4; пулы 13 и 18
things_in_a_toolbox,tool_types,do_not_pair,derived,4,hammer | pliers | screwdriver | wrench,P0,общих играбельных слов 4; пулы 14 и 4
things_in_a_toolbox,toolbox,do_not_pair,derived,4,hammer | pliers | screwdriver | wrench,P1,общих играбельных слов 4; пулы 14 и 9
things_in_the_forest,things_that_grow,do_not_pair,derived,4,leaf | moss | mushroom | tree,P1,общих играбельных слов 4; пулы 20 и 18
things_made_of_glass,transparent_things,do_not_pair,derived,4,aquarium | lens | screen | window,P1,общих играбельных слов 4; пулы 15 и 14
things_measured_in_inches,weight_units,do_not_pair,derived,4,gram | ounce | pound | ton,P0,общих играбельных слов 4; пулы 21 и 6
things_that_carry_people,transportation,do_not_pair,derived,4,bus | ferry | taxi | train,P1,общих играбельных слов 4; пулы 18 и 8
things_that_carry_people,transportation_history,do_not_pair,derived,4,ferry | horse | rickshaw | sled,P1,общих играбельных слов 4; пулы 18 и 15
things_that_grow,wild_plants,do_not_pair,derived,4,moss | mushroom | vine | weed,P1,общих играбельных слов 4; пулы 18 и 19
things_that_melt,water_states,do_not_pair,derived,4,glacier | ice | icicle | snow,P1,общих играбельных слов 4; пулы 18 и 19
things_that_open,things_with_handles,do_not_pair,derived,4,door | drawer | suitcase | umbrella,P1,общих играбельных слов 4; пулы 20 и 18
things_that_plug_in,things_with_buttons,do_not_pair,derived,4,blender | microwave | printer | radio,P1,общих играбельных слов 4; пулы 20 и 18
things_with_seeds,vines,do_not_pair,derived,4,bean | cucumber | grape | pumpkin,P1,общих играбельных слов 4; пулы 25 и 14
things_you_button,tops,do_not_pair,derived,4,blouse | jacket | shirt | sweater,P0,общих играбельных слов 4; пулы 14 и 4
thunder,weather,do_not_pair,derived,4,cloud | lightning | rain | storm,P1,общих играбельных слов 4; пулы 10 и 36
thunder,weather_words,do_not_pair,derived,4,cloud | lightning | rain | storm,P1,общих играбельных слов 4; пулы 10 и 26
time_of_day,times_of_day,do_not_pair,derived,4,dawn | dusk | midnight | noon,P0,общих играбельных слов 4; пулы 4 и 6
time_tracking_devices,timekeeping,do_not_pair,derived,4,clock | stopwatch | sundial | timer,P0,общих играбельных слов 4; пулы 4 и 7
timekeeping,timepieces,do_not_pair,derived,4,clock | hourglass | stopwatch | sundial,P0,общих играбельных слов 4; пулы 7 и 6
tomato_types,tomato_varieties,do_not_pair,derived,4,cherry | heirloom | plum | roma,P0,общих играбельных слов 4; пулы 4 и 12
tool,toolbox,do_not_pair,derived,4,hammer | saw | screwdriver | wrench,P0,общих играбельных слов 4; пулы 4 и 9
tool,tools,do_not_pair,derived,4,hammer | saw | screwdriver | wrench,P0,общих играбельных слов 4; пулы 4 и 10
tool_types,toolbox,do_not_pair,derived,4,hammer | pliers | screwdriver | wrench,P0,общих играбельных слов 4; пулы 4 и 9
tool_types,tools,do_not_pair,derived,4,hammer | pliers | screwdriver | wrench,P0,общих играбельных слов 4; пулы 4 и 10
track_events,track_field,do_not_pair,derived,4,discus | hurdle | javelin | relay,P0,общих играбельных слов 4; пулы 16 и 4
transparent,transparent_things,do_not_pair,derived,4,air | crystal | glass | water,P0,общих играбельных слов 4; пулы 4 и 14
transportation,vehicles,do_not_pair,derived,4,bus | ferry | taxi | train,P1,общих играбельных слов 4; пулы 8 и 33
travel_documents,travel_gear,do_not_pair,derived,4,camera | map | passport | suitcase,P0,общих играбельных слов 4; пулы 18 и 4
tree_species,trees,do_not_pair,derived,4,birch | cedar | maple | pine,P0,общих играбельных слов 4; пулы 4 и 25
trees,types_of_wood,do_not_pair,derived,4,ash | beech | birch | cherry,P0,общих играбельных слов 4; пулы 25 и 4
trees,wood_types,do_not_pair,derived,4,cedar | maple | oak | pine,P0,общих играбельных слов 4; пулы 25 и 4
tropical_storms,weather,do_not_pair,derived,4,cyclone | hurricane | monsoon | squall,P0,общих играбельных слов 4; пулы 6 и 36
truth,truths,do_not_pair,derived,4,accurate | fact | real | verity,P0,общих играбельных слов 4; пулы 7 и 4
tv_genres,tv_show_types,do_not_pair,derived,4,cartoon | reality | sitcom | soap opera,P0,общих играбельных слов 4; пулы 17 и 4
types_of_beer,wines_and_drinks,do_not_pair,derived,4,lager | pilsner | porter | stout,P0,общих играбельных слов 4; пулы 4 и 17
types_of_storms,weather_words,do_not_pair,derived,4,blizzard | hail | hurricane | tornado,P0,общих играбельных слов 4; пулы 6 и 26
types_of_weather,weather_adjectives,do_not_pair,derived,4,cloudy | foggy | rainy | sunny,P1,общих играбельных слов 4; пулы 8 и 18
types_of_weather,weather_types,do_not_pair,derived,4,cloudy | foggy | rainy | sunny,P1,общих играбельных слов 4; пулы 8 и 11
under_lock,vault,do_not_pair,derived,4,alarm | code | lock | safe,P1,общих играбельных слов 4; пулы 7 и 7
underground_harvest,vegetables,do_not_pair,derived,4,beet | carrot | radish | turnip,P0,общих играбельных слов 4; пулы 4 и 33
vegetables,veggies,do_not_pair,derived,4,carrot | celery | onion | potato,P0,общих играбельных слов 4; пулы 33 и 4
vehicles,ways_to_travel,do_not_pair,derived,4,bicycle | car | motorcycle | scooter,P0,общих играбельных слов 4; пулы 33 и 4
verbs_of_movement,ways_of_moving,do_not_pair,derived,4,crawl | jump | run | walk,P0,общих играбельных слов 4; пулы 4 и 30
volcanic_eruption,volcano,do_not_pair,derived,4,ash | crater | lava | magma,P0,общих играбельных слов 4; пулы 5 и 9
volcanic_eruption,volcano_features,do_not_pair,derived,4,ash | crater | lava | magma,P0,общих играбельных слов 4; пулы 5 и 4
volcano,volcano_features,do_not_pair,derived,4,ash | crater | lava | magma,P0,общих играбельных слов 4; пулы 9 и 4
volcanoes,world_mountains,do_not_pair,derived,4,etna | fuji | rainier | vesuvius,P1,общих играбельных слов 4; пулы 16 и 17
wardrobe,wardrobe_care,do_not_pair,derived,4,closet | drawer | hanger | mothball,P1,общих играбельных слов 4; пулы 15 и 13
water_activities,water_sports,do_not_pair,derived,4,sailing | scuba | surfing | swimming,P0,общих играбельных слов 4; пулы 4 и 17
water_states,weather_conditions,do_not_pair,derived,4,drizzle | fog | frost | rain,P1,общих играбельных слов 4; пулы 19 и 11
water_states,winter,do_not_pair,derived,4,frost | ice | icicle | snow,P1,общих играбельных слов 4; пулы 19 и 21
weapon,weapons,do_not_pair,derived,4,axe | dagger | spear | sword,P1,общих играбельных слов 4; пулы 9 и 10
weapons,weapons_of_the_past,do_not_pair,derived,4,axe | dagger | spear | sword,P1,общих играбельных слов 4; пулы 10 и 17
weather,weather_types,do_not_pair,derived,4,rainy | snowy | sunny | windy,P1,общих играбельных слов 4; пулы 36 и 11
weather,wind_types,do_not_pair,derived,4,breeze | gale | gust | zephyr,P0,общих играбельных слов 4; пулы 36 и 4
weather_actions,weather_events,do_not_pair,derived,4,drizzle | flood | hail | thunder,P1,общих играбельных слов 4; пулы 15 и 14
weather_words,wind,do_not_pair,derived,4,breeze | gale | hurricane | tornado,P1,общих играбельных слов 4; пулы 26 и 7
wedding,wedding_activities,do_not_pair,derived,4,bouquet | ceremony | dance | reception,P0,общих играбельных слов 4; пулы 21 и 4
whiskey,whiskey_types,do_not_pair,derived,4,bourbon | malt | rye | scotch,P0,общих играбельных слов 4; пулы 5 и 4
wind,wind_types,do_not_pair,derived,4,breeze | gale | gust | zephyr,P0,общих играбельных слов 4; пулы 7 и 4
wind,wind_words,do_not_pair,derived,4,breeze | gale | gust | zephyr,P1,общих играбельных слов 4; пулы 7 и 14
wind_types,wind_words,do_not_pair,derived,4,breeze | gale | gust | zephyr,P0,общих играбельных слов 4; пулы 4 и 14
wine,wine_grape_varietals,do_not_pair,derived,4,merlot | pinot | riesling | syrah,P0,общих играбельных слов 4; пулы 8 и 4
wine,wine_grapes,do_not_pair,derived,4,cabernet | chardonnay | merlot | pinot,P0,общих играбельных слов 4; пулы 8 и 4
wine_grapes,wines_and_drinks,do_not_pair,derived,4,cabernet | chardonnay | merlot | pinot,P0,общих играбельных слов 4; пулы 4 и 17
winter_accessories,winter_clothing,do_not_pair,derived,4,beanie | ear muffs | gloves | scarf,P0,общих играбельных слов 4; пулы 4 и 22
winter_clothing,winter_gear,do_not_pair,derived,4,beanie | gloves | parka | scarf,P0,общих играбельных слов 4; пулы 22 и 4
woodworking,woodworking_joints,do_not_pair,derived,4,dovetail | mortise | rabbet | tenon,P1,общих играбельных слов 4; пулы 11 и 7
wrestling,wrestling_words,do_not_pair,derived,4,escape | mat | reversal | takedown,P1,общих играбельных слов 4; пулы 8 и 13
writer,writers,do_not_pair,derived,4,dickens | orwell | shakespeare | twain,P1,общих играбельных слов 4; пулы 11 и 7
yoga_pose,yoga_poses,do_not_pair,derived,4,cobra | lotus | tree | warrior,P0,общих играбельных слов 4; пулы 4 и 14
bank_brands,payment_brands,do_not_pair,manual,0,,P1,ручное правило из _category_meta.json
insects,garden_bugs,do_not_pair,manual,0,,P1,ручное правило из _category_meta.json
frozen_treat_brands,ice_cream_flavors,do_not_pair,manual,0,,P1,ручное правило из _category_meta.json
