quartet_key,category_key,tier,validation_state,local_check,difficulty,words,note
accessories__1,accessories,normal,auto_validated,local_unique,0.232,watch#watch_object | hat | tie#tie_clothing | wallet,локально однозначна: другой категории с этими четырьмя словами нет
accessories__2,accessories,normal,auto_validated,local_unique,0.25,belt | gloves | purse | umbrella,локально однозначна: другой категории с этими четырьмя словами нет
accessories__3,accessories,normal,auto_validated,local_unique,0.263,clutch | backpack | sunglasses | scarf,локально однозначна: другой категории с этими четырьмя словами нет
accounting_words__1,accounting_words,normal,auto_validated,local_unique,0.349,credit | statement | balance | revenue,локально однозначна: другой категории с этими четырьмя словами нет
accounting_words__2,accounting_words,normal,auto_validated,local_unique,0.375,asset | expense | liability | audit,локально однозначна: другой категории с этими четырьмя словами нет
accounting_words__3,accounting_words,normal,auto_validated,local_unique,0.394,receipt | payroll | debit | ledger,локально однозначна: другой категории с этими четырьмя словами нет
adhesives__1,adhesives,normal,auto_validated,local_unique,0.284,tape | cement | gum#gum_glue | paste,локально однозначна: другой категории с этими четырьмя словами нет
adhesives__2,adhesives,normal,auto_validated,local_unique,0.296,glue | hot glue | super glue | mortar,локально однозначна: другой категории с этими четырьмя словами нет
adhesives__3,adhesives,normal,auto_validated,local_unique,0.316,duct tape | adhesive | epoxy | masking tape,локально однозначна: другой категории с этими четырьмя словами нет
advertising_words__1,advertising_words,normal,auto_validated,local_unique,0.261,campaign | commercial | brand#brand_company | ad,локально однозначна: другой категории с этими четырьмя словами нет
advertising_words__2,advertising_words,normal,auto_validated,local_unique,0.292,logo | banner | sponsor | billboard,локально однозначна: другой категории с этими четырьмя словами нет
advertising_words__3,advertising_words,normal,auto_validated,local_unique,0.305,coupon | promo | endorsement | slogan,локально однозначна: другой категории с этими четырьмя словами нет
african_animals__1,african_animals,normal,auto_validated,local_unique,0.181,lion | buffalo | elephant | leopard,локально однозначна: другой категории с этими четырьмя словами нет
african_animals__2,african_animals,normal,auto_validated,local_unique,0.204,rhino | crocodile | zebra | giraffe,локально однозначна: другой категории с этими четырьмя словами нет
african_animals__3,african_animals,normal,auto_validated,local_unique,0.216,cheetah | vulture | hippo | antelope,локально однозначна: другой категории с этими четырьмя словами нет
african_cities__1,african_cities,normal,auto_validated,local_unique,0.338,cape town | cairo | alexandria | lagos,локально однозначна: другой категории с этими четырьмя словами нет
african_cities__2,african_cities,normal,auto_validated,local_unique,0.361,nairobi | pretoria | durban | casablanca,локально однозначна: другой категории с этими четырьмя словами нет
african_cities__3,african_cities,normal,auto_validated,local_unique,0.373,accra | tunis | dakar | khartoum,локально однозначна: другой категории с этими четырьмя словами нет
african_countries__1,african_countries,normal,auto_validated,local_unique,0.278,egypt | nigeria | kenya | chad,локально однозначна: другой категории с этими четырьмя словами нет
african_countries__2,african_countries,normal,auto_validated,local_unique,0.293,ghana | sudan | libya | morocco,локально однозначна: другой категории с этими четырьмя словами нет
african_countries__3,african_countries,normal,auto_validated,local_unique,0.299,uganda | ethiopia | somalia | algeria,локально однозначна: другой категории с этими четырьмя словами нет
age_words__1,age_words,normal,auto_validated,local_unique,0.251,modern | new | old | fresh#fresh_new,локально однозначна: другой категории с этими четырьмя словами нет
age_words__2,age_words,normal,auto_validated,local_unique,0.262,brand new | ancient | aged | contemporary,локально однозначна: другой категории с этими четырьмя словами нет
age_words__3,age_words,normal,auto_validated,local_unique,0.289,worn | vintage | antique | prehistoric,локально однозначна: другой категории с этими четырьмя словами нет
aircraft__1,aircraft,normal,auto_validated,local_unique,0.207,rocket | jet | helicopter | cargo plane,локально однозначна: другой категории с этими четырьмя словами нет
aircraft__2,aircraft,normal,auto_validated,local_unique,0.219,drone | airplane | balloon | shuttle,локально однозначна: другой категории с этими четырьмя словами нет
aircraft__3,aircraft,normal,auto_validated,local_unique,0.257,zeppelin | glider | airship | blimp,локально однозначна: другой категории с этими четырьмя словами нет
airlines__1,airlines,normal,auto_validated,local_unique,0.249,american | united | air france | alaska,локально однозначна: другой категории с этими четырьмя словами нет
airlines__2,airlines,normal,auto_validated,local_unique,0.279,delta#delta_airline | southwest | frontier | emirates,локально однозначна: другой категории с этими четырьмя словами нет
airlines__3,airlines,normal,auto_validated,local_unique,0.317,british airways | qantas | lufthansa | klm,локально однозначна: другой категории с этими четырьмя словами нет
airport_words__1,airport_words,normal,auto_validated,local_unique,0.179,security | duty free | ticket#ticket_admission | pilot,локально однозначна: другой категории с этими четырьмя словами нет
airport_words__2,airport_words,normal,auto_validated,local_unique,0.192,gate#gate_airport | control tower | terminal | customs,локально однозначна: другой категории с этими четырьмя словами нет
airport_words__3,airport_words,normal,auto_validated,local_unique,0.21,passport | boarding pass | runway | luggage,локально однозначна: другой категории с этими четырьмя словами нет
airports_and_ports__1,airports_and_ports,normal,auto_validated,local_unique,0.362,union station | grand central | dubai international | penn station,локально однозначна: другой категории с этими четырьмя словами нет
airports_and_ports__2,airports_and_ports,normal,auto_validated,local_unique,0.403,lax | jfk | heathrow | charles de gaulle,локально однозначна: другой категории с этими четырьмя словами нет
alphabet_and_numbers__1,alphabet_and_numbers,normal,auto_validated,local_unique,0.204,addition | color | day | letter#letter_alphabet,локально однозначна: другой категории с этими четырьмя словами нет
alphabet_and_numbers__2,alphabet_and_numbers,normal,auto_validated,local_unique,0.204,month | name | number | season#season_time,локально однозначна: другой категории с этими четырьмя словами нет
alphabet_and_numbers__3,alphabet_and_numbers,normal,auto_validated,local_unique,0.206,sound#sound_noise | word | count | shape,локально однозначна: другой категории с этими четырьмя словами нет
alphabet_code__1,alphabet_code,normal,auto_validated,local_unique,0.321,hotel | india | november | mike,локально однозначна: другой категории с этими четырьмя словами нет
alphabet_code__2,alphabet_code,normal,auto_validated,local_unique,0.341,golf | charlie | oscar | alpha,локально однозначна: другой категории с этими четырьмя словами нет
alphabet_code__3,alphabet_code,normal,auto_validated,local_unique,0.352,victor | delta#delta_letter | sierra | echo,локально однозначна: другой категории с этими четырьмя словами нет
american_east_cities__1,american_east_cities,normal,auto_validated,local_unique,0.232,boston | philadelphia | baltimore | buffalo,локально однозначна: другой категории с этими четырьмя словами нет
american_east_cities__2,american_east_cities,normal,auto_validated,local_unique,0.247,portland | richmond | norfolk | albany,локально однозначна: другой категории с этими четырьмя словами нет
american_east_cities__3,american_east_cities,normal,auto_validated,local_unique,0.257,providence | charleston | newark | hartford,локально однозначна: другой категории с этими четырьмя словами нет
american_legends__1,american_legends,normal,auto_validated,local_unique,0.328,big foot | john henry | uncle sam | davy crockett,локально однозначна: другой категории с этими четырьмя словами нет
american_legends__2,american_legends,normal,auto_validated,local_unique,0.389,rip van winkle | sasquatch | paul bunyan | pecos bill,локально однозначна: другой категории с этими четырьмя словами нет
american_west_cities__1,american_west_cities,normal,auto_validated,local_unique,0.229,long beach | seattle | san diego | portland,локально однозначна: другой категории с этими четырьмя словами нет
american_west_cities__2,american_west_cities,normal,auto_validated,local_unique,0.248,san jose | berkeley | oakland | sacramento,локально однозначна: другой категории с этими четырьмя словами нет
american_west_cities__3,american_west_cities,normal,auto_validated,local_unique,0.262,santa monica | eugene | anaheim | fresno,локально однозначна: другой категории с этими четырьмя словами нет
amphibians_and_bugs__1,amphibians_and_bugs,normal,auto_validated,local_unique,0.328,frog | tree frog | wood frog | toad,локально однозначна: другой категории с этими четырьмя словами нет
amusement_park__1,amusement_park,normal,auto_validated,local_unique,0.182,ride | ticket#ticket_admission | prize | drop tower,локально однозначна: другой категории с этими четырьмя словами нет
amusement_park__2,amusement_park,normal,auto_validated,local_unique,0.215,cotton candy | arcade | popcorn | midway,локально однозначна: другой категории с этими четырьмя словами нет
amusement_park__3,amusement_park,normal,auto_validated,local_unique,0.226,bumper car | mascot | roller coaster | ferris wheel,локально однозначна: другой категории с этими четырьмя словами нет
ancient_civilizations__1,ancient_civilizations,normal,auto_validated,local_unique,0.225,china | egypt | rome | greece,локально однозначна: другой категории с этими четырьмя словами нет
ancient_civilizations__2,ancient_civilizations,normal,auto_validated,local_unique,0.26,troy | maya | babylon | persia,локально однозначна: другой категории с этими четырьмя словами нет
ancient_civilizations__3,ancient_civilizations,normal,auto_validated,local_unique,0.284,sparta | aztec | carthage | inca,локально однозначна: другой категории с этими четырьмя словами нет
ancient_greece_ideas__1,ancient_greece_ideas,normal,auto_validated,local_unique,0.419,democracy | mythology | olympics | oracle,локально однозначна: другой категории с этими четырьмя словами нет
ancient_wonders__1,ancient_wonders,normal,auto_validated,local_unique,0.33,great wall | hanging gardens | great pyramid | lighthouse,локально однозначна: другой категории с этими четырьмя словами нет
ancient_wonders__2,ancient_wonders,normal,auto_validated,local_unique,0.371,petra | colossus | stonehenge | taj mahal,локально однозначна: другой категории с этими четырьмя словами нет
animal_actions__1,animal_actions,normal,auto_validated,local_unique,0.28,hunt | shed | nest | hatch,локально однозначна: другой категории с этими четырьмя словами нет
animal_actions__2,animal_actions,normal,auto_validated,local_unique,0.315,migrate | spawn | perch | burrow,локально однозначна: другой категории с этими четырьмя словами нет
animal_actions__3,animal_actions,normal,auto_validated,local_unique,0.327,forage | graze | roost | pounce,локально однозначна: другой категории с этими четырьмя словами нет
animal_babies__1,animal_babies,normal,auto_validated,local_unique,0.227,kid | chick | lamb | puppy,локально однозначна: другой категории с этими четырьмя словами нет
animal_babies__2,animal_babies,normal,auto_validated,local_unique,0.243,joey | fry#fry_fish | bunny | calf#calf_cow,локально однозначна: другой категории с этими четырьмя словами нет
animal_babies__3,animal_babies,normal,auto_validated,local_unique,0.253,kitten | pup | colt | cub,локально однозначна: другой категории с этими четырьмя словами нет
animal_body_parts__1,animal_body_parts,normal,auto_validated,local_unique,0.195,wing | tail | horn#horn_animal | trunk#trunk_elephant,локально однозначна: другой категории с этими четырьмя словами нет
animal_body_parts__2,animal_body_parts,normal,auto_validated,local_unique,0.223,fin | gill | claw | paw,локально однозначна: другой категории с этими четырьмя словами нет
animal_body_parts__3,animal_body_parts,normal,auto_validated,local_unique,0.234,hump | fang | mane | beak,локально однозначна: другой категории с этими четырьмя словами нет
animal_classes__1,animal_classes,normal,auto_validated,local_unique,0.263,bird | fish | insect | mammal,локально однозначна: другой категории с этими четырьмя словами нет
animal_coverings__1,animal_coverings,normal,auto_validated,local_unique,0.266,down | hair | skin | scale#scale_skin,локально однозначна: другой категории с этими четырьмя словами нет
animal_coverings__2,animal_coverings,normal,auto_validated,local_unique,0.288,hide | shell | coat#coat_fur | fur,локально однозначна: другой категории с этими четырьмя словами нет
animal_coverings__3,animal_coverings,normal,auto_validated,local_unique,0.313,spine | wool | feather | fleece,локально однозначна: другой категории с этими четырьмя словами нет
animal_groups__1,animal_groups,normal,auto_validated,local_unique,0.332,school | pack | pride | drove,локально однозначна: другой категории с этими четырьмя словами нет
animal_groups__2,animal_groups,normal,auto_validated,local_unique,0.364,colony | herd | flock | litter,локально однозначна: другой категории с этими четырьмя словами нет
animal_groups__3,animal_groups,normal,auto_validated,local_unique,0.376,pod | troop | swarm | brood,локально однозначна: другой категории с этими четырьмя словами нет
animal_homes__1,animal_homes,normal,auto_validated,local_unique,0.239,web | hole | stable | shell,локально однозначна: другой категории с этими четырьмя словами нет
animal_homes__2,animal_homes,normal,auto_validated,local_unique,0.252,pen#pen_animal | warren | cave | lodge,локально однозначна: другой категории с этими четырьмя словами нет
animal_homes__3,animal_homes,normal,auto_validated,local_unique,0.265,nest | den | barn | mound#mound_dirt,локально однозначна: другой категории с этими четырьмя словами нет
animal_names_male_female__1,animal_names_male_female,normal,auto_validated,local_unique,0.318,tom | bull | ram | cow,локально однозначна: другой категории с этими четырьмя словами нет
animal_names_male_female__2,animal_names_male_female,normal,auto_validated,local_unique,0.336,buck | drake | jenny | doe,локально однозначна: другой категории с этими четырьмя словами нет
animal_names_male_female__3,animal_names_male_female,normal,auto_validated,local_unique,0.355,mare | hen | sow#sow_pig | boar,локально однозначна: другой категории с этими четырьмя словами нет
animal_sounds__1,animal_sounds,normal,auto_validated,local_unique,0.249,tweet | buzz | bark#bark_sound | roar,локально однозначна: другой категории с этими четырьмя словами нет
animal_sounds__2,animal_sounds,normal,auto_validated,local_unique,0.276,bray | coo | meow | yelp,локально однозначна: другой категории с этими четырьмя словами нет
animal_sounds__3,animal_sounds,normal,auto_validated,local_unique,0.281,howl | grunt | moo | growl,локально однозначна: другой категории с этими четырьмя словами нет
animal_tracks_and_signs__1,animal_tracks_and_signs,normal,auto_validated,local_unique,0.329,track | stone | hole | dust,локально однозначна: другой категории с этими четырьмя словами нет
animal_tracks_and_signs__2,animal_tracks_and_signs,normal,auto_validated,local_unique,0.348,root | seed | mud | tire mark,локально однозначна: другой категории с этими четырьмя словами нет
animal_tracks_and_signs__3,animal_tracks_and_signs,normal,auto_validated,local_unique,0.368,ant | worm | gravel | footprint,локально однозначна: другой категории с этими четырьмя словами нет
animal_verbs__1,animal_verbs,normal,auto_validated,local_unique,0.342,hop | swim | leap | soar,локально однозначна: другой категории с этими четырьмя словами нет
animal_verbs__2,animal_verbs,normal,auto_validated,local_unique,0.363,crawl | dart#dart_move | glide | perch,локально однозначна: другой категории с этими четырьмя словами нет
animal_verbs__3,animal_verbs,normal,auto_validated,local_unique,0.377,swoop | trot | burrow | flutter,локально однозначна: другой категории с этими четырьмя словами нет
animals_with_shells__1,animals_with_shells,normal,auto_validated,local_unique,0.312,turtle | crab | snail | lobster,локально однозначна: другой категории с этими четырьмя словами нет
animals_with_shells__2,animals_with_shells,normal,auto_validated,local_unique,0.327,oyster | beetle | tortoise | clam,локально однозначна: другой категории с этими четырьмя словами нет
antelope_and_grazers__1,antelope_and_grazers,normal,auto_validated,local_unique,0.344,buffalo | elk | zebra | bison,локально однозначна: другой категории с этими четырьмя словами нет
antelope_and_grazers__2,antelope_and_grazers,normal,auto_validated,local_unique,0.364,yak | antelope | impala | gnu,локально однозначна: другой категории с этими четырьмя словами нет
antelope_and_grazers__3,antelope_and_grazers,normal,auto_validated,local_unique,0.383,gazelle | springbok | oryx | wildebeest,локально однозначна: другой категории с этими четырьмя словами нет
antique_shop__1,antique_shop,normal,auto_validated,local_unique,0.525,auction | dusty | heirloom | curio,локально однозначна: другой категории с этими четырьмя словами нет
apple_varieties__1,apple_varieties,normal,auto_validated,local_unique,0.27,empire | rome | pink lady | jonathan,локально однозначна: другой категории с этими четырьмя словами нет
apple_varieties__2,apple_varieties,normal,auto_validated,local_unique,0.287,red delicious | golden delicious | envy | gala,локально однозначна: другой категории с этими четырьмя словами нет
apple_varieties__3,apple_varieties,normal,auto_validated,local_unique,0.323,granny smith | fuji | mcintosh | cortland,локально однозначна: другой категории с этими четырьмя словами нет
appliance_brands__1,appliance_brands,normal,auto_validated,local_unique,0.335,samsung | ge | lg | hoover,локально однозначна: другой категории с этими четырьмя словами нет
appliance_brands__2,appliance_brands,normal,auto_validated,local_unique,0.365,bosch | dyson | whirlpool | kenmore,локально однозначна: другой категории с этими четырьмя словами нет
appliance_brands__3,appliance_brands,normal,auto_validated,local_unique,0.396,electrolux | kitchenaid | maytag | amana,локально однозначна: другой категории с этими четырьмя словами нет
aquarium_tank__1,aquarium_tank,normal,auto_validated,local_unique,,fish | coral | filter | gravel,локально однозначна: другой категории с этими четырьмя словами нет
archaeology_words__1,archaeology_words,normal,auto_validated,local_unique,0.32,site | bone | layer | carbon dating,локально однозначна: другой категории с этими четырьмя словами нет
archaeology_words__2,archaeology_words,normal,auto_validated,local_unique,0.338,ruin | dig | fossil | tomb,локально однозначна: другой категории с этими четырьмя словами нет
archaeology_words__3,archaeology_words,normal,auto_validated,local_unique,0.358,skeleton | pottery | excavation | artifact,локально однозначна: другой категории с этими четырьмя словами нет
archery_words__1,archery_words,normal,auto_validated,local_unique,0.292,range#range_shooting | release | target | draw,локально однозначна: другой категории с этими четырьмя словами нет
archery_words__2,archery_words,normal,auto_validated,local_unique,0.31,sight | arm guard | string | bow#bow_weapon,локально однозначна: другой категории с этими четырьмя словами нет
archery_words__3,archery_words,normal,auto_validated,local_unique,0.332,arrow | aim | shaft | archer,локально однозначна: другой категории с этими четырьмя словами нет
architecture_words__1,architecture_words,normal,auto_validated,local_unique,0.322,foundation#foundation_building | column | arch#arch_structure | dome,локально однозначна: другой категории с этими четырьмя словами нет
architecture_words__2,architecture_words,normal,auto_validated,local_unique,0.343,vault | terrace | balcony#balcony_house | blueprint,локально однозначна: другой категории с этими четырьмя словами нет
architecture_words__3,architecture_words,normal,auto_validated,local_unique,0.366,facade | atrium | spire | gable,локально однозначна: другой категории с этими четырьмя словами нет
arctic_animals__1,arctic_animals,normal,auto_validated,local_unique,0.225,seal#seal_animal | arctic fox | polar bear | moose,локально однозначна: другой категории с этими четырьмя словами нет
arctic_animals__2,arctic_animals,normal,auto_validated,local_unique,0.249,wolverine | reindeer | snowy owl | husky,локально однозначна: другой категории с этими четырьмя словами нет
arctic_animals__3,arctic_animals,normal,auto_validated,local_unique,0.262,musk ox | walrus | caribou | orca,локально однозначна: другой категории с этими четырьмя словами нет
arctic_trek__1,arctic_trek,normal,auto_validated,local_unique,0.544,huskies | icebreaker | permafrost | auroras,локально однозначна: другой категории с этими четырьмя словами нет
art_class_things__1,art_class_things,normal,auto_validated,local_unique,0.189,construction paper | paint | clay | brush,локально однозначна: другой категории с этими четырьмя словами нет
art_class_things__2,art_class_things,normal,auto_validated,local_unique,0.213,canvas | marker | glue | palette,локально однозначна: другой категории с этими четырьмя словами нет
art_class_things__3,art_class_things,normal,auto_validated,local_unique,0.225,chalk#chalk_stick | scissors | glitter | apron#apron_garment,локально однозначна: другой категории с этими четырьмя словами нет
art_forms__1,art_forms,normal,auto_validated,local_unique,0.213,dance | film | music | painting,локально однозначна: другой категории с этими четырьмя словами нет
art_forms__2,art_forms,normal,auto_validated,local_unique,0.229,drawing | photography | poetry | theater,локально однозначна: другой категории с этими четырьмя словами нет
art_forms__3,art_forms,normal,auto_validated,local_unique,0.26,sculpture | pottery | mosaic | weaving,локально однозначна: другой категории с этими четырьмя словами нет
art_styles__1,art_styles,normal,auto_validated,local_unique,0.286,pop art | folk art | abstract | renaissance,локально однозначна: другой категории с этими четырьмя словами нет
art_styles__2,art_styles,normal,auto_validated,local_unique,0.316,realism | gothic | art deco | baroque,локально однозначна: другой категории с этими четырьмя словами нет
art_styles__3,art_styles,normal,auto_validated,local_unique,0.342,modernism | minimalism | surrealism | impressionism,локально однозначна: другой категории с этими четырьмя словами нет
art_supplies__1,art_supplies,normal,auto_validated,local_unique,0.187,paper | paint | clay | brush,локально однозначна: другой категории с этими четырьмя словами нет
art_supplies__2,art_supplies,normal,auto_validated,local_unique,0.208,ink | canvas | pencil | marker,локально однозначна: другой категории с этими четырьмя словами нет
art_supplies__3,art_supplies,normal,auto_validated,local_unique,0.218,glue | ribbon | chalk#chalk_stick | yarn,локально однозначна: другой категории с этими четырьмя словами нет
art_tools__1,art_tools,normal,auto_validated,local_unique,0.196,knife | pen#pen_writing | brush | roller,локально однозначна: другой категории с этими четырьмя словами нет
art_tools__2,art_tools,normal,auto_validated,local_unique,0.212,canvas | pencil | mold#mold_form | palette,локально однозначна: другой категории с этими четырьмя словами нет
art_tools__3,art_tools,normal,auto_validated,local_unique,0.231,sponge#sponge_cleaning | charcoal | loom | kiln,локально однозначна: другой категории с этими четырьмя словами нет
artists__1,artists,normal,auto_validated,local_unique,0.316,picasso | da vinci | pollock | van gogh,локально однозначна: другой категории с этими четырьмя словами нет
artists__2,artists,normal,auto_validated,local_unique,0.323,michelangelo | warhol | rembrandt | monet,локально однозначна: другой категории с этими четырьмя словами нет
artists__3,artists,normal,auto_validated,local_unique,0.336,dali | matisse | renoir | degas,локально однозначна: другой категории с этими четырьмя словами нет
asian_cities__1,asian_cities,normal,auto_validated,local_unique,0.285,delhi | shanghai | mumbai | manila,локально однозначна: другой категории с этими четырьмя словами нет
asian_cities__2,asian_cities,normal,auto_validated,local_unique,0.303,jakarta | karachi | osaka | chennai,локально однозначна: другой категории с этими четырьмя словами нет
asian_cities__3,asian_cities,normal,auto_validated,local_unique,0.309,hyderabad | lahore | kyoto | hanoi,локально однозначна: другой категории с этими четырьмя словами нет
asian_countries__1,asian_countries,normal,auto_validated,local_unique,0.205,china | india | japan | israel,локально однозначна: другой категории с этими четырьмя словами нет
asian_countries__2,asian_countries,normal,auto_validated,local_unique,0.216,korea | iran | pakistan | turkey#turkey_country,локально однозначна: другой категории с этими четырьмя словами нет
asian_countries__3,asian_countries,normal,auto_validated,local_unique,0.226,jordan | singapore | vietnam | malaysia,локально однозначна: другой категории с этими четырьмя словами нет
asian_dishes__1,asian_dishes,normal,auto_validated,local_unique,0.245,spring roll | egg roll | curry | fried rice,локально однозначна: другой категории с этими четырьмя словами нет
asian_dishes__2,asian_dishes,normal,auto_validated,local_unique,0.27,pad thai | sushi | dim sum | ramen,локально однозначна: другой категории с этими четырьмя словами нет
asian_dishes__3,asian_dishes,normal,auto_validated,local_unique,0.293,lo mein | chow mein | pho | kimchi,локально однозначна: другой категории с этими четырьмя словами нет
astronaut_gear__1,astronaut_gear,normal,auto_validated,local_unique,0.273,camera | boot#boot_shoe | tool belt | oxygen tank,локально однозначна: другой категории с этими четырьмя словами нет
astronaut_gear__2,astronaut_gear,normal,auto_validated,local_unique,0.297,helmet | backpack | glove | checklist,локально однозначна: другой категории с этими четырьмя словами нет
astronaut_gear__3,astronaut_gear,normal,auto_validated,local_unique,0.332,visor | communicator | tether | jetpack,локально однозначна: другой категории с этими четырьмя словами нет
at_the_dentist__1,at_the_dentist,normal,auto_validated,local_unique,0.394,braces | floss | fluoride | dentures,локально однозначна: другой категории с этими четырьмя словами нет
at_the_dojo__1,at_the_dojo,normal,auto_validated,local_unique,0.481,grappling | sparring | sumo | headlock,локально однозначна: другой категории с этими четырьмя словами нет
at_the_gym__1,at_the_gym,normal,auto_validated,local_unique,0.3,squat | trainer | treadmill | weights,локально однозначна: другой категории с этими четырьмя словами нет
at_the_harbor__1,at_the_harbor,normal,auto_validated,local_unique,0.344,port | anchor | dock | ferry,локально однозначна: другой категории с этими четырьмя словами нет
at_the_hospital__1,at_the_hospital,normal,auto_validated,local_unique,0.281,hospital | medicine | patient | bandage,локально однозначна: другой категории с этими четырьмя словами нет
at_the_hospital__2,at_the_hospital,normal,auto_validated,local_unique,0.319,clinic | nurse | ward | stethoscope,локально однозначна: другой категории с этими четырьмя словами нет
at_the_hotel__1,at_the_hotel,normal,auto_validated,local_unique,0.35,checkout | housekeeper | lobby | reception,локально однозначна: другой категории с этими четырьмя словами нет
at_the_movies__1,at_the_movies,normal,auto_validated,local_unique,0.325,admission | cinema | popcorn | usher,локально однозначна: другой категории с этими четырьмя словами нет
at_the_pool__1,at_the_pool,normal,auto_validated,local_unique,0.281,cap | lane | pool | dive,локально однозначна: другой категории с этими четырьмя словами нет
at_the_stables__1,at_the_stables,normal,auto_validated,local_unique,0.419,horseshoe | paddock | reins | bridle,локально однозначна: другой категории с этими четырьмя словами нет
at_the_theater__1,at_the_theater,normal,auto_validated,local_unique,0.306,actor | audience | stage | curtain,локально однозначна: другой категории с этими четырьмя словами нет
auditions__1,auditions,normal,auto_validated,local_unique,0.444,audition | contestant | spotlight | callback,локально однозначна: другой категории с этими четырьмя словами нет
authors__1,authors,normal,auto_validated,local_unique,0.3,shakespeare | fitzgerald | poe | dickens,локально однозначна: другой категории с этими четырьмя словами нет
authors__2,authors,normal,auto_validated,local_unique,0.313,wilde | twain | austen | hemingway,локально однозначна: другой категории с этими четырьмя словами нет
authors__3,authors,normal,auto_validated,local_unique,0.323,melville | tolkien | orwell | kipling,локально однозначна: другой категории с этими четырьмя словами нет
auto_repair__1,auto_repair,normal,auto_validated,local_unique,0.259,oil#oil_motor | jack#jack_tool | battery | lift,локально однозначна: другой категории с этими четырьмя словами нет
auto_repair__2,auto_repair,normal,auto_validated,local_unique,0.277,belt | transmission | filter | tire iron,локально однозначна: другой категории с этими четырьмя словами нет
auto_repair__3,auto_repair,normal,auto_validated,local_unique,0.297,diagnostic | spark plug | hose | brake pad,локально однозначна: другой категории с этими четырьмя словами нет
aviation_words__1,aviation_words,normal,auto_validated,local_unique,0.314,call sign | tower | cruise | radar,локально однозначна: другой категории с этими четырьмя словами нет
aviation_words__2,aviation_words,normal,auto_validated,local_unique,0.331,taxi | landing gear | altitude | runway,локально однозначна: другой категории с этими четырьмя словами нет
aviation_words__3,aviation_words,normal,auto_validated,local_unique,0.349,stall#stall_engine | cockpit | turbulence | throttle,локально однозначна: другой категории с этими четырьмя словами нет
awards__1,awards,normal,auto_validated,local_unique,0.265,tony | oscar | golden globe | olympic medal,локально однозначна: другой категории с этими четырьмя словами нет
awards__2,awards,normal,auto_validated,local_unique,0.289,nobel | emmy | grammy | booker,локально однозначна: другой категории с этими четырьмя словами нет
awards__3,awards,normal,auto_validated,local_unique,0.305,cannes | pulitzer | peabody | heisman,локально однозначна: другой категории с этими четырьмя словами нет
baby_things__1,baby_things,normal,auto_validated,local_unique,0.194,car seat | bottle | formula | monitor#monitor_medical,локально однозначна: другой категории с этими четырьмя словами нет
baby_things__2,baby_things,normal,auto_validated,local_unique,0.222,swing | blanket | cradle | diaper,локально однозначна: другой категории с этими четырьмя словами нет
baby_things__3,baby_things,normal,auto_validated,local_unique,0.243,crib | wipes | rattle#rattle_toy | stroller,локально однозначна: другой категории с этими четырьмя словами нет
bags__1,bags,normal,auto_validated,local_unique,0.203,gym bag | wallet | trunk#trunk_case | purse,локально однозначна: другой категории с этими четырьмя словами нет
bags__2,bags,normal,auto_validated,local_unique,0.216,messenger bag | clutch | backpack | garment bag,локально однозначна: другой категории с этими четырьмя словами нет
bags__3,bags,normal,auto_validated,local_unique,0.231,suitcase | fanny pack | pouch | tote,локально однозначна: другой категории с этими четырьмя словами нет
bake_off__1,bake_off,normal,auto_validated,local_unique,0.444,dough | icing | piping | fondant,локально однозначна: другой категории с этими четырьмя словами нет
baked_goods__1,baked_goods,normal,auto_validated,local_unique,0.188,bread | cake | bagel | cookie,локально однозначна: другой категории с этими четырьмя словами нет
baked_goods__2,baked_goods,normal,auto_validated,local_unique,0.219,donut | muffin | pie | croissant,локально однозначна: другой категории с этими четырьмя словами нет
baker_words__1,baker_words,normal,auto_validated,local_unique,0.241,display case | oven | flour | rack,локально однозначна: другой категории с этими четырьмя словами нет
baker_words__2,baker_words,normal,auto_validated,local_unique,0.258,dough | tray | cooling rack | timer,локально однозначна: другой категории с этими четырьмя словами нет
baker_words__3,baker_words,normal,auto_validated,local_unique,0.269,icing | mixer | pastry bag | apron#apron_garment,локально однозначна: другой категории с этими четырьмя словами нет
baking_ingredients__1,baking_ingredients,normal,auto_validated,local_unique,0.177,oil#oil_cooking | sugar | milk | cream#cream_dairy,локально однозначна: другой категории с этими четырьмя словами нет
baking_ingredients__2,baking_ingredients,normal,auto_validated,local_unique,0.187,salt | chocolate | egg | honey,локально однозначна: другой категории с этими четырьмя словами нет
baking_ingredients__3,baking_ingredients,normal,auto_validated,local_unique,0.207,butter | flour | vanilla | baking powder,локально однозначна: другой категории с этими четырьмя словами нет
ballet_class__1,ballet_class,normal,auto_validated,local_unique,0.5,barre | recital | leotard | arabesque,локально однозначна: другой категории с этими четырьмя словами нет
bank_brands__1,bank_brands,normal,auto_validated,local_unique,0.337,capital one | us bank | fifth third | chase,локально однозначна: другой категории с этими четырьмя словами нет
bank_brands__2,bank_brands,normal,auto_validated,local_unique,0.368,regions bank | ally | td bank | wells fargo,локально однозначна: другой категории с этими четырьмя словами нет
banking_words__1,banking_words,normal,auto_validated,local_unique,0.216,account | check#check_payment | interest | statement,локально однозначна: другой категории с этими четырьмя словами нет
banking_words__2,banking_words,normal,auto_validated,local_unique,0.225,balance | transfer | loan | branch#branch_office,локально однозначна: другой категории с этими четырьмя словами нет
banking_words__3,banking_words,normal,auto_validated,local_unique,0.241,mortgage | pin#pin_code | deposit | safe deposit,локально однозначна: другой категории с этими четырьмя словами нет
barbecue__1,barbecue,normal,auto_validated,local_unique,0.319,smoke | burger | charcoal | grill,локально однозначна: другой категории с этими четырьмя словами нет
barbershop__1,barbershop,normal,auto_validated,local_unique,0.45,barber | clippers | aftershave | pomade,локально однозначна: другой категории с этими четырьмя словами нет
barbershop_words__1,barbershop_words,normal,auto_validated,local_unique,0.229,chair | mirror | cape | brush,локально однозначна: другой категории с этими четырьмя словами нет
barbershop_words__2,barbershop_words,normal,auto_validated,local_unique,0.245,pole | powder | towel | razor,локально однозначна: другой категории с этими четырьмя словами нет
barbershop_words__3,barbershop_words,normal,auto_validated,local_unique,0.264,clippers | scissors | shaving cream | comb,локально однозначна: другой категории с этими четырьмя словами нет
barista_words__1,barista_words,normal,auto_validated,local_unique,0.531,brewing | decaf | crema | frothing,локально однозначна: другой категории с этими четырьмя словами нет
barn_things__1,barn_things,normal,auto_validated,local_unique,0.233,feed | gate#gate_barrier | bucket | rope,локально однозначна: другой категории с этими четырьмя словами нет
barn_things__2,barn_things,normal,auto_validated,local_unique,0.253,hay | sack#sack_bag | stall#stall_barn | saddle,локально однозначна: другой категории с этими четырьмя словами нет
barn_things__3,barn_things,normal,auto_validated,local_unique,0.263,harness | bale | lantern | loft,локально однозначна: другой категории с этими четырьмя словами нет
baseball_equipment__1,baseball_equipment,normal,auto_validated,local_unique,0.177,ball#ball_sphere | base | plate#plate_base | cap,локально однозначна: другой категории с этими четырьмя словами нет
baseball_equipment__2,baseball_equipment,normal,auto_validated,local_unique,0.203,mask | bat#bat_equipment | helmet | glove,локально однозначна: другой категории с этими четырьмя словами нет
baseball_equipment__3,baseball_equipment,normal,auto_validated,local_unique,0.225,shin guard | chest protector | pine tar | batting glove,локально однозначна: другой категории с этими четырьмя словами нет
baseball_words__1,baseball_words,normal,auto_validated,local_unique,0.228,double play | home run | walk | strike#strike_baseball,локально однозначна: другой категории с этими четырьмя словами нет
baseball_words__2,baseball_words,normal,auto_validated,local_unique,0.243,error | pitch#pitch_throw | steal | diamond#diamond_field,локально однозначна: другой категории с этими четырьмя словами нет
baseball_words__3,baseball_words,normal,auto_validated,local_unique,0.258,triple | foul | lineup | grand slam,локально однозначна: другой категории с этими четырьмя словами нет
basketball_words__1,basketball_words,normal,auto_validated,local_unique,0.21,center | court#court_sport | forward | travel,локально однозначна: другой категории с этими четырьмя словами нет
basketball_words__2,basketball_words,normal,auto_validated,local_unique,0.222,free throw | guard#guard_sport | jump ball | assist,локально однозначна: другой категории с этими четырьмя словами нет
basketball_words__3,basketball_words,normal,auto_validated,local_unique,0.26,foul | three pointer | dunk#dunk_basketball | rebound,локально однозначна: другой категории с этими четырьмя словами нет
bathroom_items__1,bathroom_items,normal,auto_validated,local_unique,0.123,shower | cabinet#cabinet_furniture | mirror | tissue#tissue_paper,локально однозначна: другой категории с этими четырьмя словами нет
bathroom_items__2,bathroom_items,normal,auto_validated,local_unique,0.132,toilet | brush | sink#sink_basin | soap,локально однозначна: другой категории с этими четырьмя словами нет
bathroom_items__3,bathroom_items,normal,auto_validated,local_unique,0.148,towel | curtain | mat | razor,локально однозначна: другой категории с этими четырьмя словами нет
bbq_foods__1,bbq_foods,normal,auto_validated,local_unique,0.228,hot dog | chicken | chips | corn,локально однозначна: другой категории с этими четырьмя словами нет
bbq_foods__2,bbq_foods,normal,auto_validated,local_unique,0.251,burger | pulled pork | potato salad | ribs,локально однозначна: другой категории с этими четырьмя словами нет
bbq_foods__3,bbq_foods,normal,auto_validated,local_unique,0.259,sausage | baked beans | mustard | bun,локально однозначна: другой категории с этими четырьмя словами нет
beach_day__1,beach_day,normal,auto_validated,local_unique,,sunscreen | towel | swimwear | umbrella,локально однозначна: другой категории с этими четырьмя словами нет
bean_types__1,bean_types,normal,auto_validated,local_unique,0.259,black | great northern | navy | string,локально однозначна: другой категории с этими четырьмя словами нет
bean_types__2,bean_types,normal,auto_validated,local_unique,0.298,kidney | butter bean | lima | black eyed pea,локально однозначна: другой категории с этими четырьмя словами нет
bean_types__3,bean_types,normal,auto_validated,local_unique,0.35,pinto | mung | fava | garbanzo,локально однозначна: другой категории с этими четырьмя словами нет
bears_and_big_animals__1,bears_and_big_animals,normal,auto_validated,local_unique,0.224,black bear | brown bear | sun bear | polar,локально однозначна: другой категории с этими четырьмя словами нет
bears_and_big_animals__2,bears_and_big_animals,normal,auto_validated,local_unique,0.271,panda | grizzly | sloth bear | koala,локально однозначна: другой категории с этими четырьмя словами нет
beauty_jobs__1,beauty_jobs,normal,auto_validated,local_unique,0.245,makeup artist | nail tech | tattoo artist | barber,локально однозначна: другой категории с этими четырьмя словами нет
beauty_jobs__2,beauty_jobs,normal,auto_validated,local_unique,0.292,stylist | hairdresser | masseuse | groomer,локально однозначна: другой категории с этими четырьмя словами нет
beauty_jobs__3,beauty_jobs,normal,auto_validated,local_unique,0.327,colorist | manicurist | esthetician | cosmetologist,локально однозначна: другой категории с этими четырьмя словами нет
beauty_tools__1,beauty_tools,normal,auto_validated,local_unique,0.272,file#file_tool | mirror | brush | roller,локально однозначна: другой категории с этими четырьмя словами нет
beauty_tools__2,beauty_tools,normal,auto_validated,local_unique,0.3,buffer | razor | sponge#sponge_cleaning | dryer,локально однозначна: другой категории с этими четырьмя словами нет
beauty_tools__3,beauty_tools,normal,auto_validated,local_unique,0.319,comb | curling iron | clipper | tweezers,локально однозначна: другой категории с этими четырьмя словами нет
bedroom_things__1,bedroom_things,normal,auto_validated,local_unique,0.149,bed | chest#chest_box | mirror | sheet#sheet_bed,локально однозначна: другой категории с этими четырьмя словами нет
bedroom_things__2,bedroom_things,normal,auto_validated,local_unique,0.17,closet | blanket | alarm clock | lamp,локально однозначна: другой категории с этими четырьмя словами нет
bedroom_things__3,bedroom_things,normal,auto_validated,local_unique,0.181,pillow | curtain | rug | mattress,локально однозначна: другой категории с этими четырьмя словами нет
bedtime_things__1,bedtime_things,normal,auto_validated,local_unique,0.287,bed | sleep | blanket | mattress,локально однозначна: другой категории с этими четырьмя словами нет
beekeeper__1,beekeeper,normal,auto_validated,local_unique,0.519,smoker | beeswax | honeycomb | apiary,локально однозначна: другой категории с этими четырьмя словами нет
beekeeping__1,beekeeping,normal,auto_validated,local_unique,0.298,super | queen#queen_bee | frame | worker,локально однозначна: другой категории с этими четырьмя словами нет
beekeeping__2,beekeeping,normal,auto_validated,local_unique,0.324,honey | gloves | drone | wax#wax_substance,локально однозначна: другой категории с этими четырьмя словами нет
beekeeping__3,beekeeping,normal,auto_validated,local_unique,0.345,veil | comb | hive | pollen,локально однозначна: другой категории с этими четырьмя словами нет
beetles__1,beetles,normal,auto_validated,local_unique,0.396,june bug | water beetle | click beetle | carpet beetle,локально однозначна: другой категории с этими четырьмя словами нет
beetles__2,beetles,normal,auto_validated,local_unique,0.422,firefly | dung beetle | stag beetle | scarab,локально однозначна: другой категории с этими четырьмя словами нет
bell_and_alarm__1,bell_and_alarm,normal,auto_validated,local_unique,0.304,ring#ring_sound | bell#bell_object | tone | alert,локально однозначна: другой категории с этими четырьмя словами нет
bell_and_alarm__2,bell_and_alarm,normal,auto_validated,local_unique,0.33,horn#horn_sound | buzz | whistle | ding,локально однозначна: другой категории с этими четырьмя словами нет
bell_and_alarm__3,bell_and_alarm,normal,auto_validated,local_unique,0.352,beep | gong | siren#siren_device | chime,локально однозначна: другой категории с этими четырьмя словами нет
berries__1,berries,normal,auto_validated,local_unique,0.194,cherry | strawberry | grape | mulberry,локально однозначна: другой категории с этими четырьмя словами нет
berries__2,berries,normal,auto_validated,local_unique,0.21,blackberry | raspberry | blueberry | huckleberry,локально однозначна: другой категории с этими четырьмя словами нет
bible_books__1,bible_books,normal,auto_validated,local_unique,0.333,john | mark | numbers | acts,локально однозначна: другой категории с этими четырьмя словами нет
bible_books__2,bible_books,normal,auto_validated,local_unique,0.347,daniel | luke | judges | kings,локально однозначна: другой категории с этими четырьмя словами нет
bible_books__3,bible_books,normal,auto_validated,local_unique,0.364,matthew | ruth | revelation | joshua,локально однозначна: другой категории с этими четырьмя словами нет
bible_figures__1,bible_figures,normal,auto_validated,local_unique,0.241,david | job | paul | peter,локально однозначна: другой категории с этими четырьмя словами нет
bible_figures__2,bible_figures,normal,auto_validated,local_unique,0.252,mary | daniel | adam | joseph,локально однозначна: другой категории с этими четырьмя словами нет
bible_figures__3,bible_figures,normal,auto_validated,local_unique,0.272,eve | jacob | ruth | abraham,локально однозначна: другой категории с этими четырьмя словами нет
biblical_names__1,biblical_names,normal,auto_validated,local_unique,0.256,john | mark | daniel | adam,локально однозначна: другой категории с этими четырьмя словами нет
biblical_names__2,biblical_names,normal,auto_validated,local_unique,0.269,sarah | simon | luke | matthew,локально однозначна: другой категории с этими четырьмя словами нет
biblical_names__3,biblical_names,normal,auto_validated,local_unique,0.278,eve | aaron | samuel | rachel,локально однозначна: другой категории с этими четырьмя словами нет
billiards__1,billiards,normal,auto_validated,local_unique,0.481,felt | snooker | chalked | potting,локально однозначна: другой категории с этими четырьмя словами нет
biomes__1,biomes,normal,auto_validated,local_unique,0.309,mountain | ocean | desert | marsh,локально однозначна: другой категории с этими четырьмя словами нет
biomes__2,biomes,normal,auto_validated,local_unique,0.347,reef | prairie | rainforest | wetland,локально однозначна: другой категории с этими четырьмя словами нет
biomes__3,biomes,normal,auto_validated,local_unique,0.37,tundra | grassland | savanna | steppe,локально однозначна: другой категории с этими четырьмя словами нет
bird_watching__1,bird_watching,normal,auto_validated,local_unique,,binoculars | feeder | nest | songbirds,локально однозначна: другой категории с этими четырьмя словами нет
birds__1,birds,normal,auto_validated,local_unique,0.102,chicken | turkey#turkey_bird | robin | blue jay,локально однозначна: другой категории с этими четырьмя словами нет
birds__2,birds,normal,auto_validated,local_unique,0.119,duck#duck_bird | eagle | crane#crane_bird | cardinal#cardinal_bird,локально однозначна: другой категории с этими четырьмя словами нет
birds_of_prey__1,birds_of_prey,normal,auto_validated,local_unique,0.253,eagle | owl | hawk | kite#kite_bird,локально однозначна: другой категории с этими четырьмя словами нет
birds_of_prey__2,birds_of_prey,normal,auto_validated,local_unique,0.274,falcon | merlin | vulture | condor,локально однозначна: другой категории с этими четырьмя словами нет
birds_of_prey__3,birds_of_prey,normal,auto_validated,local_unique,0.299,osprey | buzzard | harrier | kestrel,локально однозначна: другой категории с этими четырьмя словами нет
birdwatching__1,birdwatching,normal,auto_validated,local_unique,0.308,camera | field guide | blind | seed,локально однозначна: другой категории с этими четырьмя словами нет
birdwatching__2,birdwatching,normal,auto_validated,local_unique,0.332,scope | bird bath | whistle | notebook,локально однозначна: другой категории с этими четырьмя словами нет
birdwatching__3,birdwatching,normal,auto_validated,local_unique,0.37,checklist | feeder | binoculars | birdhouse,локально однозначна: другой категории с этими четырьмя словами нет
birthday_party__1,birthday_party,normal,auto_validated,local_unique,0.287,gift | wish | balloon | candles,локально однозначна: другой категории с этими четырьмя словами нет
birthday_things__1,birthday_things,normal,auto_validated,local_unique,0.13,card#card_greeting | party#party_event | present#present_gift | song,локально однозначна: другой категории с этими четырьмя словами нет
birthday_things__2,birthday_things,normal,auto_validated,local_unique,0.139,wish | surprise | guest | cake,локально однозначна: другой категории с этими четырьмя словами нет
birthday_things__3,birthday_things,normal,auto_validated,local_unique,0.156,hat | ice cream | invitation | balloon,локально однозначна: другой категории с этими четырьмя словами нет
black_things__1,black_things,normal,auto_validated,local_unique,0.249,night | oil#oil_motor | coal | shadow,локально однозначна: другой категории с этими четырьмя словами нет
black_things__2,black_things,normal,auto_validated,local_unique,0.27,bat#bat_animal | piano key | olive | ink,локально однозначна: другой категории с этими четырьмя словами нет
black_things__3,black_things,normal,auto_validated,local_unique,0.283,tire | crow | pupil | raven,локально однозначна: другой категории с этими четырьмя словами нет
blacksmith__1,blacksmith,normal,auto_validated,local_unique,0.45,anvil | bellows | forge | horseshoe,локально однозначна: другой категории с этими четырьмя словами нет
blades__1,blades,normal,auto_validated,local_unique,0.277,point#point_tip | edge | teeth | knife edge,локально однозначна: другой категории с этими четырьмя словами нет
blades__2,blades,normal,auto_validated,local_unique,0.303,blade | saw blade | axe head | razor,локально однозначна: другой категории с этими четырьмя словами нет
board_and_card_games__1,board_and_card_games,normal,auto_validated,local_unique,0.247,bridge#bridge_card | air hockey | table tennis | bowling,локально однозначна: другой категории с этими четырьмя словами нет
board_and_card_games__2,board_and_card_games,normal,auto_validated,local_unique,0.278,poker | chess | darts | checkers,локально однозначна: другой категории с этими четырьмя словами нет
board_and_card_games__3,board_and_card_games,normal,auto_validated,local_unique,0.318,billiards | dominoes | backgammon | foosball,локально однозначна: другой категории с этими четырьмя словами нет
board_game_pieces__1,board_game_pieces,normal,auto_validated,local_unique,0.256,board#board_game | card#card_playing | cup | chip,локально однозначна: другой категории с этими четырьмя словами нет
board_game_pieces__2,board_game_pieces,normal,auto_validated,local_unique,0.295,marker | token | dice#dice_game | tile,локально однозначна: другой категории с этими четырьмя словами нет
board_game_pieces__3,board_game_pieces,normal,auto_validated,local_unique,0.315,timer | pawn | spinner | rulebook,локально однозначна: другой категории с этими четырьмя словами нет
board_games__1,board_games,normal,auto_validated,local_unique,0.171,life#life_game | risk | sorry | trouble,локально однозначна: другой категории с этими четырьмя словами нет
board_games__2,board_games,normal,auto_validated,local_unique,0.205,candy land | clue | chess | monopoly,локально однозначна: другой категории с этими четырьмя словами нет
board_games__3,board_games,normal,auto_validated,local_unique,0.239,trivial pursuit | battleship | checkers | scrabble,локально однозначна: другой категории с этими четырьмя словами нет
boats__1,boats,normal,auto_validated,local_unique,0.206,boat | ship | cruise ship | ferry,локально однозначна: другой категории с этими четырьмя словами нет
boats__2,boats,normal,auto_validated,local_unique,0.23,yacht | submarine | barge | canoe,локально однозначна: другой категории с этими четырьмя словами нет
boats__3,boats,normal,auto_validated,local_unique,0.248,raft | kayak | freighter | schooner,локально однозначна: другой категории с этими четырьмя словами нет
bodies_of_water__1,bodies_of_water,normal,auto_validated,local_unique,0.137,river | sea | spring#spring_water | lake,локально однозначна: другой категории с этими четырьмя словами нет
bodies_of_water__2,bodies_of_water,normal,auto_validated,local_unique,0.145,bay | ocean | pool | stream,локально однозначна: другой категории с этими четырьмя словами нет
bodies_of_water__3,bodies_of_water,normal,auto_validated,local_unique,0.163,creek | gulf | canal | harbor,локально однозначна: другой категории с этими четырьмя словами нет
body_fluids__1,body_fluids,normal,auto_validated,local_unique,0.306,blood | milk | tear | sweat,локально однозначна: другой категории с этими четырьмя словами нет
body_fluids__2,body_fluids,normal,auto_validated,local_unique,0.338,plasma | urine | serum | saliva,локально однозначна: другой категории с этими четырьмя словами нет
body_fluids__3,body_fluids,normal,auto_validated,local_unique,0.368,bile | lymph | mucus | sputum,локально однозначна: другой категории с этими четырьмя словами нет
body_language__1,body_language,normal,auto_validated,local_unique,0.302,high five | point#point_gesture | wave#wave_hand | cross arms,локально однозначна: другой категории с этими четырьмя словами нет
body_language__2,body_language,normal,auto_validated,local_unique,0.329,bow#bow_bend | shake head | hug | nod,локально однозначна: другой категории с этими четырьмя словами нет
body_language__3,body_language,normal,auto_validated,local_unique,0.347,salute | thumbs up | fist bump | clap,локально однозначна: другой категории с этими четырьмя словами нет
body_movements__1,body_movements,normal,auto_validated,local_unique,0.223,kick | jump | wave#wave_hand | stretch,локально однозначна: другой категории с этими четырьмя словами нет
body_movements__2,body_movements,normal,auto_validated,local_unique,0.239,breathe | twist | bend | lean,локально однозначна: другой категории с этими четырьмя словами нет
body_movements__3,body_movements,normal,auto_validated,local_unique,0.257,cough | nod | blink | clap,локально однозначна: другой категории с этими четырьмя словами нет
body_of_water_types__1,body_of_water_types,normal,auto_validated,local_unique,0.312,well | pool | bird bath | canal,локально однозначна: другой категории с этими четырьмя словами нет
body_of_water_types__2,body_of_water_types,normal,auto_validated,local_unique,0.331,dam | drain | pond | fountain,локально однозначна: другой категории с этими четырьмя словами нет
body_of_water_types__3,body_of_water_types,normal,auto_validated,local_unique,0.361,reservoir | waterway | moat | sprinkler,локально однозначна: другой категории с этими четырьмя словами нет
body_parts__1,body_parts,normal,auto_validated,local_unique,0.065,back | hand#hand_body | head#head_body | foot#foot_body,локально однозначна: другой категории с этими четырьмя словами нет
body_parts__2,body_parts,normal,auto_validated,local_unique,0.076,arm | leg | neck | chest#chest_body,локально однозначна: другой категории с этими четырьмя словами нет
body_parts__3,body_parts,normal,auto_validated,local_unique,0.083,shoulder#shoulder_body | finger | hip | stomach,локально однозначна: другой категории с этими четырьмя словами нет
body_science__1,body_science,normal,auto_validated,local_unique,0.313,blood | cell#cell_body | protein | bone,локально однозначна: другой категории с этими четырьмя словами нет
body_science__2,body_science,normal,auto_validated,local_unique,0.326,dna | muscle | gene | tissue#tissue_body,локально однозначна: другой категории с этими четырьмя словами нет
body_science__3,body_science,normal,auto_validated,local_unique,0.337,oxygen | nerve | organ#organ_body | plasma,локально однозначна: другой категории с этими четырьмя словами нет
body_sounds__1,body_sounds,normal,auto_validated,local_unique,0.283,laugh | cry | cough | sneeze,локально однозначна: другой категории с этими четырьмя словами нет
body_sounds__2,body_sounds,normal,auto_validated,local_unique,0.303,sigh | whistle | gasp | growl,локально однозначна: другой категории с этими четырьмя словами нет
body_sounds__3,body_sounds,normal,auto_validated,local_unique,0.327,grunt | yawn | gulp | hiccup,локально однозначна: другой категории с этими четырьмя словами нет
body_systems__1,body_systems,normal,auto_validated,local_unique,0.342,nervous | immune | respiratory | muscular,локально однозначна: другой категории с этими четырьмя словами нет
body_systems__2,body_systems,normal,auto_validated,local_unique,0.37,digestive | skeletal | urinary | endocrine,локально однозначна: другой категории с этими четырьмя словами нет
bones__1,bones,normal,auto_validated,local_unique,0.251,hip bone | skull | shoulder blade | spine,локально однозначна: другой категории с этими четырьмя словами нет
bones__2,bones,normal,auto_validated,local_unique,0.264,wrist bone | ankle bone | shin bone | rib,локально однозначна: другой категории с этими четырьмя словами нет
bones__3,bones,normal,auto_validated,local_unique,0.295,pelvis | femur | collarbone | vertebra,локально однозначна: другой категории с этими четырьмя словами нет
book_genres__1,book_genres,normal,auto_validated,local_unique,0.21,history | self help | travel | western,локально однозначна: другой категории с этими четырьмя словами нет
book_genres__2,book_genres,normal,auto_validated,local_unique,0.228,fantasy | mystery | horror | poetry,локально однозначна: другой категории с этими четырьмя словами нет
book_genres__3,book_genres,normal,auto_validated,local_unique,0.239,science fiction | romance | humor | thriller,локально однозначна: другой категории с этими четырьмя словами нет
bowling_words__1,bowling_words,normal,auto_validated,local_unique,0.246,approach | ball#ball_sphere | split | strike#strike_bowling,локально однозначна: другой категории с этими четырьмя словами нет
bowling_words__2,bowling_words,normal,auto_validated,local_unique,0.26,frame | lane | pin#pin_bowling | spare,локально однозначна: другой категории с этими четырьмя словами нет
bowling_words__3,bowling_words,normal,auto_validated,local_unique,0.277,score sheet | foul line | rack | alley,локально однозначна: другой категории с этими четырьмя словами нет
boxes_and_cases__1,boxes_and_cases,normal,auto_validated,local_unique,0.268,case#case_box | bag | chest#chest_box | cabinet#cabinet_furniture,локально однозначна: другой категории с этими четырьмя словами нет
boxes_and_cases__2,boxes_and_cases,normal,auto_validated,local_unique,0.289,belt | shed | bucket | rack,локально однозначна: другой категории с этими четырьмя словами нет
boxes_and_cases__3,boxes_and_cases,normal,auto_validated,local_unique,0.317,drawer | tray | pouch | toolbox,локально однозначна: другой категории с этими четырьмя словами нет
boxing_gym__1,boxing_gym,normal,auto_validated,local_unique,0.444,clinch | spar | sparring | southpaw,локально однозначна: другой категории с этими четырьмя словами нет
boxing_words__1,boxing_words,normal,auto_validated,local_unique,0.253,decision | round#round_stage | ring#ring_arena | corner,локально однозначна: другой категории с этими четырьмя словами нет
boxing_words__2,boxing_words,normal,auto_validated,local_unique,0.273,bell#bell_object | belt | hook#hook_boxing | bout,локально однозначна: другой категории с этими четырьмя словами нет
boxing_words__3,boxing_words,normal,auto_validated,local_unique,0.302,referee | glove | knockout | jab,локально однозначна: другой категории с этими четырьмя словами нет
boys_names__1,boys_names,normal,auto_validated,local_unique,0.136,david | james | john | michael,локально однозначна: другой категории с этими четырьмя словами нет
boys_names__2,boys_names,normal,auto_validated,local_unique,0.138,william | robert | jack#jack_name | thomas,локально однозначна: другой категории с этими четырьмя словами нет
boys_names__3,boys_names,normal,auto_validated,local_unique,0.147,henry | daniel | andrew | ryan,локально однозначна: другой категории с этими четырьмя словами нет
bread_types__1,bread_types,normal,auto_validated,local_unique,0.206,white#white_food | roll#roll_bread | wheat | banana bread,локально однозначна: другой категории с этими четырьмя словами нет
bread_types__2,bread_types,normal,auto_validated,local_unique,0.237,texas toast | bun | rye | biscuit,локально однозначна: другой категории с этими четырьмя словами нет
bread_types__3,bread_types,normal,auto_validated,local_unique,0.256,muffin | bagel | tortilla | pita,локально однозначна: другой категории с этими четырьмя словами нет
breakfast_cereals_types__1,breakfast_cereals_types,normal,auto_validated,local_unique,0.343,squares | clusters | loops | flakes,локально однозначна: другой категории с этими четырьмя словами нет
breakfast_cereals_types__2,breakfast_cereals_types,normal,auto_validated,local_unique,0.356,oatmeal | shredded wheat | bran | porridge,локально однозначна: другой категории с этими четырьмя словами нет
breakfast_foods__1,breakfast_foods,normal,auto_validated,local_unique,0.155,egg | coffee cake | jam | bacon,локально однозначна: другой категории с этими четырьмя словами нет
breakfast_foods__2,breakfast_foods,normal,auto_validated,local_unique,0.168,ham | toast#toast_bread | danish | french toast,локально однозначна: другой категории с этими четырьмя словами нет
breakfast_foods__3,breakfast_foods,normal,auto_validated,local_unique,0.175,sausage | bread | milk | rice,локально однозначна: другой категории с этими четырьмя словами нет
breathing__1,breathing,normal,auto_validated,local_unique,0.35,breathe | exhale | gasp | inhale,локально однозначна: другой категории с этими четырьмя словами нет
bright_stars__1,bright_stars,normal,auto_validated,local_unique,0.372,sun | vega | sirius | castor,локально однозначна: другой категории с этими четырьмя словами нет
brightness_words__1,brightness_words,normal,auto_validated,local_unique,0.318,dark | bright | shining | dull,локально однозначна: другой категории с этими четырьмя словами нет
brightness_words__2,brightness_words,normal,auto_validated,local_unique,0.345,faint | glowing | shady | dim,локально однозначна: другой категории с этими четырьмя словами нет
brightness_words__3,brightness_words,normal,auto_validated,local_unique,0.358,radiant | dazzling | gloomy | luminous,локально однозначна: другой категории с этими четырьмя словами нет
building_actions__1,building_actions,normal,auto_validated,local_unique,0.222,level | saw | measure | paint,локально однозначна: другой категории с этими четырьмя словами нет
building_actions__2,building_actions,normal,auto_validated,local_unique,0.239,mount | sand | screw | nail#nail_metal,локально однозначна: другой категории с этими четырьмя словами нет
building_actions__3,building_actions,normal,auto_validated,local_unique,0.248,hammer | install | drill#drill_tool | bolt,локально однозначна: другой категории с этими четырьмя словами нет
building_materials__1,building_materials,normal,auto_validated,local_unique,0.175,glass | stone | wood | steel,локально однозначна: другой категории с этими четырьмя словами нет
building_materials__2,building_materials,normal,auto_validated,local_unique,0.2,concrete | brick | aluminum | vinyl,локально однозначна: другой категории с этими четырьмя словами нет
building_materials__3,building_materials,normal,auto_validated,local_unique,0.211,marble#marble_stone | cement | granite | slate,локально однозначна: другой категории с этими четырьмя словами нет
building_trades__1,building_trades,normal,auto_validated,local_unique,0.207,mason | contractor | painter | carpenter,локально однозначна: другой категории с этими четырьмя словами нет
building_trades__2,building_trades,normal,auto_validated,local_unique,0.229,foreman | architect | plumber | surveyor,локально однозначна: другой категории с этими четырьмя словами нет
building_trades__3,building_trades,normal,auto_validated,local_unique,0.248,electrician | installer | laborer | welder,локально однозначна: другой категории с этими четырьмя словами нет
business_words__1,business_words,normal,auto_validated,local_unique,0.216,contract | loss | market | stock,локально однозначна: другой категории с этими четырьмя словами нет
business_words__2,business_words,normal,auto_validated,local_unique,0.222,budget | partner | profit | revenue,локально однозначна: другой категории с этими четырьмя словами нет
business_words__3,business_words,normal,auto_validated,local_unique,0.239,client | franchise | asset | expense,локально однозначна: другой категории с этими четырьмя словами нет
butcher_words__1,butcher_words,normal,auto_validated,local_unique,0.303,cut | saw | block#block_cube | wrap,локально однозначна: другой категории с этими четырьмя словами нет
butcher_words__2,butcher_words,normal,auto_validated,local_unique,0.344,rack | sausage | freezer | mince,локально однозначна: другой категории с этими четырьмя словами нет
butcher_words__3,butcher_words,normal,auto_validated,local_unique,0.367,apron#apron_garment | grinder | cleaver | twine,локально однозначна: другой категории с этими четырьмя словами нет
butterflies_and_moths__1,butterflies_and_moths,normal,auto_validated,local_unique,0.338,painted lady | admiral | monarch | cabbage white,локально однозначна: другой категории с этими четырьмя словами нет
butterflies_and_moths__2,butterflies_and_moths,normal,auto_validated,local_unique,0.366,skipper | luna moth | viceroy | buckeye,локально однозначна: другой категории с этими четырьмя словами нет
butterfly_life__1,butterfly_life,normal,auto_validated,local_unique,0.469,caterpillar | cocoon | monarch | chrysalis,локально однозначна: другой категории с этими четырьмя словами нет
cactus_and_succulents__1,cactus_and_succulents,normal,auto_validated,local_unique,0.356,jade | cactus | barrel cactus | hens and chicks,локально однозначна: другой категории с этими четырьмя словами нет
cactus_and_succulents__2,cactus_and_succulents,normal,auto_validated,local_unique,0.38,aloe | prickly pear | agave | yucca,локально однозначна: другой категории с этими четырьмя словами нет
cake_types__1,cake_types,normal,auto_validated,local_unique,0.236,wedding | birthday | chocolate | angel food,локально однозначна: другой категории с этими четырьмя словами нет
cake_types__2,cake_types,normal,auto_validated,local_unique,0.249,layer | coffee cake | pound#pound_cake | ice cream cake,локально однозначна: другой категории с этими четырьмя словами нет
cake_types__3,cake_types,normal,auto_validated,local_unique,0.269,upside down | vanilla | red velvet | lava,локально однозначна: другой категории с этими четырьмя словами нет
calendar_words__1,calendar_words,normal,auto_validated,local_unique,0.17,date#date_calendar | century | day | month,локально однозначна: другой категории с этими четырьмя словами нет
calendar_words__2,calendar_words,normal,auto_validated,local_unique,0.17,season#season_time | spring#spring_season | term#term_period | week,локально однозначна: другой категории с этими четырьмя словами нет
calendar_words__3,calendar_words,normal,auto_validated,local_unique,0.173,weekend | year | birthday | quarter#quarter_fourth,локально однозначна: другой категории с этими четырьмя словами нет
calligraphy__1,calligraphy,normal,auto_validated,local_unique,0.512,flourish | lettering | cursive | italic,локально однозначна: другой категории с этими четырьмя словами нет
camera_and_electronics__1,camera_and_electronics,normal,auto_validated,local_unique,0.271,sharp | sony | canon | pioneer,локально однозначна: другой категории с этими четырьмя словами нет
camera_and_electronics__2,camera_and_electronics,normal,auto_validated,local_unique,0.306,philips | nikon | kodak | bose,локально однозначна: другой категории с этими четырьмя словами нет
camera_and_electronics__3,camera_and_electronics,normal,auto_validated,local_unique,0.322,panasonic | toshiba | polaroid | fujifilm,локально однозначна: другой категории с этими четырьмя словами нет
camping_and_outdoors__1,camping_and_outdoors,normal,auto_validated,local_unique,0.187,running | fishing | hunting | climbing,локально однозначна: другой категории с этими четырьмя словами нет
camping_and_outdoors__2,camping_and_outdoors,normal,auto_validated,local_unique,0.21,camping | sailing | hiking | skiing,локально однозначна: другой категории с этими четырьмя словами нет
camping_and_outdoors__3,camping_and_outdoors,normal,auto_validated,local_unique,0.236,surfing | biking | backpacking | kayaking,локально однозначна: другой категории с этими четырьмя словами нет
camping_gear__1,camping_gear,normal,auto_validated,local_unique,0.185,map | matches | camp chair | sleeping bag,локально однозначна: другой категории с этими четырьмя словами нет
camping_gear__2,camping_gear,normal,auto_validated,local_unique,0.201,first aid kit | mess kit | rope | tent,локально однозначна: другой категории с этими четырьмя словами нет
camping_gear__3,camping_gear,normal,auto_validated,local_unique,0.213,cooler | bug spray | backpack | compass,локально однозначна: другой категории с этими четырьмя словами нет
canadian_places__1,canadian_places,normal,auto_validated,local_unique,0.32,toronto | vancouver | montreal | ottawa,локально однозначна: другой категории с этими четырьмя словами нет
canadian_places__2,canadian_places,normal,auto_validated,local_unique,0.335,quebec | alberta | calgary | halifax,локально однозначна: другой категории с этими четырьмя словами нет
canadian_places__3,canadian_places,normal,auto_validated,local_unique,0.348,winnipeg | niagara | manitoba | nova scotia,локально однозначна: другой категории с этими четырьмя словами нет
candle_making__1,candle_making,normal,auto_validated,local_unique,0.494,scented | taper | wick | paraffin,локально однозначна: другой категории с этими четырьмя словами нет
candy__1,candy,normal,auto_validated,local_unique,0.171,chocolate | chocolate bar | rock candy | gum#gum_candy,локально однозначна: другой категории с этими четырьмя словами нет
candy__2,candy,normal,auto_validated,local_unique,0.196,mint#mint_candy | candy cane | jelly bean | caramel,локально однозначна: другой категории с этими четырьмя словами нет
candy__3,candy,normal,auto_validated,local_unique,0.213,fudge | brittle#brittle_candy | lollipop | marshmallow,локально однозначна: другой категории с этими четырьмя словами нет
candy_brands__1,candy_brands,normal,auto_validated,local_unique,0.267,almond joy | milky way | nerds | hershey,локально однозначна: другой категории с этими четырьмя словами нет
candy_brands__2,candy_brands,normal,auto_validated,local_unique,0.288,snickers | jolly rancher | skittles | starburst,локально однозначна: другой категории с этими четырьмя словами нет
candy_brands__3,candy_brands,normal,auto_validated,local_unique,0.308,kitkat | tootsie roll | twix | whoppers,локально однозначна: другой категории с этими четырьмя словами нет
candy_shapes__1,candy_shapes,normal,auto_validated,local_unique,0.217,bar#bar_block | drop | stick#stick_candy | chocolate square,локально однозначна: другой категории с этими четырьмя словами нет
candy_shapes__2,candy_shapes,normal,auto_validated,local_unique,0.247,hard candy | cluster | mint#mint_candy | ribbon,локально однозначна: другой категории с этими четырьмя словами нет
candy_shapes__3,candy_shapes,normal,auto_validated,local_unique,0.269,jelly | chew | brittle#brittle_candy | lollipop,локально однозначна: другой категории с этими четырьмя словами нет
canyons_and_valleys__1,canyons_and_valleys,normal,auto_validated,local_unique,0.364,death valley | grand canyon | silicon valley | copper canyon,локально однозначна: другой категории с этими четырьмя словами нет
canyons_and_valleys__2,canyons_and_valleys,normal,auto_validated,local_unique,0.39,rift valley | zion | bryce canyon | napa valley,локально однозначна: другой категории с этими четырьмя словами нет
capital_cities_more__1,capital_cities_more,normal,auto_validated,local_unique,0.334,brussels | wellington | sofia | stockholm,локально однозначна: другой категории с этими четырьмя словами нет
capital_cities_more__2,capital_cities_more,normal,auto_validated,local_unique,0.345,copenhagen | canberra | nairobi | ankara,локально однозначна: другой категории с этими четырьмя словами нет
capital_cities_more__3,capital_cities_more,normal,auto_validated,local_unique,0.36,islamabad | bucharest | bern | riyadh,локально однозначна: другой категории с этими четырьмя словами нет
car_brands__1,car_brands,normal,auto_validated,local_unique,0.237,ford#ford_brand | mercedes | toyota | bmw,локально однозначна: другой категории с этими четырьмя словами нет
car_brands__2,car_brands,normal,auto_validated,local_unique,0.248,dodge | honda | jeep | nissan,локально однозначна: другой категории с этими четырьмя словами нет
car_brands__3,car_brands,normal,auto_validated,local_unique,0.259,audi | chevrolet | volkswagen | volvo,локально однозначна: другой категории с этими четырьмя словами нет
car_models__1,car_models,normal,auto_validated,local_unique,0.292,civic | ranger | explorer | accord,локально однозначна: другой категории с этими четырьмя словами нет
car_models__2,car_models,normal,auto_validated,local_unique,0.306,charger#charger_car | mustang | beetle | corvette,локально однозначна: другой категории с этими четырьмя словами нет
car_models__3,car_models,normal,auto_validated,local_unique,0.323,tahoe | camaro | impala | prius,локально однозначна: другой категории с этими четырьмя словами нет
car_parts__1,car_parts,normal,auto_validated,local_unique,0.141,door | engine | seat | battery,локально однозначна: другой категории с этими четырьмя словами нет
car_parts__2,car_parts,normal,auto_validated,local_unique,0.159,wheel | mirror | hood#hood_car | horn#horn_sound,локально однозначна: другой категории с этими четырьмя словами нет
car_parts__3,car_parts,normal,auto_validated,local_unique,0.174,trunk#trunk_car | tire | brake | clutch,локально однозначна: другой категории с этими четырьмя словами нет
card_games__1,card_games,normal,auto_validated,local_unique,0.216,war | go fish | bridge#bridge_card | hearts,локально однозначна: другой категории с этими четырьмя словами нет
card_games__2,card_games,normal,auto_validated,local_unique,0.265,poker | old maid | uno | blackjack,локально однозначна: другой категории с этими четырьмя словами нет
card_games__3,card_games,normal,auto_validated,local_unique,0.296,spades | solitaire | crazy eights | rummy,локально однозначна: другой категории с этими четырьмя словами нет
card_suits__1,card_suits,normal,auto_validated,local_unique,0.219,clubs | diamonds | hearts | spades,локально однозначна: другой категории с этими четырьмя словами нет
card_tricks__1,card_tricks,normal,auto_validated,local_unique,0.385,control | cut | force | pass,локально однозначна: другой категории с этими четырьмя словами нет
card_tricks__2,card_tricks,normal,auto_validated,local_unique,0.41,spread | reveal | double lift | flourish,локально однозначна: другой категории с этими четырьмя словами нет
card_words__1,card_words,normal,auto_validated,local_unique,0.21,club#club_card | heart#heart_card | cut | deal,локально однозначна: другой категории с этими четырьмя словами нет
card_words__2,card_words,normal,auto_validated,local_unique,0.21,face card | king | straight | trump,локально однозначна: другой категории с этими четырьмя словами нет
card_words__3,card_words,normal,auto_validated,local_unique,0.215,queen#queen_card | jack#jack_card | pair | suit#suit_card,локально однозначна: другой категории с этими четырьмя словами нет
caribbean_places__1,caribbean_places,normal,auto_validated,local_unique,0.333,cuba | jamaica | haiti | trinidad,локально однозначна: другой категории с этими четырьмя словами нет
caribbean_places__2,caribbean_places,normal,auto_validated,local_unique,0.347,bahamas | bermuda | barbados | saint lucia,локально однозначна: другой категории с этими четырьмя словами нет
caribbean_places__3,caribbean_places,normal,auto_validated,local_unique,0.368,antigua | grenada | aruba | dominica,локально однозначна: другой категории с этими четырьмя словами нет
carpenter__1,carpenter,normal,auto_validated,local_unique,0.481,plywood | lathe | sander | sawdust,локально однозначна: другой категории с этими четырьмя словами нет
carpentry_words__1,carpentry_words,normal,auto_validated,local_unique,0.269,level | square | plane#plane_tool | beam#beam_wood,локально однозначна: другой категории с этими четырьмя словами нет
carpentry_words__2,carpentry_words,normal,auto_validated,local_unique,0.303,nail gun | groove | stud | lumber,локально однозначна: другой категории с этими четырьмя словами нет
carpentry_words__3,carpentry_words,normal,auto_validated,local_unique,0.331,plywood | molding | veneer | chisel,локально однозначна: другой категории с этими четырьмя словами нет
carrying_actions__1,carrying_actions,normal,auto_validated,local_unique,0.263,carry | pull | push | transport,локально однозначна: другой категории с этими четырьмя словами нет
carrying_actions__2,carrying_actions,normal,auto_validated,local_unique,0.279,load | lift | drag | slide,локально однозначна: другой категории с этими четырьмя словами нет
carrying_actions__3,carrying_actions,normal,auto_validated,local_unique,0.304,toss | haul | tow | shove,локально однозначна: другой категории с этими четырьмя словами нет
cartoon_characters__1,cartoon_characters,normal,auto_validated,local_unique,0.193,tom | donald | jerry | mickey,локально однозначна: другой категории с этими четырьмя словами нет
cartoon_characters__2,cartoon_characters,normal,auto_validated,local_unique,0.222,woody | bugs bunny | goofy | garfield,локально однозначна: другой категории с этими четырьмя словами нет
cartoon_characters__3,cartoon_characters,normal,auto_validated,local_unique,0.236,pluto | scooby | sylvester | yogi,локально однозначна: другой категории с этими четырьмя словами нет
castle_keep__1,castle_keep,normal,auto_validated,local_unique,0.531,siege | battlements | gatehouse | rampart,локально однозначна: другой категории с этими четырьмя словами нет
castle_things__1,castle_things,normal,auto_validated,local_unique,0.174,keep | wall | hall | tower,локально однозначна: другой категории с этими четырьмя словами нет
castle_things__2,castle_things,normal,auto_validated,local_unique,0.195,chamber | gate#gate_barrier | banner | throne,локально однозначна: другой категории с этими четырьмя словами нет
castle_things__3,castle_things,normal,auto_validated,local_unique,0.22,chapel | courtyard | dungeon | turret,локально однозначна: другой категории с этими четырьмя словами нет
cat_breeds__1,cat_breeds,normal,auto_validated,local_unique,0.297,russian blue | persian | bengal | bombay,локально однозначна: другой категории с этими четырьмя словами нет
cat_breeds__2,cat_breeds,normal,auto_validated,local_unique,0.333,burmese | himalayan | maine coon | siamese,локально однозначна: другой категории с этими четырьмя словами нет
cat_breeds__3,cat_breeds,normal,auto_validated,local_unique,0.352,calico | tabby | manx | abyssinian,локально однозначна: другой категории с этими четырьмя словами нет
cat_things__1,cat_things,normal,auto_validated,local_unique,0.344,litter | meow | scratch | catnip,локально однозначна: другой категории с этими четырьмя словами нет
cattle_and_farm_breeds__1,cattle_and_farm_breeds,normal,auto_validated,local_unique,0.388,jersey | angus | suffolk | berkshire,локально однозначна: другой категории с этими четырьмя словами нет
cave_things__1,cave_things,normal,auto_validated,local_unique,0.307,pool | chamber | crystal | column,локально однозначна: другой категории с этими четырьмя словами нет
cave_things__2,cave_things,normal,auto_validated,local_unique,0.318,bat#bat_animal | darkness | tunnel | echo,локально однозначна: другой категории с этими четырьмя словами нет
cave_things__3,cave_things,normal,auto_validated,local_unique,0.342,fossil | moss | drip#drip_water | cavern,локально однозначна: другой категории с этими четырьмя словами нет
cereal_brands__1,cereal_brands,normal,auto_validated,local_unique,0.286,special k | grape nuts | lucky charms | corn flakes,локально однозначна: другой категории с этими четырьмя словами нет
cereal_brands__2,cereal_brands,normal,auto_validated,local_unique,0.325,cocoa puffs | frosted flakes | raisin bran | cheerios,локально однозначна: другой категории с этими четырьмя словами нет
cereal_brands__3,cereal_brands,normal,auto_validated,local_unique,0.349,trix | rice krispies | froot loops | chex,локально однозначна: другой категории с этими четырьмя словами нет
ceremonies__1,ceremonies,normal,auto_validated,local_unique,0.262,mass | wedding | prayer | funeral,локально однозначна: другой категории с этими четырьмя словами нет
ceremonies__2,ceremonies,normal,auto_validated,local_unique,0.293,confirmation | blessing | communion | sermon,локально однозначна: другой категории с этими четырьмя словами нет
ceremonies__3,ceremonies,normal,auto_validated,local_unique,0.307,procession | baptism | pilgrimage | ordination,локально однозначна: другой категории с этими четырьмя словами нет
certainty_words__1,certainty_words,normal,auto_validated,local_unique,0.296,certain | likely | maybe | perhaps,локально однозначна: другой категории с этими четырьмя словами нет
certainty_words__2,certainty_words,normal,auto_validated,local_unique,0.305,possible | sure | obvious | unlikely,локально однозначна: другой категории с этими четырьмя словами нет
certainty_words__3,certainty_words,normal,auto_validated,local_unique,0.334,guaranteed | uncertain | probable | definite,локально однозначна: другой категории с этими четырьмя словами нет
cheese_dishes__1,cheese_dishes,normal,auto_validated,local_unique,0.319,cheese board | pizza | mac and cheese | grilled cheese,локально однозначна: другой категории с этими четырьмя словами нет
cheese_dishes__2,cheese_dishes,normal,auto_validated,local_unique,0.369,cheesecake | lasagna | nachos | fondue,локально однозначна: другой категории с этими четырьмя словами нет
cheese_types__1,cheese_types,normal,auto_validated,local_unique,0.243,american | blue cheese | cream cheese | swiss,локально однозначна: другой категории с этими четырьмя словами нет
cheese_types__2,cheese_types,normal,auto_validated,local_unique,0.278,goat cheese | cottage cheese | monterey jack | cheddar,локально однозначна: другой категории с этими четырьмя словами нет
cheese_types__3,cheese_types,normal,auto_validated,local_unique,0.296,colby | parmesan | mozzarella | brie,локально однозначна: другой категории с этими четырьмя словами нет
chemistry_lab__1,chemistry_lab,normal,auto_validated,local_unique,0.544,vial | litmus | reagent | bunsen,локально однозначна: другой категории с этими четырьмя словами нет
chemistry_words__1,chemistry_words,normal,auto_validated,local_unique,0.31,base | solution | reaction | salt,локально однозначна: другой категории с этими четырьмя словами нет
chemistry_words__2,chemistry_words,normal,auto_validated,local_unique,0.322,bond | acid | element | formula,локально однозначна: другой категории с этими четырьмя словами нет
chemistry_words__3,chemistry_words,normal,auto_validated,local_unique,0.339,compound | mixture | ion | catalyst,локально однозначна: другой категории с этими четырьмя словами нет
chess_words__1,chess_words,normal,auto_validated,local_unique,0.25,board#board_game | check#check_chess | king | opening,локально однозначна: другой категории с этими четырьмя словами нет
chess_words__2,chess_words,normal,auto_validated,local_unique,0.265,queen#queen_card | castle | capture | promotion,локально однозначна: другой категории с этими четырьмя словами нет
chess_words__3,chess_words,normal,auto_validated,local_unique,0.294,bishop | knight | pawn | gambit,локально однозначна: другой категории с этими четырьмя словами нет
chili_and_spice_blends__1,chili_and_spice_blends,normal,auto_validated,local_unique,0.327,old bay | jerk | ranch mix | five spice,локально однозначна: другой категории с этими четырьмя словами нет
chili_and_spice_blends__2,chili_and_spice_blends,normal,auto_validated,local_unique,0.351,curry powder | chili powder | pumpkin spice | italian seasoning,локально однозначна: другой категории с этими четырьмя словами нет
christmas_things__1,christmas_things,normal,auto_validated,local_unique,0.135,star#star_shape | tree | gift | lights,локально однозначна: другой категории с этими четырьмя словами нет
christmas_things__2,christmas_things,normal,auto_validated,local_unique,0.178,carol | candy cane | elf | chimney,локально однозначна: другой категории с этими четырьмя словами нет
christmas_things__3,christmas_things,normal,auto_validated,local_unique,0.191,stocking | garland | wreath | ornament,локально однозначна: другой категории с этими четырьмя словами нет
church_things__1,church_things,normal,auto_validated,local_unique,0.227,cross | bell#bell_object | offering plate | icon,локально однозначна: другой категории с этими четырьмя словами нет
church_things__2,church_things,normal,auto_validated,local_unique,0.25,organ#organ_music | candle | choir | altar,локально однозначна: другой категории с этими четырьмя словами нет
church_things__3,church_things,normal,auto_validated,local_unique,0.259,font | stained glass | aisle | robe,локально однозначна: другой категории с этими четырьмя словами нет
circus_and_fair_jobs__1,circus_and_fair_jobs,normal,auto_validated,local_unique,0.296,animal trainer | clown | barker | magician,локально однозначна: другой категории с этими четырьмя словами нет
circus_and_fair_jobs__2,circus_and_fair_jobs,normal,auto_validated,local_unique,0.332,fire eater | acrobat | tightrope walker | trapeze artist,локально однозначна: другой категории с этими четырьмя словами нет
circus_and_fair_jobs__3,circus_and_fair_jobs,normal,auto_validated,local_unique,0.354,juggler | stilt walker | ringmaster | contortionist,локально однозначна: другой категории с этими четырьмя словами нет
circus_ring__1,circus_ring,normal,auto_validated,local_unique,0.537,cannonball | stilts | strongman | unicycle,локально однозначна: другой категории с этими четырьмя словами нет
circus_words__1,circus_words,normal,auto_validated,local_unique,0.229,ring#ring_arena | net | elephant | tent,локально однозначна: другой категории с этими четырьмя словами нет
circus_words__2,circus_words,normal,auto_validated,local_unique,0.25,cannon | cotton candy | clown | popcorn,локально однозначна: другой категории с этими четырьмя словами нет
circus_words__3,circus_words,normal,auto_validated,local_unique,0.299,stilts | acrobat | lion tamer | tightrope,локально однозначна: другой категории с этими четырьмя словами нет
citrus_fruits__1,citrus_fruits,normal,auto_validated,local_unique,0.221,orange#orange_fruit | lemon | lime | mandarin,локально однозначна: другой категории с этими четырьмя словами нет
citrus_fruits__2,citrus_fruits,normal,auto_validated,local_unique,0.268,grapefruit | tangerine | clementine | citron,локально однозначна: другой категории с этими четырьмя словами нет
city_nicknames__1,city_nicknames,normal,auto_validated,local_unique,0.333,big easy | music city | queen city | big apple,локально однозначна: другой категории с этими четырьмя словами нет
city_nicknames__2,city_nicknames,normal,auto_validated,local_unique,0.346,steel city | mile high city | motor city | sin city,локально однозначна: другой категории с этими четырьмя словами нет
city_sounds__1,city_sounds,normal,auto_validated,local_unique,0.301,traffic | engine | bell#bell_object | alarm,локально однозначна: другой категории с этими четырьмя словами нет
city_sounds__2,city_sounds,normal,auto_validated,local_unique,0.332,shout | brakes | whistle | footsteps,локально однозначна: другой категории с этими четырьмя словами нет
city_sounds__3,city_sounds,normal,auto_validated,local_unique,0.355,siren#siren_device | rumble | chatter | honk,локально однозначна: другой категории с этими четырьмя словами нет
city_words__1,city_words,normal,auto_validated,local_unique,0.17,district | park#park_place | street | block#block_cube,локально однозначна: другой категории с этими четырьмя словами нет
city_words__2,city_words,normal,auto_validated,local_unique,0.18,traffic | bridge#bridge_structure | neighborhood | tower,локально однозначна: другой категории с этими четырьмя словами нет
city_words__3,city_words,normal,auto_validated,local_unique,0.199,avenue | downtown | subway | plaza,локально однозначна: другой категории с этими четырьмя словами нет
classic_novels__1,classic_novels,normal,auto_validated,local_unique,0.299,little women | call of the wild | great expectations | treasure island,локально однозначна: другой категории с этими четырьмя словами нет
classic_novels__2,classic_novels,normal,auto_validated,local_unique,0.333,of mice and men | oliver twist | tom sawyer | dracula,локально однозначна: другой категории с этими четырьмя словами нет
classic_novels__3,classic_novels,normal,auto_validated,local_unique,0.357,frankenstein | great gatsby | jane eyre | robinson crusoe,локально однозначна: другой категории с этими четырьмя словами нет
classic_tv_shows__1,classic_tv_shows,normal,auto_validated,local_unique,0.305,friends | dallas | cheers#cheers_show | wheel of fortune,локально однозначна: другой категории с этими четырьмя словами нет
classic_tv_shows__2,classic_tv_shows,normal,auto_validated,local_unique,0.328,i love lucy | star trek | twilight zone | mash,локально однозначна: другой категории с этими четырьмя словами нет
classic_tv_shows__3,classic_tv_shows,normal,auto_validated,local_unique,0.343,simpsons | jeopardy | sesame street | seinfeld,локально однозначна: другой категории с этими четырьмя словами нет
classroom_things__1,classroom_things,normal,auto_validated,local_unique,0.145,map | chair | hall pass | bell#bell_object,локально однозначна: другой категории с этими четырьмя словами нет
classroom_things__2,classroom_things,normal,auto_validated,local_unique,0.155,flag | clock | desk | calendar,локально однозначна: другой категории с этими четырьмя словами нет
classroom_things__3,classroom_things,normal,auto_validated,local_unique,0.171,globe | poster | locker | textbook,локально однозначна: другой категории с этими четырьмя словами нет
cleaning_actions__1,cleaning_actions,normal,auto_validated,local_unique,0.228,dry | wash | dust | polish#polish_verb,локально однозначна: другой категории с этими четырьмя словами нет
cleaning_actions__2,cleaning_actions,normal,auto_validated,local_unique,0.244,shine | vacuum | wipe | sweep,локально однозначна: другой категории с этими четырьмя словами нет
cleaning_actions__3,cleaning_actions,normal,auto_validated,local_unique,0.266,scrub | tidy | rinse | mop,локально однозначна: другой категории с этими четырьмя словами нет
cleaning_supplies__1,cleaning_supplies,normal,auto_validated,local_unique,0.163,polish#polish_product | trash bag | brush | soap,локально однозначна: другой категории с этими четырьмя словами нет
cleaning_supplies__2,cleaning_supplies,normal,auto_validated,local_unique,0.175,vacuum | bucket | gloves | sponge#sponge_cleaning,локально однозначна: другой категории с этими четырьмя словами нет
cleaning_supplies__3,cleaning_supplies,normal,auto_validated,local_unique,0.194,rag | bleach | broom | wipes,локально однозначна: другой категории с этими четырьмя словами нет
cleaning_tools__1,cleaning_tools,normal,auto_validated,local_unique,0.205,brush | vacuum | bucket | steam cleaner,локально однозначна: другой категории с этими четырьмя словами нет
cleaning_tools__2,cleaning_tools,normal,auto_validated,local_unique,0.228,sponge#sponge_cleaning | rag | broom | toothbrush,локально однозначна: другой категории с этими четырьмя словами нет
cleaning_tools__3,cleaning_tools,normal,auto_validated,local_unique,0.247,mop | lint roller | plunger | duster,локально однозначна: другой категории с этими четырьмя словами нет
cleaning_trade__1,cleaning_trade,normal,auto_validated,local_unique,0.268,sign | keys | uniform | trash bag,локально однозначна: другой категории с этими четырьмя словами нет
cleaning_trade__2,cleaning_trade,normal,auto_validated,local_unique,0.285,vacuum | bucket | gloves | cart,локально однозначна: другой категории с этими четырьмя словами нет
cleaning_trade__3,cleaning_trade,normal,auto_validated,local_unique,0.302,wax#wax_polish | buffer | broom | mop,локально однозначна: другой категории с этими четырьмя словами нет
cleanliness_words__1,cleanliness_words,normal,auto_validated,local_unique,0.273,clean | dirty | neat | messy,локально однозначна: другой категории с этими четырьмя словами нет
cleanliness_words__2,cleanliness_words,normal,auto_validated,local_unique,0.297,filthy | stained | polished | dusty,локально однозначна: другой категории с этими четырьмя словами нет
cleanliness_words__3,cleanliness_words,normal,auto_validated,local_unique,0.308,muddy | tidy | sterile | immaculate,локально однозначна: другой категории с этими четырьмя словами нет
climate_zones__1,climate_zones,normal,auto_validated,local_unique,0.287,desert | coastal | tropical | arctic,локально однозначна: другой категории с этими четырьмя словами нет
climate_zones__2,climate_zones,normal,auto_validated,local_unique,0.3,continental | mediterranean | polar | alpine,локально однозначна: другой категории с этими четырьмя словами нет
climate_zones__3,climate_zones,normal,auto_validated,local_unique,0.321,humid | rainforest | arid | monsoon,локально однозначна: другой категории с этими четырьмя словами нет
climbing_wall__1,climbing_wall,normal,auto_validated,local_unique,0.512,ascent | foothold | belay | carabiner,локально однозначна: другой категории с этими четырьмя словами нет
clock_words__1,clock_words,normal,auto_validated,local_unique,0.217,face | hour hand | second hand | minute hand,локально однозначна: другой категории с этими четырьмя словами нет
clock_words__2,clock_words,normal,auto_validated,local_unique,0.256,alarm | dial | tick#tick_sound | timer,локально однозначна: другой категории с этими четырьмя словами нет
clock_words__3,clock_words,normal,auto_validated,local_unique,0.288,pendulum | chime | cuckoo | snooze,локально однозначна: другой категории с этими четырьмя словами нет
clockwork__1,clockwork,normal,auto_validated,local_unique,0.494,chime | pendulum | winding | cogs,локально однозначна: другой категории с этими четырьмя словами нет
clothing_brands__1,clothing_brands,normal,auto_validated,local_unique,0.229,new balance | champion | gap | nike,локально однозначна: другой категории с этими четырьмя словами нет
clothing_brands__2,clothing_brands,normal,auto_validated,local_unique,0.265,adidas | vans | levi | converse,локально однозначна: другой категории с этими четырьмя словами нет
clothing_brands__3,clothing_brands,normal,auto_validated,local_unique,0.285,fruit of the loom | puma | wrangler | reebok,локально однозначна: другой категории с этими четырьмя словами нет
clothing_items__1,clothing_items,normal,auto_validated,local_unique,0.075,dress | suit#suit_clothing | shirt | hat,локально однозначна: другой категории с этими четырьмя словами нет
clothing_items__2,clothing_items,normal,auto_validated,local_unique,0.083,tank top | tie#tie_clothing | pants | coat#coat_garment,локально однозначна: другой категории с этими четырьмя словами нет
clothing_items__3,clothing_items,normal,auto_validated,local_unique,0.097,jacket | jeans | shorts | skirt,локально однозначна: другой категории с этими четырьмя словами нет
clothing_parts__1,clothing_parts,normal,auto_validated,local_unique,0.239,button#button_clothing | pocket | hood#hood_garment | belt loop,локально однозначна: другой категории с этими четырьмя словами нет
clothing_parts__2,clothing_parts,normal,auto_validated,local_unique,0.257,collar | sleeve | lining | strap,локально однозначна: другой категории с этими четырьмя словами нет
clothing_parts__3,clothing_parts,normal,auto_validated,local_unique,0.276,buckle | cuff | seam | zipper,локально однозначна: другой категории с этими четырьмя словами нет
clothing_sizes__1,clothing_sizes,normal,auto_validated,local_unique,0.25,large | plus | regular | small,локально однозначна: другой категории с этими четырьмя словами нет
clothing_sizes__2,clothing_sizes,normal,auto_validated,local_unique,0.26,wide | medium | tight | tall,локально однозначна: другой категории с этими четырьмя словами нет
clothing_sizes__3,clothing_sizes,normal,auto_validated,local_unique,0.283,loose | narrow | slim | petite,локально однозначна: другой категории с этими четырьмя словами нет
cloud_and_sky__1,cloud_and_sky,normal,auto_validated,local_unique,0.22,star#star_space | sun | plane#plane_aircraft | moon#moon_space,локально однозначна: другой категории с этими четырьмя словами нет
cloud_and_sky__2,cloud_and_sky,normal,auto_validated,local_unique,0.231,smoke | bird | cloud | satellite,локально однозначна: другой категории с этими четырьмя словами нет
cloud_and_sky__3,cloud_and_sky,normal,auto_validated,local_unique,0.248,lightning | helicopter | rainbow | sunset,локально однозначна: другой категории с этими четырьмя словами нет
cloud_types__1,cloud_types,normal,auto_validated,local_unique,0.487,cirrus | cumulus | nimbus | stratus,локально однозначна: другой категории с этими четырьмя словами нет
cocktails__1,cocktails,normal,auto_validated,local_unique,0.283,bloody mary | manhattan | tom collins | old fashioned,локально однозначна: другой категории с этими четырьмя словами нет
cocktails__2,cocktails,normal,auto_validated,local_unique,0.311,whiskey sour | moscow mule | cosmopolitan | margarita,локально однозначна: другой категории с этими четырьмя словами нет
cocktails__3,cocktails,normal,auto_validated,local_unique,0.331,martini | mai tai | mimosa | mojito,локально однозначна: другой категории с этими четырьмя словами нет
coffee_brands__1,coffee_brands,normal,auto_validated,local_unique,0.327,community | starbucks | maxwell house | caribou,локально однозначна: другой категории с этими четырьмя словами нет
coffee_drinks__1,coffee_drinks,normal,auto_validated,local_unique,0.2,french press | flat white | cold brew | drip#drip_coffee,локально однозначна: другой категории с этими четырьмя словами нет
coffee_drinks__2,coffee_drinks,normal,auto_validated,local_unique,0.236,iced coffee | espresso | latte | mocha,локально однозначна: другой категории с этими четырьмя словами нет
coffee_drinks__3,coffee_drinks,normal,auto_validated,local_unique,0.27,cappuccino | americano | macchiato | frappe,локально однозначна: другой категории с этими четырьмя словами нет
coins_and_bills__1,coins_and_bills,normal,auto_validated,local_unique,0.171,bill#bill_money | five | ten | cent,локально однозначна: другой категории с этими четырьмя словами нет
coins_and_bills__2,coins_and_bills,normal,auto_validated,local_unique,0.179,quarter#quarter_coin | hundred | twenty | dollar,локально однозначна: другой категории с этими четырьмя словами нет
coins_and_bills__3,coins_and_bills,normal,auto_validated,local_unique,0.196,half dollar | fifty | coin | penny,локально однозначна: другой категории с этими четырьмя словами нет
cold_drinks__1,cold_drinks,normal,auto_validated,local_unique,0.147,water | milk | sports drink | juice,локально однозначна: другой категории с этими четырьмя словами нет
cold_drinks__2,cold_drinks,normal,auto_validated,local_unique,0.168,punch#punch_drink | root beer | soda | coconut water,локально однозначна: другой категории с этими четырьмя словами нет
cold_drinks__3,cold_drinks,normal,auto_validated,local_unique,0.192,cola | ginger ale | iced tea | lemonade,локально однозначна: другой категории с этими четырьмя словами нет
cold_places__1,cold_places,normal,auto_validated,local_unique,0.248,mountain | basement | cave | north pole,локально однозначна: другой категории с этими четырьмя словами нет
cold_places__2,cold_places,normal,auto_validated,local_unique,0.272,arctic | ski slope | freezer | refrigerator,локально однозначна: другой категории с этими четырьмя словами нет
cold_places__3,cold_places,normal,auto_validated,local_unique,0.287,glacier | antarctica | iceberg | tundra,локально однозначна: другой категории с этими четырьмя словами нет
cold_things__1,cold_things,normal,auto_validated,local_unique,0.239,ice | snow | ice cream | chill,локально однозначна: другой категории с этими четырьмя словами нет
cold_things__2,cold_things,normal,auto_validated,local_unique,0.269,frost | hail | ice cube | freezer,локально однозначна: другой категории с этими четырьмя словами нет
cold_things__3,cold_things,normal,auto_validated,local_unique,0.285,refrigerator | glacier | iceberg | snowball,локально однозначна: другой категории с этими четырьмя словами нет
collecting_hobbies__1,collecting_hobbies,normal,auto_validated,local_unique,0.213,card#card_playing | record | rock#rock_stone | button#button_clothing,локально однозначна: другой категории с этими четырьмя словами нет
collecting_hobbies__2,collecting_hobbies,normal,auto_validated,local_unique,0.234,comic | shell | bottle cap | coin,локально однозначна: другой категории с этими четырьмя словами нет
collecting_hobbies__3,collecting_hobbies,normal,auto_validated,local_unique,0.245,stamp#stamp_postage | doll | badge | marble#marble_toy,локально однозначна: другой категории с этими четырьмя словами нет
college_words__1,college_words,normal,auto_validated,local_unique,0.21,credit | degree#degree_academic | major#major_study | professor,локально однозначна: другой категории с этими четырьмя словами нет
college_words__2,college_words,normal,auto_validated,local_unique,0.221,senior | minor | campus | junior,локально однозначна: другой категории с этими четырьмя словами нет
college_words__3,college_words,normal,auto_validated,local_unique,0.239,dean | lecture | scholarship | semester,локально однозначна: другой категории с этими четырьмя словами нет
colonial_america__1,colonial_america,normal,auto_validated,local_unique,0.346,colony | wagon | spinning wheel | plantation,локально однозначна: другой категории с этими четырьмя словами нет
colonial_america__2,colonial_america,normal,auto_validated,local_unique,0.363,lantern | tavern | pilgrim | bonnet,локально однозначна: другой категории с этими четырьмя словами нет
colonial_america__3,colonial_america,normal,auto_validated,local_unique,0.377,blacksmith | settler | quill | churn,локально однозначна: другой категории с этими четырьмя словами нет
color_words_advanced__1,color_words_advanced,normal,auto_validated,local_unique,0.297,olive | amber | mint#mint_color | coral,локально однозначна: другой категории с этими четырьмя словами нет
color_words_advanced__2,color_words_advanced,normal,auto_validated,local_unique,0.304,ivory | sage#sage_color | jade | rust,локально однозначна: другой категории с этими четырьмя словами нет
color_words_advanced__3,color_words_advanced,normal,auto_validated,local_unique,0.311,mustard | scarlet | crimson | charcoal,локально однозначна: другой категории с этими четырьмя словами нет
colors__1,colors,normal,auto_validated,local_unique,0.065,black | blue | brown | gold,локально однозначна: другой категории с этими четырьмя словами нет
colors__2,colors,normal,auto_validated,local_unique,0.066,green#green_color | red | white#white_color | silver,локально однозначна: другой категории с этими четырьмя словами нет
colors__3,colors,normal,auto_validated,local_unique,0.077,yellow | orange#orange_color | navy | pink,локально однозначна: другой категории с этими четырьмя словами нет
comedy_words__1,comedy_words,normal,auto_validated,local_unique,0.282,joke | routine | timing | sketch,локально однозначна: другой категории с этими четырьмя словами нет
comedy_words__2,comedy_words,normal,auto_validated,local_unique,0.305,roast | parody | one liner | satire,локально однозначна: другой категории с этими четырьмя словами нет
comedy_words__3,comedy_words,normal,auto_validated,local_unique,0.323,gag | pun | improv | standup,локально однозначна: другой категории с этими четырьмя словами нет
comic_words__1,comic_words,normal,auto_validated,local_unique,0.297,cover | issue | series | artist,локально однозначна: другой категории с этими четырьмя словами нет
comic_words__2,comic_words,normal,auto_validated,local_unique,0.311,hero | origin | panel | strip,локально однозначна: другой категории с этими четырьмя словами нет
comic_words__3,comic_words,normal,auto_validated,local_unique,0.329,cape | graphic novel | speech bubble | villain,локально однозначна: другой категории с этими четырьмя словами нет
common_professions__1,common_professions,normal,auto_validated,local_unique,0.175,doctor | engineer | lawyer | manager,локально однозначна: другой категории с этими четырьмя словами нет
common_professions__2,common_professions,normal,auto_validated,local_unique,0.188,pilot | teacher | chef | farmer,локально однозначна: другой категории с этими четырьмя словами нет
common_surnames__1,common_surnames,normal,auto_validated,local_unique,0.21,brown | smith | white#white_surname | young,локально однозначна: другой категории с этими четырьмя словами нет
common_surnames__2,common_surnames,normal,auto_validated,local_unique,0.214,hall | thomas | johnson | jones,локально однозначна: другой категории с этими четырьмя словами нет
common_surnames__3,common_surnames,normal,auto_validated,local_unique,0.22,martin | williams | taylor | jackson,локально однозначна: другой категории с этими четырьмя словами нет
computer_actions__1,computer_actions,normal,auto_validated,local_unique,0.17,close | save | search | share,локально однозначна: другой категории с этими четырьмя словами нет
computer_actions__2,computer_actions,normal,auto_validated,local_unique,0.174,type | click | copy | download,локально однозначна: другой категории с этими четырьмя словами нет
computer_actions__3,computer_actions,normal,auto_validated,local_unique,0.193,print | log in | drag | delete,локально однозначна: другой категории с этими четырьмя словами нет
computer_parts__1,computer_parts,normal,auto_validated,local_unique,0.171,fan#fan_device | hard drive | screen#screen_display | memory,локально однозначна: другой категории с этими четырьмя словами нет
computer_parts__2,computer_parts,normal,auto_validated,local_unique,0.181,port | power supply | battery | cable,локально однозначна: другой категории с этими четырьмя словами нет
computer_parts__3,computer_parts,normal,auto_validated,local_unique,0.19,tower | speaker | monitor#monitor_screen | mouse#mouse_computer,локально однозначна: другой категории с этими четырьмя словами нет
condiments__1,condiments,normal,auto_validated,local_unique,0.199,honey | hot sauce | jam | ranch,локально однозначна: другой категории с этими четырьмя словами нет
condiments__2,condiments,normal,auto_validated,local_unique,0.219,syrup | mayo | mustard | vinegar,локально однозначна: другой категории с этими четырьмя словами нет
condiments__3,condiments,normal,auto_validated,local_unique,0.226,barbecue sauce | soy sauce | salsa | ketchup,локально однозначна: другой категории с этими четырьмя словами нет
constellations__1,constellations,normal,auto_validated,local_unique,0.353,hercules | orion | andromeda | pegasus,локально однозначна: другой категории с этими четырьмя словами нет
constellations__2,constellations,normal,auto_validated,local_unique,0.37,crux | draco | lyra | big dipper,локально однозначна: другой категории с этими четырьмя словами нет
constellations__3,constellations,normal,auto_validated,local_unique,0.38,little dipper | perseus | cygnus | ursa major,локально однозначна: другой категории с этими четырьмя словами нет
construction_equipment__1,construction_equipment,normal,auto_validated,local_unique,0.26,cement | roller | dump truck | crane#crane_machine,локально однозначна: другой категории с этими четырьмя словами нет
construction_equipment__2,construction_equipment,normal,auto_validated,local_unique,0.288,drill rig | cement mixer | grader | digger,локально однозначна: другой категории с этими четырьмя словами нет
construction_equipment__3,construction_equipment,normal,auto_validated,local_unique,0.301,hoist | loader | scaffold | bulldozer,локально однозначна: другой категории с этими четырьмя словами нет
continents_and_oceans__1,continents_and_oceans,normal,auto_validated,local_unique,0.13,africa | australia | europe | indian,локально однозначна: другой категории с этими четырьмя словами нет
continents_and_oceans__2,continents_and_oceans,normal,auto_validated,local_unique,0.133,north america | south america | southern | asia,локально однозначна: другой категории с этими четырьмя словами нет
continents_and_oceans__3,continents_and_oceans,normal,auto_validated,local_unique,0.161,pacific | atlantic | arctic | antarctica,локально однозначна: другой категории с этими четырьмя словами нет
cookie_types__1,cookie_types,normal,auto_validated,local_unique,0.242,sugar | chocolate chip | fortune cookie | sandwich cookie,локально однозначна: другой категории с этими четырьмя словами нет
cookie_types__2,cookie_types,normal,auto_validated,local_unique,0.274,peanut butter | oatmeal | wafer | gingerbread,локально однозначна: другой категории с этими четырьмя словами нет
cookie_types__3,cookie_types,normal,auto_validated,local_unique,0.308,molasses | shortbread | biscotti | thumbprint,локально однозначна: другой категории с этими четырьмя словами нет
cooking_actions__1,cooking_actions,normal,auto_validated,local_unique,0.201,steam | drain | slice | stir,локально однозначна: другой категории с этими четырьмя словами нет
cooking_actions__2,cooking_actions,normal,auto_validated,local_unique,0.21,blend | bake | toss | fry#fry_cook,локально однозначна: другой категории с этими четырьмя словами нет
cooking_actions__3,cooking_actions,normal,auto_validated,local_unique,0.213,roast | grill | boil | peel,локально однозначна: другой категории с этими четырьмя словами нет
cooking_fats__1,cooking_fats,normal,auto_validated,local_unique,0.337,butter | corn oil | olive oil | vegetable oil,локально однозначна: другой категории с этими четырьмя словами нет
cooking_fats__2,cooking_fats,normal,auto_validated,local_unique,0.354,peanut oil | coconut oil | bacon grease | sesame oil,локально однозначна: другой категории с этими четырьмя словами нет
cooking_fats__3,cooking_fats,normal,auto_validated,local_unique,0.373,avocado oil | sunflower oil | shortening | lard,локально однозначна: другой категории с этими четырьмя словами нет
cooking_hobby__1,cooking_hobby,normal,auto_validated,local_unique,0.241,sheet#sheet_pan | rolling pin | measuring cup | oven,локально однозначна: другой категории с этими четырьмя словами нет
cooking_hobby__2,cooking_hobby,normal,auto_validated,local_unique,0.257,mixing bowl | cutter | cooling rack | timer,локально однозначна: другой категории с этими четырьмя словами нет
cooking_hobby__3,cooking_hobby,normal,auto_validated,local_unique,0.275,piping bag | apron#apron_garment | mitt | whisk,локально однозначна: другой категории с этими четырьмя словами нет
cooking_methods__1,cooking_methods,normal,auto_validated,local_unique,0.231,smoke | steam | slow cook | bake,локально однозначна: другой категории с этими четырьмя словами нет
cooking_methods__2,cooking_methods,normal,auto_validated,local_unique,0.252,fry#fry_cook | roast | deep fry | grill,локально однозначна: другой категории с этими четырьмя словами нет
cooking_methods__3,cooking_methods,normal,auto_validated,local_unique,0.264,boil | barbecue | stir fry | simmer,локально однозначна: другой категории с этими четырьмя словами нет
coral_reef__1,coral_reef,normal,auto_validated,local_unique,0.297,turtle | coral | reef shark | sponge#sponge_animal,локально однозначна: другой категории с этими четырьмя словами нет
coral_reef__2,coral_reef,normal,auto_validated,local_unique,0.317,algae | jellyfish | eel | starfish,локально однозначна: другой категории с этими четырьмя словами нет
coral_reef__3,coral_reef,normal,auto_validated,local_unique,0.344,urchin | anemone | grouper | seahorse,локально однозначна: другой категории с этими четырьмя словами нет
costume_party__1,costume_party,normal,auto_validated,local_unique,,mask | wig | cape | superheroes,локально однозначна: другой категории с этими четырьмя словами нет
countries__1,countries,normal,auto_validated,local_unique,0.175,brazil | france | italy | japan,локально однозначна: другой категории с этими четырьмя словами нет
countries__2,countries,normal,auto_validated,local_unique,0.194,spain | austria | egypt | greece,локально однозначна: другой категории с этими четырьмя словами нет
countries_more__1,countries_more,normal,auto_validated,local_unique,0.317,georgia | ukraine | nepal | iceland,локально однозначна: другой категории с этими четырьмя словами нет
countries_more__2,countries_more,normal,auto_validated,local_unique,0.336,cyprus | monaco | kazakhstan | luxembourg,локально однозначна: другой категории с этими четырьмя словами нет
countries_more__3,countries_more,normal,auto_validated,local_unique,0.341,armenia | malta | lithuania | belarus,локально однозначна: другой категории с этими четырьмя словами нет
country_life__1,country_life,normal,auto_validated,local_unique,0.263,general store | well | creek | dirt road,локально однозначна: другой категории с этими четырьмя словами нет
country_life__2,country_life,normal,auto_validated,local_unique,0.288,fence post | pond | porch | pickup truck,локально однозначна: другой категории с этими четырьмя словами нет
country_life__3,country_life,normal,auto_validated,local_unique,0.307,tractor | chores | pasture | bonfire,локально однозначна: другой категории с этими четырьмя словами нет
courtroom__1,courtroom,normal,auto_validated,local_unique,0.425,objection | plaintiff | subpoena | testimony,локально однозначна: другой категории с этими четырьмя словами нет
courtroom__2,courtroom,normal,auto_validated,local_unique,,gavel | verdict | jury | crimes,локально однозначна: другой категории с этими четырьмя словами нет
courtroom_things__1,courtroom_things,normal,auto_validated,local_unique,0.212,evidence | judge | stand#stand_witness | lawyer,локально однозначна: другой категории с этими четырьмя словами нет
courtroom_things__2,courtroom_things,normal,auto_validated,local_unique,0.227,sentence#sentence_punishment | witness | jury | bench#bench_court,локально однозначна: другой категории с этими четырьмя словами нет
courtroom_things__3,courtroom_things,normal,auto_validated,local_unique,0.243,exhibit | testimony | verdict | defendant,локально однозначна: другой категории с этими четырьмя словами нет
crafting_materials__1,crafting_materials,normal,auto_validated,local_unique,0.217,felt | paper | button#button_clothing | paint,локально однозначна: другой категории с этими четырьмя словами нет
crafting_materials__2,crafting_materials,normal,auto_validated,local_unique,0.234,wire | string | clay | fabric,локально однозначна: другой категории с этими четырьмя словами нет
crafting_materials__3,crafting_materials,normal,auto_validated,local_unique,0.256,glue | ribbon | foam | pipe cleaner,локально однозначна: другой категории с этими четырьмя словами нет
crafts__1,crafts,normal,auto_validated,local_unique,0.253,soap making | candle making | pottery | sewing,локально однозначна: другой категории с этими четырьмя словами нет
crafts__2,crafts,normal,auto_validated,local_unique,0.272,weaving | knitting | crochet | embroidery,локально однозначна: другой категории с этими четырьмя словами нет
crafts__3,crafts,normal,auto_validated,local_unique,0.29,calligraphy | woodworking | origami | quilting,локально однозначна: другой категории с этими четырьмя словами нет
creative_jobs__1,creative_jobs,normal,auto_validated,local_unique,0.176,director | artist | writer | actor,локально однозначна: другой категории с этими четырьмя словами нет
creative_jobs__2,creative_jobs,normal,auto_validated,local_unique,0.186,editor | singer | producer | designer,локально однозначна: другой категории с этими четырьмя словами нет
creative_jobs__3,creative_jobs,normal,auto_validated,local_unique,0.202,photographer | poet | musician | dancer,локально однозначна: другой категории с этими четырьмя словами нет
crimes__1,crimes,normal,auto_validated,local_unique,0.241,fraud | theft | kidnapping | speeding,локально однозначна: другой категории с этими четырьмя словами нет
crimes__2,crimes,normal,auto_validated,local_unique,0.263,smuggling | blackmail | burglary | arson,локально однозначна: другой категории с этими четырьмя словами нет
crimes__3,crimes,normal,auto_validated,local_unique,0.269,bribery | vandalism | perjury | forgery,локально однозначна: другой категории с этими четырьмя словами нет
crops__1,crops,normal,auto_validated,local_unique,0.195,rice | cotton | corn | potato,локально однозначна: другой категории с этими четырьмя словами нет
crops__2,crops,normal,auto_validated,local_unique,0.213,wheat | hay | peanut | rye,локально однозначна: другой категории с этими четырьмя словами нет
crops__3,crops,normal,auto_validated,local_unique,0.237,barley | sunflower | soybean | flax,локально однозначна: другой категории с этими четырьмя словами нет
crowd_words__1,crowd_words,normal,auto_validated,local_unique,0.316,audience | crowd | guest | witness,локально однозначна: другой категории с этими четырьмя словами нет
crowd_words__2,crowd_words,normal,auto_validated,local_unique,0.356,viewer | patron | listener | subscriber,локально однозначна: другой категории с этими четырьмя словами нет
crustaceans__1,crustaceans,normal,auto_validated,local_unique,0.336,pill bug | shrimp | crab | king crab,локально однозначна: другой категории с этими четырьмя словами нет
crustaceans__2,crustaceans,normal,auto_validated,local_unique,0.363,lobster | hermit crab | prawn | crayfish,локально однозначна: другой категории с этими четырьмя словами нет
cured_meats__1,cured_meats,normal,auto_validated,local_unique,0.339,bacon | ham | sausage | chorizo,локально однозначна: другой категории с этими четырьмя словами нет
cured_meats__2,cured_meats,normal,auto_validated,local_unique,0.367,bologna | jerky | pepperoni | corned beef,локально однозначна: другой категории с этими четырьмя словами нет
currencies__1,currencies,normal,auto_validated,local_unique,0.259,real | won | dollar | pound#pound_money,локально однозначна: другой категории с этими четырьмя словами нет
currencies__2,currencies,normal,auto_validated,local_unique,0.307,euro | yen | franc | rupee,локально однозначна: другой категории с этими четырьмя словами нет
cuts_of_meat__1,cuts_of_meat,normal,auto_validated,local_unique,0.319,shoulder#shoulder_meat | t-bone | chuck | flank,локально однозначна: другой категории с этими четырьмя словами нет
cuts_of_meat__2,cuts_of_meat,normal,auto_validated,local_unique,0.354,rib | short rib | rump | shank,локально однозначна: другой категории с этими четырьмя словами нет
cuts_of_meat__3,cuts_of_meat,normal,auto_validated,local_unique,0.381,brisket | loin | tenderloin | sirloin,локально однозначна: другой категории с этими четырьмя словами нет
cutting_tools__1,cutting_tools,normal,auto_validated,local_unique,0.235,saw | knife | blade | box cutter,локально однозначна: другой категории с этими четырьмя словами нет
cutting_tools__2,cutting_tools,normal,auto_validated,local_unique,0.266,razor | wire cutter | scissors | machete,локально однозначна: другой категории с этими четырьмя словами нет
cutting_tools__3,cutting_tools,normal,auto_validated,local_unique,0.287,clipper | cleaver | guillotine | chisel,локально однозначна: другой категории с этими четырьмя словами нет
cycling_words__1,cycling_words,normal,auto_validated,local_unique,0.273,tour | chain | jersey | spoke,локально однозначна: другой категории с этими четырьмя словами нет
cycling_words__2,cycling_words,normal,auto_validated,local_unique,0.292,gear | trail | helmet | tire,локально однозначна: другой категории с этими четырьмя словами нет
cycling_words__3,cycling_words,normal,auto_validated,local_unique,0.309,sprint | brake | saddle | drafting,локально однозначна: другой категории с этими четырьмя словами нет
dairy_products__1,dairy_products,normal,auto_validated,local_unique,0.114,half and half | milk | cream#cream_dairy | cheese,локально однозначна: другой категории с этими четырьмя словами нет
dairy_products__2,dairy_products,normal,auto_validated,local_unique,0.131,ice cream | butter | cream cheese | cottage cheese,локально однозначна: другой категории с этими четырьмя словами нет
dairy_products__3,dairy_products,normal,auto_validated,local_unique,0.156,sour cream | whipped cream | yogurt | frozen yogurt,локально однозначна: другой категории с этими четырьмя словами нет
dairy_words__1,dairy_words,normal,auto_validated,local_unique,0.268,milk | cream#cream_dairy | cheese | barn,локально однозначна: другой категории с этими четырьмя словами нет
dairy_words__2,dairy_words,normal,auto_validated,local_unique,0.31,herd | calf#calf_cow | milking machine | churn,локально однозначна: другой категории с этими четырьмя словами нет
dairy_words__3,dairy_words,normal,auto_validated,local_unique,0.339,separator | curd | pail | udder,локально однозначна: другой категории с этими четырьмя словами нет
dance_class__1,dance_class,normal,auto_validated,local_unique,0.26,music | stage | mirror | spin,локально однозначна: другой категории с этими четырьмя словами нет
dance_class__2,dance_class,normal,auto_validated,local_unique,0.281,routine | stretch | instructor | mat,локально однозначна: другой категории с этими четырьмя словами нет
dance_class__3,dance_class,normal,auto_validated,local_unique,0.32,slippers | tights | barre | pointe shoe,локально однозначна: другой категории с этими четырьмя словами нет
dance_moves__1,dance_moves,normal,auto_validated,local_unique,0.296,turn | kick | jump | split,локально однозначна: другой категории с этими четырьмя словами нет
dance_moves__2,dance_moves,normal,auto_validated,local_unique,0.315,spin | slide | tap#tap_dance | robot,локально однозначна: другой категории с этими четырьмя словами нет
dance_moves__3,dance_moves,normal,auto_validated,local_unique,0.332,twist | dip | hustle | shuffle#shuffle_dance,локально однозначна: другой категории с этими четырьмя словами нет
dance_styles__1,dance_styles,normal,auto_validated,local_unique,0.229,line dance | swing | jazz | tap#tap_dance,локально однозначна: другой категории с этими четырьмя словами нет
dance_styles__2,dance_styles,normal,auto_validated,local_unique,0.246,folk | hip hop | ballet | disco,локально однозначна: другой категории с этими четырьмя словами нет
dance_styles__3,dance_styles,normal,auto_validated,local_unique,0.267,tango | ballroom | salsa | cha cha,локально однозначна: другой категории с этими четырьмя словами нет
darts_words__1,darts_words,normal,auto_validated,local_unique,0.369,flight | target | throw | board#board_game,локально однозначна: другой категории с этими четырьмя словами нет
days_and_parts_of_day__1,days_and_parts_of_day,normal,auto_validated,local_unique,0.099,friday | morning | night | sunday,локально однозначна: другой категории с этими четырьмя словами нет
days_and_parts_of_day__2,days_and_parts_of_day,normal,auto_validated,local_unique,0.103,saturday | evening | monday | afternoon,локально однозначна: другой категории с этими четырьмя словами нет
days_and_parts_of_day__3,days_and_parts_of_day,normal,auto_validated,local_unique,0.114,thursday | tuesday | wednesday | midnight,локально однозначна: другой категории с этими четырьмя словами нет
decorative_things__1,decorative_things,normal,auto_validated,local_unique,0.237,mobile | painting | banner | sculpture,локально однозначна: другой категории с этими четырьмя словами нет
decorative_things__2,decorative_things,normal,auto_validated,local_unique,0.26,balloon | candle | curtain | rug,локально однозначна: другой категории с этими четырьмя словами нет
decorative_things__3,decorative_things,normal,auto_validated,local_unique,0.272,lantern | vase | mural | garland,локально однозначна: другой категории с этими четырьмя словами нет
deep_cosmos__1,deep_cosmos,normal,auto_validated,local_unique,0.587,exoplanet | lightyear | pulsar | quasar,локально однозначна: другой категории с этими четырьмя словами нет
deep_sea__1,deep_sea,normal,auto_validated,local_unique,0.332,pressure | darkness | whale fall | submarine,локально однозначна: другой категории с этими четырьмя словами нет
deep_sea__2,deep_sea,normal,auto_validated,local_unique,0.354,vent | trench | tube worm | lantern fish,локально однозначна: другой категории с этими четырьмя словами нет
deep_space__1,deep_space,normal,auto_validated,local_unique,0.312,moon#moon_space | stars | asteroid | comets,локально однозначна: другой категории с этими четырьмя словами нет
deer_family__1,deer_family,normal,auto_validated,local_unique,0.291,deer | buck | doe | moose,локально однозначна: другой категории с этими четырьмя словами нет
deer_family__2,deer_family,normal,auto_validated,local_unique,0.313,elk | roe deer | reindeer | stag,локально однозначна: другой категории с этими четырьмя словами нет
deer_family__3,deer_family,normal,auto_validated,local_unique,0.326,antelope | impala | fawn | caribou,локально однозначна: другой категории с этими четырьмя словами нет
degrees_and_titles__1,degrees_and_titles,normal,auto_validated,local_unique,0.265,master | license | associate | certificate,локально однозначна: другой категории с этими четырьмя словами нет
degrees_and_titles__2,degrees_and_titles,normal,auto_validated,local_unique,0.289,phd | bachelor | fellowship | honors,локально однозначна: другой категории с этими четырьмя словами нет
degrees_and_titles__3,degrees_and_titles,normal,auto_validated,local_unique,0.313,diploma | mba | doctorate | credential,локально однозначна: другой категории с этими четырьмя словами нет
dental_words__1,dental_words,normal,auto_validated,local_unique,0.271,bridge#bridge_dental | crown#crown_dental | filling | root canal,локально однозначна: другой категории с этими четырьмя словами нет
dental_words__2,dental_words,normal,auto_validated,local_unique,0.296,gum#gum_mouth | extraction | plaque | cavity,локально однозначна: другой категории с этими четырьмя словами нет
dental_words__3,dental_words,normal,auto_validated,local_unique,0.314,braces | enamel | canine | floss,локально однозначна: другой категории с этими четырьмя словами нет
dentist_things__1,dentist_things,normal,auto_validated,local_unique,0.223,chair | x-ray | crown#crown_dental | mirror,локально однозначна: другой категории с этими четырьмя словами нет
dentist_things__2,dentist_things,normal,auto_validated,local_unique,0.25,filling | drill#drill_tool | brace | plaque,локально однозначна: другой категории с этими четырьмя словами нет
dentist_things__3,dentist_things,normal,auto_validated,local_unique,0.269,cavity | rinse | toothbrush | suction,локально однозначна: другой категории с этими четырьмя словами нет
desert_things__1,desert_things,normal,auto_validated,local_unique,0.237,heat | sand | snake | canyon,локально однозначна: другой категории с этими четырьмя словами нет
desert_things__2,desert_things,normal,auto_validated,local_unique,0.266,drought | camel | lizard | oasis,локально однозначна: другой категории с этими четырьмя словами нет
desert_things__3,desert_things,normal,auto_validated,local_unique,0.279,cactus | coyote | scorpion | dune,локально однозначна: другой категории с этими четырьмя словами нет
deserts_and_wild_places__1,deserts_and_wild_places,normal,auto_validated,local_unique,0.269,death valley | great basin | painted desert | arabian,локально однозначна: другой категории с этими четырьмя словами нет
deserts_and_wild_places__2,deserts_and_wild_places,normal,auto_validated,local_unique,0.318,sahara | mojave | gobi | kalahari,локально однозначна: другой категории с этими четырьмя словами нет
dessert_toppings__1,dessert_toppings,normal,auto_validated,local_unique,0.275,fruit | nuts | cherry | chocolate sauce,локально однозначна: другой категории с этими четырьмя словами нет
dessert_toppings__2,dessert_toppings,normal,auto_validated,local_unique,0.299,coconut | syrup | whipped cream | caramel,локально однозначна: другой категории с этими четырьмя словами нет
dessert_toppings__3,dessert_toppings,normal,auto_validated,local_unique,0.317,hot fudge | glaze | powdered sugar | marshmallow,локально однозначна: другой категории с этими четырьмя словами нет
desserts__1,desserts,normal,auto_validated,local_unique,0.123,cake | ice cream | pie | cookie,локально однозначна: другой категории с этими четырьмя словами нет
desserts__2,desserts,normal,auto_validated,local_unique,0.16,pudding | cupcake | tart | fudge,локально однозначна: другой категории с этими четырьмя словами нет
desserts__3,desserts,normal,auto_validated,local_unique,0.168,donut | brownie | cheesecake | custard,локально однозначна: другой категории с этими четырьмя словами нет
destroying_actions__1,destroying_actions,normal,auto_validated,local_unique,0.274,break | split | tear | rip,локально однозначна: другой категории с этими четырьмя словами нет
destroying_actions__2,destroying_actions,normal,auto_validated,local_unique,0.289,snap | crush | burst | smash,локально однозначна: другой категории с этими четырьмя словами нет
destroying_actions__3,destroying_actions,normal,auto_validated,local_unique,0.317,dent | squash#squash_crush | shred | crumble,локально однозначна: другой категории с этими четырьмя словами нет
detective_procedures__1,detective_procedures,normal,auto_validated,local_unique,0.351,cast#cast_mold | evidence bag | sample | dna,локально однозначна: другой категории с этими четырьмя словами нет
detective_procedures__2,detective_procedures,normal,auto_validated,local_unique,0.369,tape | lab | trace | autopsy,локально однозначна: другой категории с этими четырьмя словами нет
detective_procedures__3,detective_procedures,normal,auto_validated,local_unique,0.41,fingerprint | toxicology | dusting | ballistics,локально однозначна: другой категории с этими четырьмя словами нет
detective_words__1,detective_words,normal,auto_validated,local_unique,0.258,case#case_legal | evidence | witness | suspect,локально однозначна: другой категории с этими четырьмя словами нет
detective_words__2,detective_words,normal,auto_validated,local_unique,0.282,warrant | clue | lineup | motive,локально однозначна: другой категории с этими четырьмя словами нет
detective_words__3,detective_words,normal,auto_validated,local_unique,0.305,autopsy | interrogation | footprint | fingerprint,локально однозначна: другой категории с этими четырьмя словами нет
detective_work__1,detective_work,normal,auto_validated,local_unique,0.356,evidence | suspect | witness | disguise,локально однозначна: другой категории с этими четырьмя словами нет
difficulty_words__1,difficulty_words,normal,auto_validated,local_unique,0.251,easy | hard | simple | complex,локально однозначна: другой категории с этими четырьмя словами нет
difficulty_words__2,difficulty_words,normal,auto_validated,local_unique,0.267,impossible | tough | challenging | demanding,локально однозначна: другой категории с этими четырьмя словами нет
difficulty_words__3,difficulty_words,normal,auto_validated,local_unique,0.3,tricky | straightforward | tedious | manageable,локально однозначна: другой категории с этими четырьмя словами нет
dinner_party__1,dinner_party,normal,auto_validated,local_unique,,toast#toast_salute | centerpiece | dishes | silverware,локально однозначна: другой категории с этими четырьмя словами нет
dinner_party__2,dinner_party,normal,auto_validated,local_unique,,desserts | cocktails | seating | sauces,локально однозначна: другой категории с этими четырьмя словами нет
dinosaurs__1,dinosaurs,normal,auto_validated,local_unique,0.312,raptor | tyrannosaurus | triceratops | spinosaurus,локально однозначна: другой категории с этими четырьмя словами нет
dinosaurs__2,dinosaurs,normal,auto_validated,local_unique,0.328,velociraptor | pterodactyl | brontosaurus | diplodocus,локально однозначна: другой категории с этими четырьмя словами нет
directions__1,directions,normal,auto_validated,local_unique,0.13,across | around | back | behind,локально однозначна: другой категории с этими четырьмя словами нет
directions__2,directions,normal,auto_validated,local_unique,0.13,down | east | far | forward,локально однозначна: другой категории с этими четырьмя словами нет
directions__3,directions,normal,auto_validated,local_unique,0.13,left | near | north | over,локально однозначна: другой категории с этими четырьмя словами нет
diseases__1,diseases,normal,auto_validated,local_unique,0.239,cancer | diabetes | flu | pneumonia,локально однозначна: другой категории с этими четырьмя словами нет
diseases__2,diseases,normal,auto_validated,local_unique,0.262,asthma | malaria | arthritis | tuberculosis,локально однозначна: другой категории с этими четырьмя словами нет
diseases__3,diseases,normal,auto_validated,local_unique,0.273,hepatitis | measles | cholera | polio,локально однозначна: другой категории с этими четырьмя словами нет
dishes_and_glassware__1,dishes_and_glassware,normal,auto_validated,local_unique,0.151,cup | glass | bowl | bottle,локально однозначна: другой категории с этими четырьмя словами нет
dishes_and_glassware__2,dishes_and_glassware,normal,auto_validated,local_unique,0.171,plate#plate_dish | sugar bowl | dish | jar,локально однозначна: другой категории с этими четырьмя словами нет
dishes_and_glassware__3,dishes_and_glassware,normal,auto_validated,local_unique,0.193,pitcher#pitcher_jug | tray | cereal bowl | mug,локально однозначна: другой категории с этими четырьмя словами нет
disney_characters__1,disney_characters,normal,auto_validated,local_unique,0.194,snow white | anna | peter pan | buzz,локально однозначна: другой категории с этими четырьмя словами нет
disney_characters__2,disney_characters,normal,auto_validated,local_unique,0.223,belle | jasmine#jasmine_disney | ariel | cinderella,локально однозначна: другой категории с этими четырьмя словами нет
disney_characters__3,disney_characters,normal,auto_validated,local_unique,0.24,elsa | aladdin | nemo | bambi,локально однозначна: другой категории с этими четырьмя словами нет
distance_words__1,distance_words,normal,auto_validated,local_unique,0.25,beyond | close | far | near,локально однозначна: другой категории с этими четырьмя словами нет
distance_words__2,distance_words,normal,auto_validated,local_unique,0.257,next door | within reach | opposite | nearby,локально однозначна: другой категории с этими четырьмя словами нет
distance_words__3,distance_words,normal,auto_validated,local_unique,0.275,alongside | remote#remote_far | distant | adjacent,локально однозначна: другой категории с этими четырьмя словами нет
diving_gear__1,diving_gear,normal,auto_validated,local_unique,0.272,tank#tank_container | mask | weight belt | hood#hood_garment,локально однозначна: другой категории с этими четырьмя словами нет
diving_gear__2,diving_gear,normal,auto_validated,local_unique,0.289,gloves | gauge | dive knife | compass,локально однозначна: другой категории с этими четырьмя словами нет
diving_gear__3,diving_gear,normal,auto_validated,local_unique,0.313,regulator | flashlight | fins | buoy,локально однозначна: другой категории с этими четырьмя словами нет
dog_breeds__1,dog_breeds,normal,auto_validated,local_unique,0.239,shepherd | boxer | bulldog | labrador,локально однозначна: другой категории с этими четырьмя словами нет
dog_breeds__2,dog_breeds,normal,auto_validated,local_unique,0.254,husky | terrier | chihuahua | greyhound,локально однозначна: другой категории с этими четырьмя словами нет
dog_breeds__3,dog_breeds,normal,auto_validated,local_unique,0.261,pug | beagle | poodle | collie,локально однозначна: другой категории с этими четырьмя словами нет
dog_breeds_more__1,dog_breeds_more,normal,auto_validated,local_unique,0.356,pointer | newfoundland | chow chow | setter,локально однозначна: другой категории с этими четырьмя словами нет
dog_breeds_more__2,dog_breeds_more,normal,auto_validated,local_unique,0.382,bloodhound | dalmatian | shih tzu | pomeranian,локально однозначна: другой категории с этими четырьмя словами нет
dog_breeds_more__3,dog_breeds_more,normal,auto_validated,local_unique,0.393,papillon | akita | schnauzer | whippet,локально однозначна: другой категории с этими четырьмя словами нет
dog_things__1,dog_things,normal,auto_validated,local_unique,0.325,bone | collar | fetch | kennel,локально однозначна: другой категории с этими четырьмя словами нет
drawing_words__1,drawing_words,normal,auto_validated,local_unique,0.268,line#line_drawn | perspective | highlight | trace,локально однозначна: другой категории с этими четырьмя словами нет
drawing_words__2,drawing_words,normal,auto_validated,local_unique,0.282,shade | curve | proportion | sketch,локально однозначна: другой категории с этими четырьмя словами нет
drawing_words__3,drawing_words,normal,auto_validated,local_unique,0.293,blend | outline | hatch | erase,локально однозначна: другой категории с этими четырьмя словами нет
drink_mixers__1,drink_mixers,normal,auto_validated,local_unique,0.313,ice | cream#cream_dairy | juice | soda water,локально однозначна: другой категории с этими четырьмя словами нет
drink_mixers__2,drink_mixers,normal,auto_validated,local_unique,0.34,mint#mint_herb | lime | sour mix | cola,локально однозначна: другой категории с этими четырьмя словами нет
drink_mixers__3,drink_mixers,normal,auto_validated,local_unique,0.352,syrup | ginger ale | lemonade | tonic,локально однозначна: другой категории с этими четырьмя словами нет
driving_actions__1,driving_actions,normal,auto_validated,local_unique,0.222,park#park_verb | signal | shift#shift_gear | reverse,локально однозначна: другой категории с этими четырьмя словами нет
driving_actions__2,driving_actions,normal,auto_validated,local_unique,0.245,cruise | yield | brake | stall#stall_engine,локально однозначна: другой категории с этими четырьмя словами нет
driving_actions__3,driving_actions,normal,auto_validated,local_unique,0.259,merge | steer | idle | accelerate,локально однозначна: другой категории с этими четырьмя словами нет
driving_skills__1,driving_skills,normal,auto_validated,local_unique,0.246,three point turn | u turn | hill start | lane change,локально однозначна: другой категории с этими четырьмя словами нет
driving_skills__2,driving_skills,normal,auto_validated,local_unique,0.268,mirror check | stopping | backing up | parallel parking,локально однозначна: другой категории с этими четырьмя словами нет
easter__1,easter,normal,auto_validated,local_unique,0.344,eggs | basket | bunny | chick,локально однозначна: другой категории с этими четырьмя словами нет
eating_actions__1,eating_actions,normal,auto_validated,local_unique,0.228,drink | taste | bite#bite_eat | feast,локально однозначна: другой категории с этими четырьмя словами нет
eating_actions__2,eating_actions,normal,auto_validated,local_unique,0.255,snack | swallow#swallow_throat | lick | sip,локально однозначна: другой категории с этими четырьмя словами нет
eating_actions__3,eating_actions,normal,auto_validated,local_unique,0.279,chew | devour | munch | gulp,локально однозначна: другой категории с этими четырьмя словами нет
egg_and_dairy_dishes__1,egg_and_dairy_dishes,normal,auto_validated,local_unique,0.302,french toast | eggs benedict | hash | waffle,локально однозначна: другой категории с этими четырьмя словами нет
egg_and_dairy_dishes__2,egg_and_dairy_dishes,normal,auto_validated,local_unique,0.328,strata | casserole | crepe | scone,локально однозначна: другой категории с этими четырьмя словами нет
egg_and_dairy_dishes__3,egg_and_dairy_dishes,normal,auto_validated,local_unique,0.343,mimosa | omelet | quiche | bagel and lox,локально однозначна: другой категории с этими четырьмя словами нет
egg_dishes__1,egg_dishes,normal,auto_validated,local_unique,0.291,over easy | fried | sunny side up | egg salad,локально однозначна: другой категории с этими четырьмя словами нет
egg_dishes__2,egg_dishes,normal,auto_validated,local_unique,0.322,benedict | boiled | scrambled | custard,локально однозначна: другой категории с этими четырьмя словами нет
egg_dishes__3,egg_dishes,normal,auto_validated,local_unique,0.357,poached | omelet | quiche | deviled,локально однозначна: другой категории с этими четырьмя словами нет
egypt_things__1,egypt_things,normal,auto_validated,local_unique,0.249,tomb | scroll#scroll_paper | pyramid#pyramid_monument | nile,локально однозначна: другой категории с этими четырьмя словами нет
egypt_things__2,egypt_things,normal,auto_validated,local_unique,0.27,mummy | pharaoh | chariot | sphinx,локально однозначна: другой категории с этими четырьмя словами нет
egypt_things__3,egypt_things,normal,auto_validated,local_unique,0.289,papyrus | sarcophagus | obelisk | scarab,локально однозначна: другой категории с этими четырьмя словами нет
election_day__1,election_day,normal,auto_validated,local_unique,0.469,candidate | incumbent | manifesto | polls,локально однозначна: другой категории с этими четырьмя словами нет
electrical_words__1,electrical_words,normal,auto_validated,local_unique,0.269,ground | switch | panel | cable,локально однозначна: другой категории с этими четырьмя словами нет
electrical_words__2,electrical_words,normal,auto_validated,local_unique,0.288,wire | terminal | voltage | outlet,локально однозначна: другой категории с этими четырьмя словами нет
electrical_words__3,electrical_words,normal,auto_validated,local_unique,0.306,junction box | amp | insulation | fuse,локально однозначна: другой категории с этими четырьмя словами нет
electricity_words__1,electricity_words,normal,auto_validated,local_unique,0.223,charge | current#current_electric | switch | battery,локально однозначна: другой категории с этими четырьмя словами нет
electricity_words__2,electricity_words,normal,auto_validated,local_unique,0.237,circuit | shock | wire | plug,локально однозначна: другой категории с этими четырьмя словами нет
electricity_words__3,electricity_words,normal,auto_validated,local_unique,0.255,voltage | outlet | generator | amp,локально однозначна: другой категории с этими четырьмя словами нет
elements__1,elements,normal,auto_validated,local_unique,0.264,gold | lead#lead_metal | silver | carbon#carbon_element,локально однозначна: другой категории с этими четырьмя словами нет
elements__2,elements,normal,auto_validated,local_unique,0.283,iron#iron_metal | copper | oxygen | mercury#mercury_metal,локально однозначна: другой категории с этими четырьмя словами нет
elements__3,elements,normal,auto_validated,local_unique,0.3,hydrogen | sodium | uranium | calcium,локально однозначна: другой категории с этими четырьмя словами нет
elements_more__1,elements_more,normal,auto_validated,local_unique,0.373,silver | aluminum | platinum | silicon,локально однозначна: другой категории с этими четырьмя словами нет
elements_more__2,elements_more,normal,auto_validated,local_unique,0.399,nickel | lithium | titanium | cobalt,локально однозначна: другой категории с этими четырьмя словами нет
elements_more__3,elements_more,normal,auto_validated,local_unique,0.413,phosphorus | arsenic | plutonium | iodine,локально однозначна: другой категории с этими четырьмя словами нет
email_words__1,email_words,normal,auto_validated,local_unique,0.217,forward | subject | draft#draft_document | reply,локально однозначна: другой категории с этими четырьмя словами нет
email_words__2,email_words,normal,auto_validated,local_unique,0.234,thread | trash | signature | cc,локально однозначна: другой категории с этими четырьмя словами нет
email_words__3,email_words,normal,auto_validated,local_unique,0.248,spam | archive | recipient | attachment,локально однозначна: другой категории с этими четырьмя словами нет
emergency_jobs__1,emergency_jobs,normal,auto_validated,local_unique,0.152,police officer | deputy | coast guard | sheriff,локально однозначна: другой категории с этими четырьмя словами нет
emergency_jobs__2,emergency_jobs,normal,auto_validated,local_unique,0.192,ranger | medic | trooper | firefighter,локально однозначна: другой категории с этими четырьмя словами нет
emergency_jobs__3,emergency_jobs,normal,auto_validated,local_unique,0.211,paramedic | dispatcher | lifeguard | emt,локально однозначна: другой категории с этими четырьмя словами нет
emergency_room__1,emergency_room,normal,auto_validated,local_unique,,stretcher | injuries | triage | symptoms,локально однозначна: другой категории с этими четырьмя словами нет
emergency_services__1,emergency_services,normal,auto_validated,local_unique,0.172,fire department | hospital | police | animal control,локально однозначна: другой категории с этими четырьмя словами нет
emergency_services__2,emergency_services,normal,auto_validated,local_unique,0.195,coast guard | search and rescue | rescue squad | ambulance,локально однозначна: другой категории с этими четырьмя словами нет
emergency_services__3,emergency_services,normal,auto_validated,local_unique,0.222,poison control | ranger | dispatch | hazmat,локально однозначна: другой категории с этими четырьмя словами нет
emergency_vehicles__1,emergency_vehicles,normal,auto_validated,local_unique,0.183,police car | squad car | fire truck | rescue boat,локально однозначна: другой категории с этими четырьмя словами нет
emergency_vehicles__2,emergency_vehicles,normal,auto_validated,local_unique,0.204,helicopter | patrol car | ambulance | ladder truck,локально однозначна: другой категории с этими четырьмя словами нет
emergency_vehicles__3,emergency_vehicles,normal,auto_validated,local_unique,0.235,tow truck | cruiser | paramedic van | hazmat truck,локально однозначна: другой категории с этими четырьмя словами нет
emergency_words__1,emergency_words,normal,auto_validated,local_unique,0.221,code | response | rescue | oxygen,локально однозначна: другой категории с этими четырьмя словами нет
emergency_words__2,emergency_words,normal,auto_validated,local_unique,0.253,trauma | ambulance | evacuation | siren#siren_device,локально однозначна: другой категории с этими четырьмя словами нет
emergency_words__3,emergency_words,normal,auto_validated,local_unique,0.275,cpr | hotline | stretcher | paramedic,локально однозначна: другой категории с этими четырьмя словами нет
emotions__1,emotions,normal,auto_validated,local_unique,0.275,angry | fear | happy | joy,локально однозначна: другой категории с этими четырьмя словами нет
emotions__2,emotions,normal,auto_validated,local_unique,0.281,sad | surprise | worry | pride,локально однозначна: другой категории с этими четырьмя словами нет
energy_words__1,energy_words,normal,auto_validated,local_unique,0.263,gas | wind | electric | fuel,локально однозначна: другой категории с этими четырьмя словами нет
energy_words__2,energy_words,normal,auto_validated,local_unique,0.272,nuclear | battery | solar | steam,локально однозначна: другой категории с этими четырьмя словами нет
energy_words__3,energy_words,normal,auto_validated,local_unique,0.292,coal | magnetic | thermal | hydro,локально однозначна: другой категории с этими четырьмя словами нет
equestrian_words__1,equestrian_words,normal,auto_validated,local_unique,0.322,arena | jumping | fence | saddle,локально однозначна: другой категории с этими четырьмя словами нет
equestrian_words__2,equestrian_words,normal,auto_validated,local_unique,0.348,groom#groom_horse | jockey | tack#tack_horse | reins,локально однозначна: другой категории с этими четырьмя словами нет
equestrian_words__3,equestrian_words,normal,auto_validated,local_unique,0.369,trot | gallop | dressage | bridle,локально однозначна: другой категории с этими четырьмя словами нет
erosion_words__1,erosion_words,normal,auto_validated,local_unique,0.375,flood | deposit | delta#delta_river | canyon,локально однозначна: другой категории с этими четырьмя словами нет
erosion_words__2,erosion_words,normal,auto_validated,local_unique,0.402,erosion | runoff | sediment | carve,локально однозначна: другой категории с этими четырьмя словами нет
erosion_words__3,erosion_words,normal,auto_validated,local_unique,0.421,gully | undercut | silt | weathering,локально однозначна: другой категории с этими четырьмя словами нет
european_cities__1,european_cities,normal,auto_validated,local_unique,0.231,manchester | liverpool | edinburgh | barcelona,локально однозначна: другой категории с этими четырьмя словами нет
european_cities__2,european_cities,normal,auto_validated,local_unique,0.247,milan | geneva | florence | munich,локально однозначна: другой категории с этими четырьмя словами нет
european_cities__3,european_cities,normal,auto_validated,local_unique,0.257,venice | lyon | hamburg | naples,локально однозначна: другой категории с этими четырьмя словами нет
european_countries__1,european_countries,normal,auto_validated,local_unique,0.175,france | germany | scotland | ireland,локально однозначна: другой категории с этими четырьмя словами нет
european_countries__2,european_countries,normal,auto_validated,local_unique,0.187,italy | spain | sweden | greece,локально однозначна: другой категории с этими четырьмя словами нет
european_countries__3,european_countries,normal,auto_validated,local_unique,0.198,netherlands | poland | switzerland | belgium,локально однозначна: другой категории с этими четырьмя словами нет
evergreens__1,evergreens,normal,auto_validated,local_unique,0.302,pine | holly | cedar | laurel,локально однозначна: другой категории с этими четырьмя словами нет
evergreens__2,evergreens,normal,auto_validated,local_unique,0.325,fir | spruce | cypress | yew,локально однозначна: другой категории с этими четырьмя словами нет
evergreens__3,evergreens,normal,auto_validated,local_unique,0.332,magnolia | redwood | juniper | hemlock,локально однозначна: другой категории с этими четырьмя словами нет
everyday_drinks__1,everyday_drinks,normal,auto_validated,local_unique,0.181,coffee | milk | tea | cocoa,локально однозначна: другой категории с этими четырьмя словами нет
everyday_materials__1,everyday_materials,normal,auto_validated,local_unique,0.2,glass | metal | paper | plastic,локально однозначна: другой категории с этими четырьмя словами нет
exercise_words__1,exercise_words,normal,auto_validated,local_unique,0.227,press#press_push | row | stretch | jumping jack,локально однозначна: другой категории с этими четырьмя словами нет
exercise_words__2,exercise_words,normal,auto_validated,local_unique,0.255,dip | sprint | crunch#crunch_exercise | curl,локально однозначна: другой категории с этими четырьмя словами нет
exercise_words__3,exercise_words,normal,auto_validated,local_unique,0.277,squat | plank | jog | lunge,локально однозначна: другой категории с этими четырьмя словами нет
exotic_pets__1,exotic_pets,normal,auto_validated,local_unique,0.349,python | parrot | hedgehog | tortoise,локально однозначна: другой категории с этими четырьмя словами нет
exotic_pets__2,exotic_pets,normal,auto_validated,local_unique,0.366,hermit crab | sugar glider | ferret | gecko,локально однозначна: другой категории с этими четырьмя словами нет
experiments__1,experiments,normal,auto_validated,local_unique,0.317,coffee | sugar | salt | candy,локально однозначна: другой категории с этими четырьмя словами нет
experiments__2,experiments,normal,auto_validated,local_unique,0.333,honey | powder | soap | ink,локально однозначна: другой категории с этими четырьмя словами нет
experiments__3,experiments,normal,auto_validated,local_unique,0.35,tablet | syrup | chalk#chalk_rock | baking soda,локально однозначна: другой категории с этими четырьмя словами нет
exploration_words__1,exploration_words,normal,auto_validated,local_unique,0.273,map | crew | trade route | charter,локально однозначна: другой категории с этими четырьмя словами нет
exploration_words__2,exploration_words,normal,auto_validated,local_unique,0.291,cargo | harbor | colony | sail#sail_voyage,локально однозначна: другой категории с этими четырьмя словами нет
exploration_words__3,exploration_words,normal,auto_validated,local_unique,0.3,expedition | spice | voyage | compass,локально однозначна: другой категории с этими четырьмя словами нет
explorers__1,explorers,normal,auto_validated,local_unique,0.277,lewis | clark | columbus | hudson,локально однозначна: другой категории с этими четырьмя словами нет
explorers__2,explorers,normal,auto_validated,local_unique,0.321,marco polo | livingstone | cabot | balboa,локально однозначна: другой категории с этими четырьмя словами нет
explorers__3,explorers,normal,auto_validated,local_unique,0.342,cortes | magellan | shackleton | amundsen,локально однозначна: другой категории с этими четырьмя словами нет
extinct_and_prehistoric__1,extinct_and_prehistoric,normal,auto_validated,local_unique,0.305,cave bear | dire wolf | mammoth | saber tooth,локально однозначна: другой категории с этими четырьмя словами нет
extinct_and_prehistoric__2,extinct_and_prehistoric,normal,auto_validated,local_unique,0.34,giant sloth | dodo | mastodon | ammonite,локально однозначна: другой категории с этими четырьмя словами нет
extinct_animals__1,extinct_animals,normal,auto_validated,local_unique,0.276,bones | dinosaur | mammoth | raptor,локально однозначна: другой категории с этими четырьмя словами нет
extinct_animals__2,extinct_animals,normal,auto_validated,local_unique,0.311,saber tooth | dodo | tyrannosaurus | mastodon,локально однозначна: другой категории с этими четырьмя словами нет
eyewear__1,eyewear,normal,auto_validated,local_unique,0.235,glasses | mask | reading glasses | safety glasses,локально однозначна: другой категории с этими четырьмя словами нет
eyewear__2,eyewear,normal,auto_validated,local_unique,0.249,contacts | shades | frames | sunglasses,локально однозначна: другой категории с этими четырьмя словами нет
eyewear__3,eyewear,normal,auto_validated,local_unique,0.291,goggles | visor | blindfold | monocle,локально однозначна: другой категории с этими четырьмя словами нет
fabric_types__1,fabric_types,normal,auto_validated,local_unique,0.231,felt | jersey | cotton | terry,локально однозначна: другой категории с этими четырьмя словами нет
fabrics__1,fabrics,normal,auto_validated,local_unique,0.245,cotton | leather | silk | canvas,локально однозначна: другой категории с этими четырьмя словами нет
fabrics__2,fabrics,normal,auto_validated,local_unique,0.264,wool | lace | velvet | nylon,локально однозначна: другой категории с этими четырьмя словами нет
fabrics__3,fabrics,normal,auto_validated,local_unique,0.275,linen | denim | satin | fleece,локально однозначна: другой категории с этими четырьмя словами нет
fabrics_at_home__1,fabrics_at_home,normal,auto_validated,local_unique,0.249,throw | sheet#sheet_bed | blanket | towel,локально однозначна: другой категории с этими четырьмя словами нет
fabrics_at_home__2,fabrics_at_home,normal,auto_validated,local_unique,0.277,curtain | rug | cushion cover | apron#apron_garment,локально однозначна: другой категории с этими четырьмя словами нет
fabrics_at_home__3,fabrics_at_home,normal,auto_validated,local_unique,0.303,quilt | napkin | comforter | drape,локально однозначна: другой категории с этими четырьмя словами нет
face_parts__1,face_parts,normal,auto_validated,local_unique,0.093,eye | mouth#mouth_face | nose | temple#temple_head,локально однозначна: другой категории с этими четырьмя словами нет
face_parts__2,face_parts,normal,auto_validated,local_unique,0.115,ear | lip | chin | jaw,локально однозначна: другой категории с этими четырьмя словами нет
face_parts__3,face_parts,normal,auto_validated,local_unique,0.127,cheek | forehead | pupil | iris#iris_eye,локально однозначна: другой категории с этими четырьмя словами нет
facial_care__1,facial_care,normal,auto_validated,local_unique,0.35,cleanser | patches | serum | toner,локально однозначна: другой категории с этими четырьмя словами нет
facial_expressions__1,facial_expressions,normal,auto_validated,local_unique,0.286,smile | beam#beam_smile | blink | grin,локально однозначна: другой категории с этими четырьмя словами нет
facial_expressions__2,facial_expressions,normal,auto_validated,local_unique,0.31,blush | wink | glare | frown,локально однозначна: другой категории с этими четырьмя словами нет
facial_expressions__3,facial_expressions,normal,auto_validated,local_unique,0.332,yawn | smirk | pout | sneer,локально однозначна: другой категории с этими четырьмя словами нет
factory_words__1,factory_words,normal,auto_validated,local_unique,0.257,machine | quality control | shift#shift_work | assembly line,локально однозначна: другой категории с этими четырьмя словами нет
factory_words__2,factory_words,normal,auto_validated,local_unique,0.286,uniform | robot | whistle | foreman,локально однозначна: другой категории с этими четырьмя словами нет
fairy_tale__1,fairy_tale,normal,auto_validated,local_unique,0.419,gingerbread | gnome | troll | godmother,локально однозначна: другой категории с этими четырьмя словами нет
fairy_tale_things__1,fairy_tale_things,normal,auto_validated,local_unique,0.194,tower | magic mirror | golden egg | red hood,локально однозначна: другой категории с этими четырьмя словами нет
fairy_tale_things__2,fairy_tale_things,normal,auto_validated,local_unique,0.216,cottage | spinning wheel | pumpkin coach | harp,локально однозначна: другой категории с этими четырьмя словами нет
fairy_tale_things__3,fairy_tale_things,normal,auto_validated,local_unique,0.251,porridge | glass slipper | gingerbread house | beanstalk,локально однозначна: другой категории с этими четырьмя словами нет
fairy_tales__1,fairy_tales,normal,auto_validated,local_unique,0.23,snow white | sleeping beauty | beauty and the beast | red riding hood,локально однозначна: другой категории с этими четырьмя словами нет
fairy_tales__2,fairy_tales,normal,auto_validated,local_unique,0.263,three little pigs | little mermaid | cinderella | pinocchio,локально однозначна: другой категории с этими четырьмя словами нет
fairy_tales__3,fairy_tales,normal,auto_validated,local_unique,0.297,rapunzel | ugly duckling | goldilocks | jack and the beanstalk,локально однозначна: другой категории с этими четырьмя словами нет
family_members__1,family_members,normal,auto_validated,local_unique,0.084,brother | child | daughter | father,локально однозначна: другой категории с этими четырьмя словами нет
family_members__2,family_members,normal,auto_validated,local_unique,0.084,husband | in law | mother | sister,локально однозначна: другой категории с этими четырьмя словами нет
family_members__3,family_members,normal,auto_validated,local_unique,0.092,son | wife | parent | uncle,локально однозначна: другой категории с этими четырьмя словами нет
famous_americans__1,famous_americans,normal,auto_validated,local_unique,0.225,washington | ford#ford_person | disney | parks,локально однозначна: другой категории с этими четырьмя словами нет
famous_americans__2,famous_americans,normal,auto_validated,local_unique,0.236,lincoln | kennedy | franklin | wright,локально однозначна: другой категории с этими четырьмя словами нет
famous_americans__3,famous_americans,normal,auto_validated,local_unique,0.253,jefferson | armstrong | roosevelt | edison,локально однозначна: другой категории с этими четырьмя словами нет
famous_artworks__1,famous_artworks,normal,auto_validated,local_unique,0.322,david | the scream | last supper | american gothic,локально однозначна: другой категории с этими четырьмя словами нет
famous_artworks__2,famous_artworks,normal,auto_validated,local_unique,0.353,mona lisa | the thinker | venus de milo | starry night,локально однозначна: другой категории с этими четырьмя словами нет
famous_brands__1,famous_brands,normal,auto_validated,local_unique,0.241,ford#ford_brand | disney | nike | lego,локально однозначна: другой категории с этими четырьмя словами нет
famous_brands__2,famous_brands,normal,auto_validated,local_unique,0.262,harley | chevrolet | adidas | levi,локально однозначна: другой категории с этими четырьмя словами нет
famous_brands__3,famous_brands,normal,auto_validated,local_unique,0.273,pepsi | coca cola | mcdonalds | kodak,локально однозначна: другой категории с этими четырьмя словами нет
famous_bridges__1,famous_bridges,normal,auto_validated,local_unique,0.301,london bridge | charles bridge | bay bridge | tower bridge,локально однозначна: другой категории с этими четырьмя словами нет
famous_bridges__2,famous_bridges,normal,auto_validated,local_unique,0.324,golden gate | brooklyn | sydney harbour | chesapeake,локально однозначна: другой категории с этими четырьмя словами нет
famous_buildings__1,famous_buildings,normal,auto_validated,local_unique,0.286,empire state | sydney opera house | vatican | pentagon,локально однозначна: другой категории с этими четырьмя словами нет
famous_buildings__2,famous_buildings,normal,auto_validated,local_unique,0.312,notre dame | buckingham palace | kremlin | louvre,локально однозначна: другой категории с этими четырьмя словами нет
famous_buildings__3,famous_buildings,normal,auto_validated,local_unique,0.336,guggenheim | taj mahal | parthenon | burj khalifa,локально однозначна: другой категории с этими четырьмя словами нет
famous_composers__1,famous_composers,normal,auto_validated,local_unique,0.361,wagner | bach | mozart | beethoven,локально однозначна: другой категории с этими четырьмя словами нет
famous_composers__2,famous_composers,normal,auto_validated,local_unique,0.385,handel | chopin | schubert | brahms,локально однозначна: другой категории с этими четырьмя словами нет
famous_composers__3,famous_composers,normal,auto_validated,local_unique,0.392,haydn | verdi | tchaikovsky | liszt,локально однозначна: другой категории с этими четырьмя словами нет
famous_job_titles__1,famous_job_titles,normal,auto_validated,local_unique,0.25,captain | chief | coach | director,локально однозначна: другой категории с этими четырьмя словами нет
famous_job_titles__2,famous_job_titles,normal,auto_validated,local_unique,0.251,head#head_leader | manager | president | chairman,локально однозначна: другой категории с этими четырьмя словами нет
famous_job_titles__3,famous_job_titles,normal,auto_validated,local_unique,0.262,boss | mayor | principal | commander,локально однозначна: другой категории с этими четырьмя словами нет
famous_landmarks__1,famous_landmarks,normal,auto_validated,local_unique,0.21,great wall | white house | big ben | empire state,локально однозначна: другой категории с этими четырьмя словами нет
famous_landmarks__2,famous_landmarks,normal,auto_validated,local_unique,0.244,golden gate | statue of liberty | leaning tower | pyramid#pyramid_monument,локально однозначна: другой категории с этими четырьмя словами нет
famous_landmarks__3,famous_landmarks,normal,auto_validated,local_unique,0.28,eiffel tower | sphinx | stonehenge | taj mahal,локально однозначна: другой категории с этими четырьмя словами нет
famous_movies__1,famous_movies,normal,auto_validated,local_unique,0.234,star wars | frozen | alien | rocky,локально однозначна: другой категории с этими четырьмя словами нет
famous_movies__2,famous_movies,normal,auto_validated,local_unique,0.259,psycho | grease | avatar | wizard of oz,локально однозначна: другой категории с этими четырьмя словами нет
famous_movies__3,famous_movies,normal,auto_validated,local_unique,0.266,titanic#titanic_movie | jaws | jurassic park | godfather,локально однозначна: другой категории с этими четырьмя словами нет
famous_museums__1,famous_museums,normal,auto_validated,local_unique,0.351,met | field museum | british museum | getty,локально однозначна: другой категории с этими четырьмя словами нет
famous_museums__2,famous_museums,normal,auto_validated,local_unique,0.403,smithsonian | louvre | guggenheim | hermitage,локально однозначна: другой категории с этими четырьмя словами нет
famous_musicians__1,famous_musicians,normal,auto_validated,local_unique,0.27,cash | dylan | armstrong | beatles,локально однозначна: другой категории с этими четырьмя словами нет
famous_musicians__2,famous_musicians,normal,auto_validated,local_unique,0.297,elvis | bach | mozart | beethoven,локально однозначна: другой категории с этими четырьмя словами нет
famous_musicians__3,famous_musicians,normal,auto_validated,local_unique,0.31,hendrix | presley | sinatra | ellington,локально однозначна: другой категории с этими четырьмя словами нет
famous_ships_planes__1,famous_ships_planes,normal,auto_validated,local_unique,0.374,air force one | spirit of st louis | kitty hawk | zeppelin,локально однозначна: другой категории с этими четырьмя словами нет
famous_ships_planes__2,famous_ships_planes,normal,auto_validated,local_unique,0.417,spruce goose | spitfire | blackbird | concorde,локально однозначна: другой категории с этими четырьмя словами нет
famous_stadiums__1,famous_stadiums,normal,auto_validated,local_unique,0.371,rose bowl | madison square garden | augusta | churchill downs,локально однозначна: другой категории с этими четырьмя словами нет
famous_stadiums__2,famous_stadiums,normal,auto_validated,local_unique,0.389,wembley | yankee stadium | daytona | old trafford,локально однозначна: другой категории с этими четырьмя словами нет
famous_stadiums__3,famous_stadiums,normal,auto_validated,local_unique,0.414,fenway | wrigley | camp nou | lambeau,локально однозначна: другой категории с этими четырьмя словами нет
famous_streets__1,famous_streets,normal,auto_validated,local_unique,0.345,main street | wall street | fifth avenue | michigan avenue,локально однозначна: другой категории с этими четырьмя словами нет
famous_streets__2,famous_streets,normal,auto_validated,local_unique,0.376,broadway | abbey road | bourbon | bourbon street,локально однозначна: другой категории с этими четырьмя словами нет
famous_towers__1,famous_towers,normal,auto_validated,local_unique,0.311,big ben | bell tower | tokyo tower | space needle,локально однозначна: другой категории с этими четырьмя словами нет
famous_towers__2,famous_towers,normal,auto_validated,local_unique,0.341,leaning tower | willis tower | cn tower | eiffel,локально однозначна: другой категории с этими четырьмя словами нет
famous_towers__3,famous_towers,normal,auto_validated,local_unique,0.383,belfry | burj khalifa | petronas | minaret,локально однозначна: другой категории с этими четырьмя словами нет
famous_trains__1,famous_trains,normal,auto_validated,local_unique,0.404,union pacific | metro | bullet train | orient express,локально однозначна: другой категории с этими четырьмя словами нет
famous_trains__2,famous_trains,normal,auto_validated,local_unique,0.446,trans siberian | amtrak | flying scotsman | rocky mountaineer,локально однозначна: другой категории с этими четырьмя словами нет
fan_things__1,fan_things,normal,auto_validated,local_unique,0.264,jersey | ticket#ticket_admission | cap | face paint,локально однозначна: другой категории с этими четырьмя словами нет
fan_things__2,fan_things,normal,auto_validated,local_unique,0.282,poster | horn#horn_sound | banner | cooler,локально однозначна: другой категории с этими четырьмя словами нет
fan_things__3,fan_things,normal,auto_validated,local_unique,0.306,whistle | foam finger | scarf | pennant,локально однозначна: другой категории с этими четырьмя словами нет
fantasy_creatures__1,fantasy_creatures,normal,auto_validated,local_unique,0.233,giant | dragon | phoenix#phoenix_bird | fairy,локально однозначна: другой категории с этими четырьмя словами нет
fantasy_creatures__2,fantasy_creatures,normal,auto_validated,local_unique,0.254,vampire | griffin | troll | elf,локально однозначна: другой категории с этими четырьмя словами нет
fantasy_creatures__3,fantasy_creatures,normal,auto_validated,local_unique,0.271,unicorn | mermaid | werewolf | goblin,локально однозначна: другой категории с этими четырьмя словами нет
farm_animals__1,farm_animals,normal,auto_validated,local_unique,0.071,dog | cat | horse | chicken,локально однозначна: другой категории с этими четырьмя словами нет
farm_animals__2,farm_animals,normal,auto_validated,local_unique,0.088,turkey#turkey_bird | bull | duck#duck_bird | sheep,локально однозначна: другой категории с этими четырьмя словами нет
farm_bird_words__1,farm_bird_words,normal,auto_validated,local_unique,0.286,chicken | turkey#turkey_bird | duck#duck_bird | chick,локально однозначна: другой категории с этими четырьмя словами нет
farm_bird_words__2,farm_bird_words,normal,auto_validated,local_unique,0.319,goose | pigeon | hen | rooster,локально однозначна: другой категории с этими четырьмя словами нет
farm_buildings__1,farm_buildings,normal,auto_validated,local_unique,0.233,stable | pen#pen_animal | shed | fence,локально однозначна: другой категории с этими четырьмя словами нет
farm_buildings__2,farm_buildings,normal,auto_validated,local_unique,0.254,dairy | barn | greenhouse | farmhouse,локально однозначна: другой категории с этими четырьмя словами нет
farm_buildings__3,farm_buildings,normal,auto_validated,local_unique,0.281,coop | windmill | corral | silo,локально однозначна: другой категории с этими четырьмя словами нет
farm_jobs__1,farm_jobs,normal,auto_validated,local_unique,0.253,farmer | trainer | shepherd | dairy farmer,локально однозначна: другой категории с этими четырьмя словами нет
farm_jobs__2,farm_jobs,normal,auto_validated,local_unique,0.28,vet | breeder | rancher | picker,локально однозначна: другой категории с этими четырьмя словами нет
farm_jobs__3,farm_jobs,normal,auto_validated,local_unique,0.316,harvester | herder | beekeeper | milker,локально однозначна: другой категории с этими четырьмя словами нет
farm_machines__1,farm_machines,normal,auto_validated,local_unique,0.26,combine | tractor | irrigation pump | plow,локально однозначна: другой категории с этими четырьмя словами нет
farm_machines__2,farm_machines,normal,auto_validated,local_unique,0.287,mower | harrow | tiller | harvester,локально однозначна: другой категории с этими четырьмя словами нет
farm_machines__3,farm_machines,normal,auto_validated,local_unique,0.305,silo loader | spreader | sprayer | thresher,локально однозначна: другой категории с этими четырьмя словами нет
farm_morning__1,farm_morning,normal,auto_validated,local_unique,,barn | tractor | livestock | silo,локально однозначна: другой категории с этими четырьмя словами нет
farm_products__1,farm_products,normal,auto_validated,local_unique,0.221,produce | milk | cheese | eggs,локально однозначна: другой категории с этими четырьмя словами нет
farm_products__2,farm_products,normal,auto_validated,local_unique,0.233,honey | cotton | leather | beef,локально однозначна: другой категории с этими четырьмя словами нет
farm_products__3,farm_products,normal,auto_validated,local_unique,0.243,corn | grain | pork | hay,локально однозначна: другой категории с этими четырьмя словами нет
farmers_market__1,farmers_market,normal,auto_validated,local_unique,0.4,crate | homegrown | preserves | vendor,локально однозначна: другой категории с этими четырьмя словами нет
fashion_accessories__1,fashion_accessories,normal,auto_validated,local_unique,0.224,watch#watch_object | hat | tie#tie_clothing | pocket square,локально однозначна: другой категории с этими четырьмя словами нет
fashion_accessories__2,fashion_accessories,normal,auto_validated,local_unique,0.246,belt | gloves | necklace | sunglasses,локально однозначна: другой категории с этими четырьмя словами нет
fashion_accessories__3,fashion_accessories,normal,auto_validated,local_unique,0.272,bracelet | scarf | earring | brooch,локально однозначна: другой категории с этими четырьмя словами нет
fashion_show__1,fashion_show,normal,auto_validated,local_unique,0.29,collection | model | program | camera,локально однозначна: другой категории с этими четырьмя словами нет
fashion_show__2,fashion_show,normal,auto_validated,local_unique,0.314,front row | designer | outfit | fitting,локально однозначна: другой категории с этими четырьмя словами нет
fashion_show__3,fashion_show,normal,auto_validated,local_unique,0.329,pose | runway | rack | spotlight,локально однозначна: другой категории с этими четырьмя словами нет
fashion_styles__1,fashion_styles,normal,auto_validated,local_unique,0.309,western | classic | formal | casual,локально однозначна: другой категории с этими четырьмя словами нет
fashion_styles__2,fashion_styles,normal,auto_validated,local_unique,0.33,business casual | punk | vintage | retro,локально однозначна: другой категории с этими четырьмя словами нет
fashion_styles__3,fashion_styles,normal,auto_validated,local_unique,0.358,gothic | bohemian | minimalist | sporty,локально однозначна: другой категории с этими четырьмя словами нет
fast_food_chains__1,fast_food_chains,normal,auto_validated,local_unique,0.197,five guys | burger king | subway | dairy queen,локально однозначна: другой категории с этими четырьмя словами нет
fast_food_chains__2,fast_food_chains,normal,auto_validated,local_unique,0.22,sonic | pizza hut | taco bell | mcdonalds,локально однозначна: другой категории с этими четырьмя словами нет
fast_food_chains__3,fast_food_chains,normal,auto_validated,local_unique,0.251,kfc | chipotle | dominos | panera,локально однозначна: другой категории с этими четырьмя словами нет
fast_food_items__1,fast_food_items,normal,auto_validated,local_unique,0.151,hot dog | sub | pizza | wrap,локально однозначна: другой категории с этими четырьмя словами нет
fast_food_items__2,fast_food_items,normal,auto_validated,local_unique,0.17,corn dog | burger | soda | chicken sandwich,локально однозначна: другой категории с этими четырьмя словами нет
fast_food_items__3,fast_food_items,normal,auto_validated,local_unique,0.182,onion ring | fries | chili#chili_dish | taco,локально однозначна: другой категории с этими четырьмя словами нет
fast_things__1,fast_things,normal,auto_validated,local_unique,0.278,race car | wind | rocket | jet,локально однозначна: другой категории с этими четырьмя словами нет
fast_things__2,fast_things,normal,auto_validated,local_unique,0.295,bullet | lightning | arrow | motorcycle,локально однозначна: другой категории с этими четырьмя словами нет
fast_things__3,fast_things,normal,auto_validated,local_unique,0.317,falcon | comet | hare | torpedo,локально однозначна: другой категории с этими четырьмя словами нет
fasteners__1,fasteners,normal,auto_validated,local_unique,0.241,hook#hook_fastener | pin#pin_fastener | clip | screw,локально однозначна: другой категории с этими четырьмя словами нет
fasteners__2,fasteners,normal,auto_validated,local_unique,0.252,nail#nail_metal | bolt | anchor | bracket,локально однозначна: другой категории с этими четырьмя словами нет
fasteners__3,fasteners,normal,auto_validated,local_unique,0.269,zip tie | staple | buckle | clamp,локально однозначна: другой категории с этими четырьмя словами нет
feeling_sick__1,feeling_sick,normal,auto_validated,local_unique,0.325,chills | cough | fever | flu,локально однозначна: другой категории с этими четырьмя словами нет
feelings__1,feelings,normal,auto_validated,local_unique,0.172,content | happy | sad | proud,локально однозначна: другой категории с этими четырьмя словами нет
feelings__2,feelings,normal,auto_validated,local_unique,0.178,excited | tired | surprised | angry,локально однозначна: другой категории с этими четырьмя словами нет
feelings__3,feelings,normal,auto_validated,local_unique,0.182,worried | guilty | scared | calm#calm_person,локально однозначна: другой категории с этими четырьмя словами нет
fermented_foods__1,fermented_foods,normal,auto_validated,local_unique,0.333,cheese | olive | vinegar | yogurt,локально однозначна: другой категории с этими четырьмя словами нет
fermented_foods__2,fermented_foods,normal,auto_validated,local_unique,0.369,pickle | relish | salami | kimchi,локально однозначна: другой категории с этими четырьмя словами нет
fermented_foods__3,fermented_foods,normal,auto_validated,local_unique,0.387,miso | sourdough | sauerkraut | kombucha,локально однозначна: другой категории с этими четырьмя словами нет
festivals__1,festivals,normal,auto_validated,local_unique,0.331,day of the dead | carnival | lunar new year | bastille day,локально однозначна: другой категории с этими четырьмя словами нет
festivals__2,festivals,normal,auto_validated,local_unique,0.374,diwali | mardi gras | cinco de mayo | oktoberfest,локально однозначна: другой категории с этими четырьмя словами нет
field_trip_places__1,field_trip_places,normal,auto_validated,local_unique,0.213,park#park_place | science center | fire station | farm,локально однозначна: другой категории с этими четырьмя словами нет
field_trip_places__2,field_trip_places,normal,auto_validated,local_unique,0.223,museum | historical site | factory | gallery,локально однозначна: другой категории с этими четырьмя словами нет
field_trip_places__3,field_trip_places,normal,auto_validated,local_unique,0.245,theater | zoo | capitol | bakery,локально однозначна: другой категории с этими четырьмя словами нет
file_types__1,file_types,normal,auto_validated,local_unique,0.264,image | video | file#file_computer | draft#draft_document,локально однозначна: другой категории с этими четырьмя словами нет
file_types__2,file_types,normal,auto_validated,local_unique,0.281,document | trash | presentation | backup,локально однозначна: другой категории с этими четырьмя словами нет
file_types__3,file_types,normal,auto_validated,local_unique,0.3,archive | attachment | zip | pdf,локально однозначна: другой категории с этими четырьмя словами нет
fingers_and_toes__1,fingers_and_toes,normal,auto_validated,local_unique,0.277,middle finger | ring finger | index finger | big toe,локально однозначна: другой категории с этими четырьмя словами нет
fingers_and_toes__2,fingers_and_toes,normal,auto_validated,local_unique,0.287,little toe | toe | thumb | digit,локально однозначна: другой категории с этими четырьмя словами нет
fire_and_smoke__1,fire_and_smoke,normal,auto_validated,local_unique,0.319,smoke | ash | blaze | flame,локально однозначна: другой категории с этими четырьмя словами нет
first_aid__1,first_aid,normal,auto_validated,local_unique,0.191,ice pack | tape | eye wash | burn cream,локально однозначна: другой категории с этими четырьмя словами нет
first_aid__2,first_aid,normal,auto_validated,local_unique,0.208,cotton ball | gloves | wipe | scissors,локально однозначна: другой категории с этими четырьмя словами нет
first_aid__3,first_aid,normal,auto_validated,local_unique,0.236,aspirin | sling | bandage | thermometer,локально однозначна: другой категории с этими четырьмя словами нет
first_aid_actions__1,first_aid_actions,normal,auto_validated,local_unique,0.25,call | cool | cover | ice,локально однозначна: другой категории с этими четырьмя словами нет
first_aid_actions__2,first_aid_actions,normal,auto_validated,local_unique,0.294,monitor#monitor_medical | check pulse | rinse | cpr,локально однозначна: другой категории с этими четырьмя словами нет
first_aid_actions__3,first_aid_actions,normal,auto_validated,local_unique,0.324,elevate | bandage | compress | splint,локально однозначна: другой категории с этими четырьмя словами нет
fish_species__1,fish_species,normal,auto_validated,local_unique,0.207,bass#bass_fish | salmon | cod | trout,локально однозначна: другой категории с этими четырьмя словами нет
fish_species__2,fish_species,normal,auto_validated,local_unique,0.226,pike | tuna | herring | catfish,локально однозначна: другой категории с этими четырьмя словами нет
fish_species__3,fish_species,normal,auto_validated,local_unique,0.236,sturgeon | goldfish | perch | carp,локально однозначна: другой категории с этими четырьмя словами нет
fishing_hobby__1,fishing_hobby,normal,auto_validated,local_unique,0.217,line#line_cord | net | boat | hat,локально однозначна: другой категории с этими четырьмя словами нет
fishing_hobby__2,fishing_hobby,normal,auto_validated,local_unique,0.235,license | hook#hook_fishing | rod | tackle box,локально однозначна: другой категории с этими четырьмя словами нет
fishing_hobby__3,fishing_hobby,normal,auto_validated,local_unique,0.251,bucket | cooler | bait | lure,локально однозначна: другой категории с этими четырьмя словами нет
fishing_things__1,fishing_things,normal,auto_validated,local_unique,0.221,line#line_cord | fly#fly_lure | net | boat,локально однозначна: другой категории с этими четырьмя словами нет
fishing_things__2,fishing_things,normal,auto_validated,local_unique,0.242,hook#hook_fishing | trap | pole | rod,локально однозначна: другой категории с этими четырьмя словами нет
fishing_things__3,fishing_things,normal,auto_validated,local_unique,0.256,tackle box | cooler | bait | worm,локально однозначна: другой категории с этими четырьмя словами нет
flower_parts__1,flower_parts,normal,auto_validated,local_unique,0.294,root | seed | stem | bulb,локально однозначна: другой категории с этими четырьмя словами нет
flower_parts__2,flower_parts,normal,auto_validated,local_unique,0.308,leaf | bud | blossom | pollen,локально однозначна: другой категории с этими четырьмя словами нет
flower_parts__3,flower_parts,normal,auto_validated,local_unique,0.33,thorn | stalk | nectar | petal,локально однозначна: другой категории с этими четырьмя словами нет
flowers__1,flowers,normal,auto_validated,local_unique,0.144,rose#rose_flower | lily | violet | iris#iris_flower,локально однозначна: другой категории с этими четырьмя словами нет
flowers__2,flowers,normal,auto_validated,local_unique,0.164,daisy | jasmine#jasmine_flower | poppy | lavender#lavender_plant,локально однозначна: другой категории с этими четырьмя словами нет
flowers__3,flowers,normal,auto_validated,local_unique,0.178,sunflower | orchid | magnolia | tulip,локально однозначна: другой категории с этими четырьмя словами нет
flowers_more__1,flowers_more,normal,auto_validated,local_unique,0.376,sweet pea | aster | pansy | snapdragon,локально однозначна: другой категории с этими четырьмя словами нет
flowers_more__2,flowers_more,normal,auto_validated,local_unique,0.39,narcissus | anemone | chrysanthemum | wisteria,локально однозначна: другой категории с этими четырьмя словами нет
flying_animals__1,flying_animals,normal,auto_validated,local_unique,0.172,robin | bat#bat_animal | duck#duck_bird | eagle,локально однозначна: другой категории с этими четырьмя словами нет
flying_animals__2,flying_animals,normal,auto_validated,local_unique,0.184,bee | butterfly | owl | goose,локально однозначна: другой категории с этими четырьмя словами нет
food_groups__1,food_groups,normal,auto_validated,local_unique,0.231,fruit | meat | protein | dairy,локально однозначна: другой категории с этими четырьмя словами нет
football_words__1,football_words,normal,auto_validated,local_unique,0.219,down | safety | field goal | end zone,локально однозначна: другой категории с этими четырьмя словами нет
football_words__2,football_words,normal,auto_validated,local_unique,0.243,yard line | snap | tackle | receiver,локально однозначна: другой категории с этими четырьмя словами нет
football_words__3,football_words,normal,auto_validated,local_unique,0.254,helmet | touchdown | quarterback | sack#sack_football,локально однозначна: другой категории с этими четырьмя словами нет
footwear__1,footwear,normal,auto_validated,local_unique,0.124,flat | oxford | pump | slip on,локально однозначна: другой категории с этими четырьмя словами нет
footwear__2,footwear,normal,auto_validated,local_unique,0.148,boot#boot_shoe | heel | hiking boot | wedge,локально однозначна: другой категории с этими четырьмя словами нет
footwear__3,footwear,normal,auto_validated,local_unique,0.17,sock | flip-flop | slipper | sneaker,локально однозначна: другой категории с этими четырьмя словами нет
forest_types__1,forest_types,normal,auto_validated,local_unique,0.32,old growth | cloud forest | jungle | pine forest,локально однозначна: другой категории с этими четырьмя словами нет
forest_types__2,forest_types,normal,auto_validated,local_unique,0.353,grove | woodland | rainforest | deciduous,локально однозначна: другой категории с этими четырьмя словами нет
forest_types__3,forest_types,normal,auto_validated,local_unique,0.385,mangrove | boreal | thicket | taiga,локально однозначна: другой категории с этими четырьмя словами нет
formal_wear__1,formal_wear,normal,auto_validated,local_unique,0.232,suit#suit_clothing | evening dress | dress shoes | cocktail dress,локально однозначна: другой категории с этими четырьмя словами нет
formal_wear__2,formal_wear,normal,auto_validated,local_unique,0.264,gown | tails | veil | sash,локально однозначна: другой категории с этими четырьмя словами нет
formal_wear__3,formal_wear,normal,auto_validated,local_unique,0.299,tuxedo | waistcoat | cufflinks | bowtie,локально однозначна: другой категории с этими четырьмя словами нет
fortune_telling__1,fortune_telling,normal,auto_validated,local_unique,0.302,dream | stars | cards | tea leaves,локально однозначна: другой категории с этими четырьмя словами нет
fortune_telling__2,fortune_telling,normal,auto_validated,local_unique,0.343,crystal ball | dice#dice_game | oracle | pendulum,локально однозначна: другой категории с этими четырьмя словами нет
fortune_telling__3,fortune_telling,normal,auto_validated,local_unique,0.37,horoscope | omen | tarot | rune,локально однозначна: другой категории с этими четырьмя словами нет
french_dishes__1,french_dishes,normal,auto_validated,local_unique,0.327,madeleine | mousse | crepe | baguette,локально однозначна: другой категории с этими четырьмя словами нет
french_dishes__2,french_dishes,normal,auto_validated,local_unique,0.342,croissant | quiche | foie gras | brioche,локально однозначна: другой категории с этими четырьмя словами нет
french_dishes__3,french_dishes,normal,auto_validated,local_unique,0.351,ratatouille | coq au vin | tartare | gratin,локально однозначна: другой категории с этими четырьмя словами нет
french_names__1,french_names,normal,auto_validated,local_unique,0.313,louis | jean | marie | claire,локально однозначна: другой категории с этими четырьмя словами нет
french_names__2,french_names,normal,auto_validated,local_unique,0.334,pierre | sophie | chloe | michel,локально однозначна: другой категории с этими четырьмя словами нет
french_names__3,french_names,normal,auto_validated,local_unique,0.346,nicolas | philippe | henri | antoine,локально однозначна: другой категории с этими четырьмя словами нет
frequency_words__1,frequency_words,normal,auto_validated,local_unique,0.29,always | daily | never | often,локально однозначна: другой категории с этими четырьмя словами нет
frequency_words__2,frequency_words,normal,auto_validated,local_unique,0.3,sometimes | weekly | frequently | constantly,локально однозначна: другой категории с этими четырьмя словами нет
frequency_words__3,frequency_words,normal,auto_validated,local_unique,0.312,monthly | rarely | occasionally | annually,локально однозначна: другой категории с этими четырьмя словами нет
frog_pond__1,frog_pond,normal,auto_validated,local_unique,0.531,amphibious | tadpole | bullfrog | croak,локально однозначна: другой категории с этими четырьмя словами нет
frogs_and_toads__1,frogs_and_toads,normal,auto_validated,local_unique,0.343,green frog | tree frog | wood frog | leopard frog,локально однозначна: другой категории с этими четырьмя словами нет
frogs_and_toads__2,frogs_and_toads,normal,auto_validated,local_unique,0.371,poison dart | toad | cane toad | bullfrog,локально однозначна: другой категории с этими четырьмя словами нет
frozen_foods__1,frozen_foods,normal,auto_validated,local_unique,0.236,fish stick | ice cream | pizza | corn dog,локально однозначна: другой категории с этими четырьмя словами нет
frozen_foods__2,frozen_foods,normal,auto_validated,local_unique,0.263,pot pie | french fries | peas | hash brown,локально однозначна: другой категории с этими четырьмя словами нет
frozen_foods__3,frozen_foods,normal,auto_validated,local_unique,0.277,berries | spinach | waffle | burrito,локально однозначна: другой категории с этими четырьмя словами нет
frozen_treat_brands__1,frozen_treat_brands,normal,auto_validated,local_unique,0.333,blue bell | ben and jerry | magnum | popsicle,локально однозначна: другой категории с этими четырьмя словами нет
fruit_trees__1,fruit_trees,normal,auto_validated,local_unique,0.236,apple#apple_fruit | orange#orange_fruit | cherry | olive,локально однозначна: другой категории с этими четырьмя словами нет
fruit_trees__2,fruit_trees,normal,auto_validated,local_unique,0.252,fig | lemon | banana | coconut,локально однозначна: другой категории с этими четырьмя словами нет
fruits__1,fruits,normal,auto_validated,local_unique,0.076,date#date_fruit | apple#apple_fruit | orange#orange_fruit | cherry,локально однозначна: другой категории с этими четырьмя словами нет
fruits__2,fruits,normal,auto_validated,local_unique,0.105,lemon | banana | lime | strawberry,локально однозначна: другой категории с этими четырьмя словами нет
fruits__3,fruits,normal,auto_validated,local_unique,0.115,peach | grape | blackberry | pineapple,локально однозначна: другой категории с этими четырьмя словами нет
fullness_words__1,fullness_words,normal,auto_validated,local_unique,0.306,full | empty | packed | loaded,локально однозначна: другой категории с этими четырьмя словами нет
fullness_words__2,fullness_words,normal,auto_validated,local_unique,0.326,bare | crowded | stuffed | hollow,локально однозначна: другой категории с этими четырьмя словами нет
fullness_words__3,fullness_words,normal,auto_validated,local_unique,0.346,vacant | deserted | sparse | jammed,локально однозначна: другой категории с этими четырьмя словами нет
furniture__1,furniture,normal,auto_validated,local_unique,0.09,bed | table | chair | cabinet#cabinet_furniture,локально однозначна: другой категории с этими четырьмя словами нет
furniture__2,furniture,normal,auto_validated,local_unique,0.113,desk | bench#bench_seat | couch | sofa,локально однозначна: другой категории с этими четырьмя словами нет
furniture__3,furniture,normal,auto_validated,local_unique,0.134,wardrobe | vanity | ottoman | stool,локально однозначна: другой категории с этими четырьмя словами нет
gadgets__1,gadgets,normal,auto_validated,local_unique,0.175,phone | watch#watch_object | camera | speaker,локально однозначна: другой категории с этими четырьмя словами нет
gadgets__2,gadgets,normal,auto_validated,local_unique,0.196,remote#remote_device | e-reader | laptop | console,локально однозначна: другой категории с этими четырьмя словами нет
gadgets__3,gadgets,normal,auto_validated,local_unique,0.208,tablet | drone | printer | headphones,локально однозначна: другой категории с этими четырьмя словами нет
game_shows__1,game_shows,normal,auto_validated,local_unique,0.291,board#board_game | question | round#round_stage | host#host_presenter,локально однозначна: другой категории с этими четырьмя словами нет
game_shows__2,game_shows,normal,auto_validated,local_unique,0.302,audience | category | prize | wheel,локально однозначна: другой категории с этими четырьмя словами нет
game_shows__3,game_shows,normal,auto_validated,local_unique,0.33,spin | trophy | podium | jackpot,локально однозначна: другой категории с этими четырьмя словами нет
garden_actions__1,garden_actions,normal,auto_validated,local_unique,0.262,plant#plant_verb | water | seed | weed,локально однозначна: другой категории с этими четырьмя словами нет
garden_actions__2,garden_actions,normal,auto_validated,local_unique,0.288,dig | harvest | trim#trim_cut | transplant,локально однозначна: другой категории с этими четырьмя словами нет
garden_actions__3,garden_actions,normal,auto_validated,local_unique,0.317,rake | sow#sow_plant | compost | mow,локально однозначна: другой категории с этими четырьмя словами нет
garden_bugs__1,garden_bugs,normal,auto_validated,local_unique,0.323,cricket#cricket_insect | spider | bee | snail,локально однозначна: другой категории с этими четырьмя словами нет
garden_bugs__2,garden_bugs,normal,auto_validated,local_unique,0.346,ant | beetle | caterpillar | slug,локально однозначна: другой категории с этими четырьмя словами нет
garden_bugs__3,garden_bugs,normal,auto_validated,local_unique,0.371,grub | praying mantis | centipede | ladybug,локально однозначна: другой категории с этими четырьмя словами нет
garden_center__1,garden_center,normal,auto_validated,local_unique,,soil | flowers | houseplants | seedling,локально однозначна: другой категории с этими четырьмя словами нет
garden_flowers_spring__1,garden_flowers_spring,normal,auto_validated,local_unique,0.32,iris#iris_flower | cherry blossom | magnolia | tulip,локально однозначна: другой категории с этими четырьмя словами нет
garden_flowers_spring__2,garden_flowers_spring,normal,auto_validated,local_unique,0.338,lilac | azalea | primrose | pansy,локально однозначна: другой категории с этими четырьмя словами нет
garden_flowers_spring__3,garden_flowers_spring,normal,auto_validated,local_unique,0.354,hyacinth | daffodil | bluebell | crocus,локально однозначна: другой категории с этими четырьмя словами нет
garden_flowers_summer__1,garden_flowers_summer,normal,auto_validated,local_unique,0.292,rose#rose_flower | lily | black eyed susan | daisy,локально однозначна: другой категории с этими четырьмя словами нет
garden_flowers_summer__2,garden_flowers_summer,normal,auto_validated,local_unique,0.325,cosmos | lavender#lavender_plant | sunflower | dahlia,локально однозначна: другой категории с этими четырьмя словами нет
garden_flowers_summer__3,garden_flowers_summer,normal,auto_validated,local_unique,0.352,marigold | snapdragon | geranium | petunia,локально однозначна: другой категории с этими четырьмя словами нет
garden_in_bloom__1,garden_in_bloom,normal,auto_validated,local_unique,0.344,garden | bloom | blossom | bud,локально однозначна: другой категории с этими четырьмя словами нет
garden_plants__1,garden_plants,normal,auto_validated,local_unique,0.213,rose#rose_flower | pepper | bean | mint#mint_herb,локально однозначна: другой категории с этими четырьмя словами нет
garden_plants__2,garden_plants,normal,auto_validated,local_unique,0.23,tomato | ivy | pumpkin | strawberry,локально однозначна: другой категории с этими четырьмя словами нет
garden_plants__3,garden_plants,normal,auto_validated,local_unique,0.237,basil | carrot | squash#squash_vegetable | lettuce,локально однозначна: другой категории с этими четырьмя словами нет
garden_shed__1,garden_shed,normal,auto_validated,local_unique,0.475,mulch | spade#spade_tool | trellis | wheelbarrow,локально однозначна: другой категории с этими четырьмя словами нет
garden_tools__1,garden_tools,normal,auto_validated,local_unique,0.217,gloves | hose | clippers | watering can,локально однозначна: другой категории с этими четырьмя словами нет
garden_tools__2,garden_tools,normal,auto_validated,local_unique,0.233,shovel | rake | spade#spade_tool | hoe,локально однозначна: другой категории с этими четырьмя словами нет
garden_tools__3,garden_tools,normal,auto_validated,local_unique,0.246,leaf blower | sprinkler | pitchfork | shears,локально однозначна: другой категории с этими четырьмя словами нет
gardening_hobby__1,gardening_hobby,normal,auto_validated,local_unique,0.236,pot | soil | stake | gloves,локально однозначна: другой категории с этими четырьмя словами нет
gardening_hobby__2,gardening_hobby,normal,auto_validated,local_unique,0.26,greenhouse | hose | seed packet | watering can,локально однозначна: другой категории с этими четырьмя словами нет
gardening_hobby__3,gardening_hobby,normal,auto_validated,local_unique,0.281,fertilizer | compost bin | planter | twine,локально однозначна: другой категории с этими четырьмя словами нет
gardening_words__1,gardening_words,normal,auto_validated,local_unique,0.218,bed | water | row | pot,локально однозначна: другой категории с этими четырьмя словами нет
gardening_words__2,gardening_words,normal,auto_validated,local_unique,0.234,soil | seed | weed | shade,локально однозначна: другой категории с этими четырьмя словами нет
gardening_words__3,gardening_words,normal,auto_validated,local_unique,0.253,harvest | sunlight | greenhouse | hose,локально однозначна: другой категории с этими четырьмя словами нет
gardening_work__1,gardening_work,normal,auto_validated,local_unique,0.325,compost | pruning | seedlings | soil,локально однозначна: другой категории с этими четырьмя словами нет
gas_station_things__1,gas_station_things,normal,auto_validated,local_unique,0.218,gas | oil#oil_motor | coffee | map,локально однозначна: другой категории с этими четырьмя словами нет
gas_station_things__2,gas_station_things,normal,auto_validated,local_unique,0.237,ice machine | car wash | pump | credit card reader,локально однозначна: другой категории с этими четырьмя словами нет
gas_station_things__3,gas_station_things,normal,auto_validated,local_unique,0.257,diesel | receipt | snack | air hose,локально однозначна: другой категории с этими четырьмя словами нет
gem_cuts__1,gem_cuts,normal,auto_validated,local_unique,0.354,cut | setting | brilliant | princess cut,локально однозначна: другой категории с этими четырьмя словами нет
gem_cuts__2,gem_cuts,normal,auto_validated,local_unique,0.392,polish#polish_verb | clarity | emerald cut | facet,локально однозначна: другой категории с этими четырьмя словами нет
gemstones__1,gemstones,normal,auto_validated,local_unique,0.212,diamond#diamond_gem | pearl | ruby | coral,локально однозначна: другой категории с этими четырьмя словами нет
gemstones__2,gemstones,normal,auto_validated,local_unique,0.231,jade | quartz | emerald | sapphire,локально однозначна: другой категории с этими четырьмя словами нет
geography_class__1,geography_class,normal,auto_validated,local_unique,,globe | atlas#atlas_book | latitude | rivers,локально однозначна: другой категории с этими четырьмя словами нет
german_dishes__1,german_dishes,normal,auto_validated,local_unique,0.314,potato salad | sausage | rye bread | lager,локально однозначна: другой категории с этими четырьмя словами нет
german_dishes__2,german_dishes,normal,auto_validated,local_unique,0.35,pretzel | dumpling | sauerkraut | schnitzel,локально однозначна: другой категории с этими четырьмя словами нет
german_names__1,german_names,normal,auto_validated,local_unique,0.328,anna | karl | hans | otto,локально однозначна: другой категории с этими четырьмя словами нет
german_names__2,german_names,normal,auto_validated,local_unique,0.35,klaus | fritz | heidi | werner,локально однозначна: другой категории с этими четырьмя словами нет
german_names__3,german_names,normal,auto_validated,local_unique,0.358,ingrid | wolfgang | greta | ursula,локально однозначна: другой категории с этими четырьмя словами нет
giant_animals__1,giant_animals,normal,auto_validated,local_unique,0.25,elephant | giraffe | hippo | moose,локально однозначна: другой категории с этими четырьмя словами нет
girls_names__1,girls_names,normal,auto_validated,local_unique,0.149,mary | grace | elizabeth | sarah,локально однозначна: другой категории с этими четырьмя словами нет
girls_names__2,girls_names,normal,auto_validated,local_unique,0.164,emma | susan | charlotte | jennifer,локально однозначна: другой категории с этими четырьмя словами нет
girls_names__3,girls_names,normal,auto_validated,local_unique,0.168,madison | emily | rachel | linda,локально однозначна: другой категории с этими четырьмя словами нет
giving_and_taking__1,giving_and_taking,normal,auto_validated,local_unique,0.259,buy | give | hand#hand_give | offer,локально однозначна: другой категории с этими четырьмя словами нет
giving_and_taking__2,giving_and_taking,normal,auto_validated,local_unique,0.259,return | sell | share | take,локально однозначна: другой категории с этими четырьмя словами нет
giving_and_taking__3,giving_and_taking,normal,auto_validated,local_unique,0.269,trade | receive | deliver | collect,локально однозначна: другой категории с этими четырьмя словами нет
gold_rush__1,gold_rush,normal,auto_validated,local_unique,0.562,panning | prospector | sluice | pickaxe,локально однозначна: другой категории с этими четырьмя словами нет
golf_words__1,golf_words,normal,auto_validated,local_unique,0.228,course | green#green_golf | driver | iron#iron_golf,локально однозначна: другой категории с этими четырьмя словами нет
golf_words__2,golf_words,normal,auto_validated,local_unique,0.243,hole in one | flag | rough | eagle,локально однозначна: другой категории с этими четырьмя словами нет
golf_words__3,golf_words,normal,auto_validated,local_unique,0.265,par | sand trap | tee | bunker#bunker_golf,локально однозначна: другой категории с этими четырьмя словами нет
government_branches__1,government_branches,normal,auto_validated,local_unique,0.25,bill#bill_law | campaign | committee | congress,локально однозначна: другой категории с этими четырьмя словами нет
government_branches__2,government_branches,normal,auto_validated,local_unique,0.25,election | house | law | majority,локально однозначна: другой категории с этими четырьмя словами нет
government_branches__3,government_branches,normal,auto_validated,local_unique,0.252,term#term_period | vote | budget | senate,локально однозначна: другой категории с этими четырьмя словами нет
government_jobs__1,government_jobs,normal,auto_validated,local_unique,0.212,official | president | secretary#secretary_minister | governor,локально однозначна: другой категории с этими четырьмя словами нет
government_jobs__2,government_jobs,normal,auto_validated,local_unique,0.227,mayor | senator | commissioner | ambassador,локально однозначна: другой категории с этими четырьмя словами нет
government_jobs__3,government_jobs,normal,auto_validated,local_unique,0.248,inspector | clerk | treasurer | delegate,локально однозначна: другой категории с этими четырьмя словами нет
grades_and_marks__1,grades_and_marks,normal,auto_validated,local_unique,0.21,average | credit | final | pass,локально однозначна: другой категории с этими четырьмя словами нет
grades_and_marks__2,grades_and_marks,normal,auto_validated,local_unique,0.212,test | report card | score#score_points | grade,локально однозначна: другой категории с этими четырьмя словами нет
grades_and_marks__3,grades_and_marks,normal,auto_validated,local_unique,0.231,fail | honor roll | exam | essay,локально однозначна: другой категории с этими четырьмя словами нет
grains_and_beans__1,grains_and_beans,normal,auto_validated,local_unique,0.254,rice | corn | wheat | black bean,локально однозначна: другой категории с этими четырьмя словами нет
grains_and_beans__2,grains_and_beans,normal,auto_validated,local_unique,0.284,kidney bean | rye | barley | soybean,локально однозначна: другой категории с этими четырьмя словами нет
grains_and_beans__3,grains_and_beans,normal,auto_validated,local_unique,0.303,pinto bean | quinoa | millet | oat,локально однозначна: другой категории с этими четырьмя словами нет
grape_varieties__1,grape_varieties,normal,auto_validated,local_unique,0.356,thompson | concord | chardonnay | muscat,локально однозначна: другой категории с этими четырьмя словами нет
grape_varieties__2,grape_varieties,normal,auto_validated,local_unique,0.38,pinot noir | cabernet | sauvignon | merlot,локально однозначна: другой категории с этими четырьмя словами нет
grasses__1,grasses,normal,auto_validated,local_unique,0.324,rice | corn | reed | wheat,локально однозначна: другой категории с этими четырьмя словами нет
grasses__2,grasses,normal,auto_validated,local_unique,0.351,bamboo | bermuda | rye | barley,локально однозначна: другой категории с этими четырьмя словами нет
great_lakes_and_us_water__1,great_lakes_and_us_water,normal,auto_validated,local_unique,0.306,ohio | michigan | colorado | superior,локально однозначна: другой категории с этими четырьмя словами нет
great_lakes_and_us_water__2,great_lakes_and_us_water,normal,auto_validated,local_unique,0.32,missouri | ontario | mississippi | hudson,локально однозначна: другой категории с этими четырьмя словами нет
great_lakes_and_us_water__3,great_lakes_and_us_water,normal,auto_validated,local_unique,0.341,powell | rio grande | erie | potomac,локально однозначна: другой категории с этими четырьмя словами нет
greek_dishes__1,greek_dishes,normal,auto_validated,local_unique,0.318,olive | hummus | pita | gyro,локально однозначна: другой категории с этими четырьмя словами нет
greek_dishes__2,greek_dishes,normal,auto_validated,local_unique,0.351,feta | calamari | baklava | halloumi,локально однозначна: другой категории с этими четырьмя словами нет
greek_dishes__3,greek_dishes,normal,auto_validated,local_unique,0.372,ouzo | souvlaki | tzatziki | moussaka,локально однозначна: другой категории с этими четырьмя словами нет
greek_gods__1,greek_gods,normal,auto_validated,local_unique,0.268,apollo | zeus | hermes | athena,локально однозначна: другой категории с этими четырьмя словами нет
greek_gods__2,greek_gods,normal,auto_validated,local_unique,0.283,hades | poseidon | ares | artemis,локально однозначна: другой категории с этими четырьмя словами нет
greek_gods__3,greek_gods,normal,auto_validated,local_unique,0.296,hera | aphrodite | dionysus | persephone,локально однозначна: другой категории с этими четырьмя словами нет
greek_heroes__1,greek_heroes,normal,auto_validated,local_unique,0.282,paris | jason | hercules | hector,локально однозначна: другой категории с этими четырьмя словами нет
greek_heroes__2,greek_heroes,normal,auto_validated,local_unique,0.321,achilles | ajax | odysseus | orpheus,локально однозначна: другой категории с этими четырьмя словами нет
greek_heroes__3,greek_heroes,normal,auto_validated,local_unique,0.342,perseus | theseus | aeneas | atalanta,локально однозначна: другой категории с этими четырьмя словами нет
greek_letters__1,greek_letters,normal,auto_validated,local_unique,0.271,alpha | beta | delta#delta_letter | xi,локально однозначна: другой категории с этими четырьмя словами нет
greek_letters__2,greek_letters,normal,auto_validated,local_unique,0.284,chi | pi | omega | gamma,локально однозначна: другой категории с этими четырьмя словами нет
greek_letters__3,greek_letters,normal,auto_validated,local_unique,0.295,mu | nu | phi | sigma,локально однозначна: другой категории с этими четырьмя словами нет
greek_myths__1,greek_myths,normal,auto_validated,local_unique,0.444,cyclops | olympus | titan | centaur,локально однозначна: другой категории с этими четырьмя словами нет
green_things__1,green_things,normal,auto_validated,local_unique,0.272,grass | leaf | mint#mint_herb | turtle,локально однозначна: другой категории с этими четырьмя словами нет
green_things__2,green_things,normal,auto_validated,local_unique,0.284,frog | moss | lime | emerald,локально однозначна: другой категории с этими четырьмя словами нет
greeting_card__1,greeting_card,normal,auto_validated,local_unique,,envelope | stamp#stamp_postage | greetings | holidays,локально однозначна: другой категории с этими четырьмя словами нет
greetings_and_farewells__1,greetings_and_farewells,normal,auto_validated,local_unique,0.17,hi | later | morning | so long,локально однозначна: другой категории с этими четырьмя словами нет
greetings_and_farewells__2,greetings_and_farewells,normal,auto_validated,local_unique,0.177,welcome | evening | hello | bye,локально однозначна: другой категории с этими четырьмя словами нет
greetings_and_farewells__3,greetings_and_farewells,normal,auto_validated,local_unique,0.207,goodbye | cheers#cheers_greeting | farewell | salute,локально однозначна: другой категории с этими четырьмя словами нет
grocery_aisles__1,grocery_aisles,normal,auto_validated,local_unique,,bakery | dairy | fruits | vegetables,локально однозначна: другой категории с этими четырьмя словами нет
groups_of_people__1,groups_of_people,normal,auto_validated,local_unique,0.216,band#band_group | class | committee | council,локально однозначна: другой категории с этими четырьмя словами нет
groups_of_people__2,groups_of_people,normal,auto_validated,local_unique,0.219,staff | team | cast#cast_people | audience,локально однозначна: другой категории с этими четырьмя словами нет
groups_of_people__3,groups_of_people,normal,auto_validated,local_unique,0.226,crew | crowd | squad | panel,локально однозначна: другой категории с этими четырьмя словами нет
gym_class_things__1,gym_class_things,normal,auto_validated,local_unique,0.187,ball#ball_sphere | net | uniform | jump rope,локально однозначна: другой категории с этими четырьмя словами нет
gym_class_things__2,gym_class_things,normal,auto_validated,local_unique,0.212,locker | whistle | mat | cone,локально однозначна: другой категории с этими четырьмя словами нет
gym_class_things__3,gym_class_things,normal,auto_validated,local_unique,0.229,sneakers | parachute | hoop | hurdle,локально однозначна: другой категории с этими четырьмя словами нет
gym_equipment__1,gym_equipment,normal,auto_validated,local_unique,0.205,pull up bar | medicine ball | resistance band | rope,локально однозначна: другой категории с этими четырьмя словами нет
gym_equipment__2,gym_equipment,normal,auto_validated,local_unique,0.229,jump rope | mat | weights | punching bag,локально однозначна: другой категории с этими четырьмя словами нет
gym_equipment__3,gym_equipment,normal,auto_validated,local_unique,0.243,foam roller | stationary bike | rowing machine | treadmill,локально однозначна: другой категории с этими четырьмя словами нет
gymnastics_events__1,gymnastics_events,normal,auto_validated,local_unique,0.302,floor | split | bars | routine,локально однозначна: другой категории с этими четырьмя словами нет
gymnastics_events__2,gymnastics_events,normal,auto_validated,local_unique,0.321,rings | flip | beam#beam_gym | vault,локально однозначна: другой категории с этими четырьмя словами нет
gymnastics_events__3,gymnastics_events,normal,auto_validated,local_unique,0.38,tumbling | dismount | handstand | pommel horse,локально однозначна: другой категории с этими четырьмя словами нет
hair_words__1,hair_words,normal,auto_validated,local_unique,0.227,part#part_hair | bob | wave#wave_hair | layer,локально однозначна: другой категории с этими четырьмя словами нет
hair_words__2,hair_words,normal,auto_validated,local_unique,0.25,bang | highlight | trim#trim_cut | bald,локально однозначна: другой категории с этими четырьмя словами нет
hair_words__3,hair_words,normal,auto_validated,local_unique,0.271,wig | bun | curl | bangs,локально однозначна: другой категории с этими четырьмя словами нет
hairstyles__1,hairstyles,normal,auto_validated,local_unique,0.243,bob | crew cut | layers | bun,локально однозначна: другой категории с этими четырьмя словами нет
hairstyles__2,hairstyles,normal,auto_validated,local_unique,0.28,bangs | afro | braid | pixie,локально однозначна: другой категории с этими четырьмя словами нет
hairstyles__3,hairstyles,normal,auto_validated,local_unique,0.291,mohawk | perm | ponytail | beehive,локально однозначна: другой категории с этими четырьмя словами нет
hall_of_fame__1,hall_of_fame,normal,auto_validated,local_unique,,plaque | legend | awards | bust,локально однозначна: другой категории с этими четырьмя словами нет
halloween_things__1,halloween_things,normal,auto_validated,local_unique,0.143,treat | black cat | trick | ghost,локально однозначна: другой категории с этими четырьмя словами нет
halloween_things__2,halloween_things,normal,auto_validated,local_unique,0.155,mask | bat#bat_animal | candy | spider,локально однозначна: другой категории с этими четырьмя словами нет
halloween_things__3,halloween_things,normal,auto_validated,local_unique,0.164,costume | witch | vampire | zombie,локально однозначна: другой категории с этими четырьмя словами нет
hand_actions__1,hand_actions,normal,auto_validated,local_unique,0.216,hold | point#point_gesture | write | catch,локально однозначна: другой категории с этими четырьмя словами нет
hand_actions__2,hand_actions,normal,auto_validated,local_unique,0.221,pull | push | throw | wave#wave_hand,локально однозначна: другой категории с этими четырьмя словами нет
hand_actions__3,hand_actions,normal,auto_validated,local_unique,0.237,grab | knock | shake | tap#tap_touch,локально однозначна: другой категории с этими четырьмя словами нет
hand_parts__1,hand_parts,normal,auto_validated,local_unique,0.227,joint | finger | middle finger | ring finger,локально однозначна: другой категории с этими четырьмя словами нет
hand_parts__2,hand_parts,normal,auto_validated,local_unique,0.239,palm#palm_hand | index finger | nail#nail_body | grip,локально однозначна: другой категории с этими четырьмя словами нет
hand_parts__3,hand_parts,normal,auto_validated,local_unique,0.26,thumb | wrist | pinky | tendon,локально однозначна: другой категории с этими четырьмя словами нет
hand_tools__1,hand_tools,normal,auto_validated,local_unique,0.107,level | saw | square | file#file_tool,локально однозначна: другой категории с этими четырьмя словами нет
hand_tools__2,hand_tools,normal,auto_validated,local_unique,0.126,plane#plane_tool | knife | tape measure | hammer,локально однозначна: другой категории с этими четырьмя словами нет
hand_tools__3,hand_tools,normal,auto_validated,local_unique,0.158,drill#drill_tool | socket#socket_tool | clamp | wrench,локально однозначна: другой категории с этими четырьмя словами нет
handyman__1,handyman,normal,auto_validated,local_unique,0.512,crowbar | caulk | stepladder | toolbelt,локально однозначна: другой категории с этими четырьмя словами нет
harbor_things__1,harbor_things,normal,auto_validated,local_unique,0.236,net | boat | warehouse | rope,локально однозначна: другой категории с этими четырьмя словами нет
harbor_things__2,harbor_things,normal,auto_validated,local_unique,0.256,anchor | dock | pier | ramp,локально однозначна: другой категории с этими четырьмя словами нет
harbor_things__3,harbor_things,normal,auto_validated,local_unique,0.282,lighthouse | wharf | jetty | buoy,локально однозначна: другой категории с этими четырьмя словами нет
hard_things__1,hard_things,normal,auto_validated,local_unique,0.266,ice | rock#rock_stone | glass | metal,локально однозначна: другой категории с этими четырьмя словами нет
hard_things__2,hard_things,normal,auto_validated,local_unique,0.274,wood | iron#iron_metal | steel | bone,локально однозначна: другой категории с этими четырьмя словами нет
hard_things__3,hard_things,normal,auto_validated,local_unique,0.287,concrete | diamond#diamond_gem | shell | brick,локально однозначна: другой категории с этими четырьмя словами нет
hardware_store__1,hardware_store,normal,auto_validated,local_unique,,ladder | hose | sandpaper | fasteners,локально однозначна: другой категории с этими четырьмя словами нет
harvest_words__1,harvest_words,normal,auto_validated,local_unique,0.274,field | yield | crop | stack#stack_pile,локально однозначна: другой категории с этими четырьмя словами нет
harvest_words__2,harvest_words,normal,auto_validated,local_unique,0.305,wagon | bale | reap | sickle,локально однозначна: другой категории с этими четырьмя словами нет
harvest_words__3,harvest_words,normal,auto_validated,local_unique,0.336,silo | bushel | scythe | sheaf,локально однозначна: другой категории с этими четырьмя словами нет
hats__1,hats,normal,auto_validated,local_unique,0.186,crown#crown_royal | cap | hard hat | top hat,локально однозначна: другой категории с этими четырьмя словами нет
hats__2,hats,normal,auto_validated,local_unique,0.198,sun hat | baseball cap | hood#hood_garment | helmet,локально однозначна: другой категории с этими четырьмя словами нет
hats__3,hats,normal,auto_validated,local_unique,0.226,cowboy hat | panama | bowler | bonnet,локально однозначна: другой категории с этими четырьмя словами нет
haunted_house__1,haunted_house,normal,auto_validated,local_unique,0.55,banshee | cobwebs | ouija | poltergeist,локально однозначна: другой категории с этими четырьмя словами нет
heaven_and_afterlife__1,heaven_and_afterlife,normal,auto_validated,local_unique,0.3,soul | spirit#spirit_soul | heaven | angel,локально однозначна: другой категории с этими четырьмя словами нет
heaven_and_afterlife__2,heaven_and_afterlife,normal,auto_validated,local_unique,0.325,judgment | paradise | salvation | eternity,локально однозначна: другой категории с этими четырьмя словами нет
heaven_and_afterlife__3,heaven_and_afterlife,normal,auto_validated,local_unique,0.347,resurrection | ancestor | immortality | nirvana,локально однозначна: другой категории с этими четырьмя словами нет
heavy_things__1,heavy_things,normal,auto_validated,local_unique,0.28,safe | engine | truck | piano,локально однозначна: другой категории с этими четырьмя словами нет
heavy_things__2,heavy_things,normal,auto_validated,local_unique,0.305,elephant | statue | anchor | cannon,локально однозначна: другой категории с этими четырьмя словами нет
heavy_things__3,heavy_things,normal,auto_validated,local_unique,0.317,whale | tractor | boulder | refrigerator,локально однозначна: другой категории с этими четырьмя словами нет
heavy_trucks__1,heavy_trucks,normal,auto_validated,local_unique,0.23,van | semi | box truck | moving truck,локально однозначна: другой категории с этими четырьмя словами нет
heavy_trucks__2,heavy_trucks,normal,auto_validated,local_unique,0.251,delivery truck | garbage truck | dump truck | pickup,локально однозначна: другой категории с этими четырьмя словами нет
heavy_trucks__3,heavy_trucks,normal,auto_validated,local_unique,0.272,logging truck | tow truck | tanker | cement mixer,локально однозначна: другой категории с этими четырьмя словами нет
herbs__1,herbs,normal,auto_validated,local_unique,0.252,bay | mint#mint_herb | sage#sage_herb | basil,локально однозначна: другой категории с этими четырьмя словами нет
herbs__2,herbs,normal,auto_validated,local_unique,0.279,rosemary | lavender#lavender_plant | parsley | dill,локально однозначна: другой категории с этими четырьмя словами нет
hero_hq__1,hero_hq,normal,auto_validated,local_unique,0.494,nemesis | sidekick | vigilante | catchphrase,локально однозначна: другой категории с этими четырьмя словами нет
high_places__1,high_places,normal,auto_validated,local_unique,0.27,bridge#bridge_structure | mountain | roof | tower,локально однозначна: другой категории с этими четырьмя словами нет
high_places__2,high_places,normal,auto_validated,local_unique,0.292,summit | cliff | ladder | crane#crane_machine,локально однозначна: другой категории с этими четырьмя словами нет
high_places__3,high_places,normal,auto_validated,local_unique,0.317,balcony#balcony_house | attic | penthouse | skyscraper,локально однозначна: другой категории с этими четырьмя словами нет
highlands__1,highlands,normal,auto_validated,local_unique,0.531,loch | bagpipes | haggis | kilt,локально однозначна: другой категории с этими четырьмя словами нет
hiking_words__1,hiking_words,normal,auto_validated,local_unique,0.226,map | water bottle | trail | boots,локально однозначна: другой категории с этими четырьмя словами нет
hiking_words__2,hiking_words,normal,auto_validated,local_unique,0.245,summit | ridge | elevation | poles,локально однозначна: другой категории с этими четырьмя словами нет
hiking_words__3,hiking_words,normal,auto_validated,local_unique,0.27,backpack | blaze | canteen | campsite,локально однозначна: другой категории с этими четырьмя словами нет
historic_documents__1,historic_documents,normal,auto_validated,local_unique,0.28,bill of rights | constitution | declaration of independence | treaty of versailles,локально однозначна: другой категории с этими четырьмя словами нет
historic_documents__2,historic_documents,normal,auto_validated,local_unique,0.328,gettysburg address | emancipation proclamation | rosetta stone | magna carta,локально однозначна: другой категории с этими четырьмя словами нет
historic_jobs__1,historic_jobs,normal,auto_validated,local_unique,0.355,miller | cooper | telegraph operator | weaver,локально однозначна: другой категории с этими четырьмя словами нет
historic_jobs__2,historic_jobs,normal,auto_validated,local_unique,0.384,tanner | chimney sweep | blacksmith | scribe,локально однозначна: другой категории с этими четырьмя словами нет
historic_ships__1,historic_ships,normal,auto_validated,local_unique,0.32,victory | constitution | santa maria | nina,локально однозначна: другой категории с этими четырьмя словами нет
historic_ships__2,historic_ships,normal,auto_validated,local_unique,0.348,ark | bounty | titanic#titanic_ship | endeavour,локально однозначна: другой категории с этими четырьмя словами нет
historical_eras__1,historical_eras,normal,auto_validated,local_unique,0.256,space age | ice age | stone age | iron age,локально однозначна: другой категории с этими четырьмя словами нет
historical_eras__2,historical_eras,normal,auto_validated,local_unique,0.269,great depression | middle ages | dark ages | industrial revolution,локально однозначна: другой категории с этими четырьмя словами нет
historical_eras__3,historical_eras,normal,auto_validated,local_unique,0.283,bronze age | colonial | victorian | renaissance,локально однозначна: другой категории с этими четырьмя словами нет
hobby_verbs__1,hobby_verbs,normal,auto_validated,local_unique,0.213,reading | running | writing | painting,локально однозначна: другой категории с этими четырьмя словами нет
hobby_verbs__2,hobby_verbs,normal,auto_validated,local_unique,0.225,drawing | singing | dancing | fishing,локально однозначна: другой категории с этими четырьмя словами нет
hobby_verbs__3,hobby_verbs,normal,auto_validated,local_unique,0.239,photography | collecting | cycling | camping,локально однозначна: другой категории с этими четырьмя словами нет
hockey_words__1,hockey_words,normal,auto_validated,local_unique,0.261,blue line | period | power play | net,локально однозначна: другой категории с этими четырьмя словами нет
hockey_words__2,hockey_words,normal,auto_validated,local_unique,0.284,stick#stick_hockey | penalty box | helmet | pad,локально однозначна: другой категории с этими четырьмя словами нет
hockey_words__3,hockey_words,normal,auto_validated,local_unique,0.312,skate | puck | icing | goalie,локально однозначна: другой категории с этими четырьмя словами нет
holidays__1,holidays,normal,auto_validated,local_unique,0.141,christmas | new year | labor day | independence day,локально однозначна: другой категории с этими четырьмя словами нет
holidays__2,holidays,normal,auto_validated,local_unique,0.16,memorial day | veterans day | mothers day | halloween,локально однозначна: другой категории с этими четырьмя словами нет
holidays__3,holidays,normal,auto_validated,local_unique,0.169,easter | fathers day | presidents day | columbus day,локально однозначна: другой категории с этими четырьмя словами нет
home_appliances__1,home_appliances,normal,auto_validated,local_unique,0.3,dishwasher | dryer | fridge | microwave,локально однозначна: другой категории с этими четырьмя словами нет
home_decor__1,home_decor,normal,auto_validated,local_unique,,rug | curtains | vase | furniture,локально однозначна: другой категории с этими четырьмя словами нет
home_decor__2,home_decor,normal,auto_validated,local_unique,,lighting | colors | patterns | fabrics,локально однозначна: другой категории с этими четырьмя словами нет
home_electronics__1,home_electronics,normal,auto_validated,local_unique,0.183,radio | television | smart speaker | alarm,локально однозначна: другой категории с этими четырьмя словами нет
home_electronics__2,home_electronics,normal,auto_validated,local_unique,0.205,dvd player | vacuum | game console | microwave,локально однозначна: другой категории с этими четырьмя словами нет
home_electronics__3,home_electronics,normal,auto_validated,local_unique,0.226,stereo | router | blender | air conditioner,локально однозначна: другой категории с этими четырьмя словами нет
home_rooms__1,home_rooms,normal,auto_validated,local_unique,0.111,living room | study | kitchen | bathroom,локально однозначна: другой категории с этими четырьмя словами нет
home_rooms__2,home_rooms,normal,auto_validated,local_unique,0.131,bedroom | garage | basement | closet,локально однозначна: другой категории с этими четырьмя словами нет
home_rooms__3,home_rooms,normal,auto_validated,local_unique,0.141,dining room | laundry room | den | nursery,локально однозначна: другой категории с этими четырьмя словами нет
honey_and_syrups__1,honey_and_syrups,normal,auto_validated,local_unique,0.324,brown sugar | honey | date syrup | cane sugar,локально однозначна: другой категории с этими четырьмя словами нет
honey_and_syrups__2,honey_and_syrups,normal,auto_validated,local_unique,0.348,corn syrup | maple syrup | caramel | powdered sugar,локально однозначна: другой категории с этими четырьмя словами нет
honey_and_syrups__3,honey_and_syrups,normal,auto_validated,local_unique,0.377,molasses | sorghum | agave | stevia,локально однозначна: другой категории с этими четырьмя словами нет
horse_breeds__1,horse_breeds,normal,auto_validated,local_unique,0.323,paint | quarter horse | morgan | mustang,локально однозначна: другой категории с этими четырьмя словами нет
horse_breeds__2,horse_breeds,normal,auto_validated,local_unique,0.366,arabian | shetland | pinto | thoroughbred,локально однозначна: другой категории с этими четырьмя словами нет
horse_words__1,horse_words,normal,auto_validated,local_unique,0.305,stable | pony | saddle | harness,локально однозначна: другой категории с этими четырьмя словами нет
horse_words__2,horse_words,normal,auto_validated,local_unique,0.318,groom#groom_horse | mare | colt | jockey,локально однозначна: другой категории с этими четырьмя словами нет
horse_words__3,horse_words,normal,auto_validated,local_unique,0.332,mane | reins | stallion | trot,локально однозначна: другой категории с этими четырьмя словами нет
hospital_departments__1,hospital_departments,normal,auto_validated,local_unique,0.263,emergency | surgery | recovery | physical therapy,локально однозначна: другой категории с этими четырьмя словами нет
hospital_departments__2,hospital_departments,normal,auto_validated,local_unique,0.287,laboratory | intensive care | pharmacy | admissions,локально однозначна: другой категории с этими четырьмя словами нет
hospital_departments__3,hospital_departments,normal,auto_validated,local_unique,0.312,maternity | oncology | pediatrics | dialysis,локально однозначна: другой категории с этими четырьмя словами нет
hospital_things__1,hospital_things,normal,auto_validated,local_unique,0.176,bed | waiting room | emergency room | x-ray,локально однозначна: другой категории с этими четырьмя словами нет
hospital_things__2,hospital_things,normal,auto_validated,local_unique,0.191,chart | iv | ward | monitor#monitor_medical,локально однозначна: другой категории с этими четырьмя словами нет
hospital_things__3,hospital_things,normal,auto_validated,local_unique,0.21,ambulance | oxygen mask | wheelchair | gown,локально однозначна: другой категории с этими четырьмя словами нет
hot_drinks__1,hot_drinks,normal,auto_validated,local_unique,0.115,coffee | tea | green tea | hot chocolate,локально однозначна: другой категории с этими четырьмя словами нет
hot_drinks__2,hot_drinks,normal,auto_validated,local_unique,0.163,cocoa | cider | broth | espresso,локально однозначна: другой категории с этими четырьмя словами нет
hot_drinks__3,hot_drinks,normal,auto_validated,local_unique,0.173,herbal tea | latte | chai | mocha,локально однозначна: другой категории с этими четырьмя словами нет
hot_places__1,hot_places,normal,auto_validated,local_unique,0.268,beach | sun | engine | kitchen,локально однозначна: другой категории с этими четырьмя словами нет
hot_places__2,hot_places,normal,auto_validated,local_unique,0.298,desert | jungle | oven | greenhouse,локально однозначна: другой категории с этими четырьмя словами нет
hot_places__3,hot_places,normal,auto_validated,local_unique,0.32,volcano | attic | furnace | equator,локально однозначна: другой категории с этими четырьмя словами нет
hot_things__1,hot_things,normal,auto_validated,local_unique,0.228,fire | sun | engine | iron#iron_appliance,локально однозначна: другой категории с этими четырьмя словами нет
hot_things__2,hot_things,normal,auto_validated,local_unique,0.252,steam | coal | oven | candle,локально однозначна: другой категории с этими четырьмя словами нет
hot_things__3,hot_things,normal,auto_validated,local_unique,0.273,boiling water | torch | lava | stove,локально однозначна: другой категории с этими четырьмя словами нет
hotel_chains__1,hotel_chains,normal,auto_validated,local_unique,0.312,best western | four seasons | days inn | holiday inn,локально однозначна: другой категории с этими четырьмя словами нет
hotel_chains__2,hotel_chains,normal,auto_validated,local_unique,0.349,hilton | motel 6 | marriott | hyatt,локально однозначна: другой категории с этими четырьмя словами нет
hotel_chains__3,hotel_chains,normal,auto_validated,local_unique,0.382,sheraton | westin | radisson | ramada,локально однозначна: другой категории с этими четырьмя словами нет
hotel_words__1,hotel_words,normal,auto_validated,local_unique,0.188,room service | key card | pool | front desk,локально однозначна: другой категории с этими четырьмя словами нет
hotel_words__2,hotel_words,normal,auto_validated,local_unique,0.211,reception | suite | lobby | elevator,локально однозначна: другой категории с этими четырьмя словами нет
hotel_words__3,hotel_words,normal,auto_validated,local_unique,0.23,balcony#balcony_house | checkout | vacancy | luggage cart,локально однозначна: другой категории с этими четырьмя словами нет
houseplants__1,houseplants,normal,auto_validated,local_unique,0.246,palm#palm_tree | spider plant | rubber plant | snake plant,локально однозначна: другой категории с этими четырьмя словами нет
houseplants__2,houseplants,normal,auto_validated,local_unique,0.259,peace lily | violet | ivy | jade,локально однозначна: другой категории с этими четырьмя словами нет
houseplants__3,houseplants,normal,auto_validated,local_unique,0.277,bamboo | cactus | orchid | fern,локально однозначна: другой категории с этими четырьмя словами нет
hygiene__1,hygiene,normal,auto_validated,local_unique,0.211,tissue#tissue_paper | soap | towel | deodorant,локально однозначна: другой категории с этими четырьмя словами нет
hygiene__2,hygiene,normal,auto_validated,local_unique,0.229,razor | shampoo | comb | nail clipper,локально однозначна: другой категории с этими четырьмя словами нет
ice_cream_flavors__1,ice_cream_flavors,normal,auto_validated,local_unique,0.203,coffee | chocolate | birthday cake | cherry,локально однозначна: другой категории с этими четырьмя словами нет
ice_cream_flavors__2,ice_cream_flavors,normal,auto_validated,local_unique,0.22,rocky road | lemon | banana | cookies and cream,локально однозначна: другой категории с этими четырьмя словами нет
ice_cream_flavors__3,ice_cream_flavors,normal,auto_validated,local_unique,0.229,mint#mint_candy | vanilla | peach | strawberry,локально однозначна: другой категории с этими четырьмя словами нет
illnesses__1,illnesses,normal,auto_validated,local_unique,0.19,cold#cold_illness | infection | fever | diabetes,локально однозначна: другой категории с этими четырьмя словами нет
illnesses__2,illnesses,normal,auto_validated,local_unique,0.216,flu | pneumonia | asthma | rash,локально однозначна: другой категории с этими четырьмя словами нет
illnesses__3,illnesses,normal,auto_validated,local_unique,0.229,allergy | arthritis | measles | migraine,локально однозначна: другой категории с этими четырьмя словами нет
in_a_band__1,in_a_band,normal,auto_validated,local_unique,0.35,drummer | frontman | guitar | vocals,локально однозначна: другой категории с этими четырьмя словами нет
in_a_salad__1,in_a_salad,normal,auto_validated,local_unique,0.3,cucumber | dressing | lettuce | olives,локально однозначна: другой категории с этими четырьмя словами нет
in_the_classroom__1,in_the_classroom,normal,auto_validated,local_unique,0.294,student | blackboard | exam | homework,локально однозначна: другой категории с этими четырьмя словами нет
in_the_jungle__1,in_the_jungle,normal,auto_validated,local_unique,0.35,canopy | fern | jaguar | mushroom,локально однозначна: другой категории с этими четырьмя словами нет
indian_dishes__1,indian_dishes,normal,auto_validated,local_unique,0.319,curry | dal | masala | chutney,локально однозначна: другой категории с этими четырьмя словами нет
indian_dishes__2,indian_dishes,normal,auto_validated,local_unique,0.346,naan | roti | tikka | biryani,локально однозначна: другой категории с этими четырьмя словами нет
indian_dishes__3,indian_dishes,normal,auto_validated,local_unique,0.36,tandoori | paneer | samosa | lassi,локально однозначна: другой категории с этими четырьмя словами нет
industrial_revolution__1,industrial_revolution,normal,auto_validated,local_unique,0.316,machine | assembly line | factory | coal,локально однозначна: другой категории с этими четырьмя словами нет
industrial_revolution__2,industrial_revolution,normal,auto_validated,local_unique,0.327,worker | mill | steam engine | railroad,локально однозначна: другой категории с этими четырьмя словами нет
industrial_revolution__3,industrial_revolution,normal,auto_validated,local_unique,0.351,canal | telegraph | cotton gin | loom,локально однозначна: другой категории с этими четырьмя словами нет
initials_and_titles__1,initials_and_titles,normal,auto_validated,local_unique,0.29,first name | given name | last name | middle name,локально однозначна: другой категории с этими четырьмя словами нет
initials_and_titles__2,initials_and_titles,normal,auto_validated,local_unique,0.296,senior | title | initial | junior,локально однозначна: другой категории с этими четырьмя словами нет
initials_and_titles__3,initials_and_titles,normal,auto_validated,local_unique,0.344,nickname | maiden name | surname | suffix,локально однозначна: другой категории с этими четырьмя словами нет
injuries__1,injuries,normal,auto_validated,local_unique,0.18,break | cut | burn | bite#bite_wound,локально однозначна: другой категории с этими четырьмя словами нет
injuries__2,injuries,normal,auto_validated,local_unique,0.219,strain | fracture | concussion | scrape,локально однозначна: другой категории с этими четырьмя словами нет
injuries__3,injuries,normal,auto_validated,local_unique,0.24,splinter | puncture | bruise | whiplash,локально однозначна: другой категории с этими четырьмя словами нет
insects__1,insects,normal,auto_validated,local_unique,0.133,fly#fly_insect | cricket#cricket_insect | spider | bee,локально однозначна: другой категории с этими четырьмя словами нет
insects__2,insects,normal,auto_validated,local_unique,0.156,butterfly | ant | tick#tick_bug | mosquito,локально однозначна: другой категории с этими четырьмя словами нет
insects__3,insects,normal,auto_validated,local_unique,0.169,beetle | moth | flea | roach,локально однозначна: другой категории с этими четырьмя словами нет
instruments_in_an_orchestra__1,instruments_in_an_orchestra,normal,auto_validated,local_unique,0.334,section | brass | strings | conductor,локально однозначна: другой категории с этими четырьмя словами нет
instruments_in_an_orchestra__2,instruments_in_an_orchestra,normal,auto_validated,local_unique,0.364,first violin | ensemble | percussion | soloist,локально однозначна: другой категории с этими четырьмя словами нет
instruments_you_strum__1,instruments_you_strum,normal,auto_validated,local_unique,0.329,guitar | piano | bow#bow_music | yo-yo,локально однозначна: другой категории с этими четырьмя словами нет
instruments_you_strum__2,instruments_you_strum,normal,auto_validated,local_unique,0.352,balloon | puppet | violin | kite#kite_toy,локально однозначна: другой категории с этими четырьмя словами нет
instruments_you_strum__3,instruments_you_strum,normal,auto_validated,local_unique,0.369,harp | apron#apron_garment | cello | tennis racket,локально однозначна: другой категории с этими четырьмя словами нет
insulating_materials__1,insulating_materials,normal,auto_validated,local_unique,0.355,air | felt | plastic | cotton,локально однозначна: другой категории с этими четырьмя словами нет
insulating_materials__2,insulating_materials,normal,auto_validated,local_unique,0.386,rubber | wool | foam | cork,локально однозначна: другой категории с этими четырьмя словами нет
insurance_and_legal__1,insurance_and_legal,normal,auto_validated,local_unique,0.314,claim | notice | policy | term#term_condition,локально однозначна: другой категории с этими четырьмя словами нет
insurance_and_legal__2,insurance_and_legal,normal,auto_validated,local_unique,0.331,agreement | witness | premium | signature,локально однозначна: другой категории с этими четырьмя словами нет
insurance_and_legal__3,insurance_and_legal,normal,auto_validated,local_unique,0.349,liability | breach | clause | renewal,локально однозначна: другой категории с этими четырьмя словами нет
internal_organs__1,internal_organs,normal,auto_validated,local_unique,0.182,heart#heart_organ | brain | stomach | liver,локально однозначна: другой категории с этими четырьмя словами нет
internal_organs__2,internal_organs,normal,auto_validated,local_unique,0.211,lung | kidney | vein | artery,локально однозначна: другой категории с этими четырьмя словами нет
internal_organs__3,internal_organs,normal,auto_validated,local_unique,0.223,bladder | womb | colon | marrow,локально однозначна: другой категории с этими четырьмя словами нет
internet_words__1,internet_words,normal,auto_validated,local_unique,0.172,link#link_web | network | website | download,локально однозначна: другой категории с этими четырьмя словами нет
internet_words__2,internet_words,normal,auto_validated,local_unique,0.187,email | cloud | server | domain,локально однозначна: другой категории с этими четырьмя словами нет
internet_words__3,internet_words,normal,auto_validated,local_unique,0.203,streaming | cookie | password | spam,локально однозначна: другой категории с этими четырьмя словами нет
inventions__1,inventions,normal,auto_validated,local_unique,0.17,computer | internet | radio | camera,локально однозначна: другой категории с этими четырьмя словами нет
inventions__2,inventions,normal,auto_validated,local_unique,0.18,engine | television | battery | wheel,локально однозначна: другой категории с этими четырьмя словами нет
inventions__3,inventions,normal,auto_validated,local_unique,0.201,telephone | printing press | vaccine | elevator,локально однозначна: другой категории с этими четырьмя словами нет
inventors__1,inventors,normal,auto_validated,local_unique,0.277,ford#ford_person | franklin | wright | diesel,локально однозначна: другой категории с этими четырьмя словами нет
inventors__2,inventors,normal,auto_validated,local_unique,0.299,tesla | whitney | watt | edison,локально однозначна: другой категории с этими четырьмя словами нет
inventors__3,inventors,normal,auto_validated,local_unique,0.328,morse | goodyear | marconi | gutenberg,локально однозначна: другой категории с этими четырьмя словами нет
irish_names__1,irish_names,normal,auto_validated,local_unique,0.316,kelly | patrick | sean | liam,локально однозначна: другой категории с этими четырьмя словами нет
irish_names__2,irish_names,normal,auto_validated,local_unique,0.341,brendan | erin | fiona | kathleen,локально однозначна: другой категории с этими четырьмя словами нет
irish_names__3,irish_names,normal,auto_validated,local_unique,0.352,maureen | bridget | colleen | aidan,локально однозначна: другой категории с этими четырьмя словами нет
irrigation__1,irrigation,normal,auto_validated,local_unique,0.316,well | pump | pipe#pipe_tube | canal,локально однозначна: другой категории с этими четырьмя словами нет
irrigation__2,irrigation,normal,auto_validated,local_unique,0.332,dam | valve | ditch | reservoir,локально однозначна: другой категории с этими четырьмя словами нет
irrigation__3,irrigation,normal,auto_validated,local_unique,0.354,hose | drip line | pivot | sprinkler,локально однозначна: другой категории с этими четырьмя словами нет
island_luau__1,island_luau,normal,auto_validated,local_unique,0.475,aloha | hula | lei | tiki,локально однозначна: другой категории с этими четырьмя словами нет
island_nations__1,island_nations,normal,auto_validated,local_unique,0.351,japan | philippines | indonesia | cuba,локально однозначна: другой категории с этими четырьмя словами нет
island_nations__2,island_nations,normal,auto_validated,local_unique,0.376,jamaica | iceland | cyprus | sri lanka,локально однозначна: другой категории с этими четырьмя словами нет
island_nations__3,island_nations,normal,auto_validated,local_unique,0.386,bahrain | fiji | malta | madagascar,локально однозначна: другой категории с этими четырьмя словами нет
islands__1,islands,normal,auto_validated,local_unique,0.286,hawaii | cuba | jamaica | iceland,локально однозначна: другой категории с этими четырьмя словами нет
islands__2,islands,normal,auto_validated,local_unique,0.303,bali | fiji | malta | bermuda,локально однозначна: другой категории с этими четырьмя словами нет
islands__3,islands,normal,auto_validated,local_unique,0.309,barbados | sicily | greenland | madagascar,локально однозначна: другой категории с этими четырьмя словами нет
italian_dishes__1,italian_dishes,normal,auto_validated,local_unique,0.263,pizza | spaghetti | alfredo | lasagna,локально однозначна: другой категории с этими четырьмя словами нет
italian_dishes__2,italian_dishes,normal,auto_validated,local_unique,0.293,meatball | pesto | ravioli | risotto,локально однозначна: другой категории с этими четырьмя словами нет
italian_dishes__3,italian_dishes,normal,auto_validated,local_unique,0.304,gelato | panini | gnocchi | tiramisu,локально однозначна: другой категории с этими четырьмя словами нет
italian_names__1,italian_names,normal,auto_validated,local_unique,0.335,marco | rosa | elena | sofia,локально однозначна: другой категории с этими четырьмя словами нет
italian_names__2,italian_names,normal,auto_validated,local_unique,0.352,giovanni | paolo | luca | francesca,локально однозначна: другой категории с этими четырьмя словами нет
italian_names__3,italian_names,normal,auto_validated,local_unique,0.359,marta | alessandro | enzo | matteo,локально однозначна: другой категории с этими четырьмя словами нет
japanese_dishes__1,japanese_dishes,normal,auto_validated,local_unique,0.277,sushi | ramen | tofu | miso,локально однозначна: другой категории с этими четырьмя словами нет
japanese_dishes__2,japanese_dishes,normal,auto_validated,local_unique,0.302,wasabi | bento | sashimi | teriyaki,локально однозначна: другой категории с этими четырьмя словами нет
japanese_dishes__3,japanese_dishes,normal,auto_validated,local_unique,0.309,tempura | soba | udon | mochi,локально однозначна: другой категории с этими четырьмя словами нет
japanese_names__1,japanese_names,normal,auto_validated,local_unique,0.394,ren | mei | sakura | hana,локально однозначна: другой категории с этими четырьмя словами нет
japanese_names__2,japanese_names,normal,auto_validated,local_unique,0.405,rin | yuki | sora | hiroshi,локально однозначна: другой категории с этими четырьмя словами нет
japanese_names__3,japanese_names,normal,auto_validated,local_unique,0.419,kenji | takashi | yuna | aiko,локально однозначна: другой категории с этими четырьмя словами нет
jewelry__1,jewelry,normal,auto_validated,local_unique,0.148,watch#watch_object | ring#ring_jewelry | chain | charm,локально однозначна: другой категории с этими четырьмя словами нет
jewelry__2,jewelry,normal,auto_validated,local_unique,0.186,necklace | stud | bracelet | pendant,локально однозначна: другой категории с этими четырьмя словами нет
jewelry__3,jewelry,normal,auto_validated,local_unique,0.208,hoop | earring | brooch | tiara,локально однозначна: другой категории с этими четырьмя словами нет
jewelry_box__1,jewelry_box,normal,auto_validated,local_unique,,jewelry | velvet | gemstones | clasp,локально однозначна: другой категории с этими четырьмя словами нет
jewelry_making__1,jewelry_making,normal,auto_validated,local_unique,0.318,setting | chain | thread | wire,локально однозначна: другой категории с этими четырьмя словами нет
jewelry_making__2,jewelry_making,normal,auto_validated,local_unique,0.339,hook#hook_fastener | ring blank | cord | gem,локально однозначна: другой категории с этими четырьмя словами нет
jewelry_making__3,jewelry_making,normal,auto_validated,local_unique,0.371,bead | pendant | clasp | solder,локально однозначна: другой категории с этими четырьмя словами нет
job_hunting__1,job_hunting,normal,auto_validated,local_unique,0.25,contract | offer | opening | position,локально однозначна: другой категории с этими четырьмя словами нет
job_hunting__2,job_hunting,normal,auto_validated,local_unique,0.254,application | interview | benefits | reference,локально однозначна: другой категории с этими четырьмя словами нет
job_hunting__3,job_hunting,normal,auto_validated,local_unique,0.27,cover letter | hire | salary | portfolio,локально однозначна: другой категории с этими четырьмя словами нет
jobs_that_wear_uniforms__1,jobs_that_wear_uniforms,normal,auto_validated,local_unique,0.271,police officer | security guard | pilot | bus driver,локально однозначна: другой категории с этими четырьмя словами нет
jobs_that_wear_uniforms__2,jobs_that_wear_uniforms,normal,auto_validated,local_unique,0.286,soldier | nurse | chef | referee,локально однозначна: другой категории с этими четырьмя словами нет
jobs_that_wear_uniforms__3,jobs_that_wear_uniforms,normal,auto_validated,local_unique,0.311,sailor | waiter | flight attendant | usher,локально однозначна: другой категории с этими четырьмя словами нет
jobs_with_animals__1,jobs_with_animals,normal,auto_validated,local_unique,0.248,dog walker | farmer | trainer | shepherd,локально однозначна: другой категории с этими четырьмя словами нет
jobs_with_animals__2,jobs_with_animals,normal,auto_validated,local_unique,0.27,vet | jockey | handler | breeder,локально однозначна: другой категории с этими четырьмя словами нет
jobs_with_animals__3,jobs_with_animals,normal,auto_validated,local_unique,0.293,marine biologist | rancher | wrangler | falconer,локально однозначна: другой категории с этими четырьмя словами нет
jobs_with_tools__1,jobs_with_tools,normal,auto_validated,local_unique,0.301,chef | surgeon | dentist | barber,локально однозначна: другой категории с этими четырьмя словами нет
jobs_with_tools__2,jobs_with_tools,normal,auto_validated,local_unique,0.315,carpenter | mechanic | tailor | gardener,локально однозначна: другой категории с этими четырьмя словами нет
jobs_with_tools__3,jobs_with_tools,normal,auto_validated,local_unique,0.334,plumber | sculptor | electrician | welder,локально однозначна: другой категории с этими четырьмя словами нет
joining_actions__1,joining_actions,normal,auto_validated,local_unique,0.277,link#link_chain | button#button_clothing | tie#tie_knot | tape,локально однозначна: другой категории с этими четырьмя словами нет
joining_actions__2,joining_actions,normal,auto_validated,local_unique,0.305,clip | zip | glue | attach,локально однозначна: другой категории с этими четырьмя словами нет
joining_actions__3,joining_actions,normal,auto_validated,local_unique,0.314,bind | knot | staple | stitch,локально однозначна: другой категории с этими четырьмя словами нет
juggling_words__1,juggling_words,normal,auto_validated,local_unique,0.385,ball#ball_sphere | club#club_stick | drop | catch,локально однозначна: другой категории с этими четырьмя словами нет
juggling_words__2,juggling_words,normal,auto_validated,local_unique,0.398,throw | pattern | shower | flash,локально однозначна: другой категории с этими четырьмя словами нет
jungle_animals__1,jungle_animals,normal,auto_validated,local_unique,0.177,tiger | snake | monkey | frog,локально однозначна: другой категории с этими четырьмя словами нет
jungle_animals__2,jungle_animals,normal,auto_validated,local_unique,0.196,python | panther | gorilla | leopard,локально однозначна: другой категории с этими четырьмя словами нет
jungle_animals__3,jungle_animals,normal,auto_validated,local_unique,0.209,jaguar | parrot | boa | sloth,локально однозначна: другой категории с этими четырьмя словами нет
kids_clothing__1,kids_clothing,normal,auto_validated,local_unique,0.267,sun hat | jumper | diaper | overalls,локально однозначна: другой категории с этими четырьмя словами нет
kids_clothing__2,kids_clothing,normal,auto_validated,local_unique,0.3,bib | mittens | booties | onesie,локально однозначна: другой категории с этими четырьмя словами нет
kinds_of_books__1,kinds_of_books,normal,auto_validated,local_unique,0.294,novel | biography | essay | fable,локально однозначна: другой категории с этими четырьмя словами нет
kinds_of_buildings__1,kinds_of_buildings,normal,auto_validated,local_unique,0.136,church | hospital | hotel | house,локально однозначна: другой категории с этими четырьмя словами нет
kinds_of_buildings__2,kinds_of_buildings,normal,auto_validated,local_unique,0.141,school | library | museum | apartment,локально однозначна: другой категории с этими четырьмя словами нет
kinds_of_buildings__3,kinds_of_buildings,normal,auto_validated,local_unique,0.151,stadium | factory | tower | castle,локально однозначна: другой категории с этими четырьмя словами нет
kinds_of_doctors__1,kinds_of_doctors,normal,auto_validated,local_unique,0.344,dentist | pediatrician | surgeon | dietitian,локально однозначна: другой категории с этими четырьмя словами нет
kinds_of_humor__1,kinds_of_humor,normal,auto_validated,local_unique,0.319,joke | irony | parody | prank,локально однозначна: другой категории с этими четырьмя словами нет
kinds_of_plants__1,kinds_of_plants,normal,auto_validated,local_unique,0.219,tree | bush | flower | grass,локально однозначна: другой категории с этими четырьмя словами нет
kitchen_appliances__1,kitchen_appliances,normal,auto_validated,local_unique,0.163,range#range_stove | coffee maker | oven | can opener,локально однозначна: другой категории с этими четырьмя словами нет
kitchen_appliances__2,kitchen_appliances,normal,auto_validated,local_unique,0.18,food processor | grill | microwave | warmer,локально однозначна: другой категории с этими четырьмя словами нет
kitchen_appliances__3,kitchen_appliances,normal,auto_validated,local_unique,0.19,freezer | refrigerator | kettle | mixer,локально однозначна: другой категории с этими четырьмя словами нет
kitchen_brigade__1,kitchen_brigade,normal,auto_validated,local_unique,0.345,fire | order up | pass | station#station_kitchen,локально однозначна: другой категории с этими четырьмя словами нет
kitchen_brigade__2,kitchen_brigade,normal,auto_validated,local_unique,0.378,walk in | prep | comp | expo,локально однозначна: другой категории с этими четырьмя словами нет
kitchen_drawer__1,kitchen_drawer,normal,auto_validated,local_unique,,silverware | corkscrew | whisk | peeler,локально однозначна: другой категории с этими четырьмя словами нет
kitchen_gadgets__1,kitchen_gadgets,normal,auto_validated,local_unique,0.262,garlic press | can opener | scoop | timer,локально однозначна: другой категории с этими четырьмя словами нет
kitchen_gadgets__2,kitchen_gadgets,normal,auto_validated,local_unique,0.282,pizza cutter | funnel | thermometer | melon baller,локально однозначна: другой категории с этими четырьмя словами нет
kitchen_gadgets__3,kitchen_gadgets,normal,auto_validated,local_unique,0.31,corkscrew | strainer | egg slicer | peeler,локально однозначна: другой категории с этими четырьмя словами нет
kitchen_jobs__1,kitchen_jobs,normal,auto_validated,local_unique,0.222,host#host_person | cook#cook_person | line cook | server,локально однозначна: другой категории с этими четырьмя словами нет
kitchen_jobs__2,kitchen_jobs,normal,auto_validated,local_unique,0.242,baker | chef | food runner | prep cook,локально однозначна: другой категории с этими четырьмя словами нет
kitchen_jobs__3,kitchen_jobs,normal,auto_validated,local_unique,0.264,butcher | waiter | bartender | pastry chef,локально однозначна: другой категории с этими четырьмя словами нет
kitchen_skills__1,kitchen_skills,normal,auto_validated,local_unique,0.293,timing | measuring | folding | chopping,локально однозначна: другой категории с этими четырьмя словами нет
kitchen_skills__2,kitchen_skills,normal,auto_validated,local_unique,0.328,seasoning | plating | sharpening | tempering,локально однозначна: другой категории с этими четырьмя словами нет
kitchen_skills__3,kitchen_skills,normal,auto_validated,local_unique,0.358,kneading | whisking | basting | garnishing,локально однозначна: другой категории с этими четырьмя словами нет
kitchen_sounds__1,kitchen_sounds,normal,auto_validated,local_unique,0.356,pop#pop_sound | bubble | slam | grind,локально однозначна: другой категории с этими четырьмя словами нет
kitchen_sounds__2,kitchen_sounds,normal,auto_validated,local_unique,0.378,boil | chop | crunch#crunch_sound | ding,локально однозначна: другой категории с этими четырьмя словами нет
kitchen_sounds__3,kitchen_sounds,normal,auto_validated,local_unique,0.411,whisk | hiss | sizzle | clatter,локально однозначна: другой категории с этими четырьмя словами нет
kitchen_tools__1,kitchen_tools,normal,auto_validated,local_unique,0.128,plate#plate_dish | cutting board | knife | pot,локально однозначна: другой категории с этими четырьмя словами нет
kitchen_tools__2,kitchen_tools,normal,auto_validated,local_unique,0.142,pan | rolling pin | fork | measuring cup,локально однозначна: другой категории с этими четырьмя словами нет
kitchen_tools__3,kitchen_tools,normal,auto_validated,local_unique,0.159,opener | spoon | timer | mixer,локально однозначна: другой категории с этими четырьмя словами нет
knights_and_armor__1,knights_and_armor,normal,auto_validated,local_unique,0.231,horse | sword | shield | banner,локально однозначна: другой категории с этими четырьмя словами нет
knights_and_armor__2,knights_and_armor,normal,auto_validated,local_unique,0.25,helmet | armor | lance | saddle,локально однозначна: другой категории с этими четырьмя словами нет
knights_and_armor__3,knights_and_armor,normal,auto_validated,local_unique,0.266,crest | spur | dagger | squire,локально однозначна: другой категории с этими четырьмя словами нет
knitting_words__1,knitting_words,normal,auto_validated,local_unique,0.313,ball#ball_sphere | cast on | row | pattern,локально однозначна: другой категории с этими четырьмя словами нет
knitting_words__2,knitting_words,normal,auto_validated,local_unique,0.34,loop | gauge | needle#needle_sewing | marker,локально однозначна: другой категории с этими четырьмя словами нет
knitting_words__3,knitting_words,normal,auto_validated,local_unique,0.37,bind off | stitch | yarn | purl,локально однозначна: другой категории с этими четырьмя словами нет
knot_tying__1,knot_tying,normal,auto_validated,local_unique,0.512,hitch | tangle | lasso | slipknot,локально однозначна: другой категории с этими четырьмя словами нет
knots__1,knots,normal,auto_validated,local_unique,0.376,figure eight | sheet bend | square knot | slip knot,локально однозначна: другой категории с этими четырьмя словами нет
knots__2,knots,normal,auto_validated,local_unique,0.403,half hitch | granny knot | timber hitch | fisherman knot,локально однозначна: другой категории с этими четырьмя словами нет
lab_actions__1,lab_actions,normal,auto_validated,local_unique,0.262,record | test | heat | mix,локально однозначна: другой категории с этими четырьмя словами нет
lab_actions__2,lab_actions,normal,auto_validated,local_unique,0.276,measure | sample | compare | filter,локально однозначна: другой категории с этими четырьмя словами нет
lab_actions__3,lab_actions,normal,auto_validated,local_unique,0.293,freeze | predict | observe | weigh,локально однозначна: другой категории с этими четырьмя словами нет
lab_equipment__1,lab_equipment,normal,auto_validated,local_unique,0.288,scale#scale_weigh | slide | test tube | rack,локально однозначна: другой категории с этими четырьмя словами нет
lab_equipment__2,lab_equipment,normal,auto_validated,local_unique,0.32,magnet | burner | microscope | funnel,локально однозначна: другой категории с этими четырьмя словами нет
lab_equipment__3,lab_equipment,normal,auto_validated,local_unique,0.33,clamp | goggles | flask | thermometer,локально однозначна: другой категории с этими четырьмя словами нет
landforms__1,landforms,normal,auto_validated,local_unique,0.214,island | hill | mountain | valley,локально однозначна: другой категории с этими четырьмя словами нет
landforms__2,landforms,normal,auto_validated,local_unique,0.236,plain | summit | cave | delta#delta_river,локально однозначна: другой категории с этими четырьмя словами нет
landforms__3,landforms,normal,auto_validated,local_unique,0.243,ridge | basin | cliff | peninsula,локально однозначна: другой категории с этими четырьмя словами нет
landscape_features__1,landscape_features,normal,auto_validated,local_unique,0.281,hill | sky | valley | cliff,локально однозначна: другой категории с этими четырьмя словами нет
landscaping_words__1,landscaping_words,normal,auto_validated,local_unique,0.287,seed | stake | hedge | gravel,локально однозначна: другой категории с этими четырьмя словами нет
landscaping_words__2,landscaping_words,normal,auto_validated,local_unique,0.317,fertilizer | blower | sod | mower,локально однозначна: другой категории с этими четырьмя словами нет
landscaping_words__3,landscaping_words,normal,auto_validated,local_unique,0.328,planter | sprinkler | mulch | shears,локально однозначна: другой категории с этими четырьмя словами нет
languages__1,languages,normal,auto_validated,local_unique,0.17,chinese | english | french | german,локально однозначна: другой категории с этими четырьмя словами нет
languages__2,languages,normal,auto_validated,local_unique,0.177,russian | japanese | spanish | latin,локально однозначна: другой категории с этими четырьмя словами нет
latin_american_countries__1,latin_american_countries,normal,auto_validated,local_unique,0.229,mexico | brazil | argentina | cuba,локально однозначна: другой категории с этими четырьмя словами нет
latin_american_countries__2,latin_american_countries,normal,auto_validated,local_unique,0.248,chile | colombia | venezuela | peru,локально однозначна: другой категории с этими четырьмя словами нет
latin_american_countries__3,latin_american_countries,normal,auto_validated,local_unique,0.259,panama | uruguay | ecuador | guatemala,локально однозначна: другой категории с этими четырьмя словами нет
latin_phrases__1,latin_phrases,normal,auto_validated,local_unique,0.375,versus | agenda | per se | per capita,локально однозначна: другой категории с этими четырьмя словами нет
latin_phrases__2,latin_phrases,normal,auto_validated,local_unique,0.397,status quo | alter ego | vice versa | ad hoc,локально однозначна: другой категории с этими четырьмя словами нет
latin_phrases__3,latin_phrases,normal,auto_validated,local_unique,0.418,alma mater | quid pro quo | alibi | bona fide,локально однозначна: другой категории с этими четырьмя словами нет
laundry_care__1,laundry_care,normal,auto_validated,local_unique,0.263,press#press_push | sort | dry | iron#iron_appliance,локально однозначна: другой категории с этими четырьмя словами нет
laundry_care__2,laundry_care,normal,auto_validated,local_unique,0.274,hang | dry clean | steam | wash,локально однозначна: другой категории с этими четырьмя словами нет
laundry_care__3,laundry_care,normal,auto_validated,local_unique,0.309,fold | soak | bleach | rinse,локально однозначна: другой категории с этими четырьмя словами нет
laundry_day__1,laundry_day,normal,auto_validated,local_unique,0.325,bleach | detergent | hamper | rinse,локально однозначна: другой категории с этими четырьмя словами нет
laundry_things__1,laundry_things,normal,auto_validated,local_unique,0.208,iron#iron_appliance | basket | dryer | bleach,локально однозначна: другой категории с этими четырьмя словами нет
laundry_things__2,laundry_things,normal,auto_validated,local_unique,0.233,dryer sheet | washer | starch | hamper,локально однозначна: другой категории с этими четырьмя словами нет
laundry_things__3,laundry_things,normal,auto_validated,local_unique,0.242,hanger | detergent | ironing board | lint trap,локально однозначна: другой категории с этими четырьмя словами нет
law_jobs__1,law_jobs,normal,auto_validated,local_unique,0.214,judge | attorney | lawyer | court reporter,локально однозначна: другой категории с этими четырьмя словами нет
law_jobs__2,law_jobs,normal,auto_validated,local_unique,0.241,defender | clerk | prosecutor | marshal,локально однозначна: другой категории с этими четырьмя словами нет
law_jobs__3,law_jobs,normal,auto_validated,local_unique,0.262,investigator | magistrate | mediator | notary,локально однозначна: другой категории с этими четырьмя словами нет
leaf_shapes__1,leaf_shapes,normal,auto_validated,local_unique,0.376,stem | blade | bud | needle#needle_pine,локально однозначна: другой категории с этими четырьмя словами нет
leaf_shapes__2,leaf_shapes,normal,auto_validated,local_unique,0.401,vein | canopy | stalk | evergreen,локально однозначна: другой категории с этими четырьмя словами нет
leaf_shapes__3,leaf_shapes,normal,auto_validated,local_unique,0.414,foliage | lobe | sprout | deciduous,локально однозначна: другой категории с этими четырьмя словами нет
leafy_greens__1,leafy_greens,normal,auto_validated,local_unique,0.284,cabbage | lettuce | spinach | parsley,локально однозначна: другой категории с этими четырьмя словами нет
leafy_greens__2,leafy_greens,normal,auto_validated,local_unique,0.309,kale | chard | collard | romaine,локально однозначна: другой категории с этими четырьмя словами нет
leafy_greens__3,leafy_greens,normal,auto_validated,local_unique,0.328,bok choy | watercress | arugula | endive,локально однозначна: другой категории с этими четырьмя словами нет
learning_actions__1,learning_actions,normal,auto_validated,local_unique,0.21,listen | note#note_written | practice | question,локально однозначна: другой категории с этими четырьмя словами нет
learning_actions__2,learning_actions,normal,auto_validated,local_unique,0.212,read | research | review | discuss,локально однозначна: другой категории с этими четырьмя словами нет
learning_actions__3,learning_actions,normal,auto_validated,local_unique,0.233,write | solve | drill#drill_practice | outline,локально однозначна: другой категории с этими четырьмя словами нет
legal_documents__1,legal_documents,normal,auto_validated,local_unique,0.254,contract | title | will | license,локально однозначна: другой категории с этими четырьмя словами нет
legal_documents__2,legal_documents,normal,auto_validated,local_unique,0.276,certificate | petition | warrant | permit,локально однозначна: другой категории с этими четырьмя словами нет
legal_documents__3,legal_documents,normal,auto_validated,local_unique,0.285,patent | lease | testament | deed,локально однозначна: другой категории с этими четырьмя словами нет
legal_terms__1,legal_terms,normal,auto_validated,local_unique,0.349,hearing | appeal | motion | settlement,локально однозначна: другой категории с этими четырьмя словами нет
legal_terms__2,legal_terms,normal,auto_validated,local_unique,0.377,testimony | verdict | plea | objection,локально однозначна: другой категории с этими четырьмя словами нет
legal_terms__3,legal_terms,normal,auto_validated,local_unique,0.394,indictment | recess | deposition | injunction,локально однозначна: другой категории с этими четырьмя словами нет
legendary_places__1,legendary_places,normal,auto_validated,local_unique,0.349,troy | eden | atlantis | olympus,локально однозначна: другой категории с этими четырьмя словами нет
legendary_places__2,legendary_places,normal,auto_validated,local_unique,0.37,hades | avalon | el dorado | camelot,локально однозначна: другой категории с этими четырьмя словами нет
legendary_places__3,legendary_places,normal,auto_validated,local_unique,0.383,valhalla | shangri-la | asgard | xanadu,локально однозначна: другой категории с этими четырьмя словами нет
lettuce_and_greens__1,lettuce_and_greens,normal,auto_validated,local_unique,0.33,butter | red leaf | green leaf | spinach,локально однозначна: другой категории с этими четырьмя словами нет
lettuce_and_greens__2,lettuce_and_greens,normal,auto_validated,local_unique,0.384,iceberg | romaine | watercress | arugula,локально однозначна: другой категории с этими четырьмя словами нет
library_words__1,library_words,normal,auto_validated,local_unique,0.21,book | due date | fine | study room,локально однозначна: другой категории с этими четырьмя словами нет
library_words__2,library_words,normal,auto_validated,local_unique,0.227,magazine | reference | silence | stack#stack_shelves,локально однозначна: другой категории с этими четырьмя словами нет
library_words__3,library_words,normal,auto_validated,local_unique,0.249,shelf#shelf_furniture | archive | catalog | atlas#atlas_book,локально однозначна: другой категории с этими четырьмя словами нет
life_stages__1,life_stages,normal,auto_validated,local_unique,0.17,baby | child | middle age | senior,локально однозначна: другой категории с этими четырьмя словами нет
life_stages__2,life_stages,normal,auto_validated,local_unique,0.188,adult | youth | kid | teenager,локально однозначна: другой категории с этими четырьмя словами нет
life_stages__3,life_stages,normal,auto_validated,local_unique,0.21,elder#elder_person | infant | toddler | newborn,локально однозначна: другой категории с этими четырьмя словами нет
light_sources__1,light_sources,normal,auto_validated,local_unique,0.21,fire | match | star#star_space | sun,локально однозначна: другой категории с этими четырьмя словами нет
light_sources__2,light_sources,normal,auto_validated,local_unique,0.227,screen#screen_display | moon#moon_space | lightning | laser,локально однозначна: другой категории с этими четырьмя словами нет
light_sources__3,light_sources,normal,auto_validated,local_unique,0.254,lamp | candle | torch | bulb,локально однозначна: другой категории с этими четырьмя словами нет
light_things__1,light_things,normal,auto_validated,local_unique,0.281,hair | paper | thread | dust,локально однозначна: другой категории с этими четырьмя словами нет
light_things__2,light_things,normal,auto_validated,local_unique,0.295,seed | cotton | tissue#tissue_paper | leaf,локально однозначна: другой категории с этими четырьмя словами нет
lighting__1,lighting,normal,auto_validated,local_unique,0.202,track light | string lights | shade | ceiling fan,локально однозначна: другой категории с этими четырьмя словами нет
lighting__2,lighting,normal,auto_validated,local_unique,0.221,lamp | spotlight | candle | fixture,локально однозначна: другой категории с этими четырьмя словами нет
lighting__3,lighting,normal,auto_validated,local_unique,0.237,bulb | lantern | flashlight | chandelier,локально однозначна: другой категории с этими четырьмя словами нет
liquids__1,liquids,normal,auto_validated,local_unique,0.172,oil#oil_cooking | water | coffee | tea,локально однозначна: другой категории с этими четырьмя словами нет
liquids__2,liquids,normal,auto_validated,local_unique,0.185,milk | alcohol | paint | juice,локально однозначна: другой категории с этими четырьмя словами нет
liquids__3,liquids,normal,auto_validated,local_unique,0.201,polish#polish_product | soap | ink | soda,локально однозначна: другой категории с этими четырьмя словами нет
living_room_things__1,living_room_things,normal,auto_validated,local_unique,0.145,television | magazine | coffee table | painting,локально однозначна: другой категории с этими четырьмя словами нет
living_room_things__2,living_room_things,normal,auto_validated,local_unique,0.158,speaker | clock | remote#remote_device | console,локально однозначна: другой категории с этими четырьмя словами нет
living_room_things__3,living_room_things,normal,auto_validated,local_unique,0.175,blanket | lamp | curtain | sofa,локально однозначна: другой категории с этими четырьмя словами нет
lizards__1,lizards,normal,auto_validated,local_unique,0.325,bearded dragon | chameleon | horned lizard | gecko,локально однозначна: другой категории с этими четырьмя словами нет
lizards__2,lizards,normal,auto_validated,local_unique,0.338,gila monster | salamander | iguana | komodo dragon,локально однозначна: другой категории с этими четырьмя словами нет
locksmith_words__1,locksmith_words,normal,auto_validated,local_unique,0.3,key#key_lock | safe | master key | chain,локально однозначна: другой категории с этими четырьмя словами нет
locksmith_words__2,locksmith_words,normal,auto_validated,local_unique,0.321,combination | lock | bolt | cylinder,локально однозначна: другой категории с этими четырьмя словами нет
locksmith_words__3,locksmith_words,normal,auto_validated,local_unique,0.37,latch | hinge | keypad | tumbler,локально однозначна: другой категории с этими четырьмя словами нет
long_thin_things__1,long_thin_things,normal,auto_validated,local_unique,0.283,hair | wire | pole | snake,локально однозначна: другой категории с этими четырьмя словами нет
long_thin_things__2,long_thin_things,normal,auto_validated,local_unique,0.3,arrow | rope | needle#needle_sewing | pencil,локально однозначна: другой категории с этими четырьмя словами нет
long_thin_things__3,long_thin_things,normal,auto_validated,local_unique,0.31,ruler | ribbon | worm | cane,локально однозначна: другой категории с этими четырьмя словами нет
loud_noises__1,loud_noises,normal,auto_validated,local_unique,0.271,crash | boom | bang | blast,локально однозначна: другой категории с этими четырьмя словами нет
loud_noises__2,loud_noises,normal,auto_validated,local_unique,0.283,explosion | thunder | slam | clash,локально однозначна: другой категории с этими четырьмя словами нет
loud_noises__3,loud_noises,normal,auto_validated,local_unique,0.315,roar | rumble | shatter | wail,локально однозначна: другой категории с этими четырьмя словами нет
loud_things__1,loud_things,normal,auto_validated,local_unique,0.281,crowd | bell#bell_object | speaker | alarm,локально однозначна: другой категории с этими четырьмя словами нет
loud_things__2,loud_things,normal,auto_validated,local_unique,0.294,jet | explosion | horn#horn_sound | thunder,локально однозначна: другой категории с этими четырьмя словами нет
loud_things__3,loud_things,normal,auto_validated,local_unique,0.306,drum | motorcycle | whistle | gunshot,локально однозначна: другой категории с этими четырьмя словами нет
lumber_camp__1,lumber_camp,normal,auto_validated,local_unique,0.425,chainsaw | flannel | stump | timber,локально однозначна: другой категории с этими четырьмя словами нет
lunch_menu__1,lunch_menu,normal,auto_validated,local_unique,0.2,burger | fries | pizza | salad,локально однозначна: другой категории с этими четырьмя словами нет
lunch_menu__2,lunch_menu,normal,auto_validated,local_unique,0.219,sandwich | steak | taco | hotdog,локально однозначна: другой категории с этими четырьмя словами нет
machine_sounds__1,machine_sounds,normal,auto_validated,local_unique,0.317,click | rev | buzz | grind,локально однозначна: другой категории с этими четырьмя словами нет
machine_sounds__2,machine_sounds,normal,auto_validated,local_unique,0.343,roar | ding | hum | beep,локально однозначна: другой категории с этими четырьмя словами нет
machine_sounds__3,machine_sounds,normal,auto_validated,local_unique,0.363,rattle#rattle_sound | whine | chug | screech,локально однозначна: другой категории с этими четырьмя словами нет
magazines__1,magazines,normal,auto_validated,local_unique,0.25,business | news | science | sports,локально однозначна: другой категории с этими четырьмя словами нет
magazines__2,magazines,normal,auto_validated,local_unique,0.255,trade | travel | fashion | cooking,локально однозначна: другой категории с этими четырьмя словами нет
magazines__3,magazines,normal,auto_validated,local_unique,0.281,comic | teen | hobby | gossip,локально однозначна: другой категории с этими четырьмя словами нет
magic_creatures__1,magic_creatures,normal,auto_validated,local_unique,0.213,witch | fairy | wizard | imp,локально однозначна: другой категории с этими четырьмя словами нет
magic_creatures__2,magic_creatures,normal,auto_validated,local_unique,0.224,dwarf | troll | elf | brownie,локально однозначна: другой категории с этими четырьмя словами нет
magic_creatures__3,magic_creatures,normal,auto_validated,local_unique,0.236,genie | goblin | gnome | sprite,локально однозначна: другой категории с этими четырьмя словами нет
magic_objects__1,magic_objects,normal,auto_validated,local_unique,0.234,mirror | sword | crystal ball | charm,локально однозначна: другой категории с этими четырьмя словами нет
magic_objects__2,magic_objects,normal,auto_validated,local_unique,0.255,magic carpet | lamp | cloak | wand,локально однозначна: другой категории с этими четырьмя словами нет
magic_objects__3,magic_objects,normal,auto_validated,local_unique,0.281,potion | elixir | cauldron | talisman,локально однозначна: другой категории с этими четырьмя словами нет
magic_tricks__1,magic_tricks,normal,auto_validated,local_unique,0.297,ball#ball_sphere | box | cup | ring#ring_circle,локально однозначна: другой категории с этими четырьмя словами нет
magic_tricks__2,magic_tricks,normal,auto_validated,local_unique,0.322,hat | mirror | coin | thumb tip,локально однозначна: другой категории с этими четырьмя словами нет
magic_words__1,magic_words,normal,auto_validated,local_unique,0.266,box | assistant | smoke | chain,локально однозначна: другой категории с этими четырьмя словами нет
magic_words__2,magic_words,normal,auto_validated,local_unique,0.276,hat | mirror | top hat | trick,локально однозначна: другой категории с этими четырьмя словами нет
magic_words__3,magic_words,normal,auto_validated,local_unique,0.286,deck | cape | coin | rope,локально однозначна: другой категории с этими четырьмя словами нет
magnets_and_forces__1,magnets_and_forces,normal,auto_validated,local_unique,0.31,pressure | pull | push | lift,локально однозначна: другой категории с этими четырьмя словами нет
magnets_and_forces__2,magnets_and_forces,normal,auto_validated,local_unique,0.336,drag | gravity | tension | thrust,локально однозначна: другой категории с этими четырьмя словами нет
magnets_and_forces__3,magnets_and_forces,normal,auto_validated,local_unique,0.367,friction | torque | inertia | magnetism,локально однозначна: другой категории с этими четырьмя словами нет
mail_words__1,mail_words,normal,auto_validated,local_unique,0.212,address | letter#letter_mail | post office | return address,локально однозначна: другой категории с этими четырьмя словами нет
mail_words__2,mail_words,normal,auto_validated,local_unique,0.232,package | label | carrier | tracking,локально однозначна: другой категории с этими четырьмя словами нет
mail_words__3,mail_words,normal,auto_validated,local_unique,0.252,stamp#stamp_postage | envelope | zip code | courier,локально однозначна: другой категории с этими четырьмя словами нет
makeup__1,makeup,normal,auto_validated,local_unique,0.238,foundation#foundation_makeup | powder | setting spray | lipstick,локально однозначна: другой категории с этими четырьмя словами нет
makeup__2,makeup,normal,auto_validated,local_unique,0.268,blush | primer | gloss | brow pencil,локально однозначна: другой категории с этими четырьмя словами нет
makeup__3,makeup,normal,auto_validated,local_unique,0.282,mascara | eyeliner | eyeshadow | concealer,локально однозначна: другой категории с этими четырьмя словами нет
manners__1,manners,normal,auto_validated,local_unique,0.25,may i | please | respect | sorry,локально однозначна: другой категории с этими четырьмя словами нет
manners__2,manners,normal,auto_validated,local_unique,0.253,thank you | turn taking | waiting | listening,локально однозначна: другой категории с этими четырьмя словами нет
manners__3,manners,normal,auto_validated,local_unique,0.271,sharing | excuse me | patience | apologize,локально однозначна: другой категории с этими четырьмя словами нет
map_legend__1,map_legend,normal,auto_validated,local_unique,,symbol | scale#scale_ratio | contour | landforms,локально однозначна: другой категории с этими четырьмя словами нет
map_words__1,map_words,normal,auto_validated,local_unique,0.21,east | key#key_legend | north | south,локально однозначна: другой категории с этими четырьмя словами нет
map_words__2,map_words,normal,auto_validated,local_unique,0.215,west | scale#scale_ratio | border | route,локально однозначна: другой категории с этими четырьмя словами нет
map_words__3,map_words,normal,auto_validated,local_unique,0.234,legend | symbol | globe | grid,локально однозначна: другой категории с этими четырьмя словами нет
marathon_day__1,marathon_day,normal,auto_validated,local_unique,0.469,finisher | jog | stamina | pacer,локально однозначна: другой категории с этими четырьмя словами нет
marsupials__1,marsupials,normal,auto_validated,local_unique,0.359,kangaroo | tasmanian devil | sugar glider | koala,локально однозначна: другой категории с этими четырьмя словами нет
marsupials__2,marsupials,normal,auto_validated,local_unique,0.386,wallaby | wombat | bandicoot | opossum,локально однозначна: другой категории с этими четырьмя словами нет
martial_arts__1,martial_arts,normal,auto_validated,local_unique,0.259,boxing | wrestling | fencing | karate,локально однозначна: другой категории с этими четырьмя словами нет
martial_arts__2,martial_arts,normal,auto_validated,local_unique,0.287,kung fu | judo | sumo | kickboxing,локально однозначна: другой категории с этими четырьмя словами нет
martial_arts__3,martial_arts,normal,auto_validated,local_unique,0.305,taekwondo | muay thai | aikido | kendo,локально однозначна: другой категории с этими четырьмя словами нет
masonry_words__1,masonry_words,normal,auto_validated,local_unique,0.348,level | block#block_cube | stone | joint,локально однозначна: другой категории с этими четырьмя словами нет
masonry_words__2,masonry_words,normal,auto_validated,local_unique,0.392,brick | cement | mortar | scaffold,локально однозначна: другой категории с этими четырьмя словами нет
masonry_words__3,masonry_words,normal,auto_validated,local_unique,0.434,chisel | grout | wheelbarrow | trowel,локально однозначна: другой категории с этими четырьмя словами нет
math_operations__1,math_operations,normal,auto_validated,local_unique,0.17,add | average | double | round#round_math,локально однозначна: другой категории с этими четырьмя словами нет
math_operations__2,math_operations,normal,auto_validated,local_unique,0.179,count | square | factor | sum,локально однозначна: другой категории с этими четырьмя словами нет
math_operations__3,math_operations,normal,auto_validated,local_unique,0.206,estimate | divide | calculate | cube,локально однозначна: другой категории с этими четырьмя словами нет
math_words__1,math_words,normal,auto_validated,local_unique,0.21,area | average | percent | product,локально однозначна: другой категории с этими четырьмя словами нет
math_words__2,math_words,normal,auto_validated,local_unique,0.223,prime | volume | angle | ratio,локально однозначна: другой категории с этими четырьмя словами нет
math_words__3,math_words,normal,auto_validated,local_unique,0.238,sum | square root | variable | diameter,локально однозначна: другой категории с этими четырьмя словами нет
meals_of_the_day__1,meals_of_the_day,normal,auto_validated,local_unique,0.181,breakfast | dinner | lunch | brunch,локально однозначна: другой категории с этими четырьмя словами нет
measurement_devices__1,measurement_devices,normal,auto_validated,local_unique,0.293,scale#scale_weigh | meter | gauge | altimeter,локально однозначна: другой категории с этими четырьмя словами нет
measurement_devices__2,measurement_devices,normal,auto_validated,local_unique,0.322,compass | thermometer | barometer | sundial,локально однозначна: другой категории с этими четырьмя словами нет
measurement_devices__3,measurement_devices,normal,auto_validated,local_unique,0.349,speedometer | stopwatch | odometer | tachometer,локально однозначна: другой категории с этими четырьмя словами нет
measuring_tools__1,measuring_tools,normal,auto_validated,local_unique,0.232,level | scale#scale_weigh | tape measure | meter,локально однозначна: другой категории с этими четырьмя словами нет
measuring_tools__2,measuring_tools,normal,auto_validated,local_unique,0.256,measuring cup | gauge | ruler | compass,локально однозначна: другой категории с этими четырьмя словами нет
measuring_tools__3,measuring_tools,normal,auto_validated,local_unique,0.296,thermometer | barometer | yardstick | caliper,локально однозначна: другой категории с этими четырьмя словами нет
meats__1,meats,normal,auto_validated,local_unique,0.158,hot dog | chicken | turkey#turkey_meat | beef,локально однозначна: другой категории с этими четырьмя словами нет
meats__2,meats,normal,auto_validated,local_unique,0.175,ground beef | liver | bacon | ham,локально однозначна: другой категории с этими четырьмя словами нет
meats__3,meats,normal,auto_validated,local_unique,0.183,pork | lamb | steak | roast,локально однозначна: другой категории с этими четырьмя словами нет
media_jobs__1,media_jobs,normal,auto_validated,local_unique,0.229,editor | producer | journalist | reporter,локально однозначна: другой категории с этими четырьмя словами нет
media_jobs__2,media_jobs,normal,auto_validated,local_unique,0.243,photographer | publisher | anchor | critic,локально однозначна: другой категории с этими четырьмя словами нет
media_jobs__3,media_jobs,normal,auto_validated,local_unique,0.258,blogger | correspondent | broadcaster | columnist,локально однозначна: другой категории с этими четырьмя словами нет
medical_jobs__1,medical_jobs,normal,auto_validated,local_unique,0.158,doctor | nurse | surgeon | therapist,локально однозначна: другой категории с этими четырьмя словами нет
medical_jobs__2,medical_jobs,normal,auto_validated,local_unique,0.184,vet | dentist | psychiatrist | orderly,локально однозначна: другой категории с этими четырьмя словами нет
medical_jobs__3,medical_jobs,normal,auto_validated,local_unique,0.205,pharmacist | midwife | paramedic | pediatrician,локально однозначна: другой категории с этими четырьмя словами нет
medical_procedures__1,medical_procedures,normal,auto_validated,local_unique,0.307,cast#cast_medical | surgery | x-ray | therapy,локально однозначна: другой категории с этими четырьмя словами нет
medical_procedures__2,medical_procedures,normal,auto_validated,local_unique,0.333,screening | scan | injection | transplant,локально однозначна: другой категории с этими четырьмя словами нет
medical_procedures__3,medical_procedures,normal,auto_validated,local_unique,0.352,vaccination | stitches | ultrasound | anesthesia,локально однозначна: другой категории с этими четырьмя словами нет
medical_specialties__1,medical_specialties,normal,auto_validated,local_unique,0.341,surgery | pathology | psychiatry | anesthesia,локально однозначна: другой категории с этими четырьмя словами нет
medical_specialties__2,medical_specialties,normal,auto_validated,local_unique,0.363,oncology | pediatrics | neurology | radiology,локально однозначна: другой категории с этими четырьмя словами нет
medical_specialties__3,medical_specialties,normal,auto_validated,local_unique,0.372,immunology | cardiology | obstetrics | dermatology,локально однозначна: другой категории с этими четырьмя словами нет
medical_tools__1,medical_tools,normal,auto_validated,local_unique,0.245,iv | monitor#monitor_medical | needle#needle_medical | clamp,локально однозначна: другой категории с этими четырьмя словами нет
medical_tools__2,medical_tools,normal,auto_validated,local_unique,0.277,sling | syringe | catheter | thermometer,локально однозначна: другой категории с этими четырьмя словами нет
medical_tools__3,medical_tools,normal,auto_validated,local_unique,0.29,gurney | ventilator | gauze | scalpel,локально однозначна: другой категории с этими четырьмя словами нет
medicine_cabinet__1,medicine_cabinet,normal,auto_validated,local_unique,0.202,alcohol | ice pack | eye drops | vitamin,локально однозначна: другой категории с этими четырьмя словами нет
medicine_cabinet__2,medicine_cabinet,normal,auto_validated,local_unique,0.242,cough syrup | aspirin | sunscreen | bandage,локально однозначна: другой категории с этими четырьмя словами нет
medicine_cabinet__3,medicine_cabinet,normal,auto_validated,local_unique,0.258,thermometer | ointment | gauze | cotton swab,локально однозначна: другой категории с этими четырьмя словами нет
medicine_forms__1,medicine_forms,normal,auto_validated,local_unique,0.267,drop | cream#cream_ointment | powder | patch,локально однозначна: другой категории с этими четырьмя словами нет
medicine_forms__2,medicine_forms,normal,auto_validated,local_unique,0.284,spray | pill | tablet | injection,локально однозначна: другой категории с этими четырьмя словами нет
medicine_forms__3,medicine_forms,normal,auto_validated,local_unique,0.304,gel | syrup | capsule | ointment,локально однозначна: другой категории с этими четырьмя словами нет
medicines__1,medicines,normal,auto_validated,local_unique,0.3,antibiotic | injection | insulin | pill,локально однозначна: другой категории с этими четырьмя словами нет
medieval_fair__1,medieval_fair,normal,auto_validated,local_unique,0.488,banquet | bard | falconer | jester,локально однозначна: другой категории с этими четырьмя словами нет
melons_and_squash__1,melons_and_squash,normal,auto_validated,local_unique,0.306,pumpkin | spaghetti | watermelon | hubbard,локально однозначна: другой категории с этими четырьмя словами нет
melons_and_squash__2,melons_and_squash,normal,auto_validated,local_unique,0.335,acorn | zucchini | butternut | cantaloupe,локально однозначна: другой категории с этими четырьмя словами нет
metals__1,metals,normal,auto_validated,local_unique,0.173,gold | lead#lead_metal | silver | steel,локально однозначна: другой категории с этими четырьмя словами нет
metals__2,metals,normal,auto_validated,local_unique,0.194,iron#iron_metal | copper | bronze | brass,локально однозначна: другой категории с этими четырьмя словами нет
metals__3,metals,normal,auto_validated,local_unique,0.206,tin#tin_metal | aluminum | mercury#mercury_metal | platinum,локально однозначна: другой категории с этими четырьмя словами нет
mexican_dishes__1,mexican_dishes,normal,auto_validated,local_unique,0.263,tortilla | taco | salsa | burrito,локально однозначна: другой категории с этими четырьмя словами нет
mexican_dishes__2,mexican_dishes,normal,auto_validated,local_unique,0.298,nacho | guacamole | queso | flan,локально однозначна: другой категории с этими четырьмя словами нет
mexican_dishes__3,mexican_dishes,normal,auto_validated,local_unique,0.315,tamale | enchilada | quesadilla | churro,локально однозначна: другой категории с этими четырьмя словами нет
microscope_things__1,microscope_things,normal,auto_validated,local_unique,0.313,cell#cell_body | dna | virus | bacteria,локально однозначна: другой категории с этими четырьмя словами нет
microscope_things__2,microscope_things,normal,auto_validated,local_unique,0.342,particle | electron | atom | molecule,локально однозначна: другой категории с этими четырьмя словами нет
microscope_things__3,microscope_things,normal,auto_validated,local_unique,0.365,pollen | germ | mite | dust mite,локально однозначна: другой категории с этими четырьмя словами нет
middle_east_places__1,middle_east_places,normal,auto_validated,local_unique,0.303,israel | iran | jordan | iraq,локально однозначна: другой категории с этими четырьмя словами нет
middle_east_places__2,middle_east_places,normal,auto_validated,local_unique,0.322,syria | jerusalem | lebanon | yemen,локально однозначна: другой категории с этими четырьмя словами нет
middle_east_places__3,middle_east_places,normal,auto_validated,local_unique,0.34,qatar | baghdad | kuwait | tehran,локально однозначна: другой категории с этими четырьмя словами нет
middle_eastern_dishes__1,middle_eastern_dishes,normal,auto_validated,local_unique,0.331,kebab | hummus | pita | falafel,локально однозначна: другой категории с этими четырьмя словами нет
middle_eastern_dishes__2,middle_eastern_dishes,normal,auto_validated,local_unique,0.349,lentil soup | couscous | shawarma | tahini,локально однозначна: другой категории с этими четырьмя словами нет
midwest_cities__1,midwest_cities,normal,auto_validated,local_unique,0.265,chicago | st louis | detroit | kansas city,локально однозначна: другой категории с этими четырьмя словами нет
midwest_cities__2,midwest_cities,normal,auto_validated,local_unique,0.284,cleveland | columbus | milwaukee | cincinnati,локально однозначна: другой категории с этими четырьмя словами нет
midwest_cities__3,midwest_cities,normal,auto_validated,local_unique,0.299,minneapolis | indianapolis | omaha | toledo,локально однозначна: другой категории с этими четырьмя словами нет
military_branches__1,military_branches,normal,auto_validated,local_unique,0.206,air force | army | space force | national guard,локально однозначна: другой категории с этими четырьмя словами нет
military_branches__2,military_branches,normal,auto_validated,local_unique,0.228,navy | coast guard | reserves | artillery,локально однозначна: другой категории с этими четырьмя словами нет
military_branches__3,military_branches,normal,auto_validated,local_unique,0.245,infantry | marines | militia | cavalry,локально однозначна: другой категории с этими четырьмя словами нет
military_ranks__1,military_ranks,normal,auto_validated,local_unique,0.25,captain | general | major#major_rank | officer,локально однозначна: другой категории с этими четырьмя словами нет
military_ranks__2,military_ranks,normal,auto_validated,local_unique,0.264,private | commander | lieutenant | colonel,локально однозначна: другой категории с этими четырьмя словами нет
military_ranks__3,military_ranks,normal,auto_validated,local_unique,0.296,sergeant | admiral | corporal | cadet,локально однозначна: другой категории с этими четырьмя словами нет
military_things__1,military_things,normal,auto_validated,local_unique,0.224,radio | tank#tank_military | medal | boots,локально однозначна: другой категории с этими четырьмя словами нет
military_things__2,military_things,normal,auto_validated,local_unique,0.235,dog tag | uniform | jet | rifle,локально однозначна: другой категории с этими четырьмя словами нет
military_things__3,military_things,normal,auto_validated,local_unique,0.254,helmet | submarine | backpack | compass,локально однозначна: другой категории с этими четырьмя словами нет
military_words__1,military_words,normal,auto_validated,local_unique,0.25,base | leave | march#march_walk | mission,локально однозначна: другой категории с этими четырьмя словами нет
military_words__2,military_words,normal,auto_validated,local_unique,0.264,roll call | squad | formation | rank,локально однозначна: другой категории с этими четырьмя словами нет
military_words__3,military_words,normal,auto_validated,local_unique,0.286,patrol | boot camp | drill#drill_practice | deploy,локально однозначна: другой категории с этими четырьмя словами нет
minerals__1,minerals,normal,auto_validated,local_unique,0.358,quartz | sulfur | graphite | mica,локально однозначна: другой категории с этими четырьмя словами нет
minerals__2,minerals,normal,auto_validated,local_unique,0.387,gypsum | calcite | magnetite | pyrite,локально однозначна: другой категории с этими четырьмя словами нет
minerals__3,minerals,normal,auto_validated,local_unique,0.395,talc | hematite | feldspar | gemstones,локально однозначна: другой категории с этими четырьмя словами нет
mint_and_herbs_varieties__1,mint_and_herbs_varieties,normal,auto_validated,local_unique,0.4,basil | thai basil | italian parsley | lemon balm,локально однозначна: другой категории с этими четырьмя словами нет
mint_and_herbs_varieties__2,mint_and_herbs_varieties,normal,auto_validated,local_unique,0.414,curly parsley | dill | peppermint | cilantro,локально однозначна: другой категории с этими четырьмя словами нет
model_building__1,model_building,normal,auto_validated,local_unique,0.309,base | paint | plastic | kit,локально однозначна: другой категории с этими четырьмя словами нет
model_building__2,model_building,normal,auto_validated,local_unique,0.325,knife | instructions | brush | glue,локально однозначна: другой категории с этими четырьмя словами нет
model_building__3,model_building,normal,auto_validated,local_unique,0.372,clamp | decal | putty | tweezers,локально однозначна: другой категории с этими четырьмя словами нет
monastery_life__1,monastery_life,normal,auto_validated,local_unique,0.348,library | garden | bell#bell_object | silence,локально однозначна: другой категории с этими четырьмя словами нет
monastery_life__2,monastery_life,normal,auto_validated,local_unique,0.384,chapel | manuscript | courtyard | vow,локально однозначна: другой категории с этими четырьмя словами нет
money_actions__1,money_actions,normal,auto_validated,local_unique,0.21,bill#bill_money | pay | save | spend,локально однозначна: другой категории с этими четырьмя словами нет
money_actions__2,money_actions,normal,auto_validated,local_unique,0.225,budget | tip#tip_money | earn | invest,локально однозначна: другой категории с этими четырьмя словами нет
money_actions__3,money_actions,normal,auto_validated,local_unique,0.242,deposit | owe | donate | withdraw,локально однозначна: другой категории с этими четырьмя словами нет
money_words__1,money_words,normal,auto_validated,local_unique,0.17,bank#bank_finance | bill#bill_money | cash | change,локально однозначна: другой категории с этими четырьмя словами нет
money_words__2,money_words,normal,auto_validated,local_unique,0.17,check#check_payment | credit | interest | tax,локально однозначна: другой категории с этими четырьмя словами нет
money_words__3,money_words,normal,auto_validated,local_unique,0.175,capital#capital_money | budget | debt | loan,локально однозначна: другой категории с этими четырьмя словами нет
monkeys_and_apes__1,monkeys_and_apes,normal,auto_validated,local_unique,0.275,spider monkey | gorilla | chimpanzee | gibbon,локально однозначна: другой категории с этими четырьмя словами нет
monkeys_and_apes__2,monkeys_and_apes,normal,auto_validated,local_unique,0.302,orangutan | baboon | lemur | howler,локально однозначна: другой категории с этими четырьмя словами нет
monkeys_and_apes__3,monkeys_and_apes,normal,auto_validated,local_unique,0.316,macaque | bonobo | capuchin | marmoset,локально однозначна: другой категории с этими четырьмя словами нет
monsters__1,monsters,normal,auto_validated,local_unique,0.196,monster | ghost | witch | demon,локально однозначна: другой категории с этими четырьмя словами нет
monsters__2,monsters,normal,auto_validated,local_unique,0.213,vampire | zombie | phantom | mummy,локально однозначна: другой категории с этими четырьмя словами нет
monsters__3,monsters,normal,auto_validated,local_unique,0.244,werewolf | goblin | ghoul | banshee,локально однозначна: другой категории с этими четырьмя словами нет
months__1,months,normal,auto_validated,local_unique,0.065,april | august | december | february,локально однозначна: другой категории с этими четырьмя словами нет
months__2,months,normal,auto_validated,local_unique,0.065,january | july | june | march#march_month,локально однозначна: другой категории с этими четырьмя словами нет
months__3,months,normal,auto_validated,local_unique,0.08,november | october | september | may,локально однозначна: другой категории с этими четырьмя словами нет
moons__1,moons,normal,auto_validated,local_unique,0.379,miranda | titan | luna | europa,локально однозначна: другой категории с этими четырьмя словами нет
moons__2,moons,normal,auto_validated,local_unique,0.409,io | rhea | triton | ganymede,локально однозначна: другой категории с этими четырьмя словами нет
morning_routine__1,morning_routine,normal,auto_validated,local_unique,0.325,breakfast | coffee | shower | wake,локально однозначна: другой категории с этими четырьмя словами нет
mountain_ranges__1,mountain_ranges,normal,auto_validated,local_unique,0.309,sierra nevada | alps | rockies | andes,локально однозначна: другой категории с этими четырьмя словами нет
mountain_ranges__2,mountain_ranges,normal,auto_validated,local_unique,0.333,himalayas | cascades | pyrenees | ozarks,локально однозначна: другой категории с этими четырьмя словами нет
mountain_things__1,mountain_things,normal,auto_validated,local_unique,0.236,valley | snow | stream | peak,локально однозначна: другой категории с этими четырьмя словами нет
mountain_things__2,mountain_things,normal,auto_validated,local_unique,0.251,trail | summit | cave | cabin#cabin_house,локально однозначна: другой категории с этими четырьмя словами нет
mountain_things__3,mountain_things,normal,auto_validated,local_unique,0.257,eagle | ridge | cliff | pine,локально однозначна: другой категории с этими четырьмя словами нет
movie_genres__1,movie_genres,normal,auto_validated,local_unique,0.172,action | war | western | drama,локально однозначна: другой категории с этими четырьмя словами нет
movie_genres__2,movie_genres,normal,auto_validated,local_unique,0.186,fantasy | comedy | musical | adventure,локально однозначна: другой категории с этими четырьмя словами нет
movie_genres__3,movie_genres,normal,auto_validated,local_unique,0.191,mystery | horror | documentary | romance,локально однозначна: другой категории с этими четырьмя словами нет
movie_roles__1,movie_roles,normal,auto_validated,local_unique,0.255,director | extra | actor | editor,локально однозначна: другой категории с этими четырьмя словами нет
movie_roles__2,movie_roles,normal,auto_validated,local_unique,0.272,producer | sound engineer | set designer | makeup artist,локально однозначна: другой категории с этими четырьмя словами нет
movie_roles__3,movie_roles,normal,auto_validated,local_unique,0.289,casting director | costume designer | composer | stunt double,локально однозначна: другой категории с этими четырьмя словами нет
movie_words__1,movie_words,normal,auto_validated,local_unique,0.216,close up | cut | director | extra,локально однозначна: другой категории с этими четырьмя словами нет
movie_words__2,movie_words,normal,auto_validated,local_unique,0.216,scene | take | box office | camera,локально однозначна: другой категории с этими четырьмя словами нет
movie_words__3,movie_words,normal,auto_validated,local_unique,0.231,cast#cast_people | actor | script | trailer#trailer_movie,локально однозначна: другой категории с этими четырьмя словами нет
muscles__1,muscles,normal,auto_validated,local_unique,0.345,core | trap | abs | calf#calf_leg,локально однозначна: другой категории с этими четырьмя словами нет
muscles__2,muscles,normal,auto_validated,local_unique,0.379,quad | forearm | hamstring | lat,локально однозначна: другой категории с этими четырьмя словами нет
museum_hall__1,museum_hall,normal,auto_validated,local_unique,0.475,display | antiquity | archive | diorama,локально однозначна: другой категории с этими четырьмя словами нет
museum_words__1,museum_words,normal,auto_validated,local_unique,0.218,collection | guide | painting | frame,локально однозначна: другой категории с этими четырьмя словами нет
museum_words__2,museum_words,normal,auto_validated,local_unique,0.231,gift shop | gallery | audio tour | portrait,локально однозначна: другой категории с этими четырьмя словами нет
museum_words__3,museum_words,normal,auto_validated,local_unique,0.244,exhibit | admission | rope | sculpture,локально однозначна: другой категории с этими четырьмя словами нет
mushroom_types__1,mushroom_types,normal,auto_validated,local_unique,0.384,oyster | truffle | morel | portobello,локально однозначна: другой категории с этими четырьмя словами нет
mushrooms_and_fungi__1,mushrooms_and_fungi,normal,auto_validated,local_unique,0.37,mold#mold_fungus | yeast | mushroom | button mushroom,локально однозначна: другой категории с этими четырьмя словами нет
music_class_things__1,music_class_things,normal,auto_validated,local_unique,0.225,stand#stand_holder | bell#bell_object | sheet music | piano,локально однозначна: другой категории с этими четырьмя словами нет
music_class_things__2,music_class_things,normal,auto_validated,local_unique,0.25,drum | triangle | choir | conductor,локально однозначна: другой категории с этими четырьмя словами нет
music_class_things__3,music_class_things,normal,auto_validated,local_unique,0.289,recorder | riser | tambourine | metronome,локально однозначна: другой категории с этими четырьмя словами нет
music_genres__1,music_genres,normal,auto_validated,local_unique,0.171,country | rock#rock_music | pop#pop_music | metal,локально однозначна: другой категории с этими четырьмя словами нет
music_genres__2,music_genres,normal,auto_validated,local_unique,0.189,soul | blues | swing | jazz,локально однозначна: другой категории с этими четырьмя словами нет
music_genres__3,music_genres,normal,auto_validated,local_unique,0.197,classical | opera | folk | gospel,локально однозначна: другой категории с этими четырьмя словами нет
music_practice__1,music_practice,normal,auto_validated,local_unique,0.261,pick | stand#stand_holder | bench#bench_seat | sheet music,локально однозначна: другой категории с этими четырьмя словами нет
music_practice__2,music_practice,normal,auto_validated,local_unique,0.289,bow#bow_music | reed | strap | mute,локально однозначна: другой категории с этими четырьмя словами нет
music_practice__3,music_practice,normal,auto_validated,local_unique,0.331,amplifier | tuner | capo | metronome,локально однозначна: другой категории с этими четырьмя словами нет
music_tempo_terms__1,music_tempo_terms,normal,auto_validated,local_unique,0.393,grave | piano | forte | largo,локально однозначна: другой категории с этими четырьмя словами нет
music_words__1,music_words,normal,auto_validated,local_unique,0.225,beat | note#note_music | staff | key#key_music,локально однозначна: другой категории с этими четырьмя словами нет
music_words__2,music_words,normal,auto_validated,local_unique,0.231,scale#scale_music | bridge#bridge_music | flat | measure,локально однозначна: другой категории с этими четырьмя словами нет
music_words__3,music_words,normal,auto_validated,local_unique,0.244,solo | sharp | pitch#pitch_music | verse,локально однозначна: другой категории с этими четырьмя словами нет
musical_instruments__1,musical_instruments,normal,auto_validated,local_unique,0.125,guitar | piano | organ#organ_music | drum,локально однозначна: другой категории с этими четырьмя словами нет
musical_instruments__2,musical_instruments,normal,auto_validated,local_unique,0.146,keyboard#keyboard_music | violin | trumpet | flute,локально однозначна: другой категории с этими четырьмя словами нет
musical_instruments__3,musical_instruments,normal,auto_validated,local_unique,0.165,harp | cello | banjo | saxophone,локально однозначна: другой категории с этими четырьмя словами нет
musical_sounds__1,musical_sounds,normal,auto_validated,local_unique,0.325,ring#ring_sound | boom | hum | riff,локально однозначна: другой категории с этими четырьмя словами нет
musical_sounds__2,musical_sounds,normal,auto_validated,local_unique,0.364,jingle | chime | toot | thump,локально однозначна: другой категории с этими четырьмя словами нет
musical_sounds__3,musical_sounds,normal,auto_validated,local_unique,0.384,trill | clang | twang | strum,локально однозначна: другой категории с этими четырьмя словами нет
mythical_monsters__1,mythical_monsters,normal,auto_validated,local_unique,0.282,hydra | cyclops | medusa | sphinx,локально однозначна: другой категории с этими четырьмя словами нет
mythical_monsters__2,mythical_monsters,normal,auto_validated,local_unique,0.295,chimera | kraken | banshee | cerberus,локально однозначна: другой категории с этими четырьмя словами нет
mythical_monsters__3,mythical_monsters,normal,auto_validated,local_unique,0.305,minotaur | gorgon | harpy | basilisk,локально однозначна: другой категории с этими четырьмя словами нет
nail_words__1,nail_words,normal,auto_validated,local_unique,0.31,file#file_tool | top coat | base coat | polish#polish_product,локально однозначна: другой категории с этими четырьмя словами нет
nail_words__2,nail_words,normal,auto_validated,local_unique,0.333,wrap | gel | buffer | soak,локально однозначна: другой категории с этими четырьмя словами нет
nail_words__3,nail_words,normal,auto_validated,local_unique,0.357,glitter | acrylic | clipper | remover,локально однозначна: другой категории с этими четырьмя словами нет
national_parks__1,national_parks,normal,auto_validated,local_unique,0.228,map | path | bear box | trail,локально однозначна: другой категории с этими четырьмя словами нет
national_parks__2,national_parks,normal,auto_validated,local_unique,0.246,wildlife | cabin#cabin_house | lodge | tent,локально однозначна: другой категории с этими четырьмя словами нет
national_parks__3,national_parks,normal,auto_validated,local_unique,0.257,visitor center | canyon | ranger | picnic table,локально однозначна: другой категории с этими четырьмя словами нет
national_parks_us__1,national_parks_us,normal,auto_validated,local_unique,0.279,olympic | grand canyon | joshua tree | glacier,локально однозначна: другой категории с этими четырьмя словами нет
national_parks_us__2,national_parks_us,normal,auto_validated,local_unique,0.303,arches | zion | yellowstone | yosemite,локально однозначна: другой категории с этими четырьмя словами нет
national_parks_us__3,national_parks_us,normal,auto_validated,local_unique,0.321,redwood | everglades | shenandoah | badlands,локально однозначна: другой категории с этими четырьмя словами нет
nationalities__1,nationalities,normal,auto_validated,local_unique,0.21,american | australian | chinese | french,локально однозначна: другой категории с этими четырьмя словами нет
nationalities__2,nationalities,normal,auto_validated,local_unique,0.211,german | indian | russian | japanese,локально однозначна: другой категории с этими четырьмя словами нет
nationalities__3,nationalities,normal,auto_validated,local_unique,0.22,spanish | canadian | italian | irish,локально однозначна: другой категории с этими четырьмя словами нет
natural_disasters__1,natural_disasters,normal,auto_validated,local_unique,0.236,flood | earthquake | hurricane | drought,локально однозначна: другой категории с этими четырьмя словами нет
natural_disasters__2,natural_disasters,normal,auto_validated,local_unique,0.254,tornado | volcano | famine | blizzard,локально однозначна: другой категории с этими четырьмя словами нет
natural_disasters__3,natural_disasters,normal,auto_validated,local_unique,0.261,eruption | tsunami | cyclone | avalanche,локально однозначна: другой категории с этими четырьмя словами нет
natural_history_museum__1,natural_history_museum,normal,auto_validated,local_unique,,fossil | skeleton | bones | diorama,локально однозначна: другой категории с этими четырьмя словами нет
natural_wonders__1,natural_wonders,normal,auto_validated,local_unique,0.231,island | mountains | ocean | canyon,локально однозначна: другой категории с этими четырьмя словами нет
nature_names__1,nature_names,normal,auto_validated,local_unique,0.253,river | summer | rose#rose_name | sky,локально однозначна: другой категории с этими четырьмя словами нет
nature_names__2,nature_names,normal,auto_validated,local_unique,0.278,rain | autumn | amber | lily,локально однозначна: другой категории с этими четырьмя словами нет
nature_names__3,nature_names,normal,auto_validated,local_unique,0.293,heather | violet | ivy | sage#sage_name,локально однозначна: другой категории с этими четырьмя словами нет
nature_sounds__1,nature_sounds,normal,auto_validated,local_unique,0.328,thunder | buzz | whistle | splash,локально однозначна: другой категории с этими четырьмя словами нет
nature_sounds__2,nature_sounds,normal,auto_validated,local_unique,0.34,whisper | roar | crunch#crunch_sound | hum,локально однозначна: другой категории с этими четырьмя словами нет
nature_sounds__3,nature_sounds,normal,auto_validated,local_unique,0.37,howl | hoot | chirp | crackle,локально однозначна: другой категории с этими четырьмя словами нет
nature_surnames__1,nature_surnames,normal,auto_validated,local_unique,0.308,smith | taylor | miller | hunter,локально однозначна: другой категории с этими четырьмя словами нет
nature_surnames__2,nature_surnames,normal,auto_validated,local_unique,0.324,cooper | baker | turner | farmer,локально однозначна: другой категории с этими четырьмя словами нет
nature_surnames__3,nature_surnames,normal,auto_validated,local_unique,0.331,mason | potter | fisher | shepherd,локально однозначна: другой категории с этими четырьмя словами нет
nautical_ranks__1,nautical_ranks,normal,auto_validated,local_unique,0.36,captain | first mate | engineer | lookout,локально однозначна: другой категории с этими четырьмя словами нет
navigation_tools__1,navigation_tools,normal,auto_validated,local_unique,0.27,star#star_space | map | chart | log,локально однозначна: другой категории с этими четырьмя словами нет
navigation_tools__2,navigation_tools,normal,auto_validated,local_unique,0.298,radar | gps | beacon | compass,локально однозначна: другой категории с этими четырьмя словами нет
navigation_tools__3,navigation_tools,normal,auto_validated,local_unique,0.32,telescope | lighthouse | sonar | buoy,локально однозначна: другой категории с этими четырьмя словами нет
new_year_things__1,new_year_things,normal,auto_validated,local_unique,0.218,party#party_event | ball drop | kiss | resolution,локально однозначна: другой категории с этими четырьмя словами нет
new_year_things__2,new_year_things,normal,auto_validated,local_unique,0.243,midnight | calendar | champagne | fireworks,локально однозначна: другой категории с этими четырьмя словами нет
new_year_things__3,new_year_things,normal,auto_validated,local_unique,0.288,countdown | confetti | streamer | sparkler,локально однозначна: другой категории с этими четырьмя словами нет
newspaper_parts__1,newspaper_parts,normal,auto_validated,local_unique,0.25,front page | review | sports | advice,локально однозначна: другой категории с этими четырьмя словами нет
newspaper_parts__2,newspaper_parts,normal,auto_validated,local_unique,0.266,weather | letters | column | comics,локально однозначна: другой категории с этими четырьмя словами нет
newspaper_parts__3,newspaper_parts,normal,auto_validated,local_unique,0.3,editorial | headline | obituary | crossword,локально однозначна: другой категории с этими четырьмя словами нет
newsroom__1,newsroom,normal,auto_validated,local_unique,0.444,columnist | reporter | tabloid | byline,локально однозначна: другой категории с этими четырьмя словами нет
nicknames__1,nicknames,normal,auto_validated,local_unique,0.262,bill#bill_name | tom | chris | mike,локально однозначна: другой категории с этими четырьмя словами нет
nicknames__2,nicknames,normal,auto_validated,local_unique,0.268,joe | ben | bob | jim,локально однозначна: другой категории с этими четырьмя словами нет
nicknames__3,nicknames,normal,auto_validated,local_unique,0.275,sam | nick | andy | dave,локально однозначна: другой категории с этими четырьмя словами нет
nicknames_for_names__1,nicknames_for_names,normal,auto_validated,local_unique,0.302,rich | tom | bob | jim,локально однозначна: другой категории с этими четырьмя словами нет
nicknames_for_names__2,nicknames_for_names,normal,auto_validated,local_unique,0.322,dan | ted | sue | pete,локально однозначна: другой категории с этими четырьмя словами нет
nicknames_for_names__3,nicknames_for_names,normal,auto_validated,local_unique,0.336,cal | lou | beth | vic,локально однозначна: другой категории с этими четырьмя словами нет
night_shift_jobs__1,night_shift_jobs,normal,auto_validated,local_unique,0.312,doctor | police officer | security guard | radio host,локально однозначна: другой категории с этими четырьмя словами нет
night_shift_jobs__2,night_shift_jobs,normal,auto_validated,local_unique,0.332,nurse | baker | dj | air traffic controller,локально однозначна: другой категории с этими четырьмя словами нет
night_shift_jobs__3,night_shift_jobs,normal,auto_validated,local_unique,0.365,hotel clerk | bartender | janitor | dispatcher,локально однозначна: другой категории с этими четырьмя словами нет
night_sky_things__1,night_sky_things,normal,auto_validated,local_unique,0.21,star#star_space | plane#plane_aircraft | moon#moon_space | planet,локально однозначна: другой категории с этими четырьмя словами нет
night_sky_things__2,night_sky_things,normal,auto_validated,local_unique,0.223,shooting star | cloud | satellite | galaxy,локально однозначна: другой категории с этими четырьмя словами нет
nocturnal_animals__1,nocturnal_animals,normal,auto_validated,local_unique,0.299,fox | cricket#cricket_insect | wolf | mouse#mouse_animal,локально однозначна: другой категории с этими четырьмя словами нет
nocturnal_animals__2,nocturnal_animals,normal,auto_validated,local_unique,0.323,bat#bat_animal | owl | mole#mole_animal | beaver,локально однозначна: другой категории с этими четырьмя словами нет
nocturnal_animals__3,nocturnal_animals,normal,auto_validated,local_unique,0.338,leopard | moth | badger | cougar,локально однозначна: другой категории с этими четырьмя словами нет
noise_adjectives__1,noise_adjectives,normal,auto_validated,local_unique,0.259,still | soft | quiet | loud,локально однозначна: другой категории с этими четырьмя словами нет
noise_adjectives__2,noise_adjectives,normal,auto_validated,local_unique,0.293,silent | faint | noisy | roaring,локально однозначна: другой категории с этими четырьмя словами нет
noise_adjectives__3,noise_adjectives,normal,auto_validated,local_unique,0.324,booming | muffled | deafening | hushed,локально однозначна: другой категории с этими четырьмя словами нет
norse_gods__1,norse_gods,normal,auto_validated,local_unique,0.316,thor | loki | odin | freya,локально однозначна: другой категории с этими четырьмя словами нет
norse_gods__2,norse_gods,normal,auto_validated,local_unique,0.35,hel | tyr | balder | heimdall,локально однозначна: другой категории с этими четырьмя словами нет
nursery_rhymes__1,nursery_rhymes,normal,auto_validated,local_unique,0.278,london bridge | row your boat | mary had a little lamb | three blind mice,локально однозначна: другой категории с этими четырьмя словами нет
nursery_rhymes__2,nursery_rhymes,normal,auto_validated,local_unique,0.311,jack and jill | old macdonald | little bo peep | twinkle twinkle,локально однозначна: другой категории с этими четырьмя словами нет
nutrients__1,nutrients,normal,auto_validated,local_unique,0.319,protein | calcium | fiber | magnesium,локально однозначна: другой категории с этими четырьмя словами нет
nutrition_words__1,nutrition_words,normal,auto_validated,local_unique,0.259,fat | sugar | serving | diet,локально однозначна: другой категории с этими четырьмя словами нет
nutrition_words__2,nutrition_words,normal,auto_validated,local_unique,0.27,portion | protein | organic | whole grain,локально однозначна: другой категории с этими четырьмя словами нет
nutrition_words__3,nutrition_words,normal,auto_validated,local_unique,0.287,fiber | mineral | vitamin | sodium,локально однозначна: другой категории с этими четырьмя словами нет
nuts_and_seeds__1,nuts_and_seeds,normal,auto_validated,local_unique,0.233,peanut | pine nut | pumpkin seed | walnut,локально однозначна: другой категории с этими четырьмя словами нет
nuts_and_seeds__2,nuts_and_seeds,normal,auto_validated,local_unique,0.245,almond | chestnut | sesame | sunflower seed,локально однозначна: другой категории с этими четырьмя словами нет
nuts_world__1,nuts_world,normal,auto_validated,local_unique,0.295,brazil nut | peanut | pine nut | walnut,локально однозначна: другой категории с этими четырьмя словами нет
nuts_world__2,nuts_world,normal,auto_validated,local_unique,0.327,almond | chestnut | pecan | filbert,локально однозначна: другой категории с этими четырьмя словами нет
ocean_animals__1,ocean_animals,normal,auto_validated,local_unique,0.139,seal#seal_animal | shark | whale | turtle,локально однозначна: другой категории с этими четырьмя словами нет
ocean_animals__2,ocean_animals,normal,auto_validated,local_unique,0.151,coral | shrimp | crab | dolphin,локально однозначна: другой категории с этими четырьмя словами нет
ocean_floor__1,ocean_floor,normal,auto_validated,local_unique,0.35,anchor | coral | reef | seaweed,локально однозначна: другой категории с этими четырьмя словами нет
ocean_products__1,ocean_products,normal,auto_validated,local_unique,0.309,fish | salt | sand | shell,локально однозначна: другой категории с этими четырьмя словами нет
ocean_products__2,ocean_products,normal,auto_validated,local_unique,0.337,pearl | amber | coral | sponge#sponge_animal,локально однозначна: другой категории с этими четырьмя словами нет
ocean_zones__1,ocean_zones,normal,auto_validated,local_unique,0.269,current#current_water | bay | wave#wave_water | shore,локально однозначна: другой категории с этими четырьмя словами нет
ocean_zones__2,ocean_zones,normal,auto_validated,local_unique,0.293,gulf | cliff | tide | surf,локально однозначна: другой категории с этими четырьмя словами нет
ocean_zones__3,ocean_zones,normal,auto_validated,local_unique,0.31,reef | trench | cove | inlet,локально однозначна: другой категории с этими четырьмя словами нет
oceania_places__1,oceania_places,normal,auto_validated,local_unique,0.359,australia | new zealand | solomon islands | fiji,локально однозначна: другой категории с этими четырьмя словами нет
oceania_places__2,oceania_places,normal,auto_validated,local_unique,0.397,samoa | papua new guinea | guam | tonga,локально однозначна: другой категории с этими четырьмя словами нет
oceania_places__3,oceania_places,normal,auto_validated,local_unique,0.417,tahiti | vanuatu | palau | micronesia,локально однозначна: другой категории с этими четырьмя словами нет
office_jobs__1,office_jobs,normal,auto_validated,local_unique,0.179,manager | secretary#secretary_office | assistant | consultant,локально однозначна: другой категории с этими четырьмя словами нет
office_jobs__2,office_jobs,normal,auto_validated,local_unique,0.206,administrator | analyst | clerk | supervisor,локально однозначна: другой категории с этими четырьмя словами нет
office_jobs__3,office_jobs,normal,auto_validated,local_unique,0.216,coordinator | treasurer | accountant | planner,локально однозначна: другой категории с этими четырьмя словами нет
office_machines__1,office_machines,normal,auto_validated,local_unique,0.229,computer | phone | label maker | printer,локально однозначна: другой категории с этими четырьмя словами нет
office_machines__2,office_machines,normal,auto_validated,local_unique,0.266,fax | calculator | scanner | postage meter,локально однозначна: другой категории с этими четырьмя словами нет
office_machines__3,office_machines,normal,auto_validated,local_unique,0.278,projector | binder machine | typewriter | shredder,локально однозначна: другой категории с этими четырьмя словами нет
office_supplies__1,office_supplies,normal,auto_validated,local_unique,0.132,label | tape | pen#pen_writing | calendar,локально однозначна: другой категории с этими четырьмя словами нет
office_supplies__2,office_supplies,normal,auto_validated,local_unique,0.14,clip | paper clip | hole punch | rubber band,локально однозначна: другой категории с этими четырьмя словами нет
office_supplies__3,office_supplies,normal,auto_validated,local_unique,0.148,stamp#stamp_tool | ink | pencil | marker,локально однозначна: другой категории с этими четырьмя словами нет
office_words__1,office_words,normal,auto_validated,local_unique,0.18,break room | conference call | meeting | boss,локально однозначна: другой категории с этими четырьмя словами нет
office_words__2,office_words,normal,auto_validated,local_unique,0.201,shift#shift_work | desk | calendar | deadline,локально однозначна: другой категории с этими четырьмя словами нет
office_words__3,office_words,normal,auto_validated,local_unique,0.217,badge | overtime | water cooler | printer,локально однозначна: другой категории с этими четырьмя словами нет
old_fashioned_names__1,old_fashioned_names,normal,auto_validated,local_unique,0.328,walter | norman | harold | florence,локально однозначна: другой категории с этими четырьмя словами нет
old_fashioned_names__2,old_fashioned_names,normal,auto_validated,local_unique,0.342,herbert | eugene | dorothy | clarence,локально однозначна: другой категории с этими четырьмя словами нет
old_fashioned_names__3,old_fashioned_names,normal,auto_validated,local_unique,0.353,agnes | horace | cecil | beatrice,локально однозначна: другой категории с этими четырьмя словами нет
old_professions__1,old_professions,normal,auto_validated,local_unique,0.335,miller | cooper | mason | fletcher,локально однозначна: другой категории с этими четырьмя словами нет
old_professions__2,old_professions,normal,auto_validated,local_unique,0.352,potter | chandler | weaver | tanner,локально однозначна: другой категории с этими четырьмя словами нет
old_professions__3,old_professions,normal,auto_validated,local_unique,0.376,thatcher | blacksmith | scribe | cobbler,локально однозначна: другой категории с этими четырьмя словами нет
olive_types__1,olive_types,normal,auto_validated,local_unique,0.347,black | light#light_mild | spanish | virgin,локально однозначна: другой категории с этими четырьмя словами нет
olympic_sports__1,olympic_sports,normal,auto_validated,local_unique,0.205,shot put | swimming | boxing | marathon,локально однозначна: другой категории с этими четырьмя словами нет
olympic_sports__2,olympic_sports,normal,auto_validated,local_unique,0.222,wrestling | diving | sailing | skating,локально однозначна: другой категории с этими четырьмя словами нет
olympic_sports__3,olympic_sports,normal,auto_validated,local_unique,0.236,skiing | gymnastics | fencing | hurdles,локально однозначна: другой категории с этими четырьмя словами нет
on_the_road__1,on_the_road,normal,auto_validated,local_unique,0.275,lane | road | signal | traffic,локально однозначна: другой категории с этими четырьмя словами нет
on_the_skyline__1,on_the_skyline,normal,auto_validated,local_unique,0.494,spire | obelisk | pagoda | minaret,локально однозначна: другой категории с этими четырьмя словами нет
onomatopoeia__1,onomatopoeia,normal,auto_validated,local_unique,0.246,pop#pop_sound | click | ring#ring_sound | crash,локально однозначна: другой категории с этими четырьмя словами нет
onomatopoeia__2,onomatopoeia,normal,auto_validated,local_unique,0.269,boom | bang | snap | buzz,локально однозначна: другой категории с этими четырьмя словами нет
onomatopoeia__3,onomatopoeia,normal,auto_validated,local_unique,0.292,splash | ping | drip#drip_water | beep,локально однозначна: другой категории с этими четырьмя словами нет
opening_actions__1,opening_actions,normal,auto_validated,local_unique,0.278,open | lift | reveal | unlock,локально однозначна: другой категории с этими четырьмя словами нет
opening_actions__2,opening_actions,normal,auto_validated,local_unique,0.318,peel | uncover | unfold | pry,локально однозначна: другой категории с этими четырьмя словами нет
opening_actions__3,opening_actions,normal,auto_validated,local_unique,0.359,unwrap | unzip | unscrew | unroll,локально однозначна: другой категории с этими четырьмя словами нет
orchard_words__1,orchard_words,normal,auto_validated,local_unique,0.279,tree | row | bee | basket,локально однозначна: другой категории с этими четырьмя словами нет
orchard_words__2,orchard_words,normal,auto_validated,local_unique,0.304,harvest | ladder | blossom | cider press,локально однозначна: другой категории с этими четырьмя словами нет
orchard_words__3,orchard_words,normal,auto_validated,local_unique,0.331,crate | netting | picker | mulch,локально однозначна: другой категории с этими четырьмя словами нет
orchestra_words__1,orchestra_words,normal,auto_validated,local_unique,0.45,concerto | maestro | overture | symphony,локально однозначна: другой категории с этими четырьмя словами нет
order_words__1,order_words,normal,auto_validated,local_unique,0.241,final | first | following | former,локально однозначна: другой категории с этими четырьмя словами нет
order_words__2,order_words,normal,auto_validated,local_unique,0.241,last | middle | next | previous,локально однозначна: другой категории с этими четырьмя словами нет
order_words__3,order_words,normal,auto_validated,local_unique,0.246,second#second_order | third | initial | latter,локально однозначна: другой категории с этими четырьмя словами нет
owls__1,owls,normal,auto_validated,local_unique,0.345,spotted owl | barn owl | barred owl | elf owl,локально однозначна: другой категории с этими четырьмя словами нет
owls__2,owls,normal,auto_validated,local_unique,0.367,snowy owl | great horned | long eared | screech owl,локально однозначна: другой категории с этими четырьмя словами нет
pack_animals__1,pack_animals,normal,auto_validated,local_unique,0.308,dog | horse | water buffalo | elephant,локально однозначна: другой категории с этими четырьмя словами нет
pack_animals__2,pack_animals,normal,auto_validated,local_unique,0.345,camel | donkey | ox | mule,локально однозначна: другой категории с этими четырьмя словами нет
pack_animals__3,pack_animals,normal,auto_validated,local_unique,0.361,reindeer | husky | yak | llama,локально однозначна: другой категории с этими четырьмя словами нет
paint_and_home__1,paint_and_home,normal,auto_validated,local_unique,0.388,ace | scotch | weber | gorilla glue,локально однозначна: другой категории с этими четырьмя словами нет
paint_types__1,paint_types,normal,auto_validated,local_unique,0.292,finger paint | spray | chalk paint | primer,локально однозначна: другой категории с этими четырьмя словами нет
paint_types__2,paint_types,normal,auto_validated,local_unique,0.313,acrylic | latex | enamel | watercolor,локально однозначна: другой категории с этими четырьмя словами нет
painting_supplies__1,painting_supplies,normal,auto_validated,local_unique,0.232,paint | tape | brush | spray can,локально однозначна: другой категории с этими четырьмя словами нет
painting_supplies__2,painting_supplies,normal,auto_validated,local_unique,0.247,ladder | drop cloth | roller | canvas,локально однозначна: другой категории с этими четырьмя словами нет
painting_supplies__3,painting_supplies,normal,auto_validated,local_unique,0.261,palette | tray | sponge#sponge_cleaning | thinner,локально однозначна: другой категории с этими четырьмя словами нет
painting_trade__1,painting_trade,normal,auto_validated,local_unique,0.279,tape | brush | extension pole | ladder,локально однозначна: другой категории с этими четырьмя словами нет
painting_trade__2,painting_trade,normal,auto_validated,local_unique,0.29,drop cloth | roller | stir stick | tray,локально однозначна: другой категории с этими четырьмя словами нет
painting_trade__3,painting_trade,normal,auto_validated,local_unique,0.329,primer | putty | scraper | sandpaper,локально однозначна: другой категории с этими четырьмя словами нет
pantry_staples__1,pantry_staples,normal,auto_validated,local_unique,0.23,oil#oil_cooking | coffee | tea | sugar,локально однозначна: другой категории с этими четырьмя словами нет
pantry_staples__2,pantry_staples,normal,auto_validated,local_unique,0.245,salt | rice | honey | beans,локально однозначна: другой категории с этими четырьмя словами нет
pantry_staples__3,pantry_staples,normal,auto_validated,local_unique,0.268,flour | pasta | peanut butter | cereal,локально однозначна: другой категории с этими четырьмя словами нет
paper_types__1,paper_types,normal,auto_validated,local_unique,0.23,construction | carbon#carbon_paper | index card | tissue#tissue_paper,локально однозначна: другой категории с этими четырьмя словами нет
paper_types__2,paper_types,normal,auto_validated,local_unique,0.254,graph | loose leaf | printer | wax#wax_substance,локально однозначна: другой категории с этими четырьмя словами нет
paper_types__3,paper_types,normal,auto_validated,local_unique,0.27,sticky note | notebook | tracing | parchment,локально однозначна: другой категории с этими четырьмя словами нет
parking_words__1,parking_words,normal,auto_validated,local_unique,0.265,lot | sign | space | spot,локально однозначна: другой категории с этими четырьмя словами нет
parking_words__2,parking_words,normal,auto_validated,local_unique,0.29,ticket#ticket_fine | garage | permit | meter,локально однозначна: другой категории с этими четырьмя словами нет
parking_words__3,parking_words,normal,auto_validated,local_unique,0.31,ramp | curb | stall#stall_parking | tow,локально однозначна: другой категории с этими четырьмя словами нет
parrots_and_exotic_birds__1,parrots_and_exotic_birds,normal,auto_validated,local_unique,0.378,parrot | cockatoo | budgie | parakeet,локально однозначна: другой категории с этими четырьмя словами нет
parts_of_a_bike__1,parts_of_a_bike,normal,auto_validated,local_unique,0.226,seat | chain | spoke | frame,локально однозначна: другой категории с этими четырьмя словами нет
parts_of_a_bike__2,parts_of_a_bike,normal,auto_validated,local_unique,0.242,wheel | gear | basket | fork,локально однозначна: другой категории с этими четырьмя словами нет
parts_of_a_bike__3,parts_of_a_bike,normal,auto_validated,local_unique,0.258,tire | brake | rim | saddle,локально однозначна: другой категории с этими четырьмя словами нет
parts_of_a_bird__1,parts_of_a_bird,normal,auto_validated,local_unique,0.275,beak | crest | feathers | tail,локально однозначна: другой категории с этими четырьмя словами нет
parts_of_a_house__1,parts_of_a_house,normal,auto_validated,local_unique,0.137,door | floor | wall | foundation#foundation_building,локально однозначна: другой категории с этими четырьмя словами нет
parts_of_a_house__2,parts_of_a_house,normal,auto_validated,local_unique,0.151,window | roof | deck | column,локально однозначна: другой категории с этими четырьмя словами нет
parts_of_a_house__3,parts_of_a_house,normal,auto_validated,local_unique,0.168,ceiling | beam#beam_wood | stairs | threshold,локально однозначна: другой категории с этими четырьмя словами нет
parts_of_speech__1,parts_of_speech,normal,auto_validated,local_unique,0.285,article | conjunction | verb | noun,локально однозначна: другой категории с этими четырьмя словами нет
parts_of_speech__2,parts_of_speech,normal,auto_validated,local_unique,0.33,adjective | pronoun | participle | preposition,локально однозначна: другой категории с этими четырьмя словами нет
parts_of_speech__3,parts_of_speech,normal,auto_validated,local_unique,0.359,adverb | interjection | determiner | gerund,локально однозначна: другой категории с этими четырьмя словами нет
parts_of_the_americas__1,parts_of_the_americas,normal,auto_validated,local_unique,0.431,central | north | south | latin,локально однозначна: другой категории с этими четырьмя словами нет
parts_of_the_eye__1,parts_of_the_eye,normal,auto_validated,local_unique,0.349,lens | pupil | iris#iris_eye | brow,локально однозначна: другой категории с этими четырьмя словами нет
parts_of_the_eye__2,parts_of_the_eye,normal,auto_validated,local_unique,0.362,optic nerve | socket#socket_eye | tear duct | retina,локально однозначна: другой категории с этими четырьмя словами нет
party_things__1,party_things,normal,auto_validated,local_unique,0.139,game | music | present#present_gift | favor,локально однозначна: другой категории с этими четырьмя словами нет
party_things__2,party_things,normal,auto_validated,local_unique,0.15,guest | prize | plate#plate_dish | cake,локально однозначна: другой категории с этими четырьмя словами нет
party_things__3,party_things,normal,auto_validated,local_unique,0.162,party hat | candy | invitation | banner,локально однозначна: другой категории с этими четырьмя словами нет
past_and_future__1,past_and_future,normal,auto_validated,local_unique,0.21,after | already | always | before,локально однозначна: другой категории с этими четырьмя словами нет
past_and_future__2,past_and_future,normal,auto_validated,local_unique,0.21,early | late | later | never,локально однозначна: другой категории с этими четырьмя словами нет
past_and_future__3,past_and_future,normal,auto_validated,local_unique,0.21,now | once | recently | soon,локально однозначна: другой категории с этими четырьмя словами нет
pasta_dishes__1,pasta_dishes,normal,auto_validated,local_unique,0.271,mac and cheese | alfredo | lasagna | spaghetti and meatballs,локально однозначна: другой категории с этими четырьмя словами нет
pasta_dishes__2,pasta_dishes,normal,auto_validated,local_unique,0.304,pesto pasta | bolognese | marinara | primavera,локально однозначна: другой категории с этими четырьмя словами нет
pasta_dishes__3,pasta_dishes,normal,auto_validated,local_unique,0.329,carbonara | pesto | baked ziti | puttanesca,локально однозначна: другой категории с этими четырьмя словами нет
pasta_shapes__1,pasta_shapes,normal,auto_validated,local_unique,0.296,noodle | angel hair | shells | spaghetti,локально однозначна: другой категории с этими четырьмя словами нет
pasta_shapes__2,pasta_shapes,normal,auto_validated,local_unique,0.347,lasagna | macaroni | ravioli | gnocchi,локально однозначна: другой категории с этими четырьмя словами нет
pastries__1,pastries,normal,auto_validated,local_unique,0.275,biscuit | cupcake | donut | muffin,локально однозначна: другой категории с этими четырьмя словами нет
pastries__2,pastries,normal,auto_validated,local_unique,0.344,tart | croissant | scone | eclair,локально однозначна: другой категории с этими четырьмя словами нет
patterns__1,patterns,normal,auto_validated,local_unique,0.259,animal print | floral | tie dye | stripe,локально однозначна: другой категории с этими четырьмя словами нет
patterns__2,patterns,normal,auto_validated,local_unique,0.28,camouflage | plaid | paisley | chevron,локально однозначна: другой категории с этими четырьмя словами нет
patterns__3,patterns,normal,auto_validated,local_unique,0.294,polka dot | argyle | tartan | checkered,локально однозначна: другой категории с этими четырьмя словами нет
payment_brands__1,payment_brands,normal,auto_validated,local_unique,0.298,square | google pay | apple pay | cash app,локально однозначна: другой категории с этими четырьмя словами нет
payment_brands__2,payment_brands,normal,auto_validated,local_unique,0.329,discover | visa | paypal | stripe,локально однозначна: другой категории с этими четырьмя словами нет
people_at_a_wedding__1,people_at_a_wedding,normal,auto_validated,local_unique,0.225,best man | guest | flower girl | photographer,локально однозначна: другой категории с этими четырьмя словами нет
people_at_a_wedding__2,people_at_a_wedding,normal,auto_validated,local_unique,0.245,dj | bride | father of the bride | maid of honor,локально однозначна: другой категории с этими четырьмя словами нет
people_at_a_wedding__3,people_at_a_wedding,normal,auto_validated,local_unique,0.271,groom#groom_wedding | usher | ring bearer | bridesmaid,локально однозначна: другой категории с этими четырьмя словами нет
people_in_a_story__1,people_in_a_story,normal,auto_validated,local_unique,0.232,hero | victim | witness | stranger,локально однозначна: другой категории с этими четырьмя словами нет
people_in_a_story__2,people_in_a_story,normal,auto_validated,local_unique,0.247,guardian | detective | rival | mentor,локально однозначна: другой категории с этими четырьмя словами нет
people_in_a_story__3,people_in_a_story,normal,auto_validated,local_unique,0.264,villain | narrator | protagonist | orphan,локально однозначна: другой категории с этими четырьмя словами нет
people_who_help__1,people_who_help,normal,auto_validated,local_unique,0.264,coach | doctor | teacher | nurse,локально однозначна: другой категории с этими четырьмя словами нет
people_who_help__2,people_who_help,normal,auto_validated,local_unique,0.29,social worker | volunteer | therapist | mentor,локально однозначна: другой категории с этими четырьмя словами нет
people_who_help__3,people_who_help,normal,auto_validated,local_unique,0.311,counselor | aide | interpreter | chaplain,локально однозначна: другой категории с этими четырьмя словами нет
pepper_varieties__1,pepper_varieties,normal,auto_validated,local_unique,0.296,ghost | banana | anaheim | scotch bonnet,локально однозначна: другой категории с этими четырьмя словами нет
pepper_varieties__2,pepper_varieties,normal,auto_validated,local_unique,0.333,chipotle | cayenne | serrano | jalapeno,локально однозначна: другой категории с этими четырьмя словами нет
percussion__1,percussion,normal,auto_validated,local_unique,0.266,drum | triangle | gong | snare,локально однозначна: другой категории с этими четырьмя словами нет
percussion__2,percussion,normal,auto_validated,local_unique,0.301,chime | bongo | tambourine | cymbal,локально однозначна: другой категории с этими четырьмя словами нет
percussion__3,percussion,normal,auto_validated,local_unique,0.321,cowbell | xylophone | marimba | timpani,локально однозначна: другой категории с этими четырьмя словами нет
perfume_words__1,perfume_words,normal,auto_validated,local_unique,0.307,sweet | fresh#fresh_scent | rose#rose_flower | amber,локально однозначна: другой категории с этими четырьмя словами нет
perfume_words__2,perfume_words,normal,auto_validated,local_unique,0.341,vanilla | woody | spicy | floral,локально однозначна: другой категории с этими четырьмя словами нет
perfume_words__3,perfume_words,normal,auto_validated,local_unique,0.35,mist | citrus | cologne | musk,локально однозначна: другой категории с этими четырьмя словами нет
personality_traits__1,personality_traits,normal,auto_validated,local_unique,0.287,honest | kind | brave | curious,локально однозначна: другой категории с этими четырьмя словами нет
personality_words__1,personality_words,normal,auto_validated,local_unique,0.253,funny | serious | patient | honest,локально однозначна: другой категории с этими четырьмя словами нет
personality_words__2,personality_words,normal,auto_validated,local_unique,0.264,quiet | careful | calm#calm_person | curious,локально однозначна: другой категории с этими четырьмя словами нет
personality_words__3,personality_words,normal,auto_validated,local_unique,0.277,brave | bold#bold_brave | clever | generous,локально однозначна: другой категории с этими четырьмя словами нет
pest_control__1,pest_control,normal,auto_validated,local_unique,0.338,deer | rabbit | crow | beetle,локально однозначна: другой категории с этими четырьмя словами нет
pest_control__2,pest_control,normal,auto_validated,local_unique,0.365,caterpillar | slug | mite | grasshopper,локально однозначна: другой категории с этими четырьмя словами нет
pest_control__3,pest_control,normal,auto_validated,local_unique,0.382,locust | gopher | weevil | nematode,локально однозначна: другой категории с этими четырьмя словами нет
pests__1,pests,normal,auto_validated,local_unique,0.3,mouse#mouse_animal | rat | ant | tick#tick_bug,локально однозначна: другой категории с этими четырьмя словами нет
pests__2,pests,normal,auto_validated,local_unique,0.317,mole#mole_animal | snail | mosquito | pigeon,локально однозначна: другой категории с этими четырьмя словами нет
pet_names__1,pet_names,normal,auto_validated,local_unique,0.227,max | charlie | shadow | buddy,локально однозначна: другой категории с этими четырьмя словами нет
pet_names__2,pet_names,normal,auto_validated,local_unique,0.241,tiger | rocky | bailey | lucy,локально однозначна: другой категории с этими четырьмя словами нет
pet_names__3,pet_names,normal,auto_validated,local_unique,0.251,ginger#ginger_name | peanut | rex | molly,локально однозначна: другой категории с этими четырьмя словами нет
pet_store__1,pet_store,normal,auto_validated,local_unique,,pets | leash | cage | birds,локально однозначна: другой категории с этими четырьмя словами нет
pet_supplies__1,pet_supplies,normal,auto_validated,local_unique,0.214,bed | food | treat | bowl,локально однозначна: другой категории с этими четырьмя словами нет
pet_supplies__2,pet_supplies,normal,auto_validated,local_unique,0.23,tank#tank_container | tag#tag_label | carrier | toy,локально однозначна: другой категории с этими четырьмя словами нет
pet_supplies__3,pet_supplies,normal,auto_validated,local_unique,0.245,brush | cage | collar | litter,локально однозначна: другой категории с этими четырьмя словами нет
pets__1,pets,normal,auto_validated,local_unique,0.104,dog | cat | mouse#mouse_animal | snake,локально однозначна: другой категории с этими четырьмя словами нет
pets__2,pets,normal,auto_validated,local_unique,0.131,rabbit | turtle | guinea pig | pony,локально однозначна: другой категории с этими четырьмя словами нет
pets__3,pets,normal,auto_validated,local_unique,0.14,bird | fish | lizard | parrot,локально однозначна: другой категории с этими четырьмя словами нет
phone_words__1,phone_words,normal,auto_validated,local_unique,0.171,contact | text | camera | app,локально однозначна: другой категории с этими четырьмя словами нет
phone_words__2,phone_words,normal,auto_validated,local_unique,0.181,screen#screen_display | signal | battery | speaker,локально однозначна: другой категории с этими четырьмя словами нет
phone_words__3,phone_words,normal,auto_validated,local_unique,0.208,alarm | notification | headphones | sim card,локально однозначна: другой категории с этими четырьмя словами нет
photography_hobby__1,photography_hobby,normal,auto_validated,local_unique,0.224,camera | bag | memory card | battery,локально однозначна: другой категории с этими четырьмя словами нет
photography_hobby__2,photography_hobby,normal,auto_validated,local_unique,0.241,flash | filter | hood#hood_lens | lens,локально однозначна: другой категории с этими четырьмя словами нет
photography_hobby__3,photography_hobby,normal,auto_validated,local_unique,0.277,strap | backdrop | tripod | reflector,локально однозначна: другой категории с этими четырьмя словами нет
photography_styles__1,photography_styles,normal,auto_validated,local_unique,0.259,action shot | close up | group shot | still life,локально однозначна: другой категории с этими четырьмя словами нет
photography_styles__2,photography_styles,normal,auto_validated,local_unique,0.285,wedding photo | landscape | portrait | aerial,локально однозначна: другой категории с этими четырьмя словами нет
photography_styles__3,photography_styles,normal,auto_validated,local_unique,0.313,selfie | macro | candid | panorama,локально однозначна: другой категории с этими четырьмя словами нет
photography_terms__1,photography_terms,normal,auto_validated,local_unique,0.356,focus#focus_lens | white balance | depth of field | flash,локально однозначна: другой категории с этими четырьмя словами нет
photography_terms__2,photography_terms,normal,auto_validated,local_unique,0.385,exposure | zoom | iso | timer,локально однозначна: другой категории с этими четырьмя словами нет
photography_words__1,photography_words,normal,auto_validated,local_unique,0.221,album | focus#focus_lens | negative | frame,локально однозначна: другой категории с этими четырьмя словами нет
photography_words__2,photography_words,normal,auto_validated,local_unique,0.237,flash | exposure | angle | filter,локально однозначна: другой категории с этими четырьмя словами нет
photography_words__3,photography_words,normal,auto_validated,local_unique,0.249,portrait | lens | crop | zoom,локально однозначна: другой категории с этими четырьмя словами нет
picnic__1,picnic,normal,auto_validated,local_unique,0.3,basket | blanket | cooler | hamper,локально однозначна: другой категории с этими четырьмя словами нет
picnic_basket__1,picnic_basket,normal,auto_validated,local_unique,,blanket | thermos | napkins | fruits,локально однозначна: другой категории с этими четырьмя словами нет
pie_ingredients__1,pie_ingredients,normal,auto_validated,local_unique,0.195,apple#apple_fruit | sugar | cream#cream_dairy | salt,локально однозначна: другой категории с этими четырьмя словами нет
pie_ingredients__2,pie_ingredients,normal,auto_validated,local_unique,0.206,chocolate | egg | butter | cherry,локально однозначна: другой категории с этими четырьмя словами нет
pie_ingredients__3,pie_ingredients,normal,auto_validated,local_unique,0.224,lemon | flour | coconut | vanilla,локально однозначна: другой категории с этими четырьмя словами нет
pie_types__1,pie_types,normal,auto_validated,local_unique,0.236,apple#apple_fruit | cherry | chicken pot | chess,локально однозначна: другой категории с этими четырьмя словами нет
pie_types__2,pie_types,normal,auto_validated,local_unique,0.253,banana cream | key lime | pumpkin | peach,локально однозначна: другой категории с этими четырьмя словами нет
pie_types__3,pie_types,normal,auto_validated,local_unique,0.281,blueberry | shepherds | custard | mince,локально однозначна: другой категории с этими четырьмя словами нет
pine_and_cones__1,pine_and_cones,normal,auto_validated,local_unique,0.418,seed | timber | cluster | needle#needle_pine,локально однозначна: другой категории с этими четырьмя словами нет
pine_and_cones__2,pine_and_cones,normal,auto_validated,local_unique,0.431,bark#bark_tree | cone | scent | resin,локально однозначна: другой категории с этими четырьмя словами нет
pine_and_cones__3,pine_and_cones,normal,auto_validated,local_unique,0.444,sap | fir | evergreen | spruce,локально однозначна: другой категории с этими четырьмя словами нет
pirate_cove__1,pirate_cove,normal,auto_validated,local_unique,0.556,plunder | marooned | buccaneer | spyglass,локально однозначна: другой категории с этими четырьмя словами нет
pirate_words__1,pirate_words,normal,auto_validated,local_unique,0.173,island | ship | map | crew,локально однозначна: другой категории с этими четырьмя словами нет
pirate_words__2,pirate_words,normal,auto_validated,local_unique,0.188,flag | chest#chest_box | sword | hook#hook_pirate,локально однозначна: другой категории с этими четырьмя словами нет
pirate_words__3,pirate_words,normal,auto_validated,local_unique,0.207,treasure | anchor | cannon | compass,локально однозначна: другой категории с этими четырьмя словами нет
pizza_styles__1,pizza_styles,normal,auto_validated,local_unique,0.304,california | new york | detroit | chicago deep dish,локально однозначна: другой категории с этими четырьмя словами нет
pizza_styles__2,pizza_styles,normal,auto_validated,local_unique,0.349,thin crust | tavern | stuffed crust | sicilian,локально однозначна: другой категории с этими четырьмя словами нет
pizza_toppings__1,pizza_toppings,normal,auto_validated,local_unique,0.163,chicken | cheese | egg | bacon,локально однозначна: другой категории с этими четырьмя словами нет
pizza_toppings__2,pizza_toppings,normal,auto_validated,local_unique,0.179,pepper | ham | olive | garlic,локально однозначна: другой категории с этими четырьмя словами нет
pizza_toppings__3,pizza_toppings,normal,auto_validated,local_unique,0.189,onion | tomato | sausage | shrimp,локально однозначна: другой категории с этими четырьмя словами нет
place_names_as_names__1,place_names_as_names,normal,auto_validated,local_unique,0.349,paris | israel | sydney | jordan,локально однозначна: другой категории с этими четырьмя словами нет
place_names_as_names__2,place_names_as_names,normal,auto_validated,local_unique,0.363,georgia | austin | brooklyn | madison,локально однозначна: другой категории с этими четырьмя словами нет
place_names_as_names__3,place_names_as_names,normal,auto_validated,local_unique,0.379,kenya | dakota | devon | savannah,локально однозначна: другой категории с этими четырьмя словами нет
places_of_worship__1,places_of_worship,normal,auto_validated,local_unique,0.226,church | temple#temple_building | chapel | cathedral,локально однозначна: другой категории с этими четырьмя словами нет
places_of_worship__2,places_of_worship,normal,auto_validated,local_unique,0.247,sanctuary | mosque | abbey | shrine,локально однозначна: другой категории с этими четырьмя словами нет
places_of_worship__3,places_of_worship,normal,auto_validated,local_unique,0.265,monastery | convent | synagogue | basilica,локально однозначна: другой категории с этими четырьмя словами нет
places_to_eat__1,places_to_eat,normal,auto_validated,local_unique,0.148,drive through | restaurant | food truck | pub,локально однозначна: другой категории с этими четырьмя словами нет
places_to_eat__2,places_to_eat,normal,auto_validated,local_unique,0.178,cafe | grill | snack bar | bakery,локально однозначна: другой категории с этими четырьмя словами нет
places_to_eat__3,places_to_eat,normal,auto_validated,local_unique,0.193,buffet | tavern | diner | cafeteria,локально однозначна: другой категории с этими четырьмя словами нет
places_with_animals__1,places_with_animals,normal,auto_validated,local_unique,0.228,farm | stable | pet store | shelter,локально однозначна: другой категории с этими четырьмя словами нет
places_with_animals__2,places_with_animals,normal,auto_validated,local_unique,0.246,zoo | ranch | barn | sanctuary,локально однозначна: другой категории с этими четырьмя словами нет
places_with_animals__3,places_with_animals,normal,auto_validated,local_unique,0.262,reef | safari | aquarium | hive,локально однозначна: другой категории с этими четырьмя словами нет
places_you_sleep__1,places_you_sleep,normal,auto_validated,local_unique,0.23,hotel | guest room | cabin#cabin_house | lodge,локально однозначна: другой категории с этими четырьмя словами нет
places_you_sleep__2,places_you_sleep,normal,auto_validated,local_unique,0.25,inn | tent | cottage | motel,локально однозначна: другой категории с этими четырьмя словами нет
places_you_sleep__3,places_you_sleep,normal,auto_validated,local_unique,0.27,dorm | sleeper car | hostel | camper,локально однозначна: другой категории с этими четырьмя словами нет
places_you_wait__1,places_you_wait,normal,auto_validated,local_unique,0.269,post office | airport | doctor office | bus stop,локально однозначна: другой категории с этими четырьмя словами нет
places_you_wait__2,places_you_wait,normal,auto_validated,local_unique,0.291,restaurant | theater | grocery store | ticket booth,локально однозначна: другой категории с этими четырьмя словами нет
places_you_wait__3,places_you_wait,normal,auto_validated,local_unique,0.314,pharmacy | amusement park | checkout | buffet,локально однозначна: другой категории с этими четырьмя словами нет
planets__1,planets,normal,auto_validated,local_unique,0.157,earth | mars | mercury#mercury_planet | venus,локально однозначна: другой категории с этими четырьмя словами нет
planets__2,planets,normal,auto_validated,local_unique,0.191,jupiter | saturn | neptune | uranus,локально однозначна: другой категории с этими четырьмя словами нет
plant_parts__1,plant_parts,normal,auto_validated,local_unique,0.189,fruit | flower | root | seed,локально однозначна: другой категории с этими четырьмя словами нет
plant_parts__2,plant_parts,normal,auto_validated,local_unique,0.202,stem | leaf | bud | node,локально однозначна: другой категории с этими четырьмя словами нет
plant_parts__3,plant_parts,normal,auto_validated,local_unique,0.222,bark#bark_tree | vine | pollen | thorn,локально однозначна: другой категории с этими четырьмя словами нет
playground_games__1,playground_games,normal,auto_validated,local_unique,0.23,four square | simon says | hide and seek | capture the flag,локально однозначна: другой категории с этими четырьмя словами нет
playground_games__2,playground_games,normal,auto_validated,local_unique,0.249,hot potato | jump rope | freeze tag | red rover,локально однозначна: другой категории с этими четырьмя словами нет
playground_games__3,playground_games,normal,auto_validated,local_unique,0.289,duck duck goose | marbles | dodgeball | hopscotch,локально однозначна: другой категории с этими четырьмя словами нет
plumber_visit__1,plumber_visit,normal,auto_validated,local_unique,0.475,pipeline | sewer | plunger | unclog,локально однозначна: другой категории с этими четырьмя словами нет
plumbing_words__1,plumbing_words,normal,auto_validated,local_unique,0.285,trap | pipe#pipe_tube | snake | sink#sink_basin,локально однозначна: другой категории с этими четырьмя словами нет
plumbing_words__2,plumbing_words,normal,auto_validated,local_unique,0.294,valve | fitting | drain | elbow,локально однозначна: другой категории с этими четырьмя словами нет
plumbing_words__3,plumbing_words,normal,auto_validated,local_unique,0.318,sewer | coupling | wrench | washer,локально однозначна: другой категории с этими четырьмя словами нет
poisonous_plants__1,poisonous_plants,normal,auto_validated,local_unique,0.351,poison oak | poison ivy | holly berry | castor bean,локально однозначна: другой категории с этими четырьмя словами нет
poisonous_plants__2,poisonous_plants,normal,auto_validated,local_unique,0.381,yew | hemlock | mistletoe | nightshade,локально однозначна: другой категории с этими четырьмя словами нет
poker_hands__1,poker_hands,normal,auto_validated,local_unique,0.29,four of a kind | full house | high card | straight,локально однозначна: другой категории с этими четырьмя словами нет
poker_hands__2,poker_hands,normal,auto_validated,local_unique,0.305,three of a kind | pair | two pair | flush,локально однозначна: другой категории с этими четырьмя словами нет
police_things__1,police_things,normal,auto_validated,local_unique,0.185,radio | ticket#ticket_fine | uniform | warrant,локально однозначна: другой категории с этими четырьмя словами нет
police_things__2,police_things,normal,auto_validated,local_unique,0.209,patrol | badge | whistle | dispatch,локально однозначна: другой категории с этими четырьмя словами нет
police_things__3,police_things,normal,auto_validated,local_unique,0.224,vest | baton | cruiser | flashlight,локально однозначна: другой категории с этими четырьмя словами нет
polite_words__1,polite_words,normal,auto_validated,local_unique,0.204,may | please | sir | sorry,локально однозначна: другой категории с этими четырьмя словами нет
polite_words__2,polite_words,normal,auto_validated,local_unique,0.209,thanks | welcome | appreciate | excuse me,локально однозначна: другой категории с этими четырьмя словами нет
polite_words__3,polite_words,normal,auto_validated,local_unique,0.245,apologize | kindly | pardon | madam,локально однозначна: другой категории с этими четырьмя словами нет
pond_animals__1,pond_animals,normal,auto_validated,local_unique,0.24,fish | duck#duck_bird | water bug | turtle,локально однозначна: другой категории с этими четырьмя словами нет
pond_animals__2,pond_animals,normal,auto_validated,local_unique,0.26,frog | goose | swan | snail,локально однозначна: другой категории с этими четырьмя словами нет
pond_animals__3,pond_animals,normal,auto_validated,local_unique,0.275,beaver | mosquito | otter | newt,локально однозначна: другой категории с этими четырьмя словами нет
pond_fish__1,pond_fish,normal,auto_validated,local_unique,0.299,bass#bass_fish | trout | pike | koi,локально однозначна: другой категории с этими четырьмя словами нет
pond_fish__2,pond_fish,normal,auto_validated,local_unique,0.318,catfish | sturgeon | perch | gar,локально однозначна: другой категории с этими четырьмя словами нет
pond_fish__3,pond_fish,normal,auto_validated,local_unique,0.341,carp | minnow | walleye | sunfish,локально однозначна: другой категории с этими четырьмя словами нет
potato_dishes__1,potato_dishes,normal,auto_validated,local_unique,0.246,chips | fried | baked | twice baked,локально однозначна: другой категории с этими четырьмя словами нет
potato_dishes__2,potato_dishes,normal,auto_validated,local_unique,0.263,potato salad | home fries | hash browns | mashed,локально однозначна: другой категории с этими четырьмя словами нет
potato_dishes__3,potato_dishes,normal,auto_validated,local_unique,0.304,wedges | scalloped | tater tots | au gratin,локально однозначна: другой категории с этими четырьмя словами нет
potato_varieties__1,potato_varieties,normal,auto_validated,local_unique,0.302,baby | red | white#white_food | purple,локально однозначна: другой категории с этими четырьмя словами нет
potato_varieties__2,potato_varieties,normal,auto_validated,local_unique,0.34,new potato | sweet potato | idaho#idaho_potato | yukon gold,локально однозначна: другой категории с этими четырьмя словами нет
potions_class__1,potions_class,normal,auto_validated,local_unique,0.475,antidote | bubbling | elixir | vial,локально однозначна: другой категории с этими четырьмя словами нет
pottery_studio__1,pottery_studio,normal,auto_validated,local_unique,0.488,ceramic | urn | earthenware | terracotta,локально однозначна: другой категории с этими четырьмя словами нет
pottery_words__1,pottery_words,normal,auto_validated,local_unique,0.317,fire | bowl | wheel | pot,локально однозначна: другой категории с этими четырьмя словами нет
pottery_words__2,pottery_words,normal,auto_validated,local_unique,0.341,clay | slip | mold#mold_form | tile,локально однозначна: другой категории с этими четырьмя словами нет
pottery_words__3,pottery_words,normal,auto_validated,local_unique,0.367,vase | plaster | glaze | kiln,локально однозначна: другой категории с этими четырьмя словами нет
powders__1,powders,normal,auto_validated,local_unique,0.305,sugar | salt | sand | dust,локально однозначна: другой категории с этими четырьмя словами нет
powders__2,powders,normal,auto_validated,local_unique,0.327,protein powder | flour | cement | spice,локально однозначна: другой категории с этими четырьмя словами нет
powders__3,powders,normal,auto_validated,local_unique,0.34,chalk#chalk_stick | cinnamon | baking soda | cocoa,локально однозначна: другой категории с этими четырьмя словами нет
power_and_batteries__1,power_and_batteries,normal,auto_validated,local_unique,0.231,switch | battery | cable | extension,локально однозначна: другой категории с этими четырьмя словами нет
power_and_batteries__2,power_and_batteries,normal,auto_validated,local_unique,0.245,power strip | solar panel | plug | voltage,локально однозначна: другой категории с этими четырьмя словами нет
power_and_batteries__3,power_and_batteries,normal,auto_validated,local_unique,0.257,cord | outlet | generator | watt,локально однозначна: другой категории с этими четырьмя словами нет
power_tools__1,power_tools,normal,auto_validated,local_unique,0.191,saw | table saw | impact driver | nail gun,локально однозначна: другой категории с этими четырьмя словами нет
power_tools__2,power_tools,normal,auto_validated,local_unique,0.229,drill#drill_tool | buffer | router | air compressor,локально однозначна: другой категории с этими четырьмя словами нет
power_tools__3,power_tools,normal,auto_validated,local_unique,0.247,grinder | blower | chainsaw | jigsaw,локально однозначна: другой категории с этими четырьмя словами нет
prayer_words__1,prayer_words,normal,auto_validated,local_unique,0.303,faith | offering | grace | praise,локально однозначна: другой категории с этими четырьмя словами нет
prayer_words__2,prayer_words,normal,auto_validated,local_unique,0.332,blessing | meditation | amen | chant,локально однозначна: другой категории с этими четырьмя словами нет
prayer_words__3,prayer_words,normal,auto_validated,local_unique,0.344,hymn | sermon | psalm | vow,локально однозначна: другой категории с этими четырьмя словами нет
precious_materials__1,precious_materials,normal,auto_validated,local_unique,0.264,gold | silver | diamond#diamond_gem | pearl,локально однозначна: другой категории с этими четырьмя словами нет
precious_materials__2,precious_materials,normal,auto_validated,local_unique,0.286,silk | platinum | ruby | amber,локально однозначна: другой категории с этими четырьмя словами нет
precious_materials__3,precious_materials,normal,auto_validated,local_unique,0.295,marble#marble_stone | ivory | jade | emerald,локально однозначна: другой категории с этими четырьмя словами нет
pregnancy_words__1,pregnancy_words,normal,auto_validated,local_unique,0.299,due date | labor | delivery | formula,локально однозначна: другой категории с этими четырьмя словами нет
pregnancy_words__2,pregnancy_words,normal,auto_validated,local_unique,0.334,twins | nursery | newborn | cradle,локально однозначна: другой категории с этими четырьмя словами нет
pregnancy_words__3,pregnancy_words,normal,auto_validated,local_unique,0.353,ultrasound | crib | midwife | incubator,локально однозначна: другой категории с этими четырьмя словами нет
printing_and_type__1,printing_and_type,normal,auto_validated,local_unique,0.397,leading | point size | column | bold#bold_type,локально однозначна: другой категории с этими четырьмя словами нет
printing_and_type__2,printing_and_type,normal,auto_validated,local_unique,0.418,margin | caps | justify | font,локально однозначна: другой категории с этими четырьмя словами нет
printing_and_type__3,printing_and_type,normal,auto_validated,local_unique,0.471,underline | typeface | italic | serif,локально однозначна: другой категории с этими четырьмя словами нет
printing_words__1,printing_words,normal,auto_validated,local_unique,0.305,paper | press#press_machine | type | screen#screen_print,локально однозначна: другой категории с этими четырьмя словами нет
printing_words__2,printing_words,normal,auto_validated,local_unique,0.329,proof | registration | binding | ink,локально однозначна: другой категории с этими четырьмя словами нет
printing_words__3,printing_words,normal,auto_validated,local_unique,0.358,roller | font | cartridge | toner,локально однозначна: другой категории с этими четырьмя словами нет
prison_words__1,prison_words,normal,auto_validated,local_unique,0.255,release | cell#cell_room | guard#guard_prison | sentence#sentence_punishment,локально однозначна: другой категории с этими четырьмя словами нет
prison_words__2,prison_words,normal,auto_validated,local_unique,0.275,bars | mess hall | uniform | bail,локально однозначна: другой категории с этими четырьмя словами нет
prison_words__3,prison_words,normal,auto_validated,local_unique,0.302,parole | warden | inmate | lockdown,локально однозначна: другой категории с этими четырьмя словами нет
programming_words__1,programming_words,normal,auto_validated,local_unique,0.322,class | code | library | function,локально однозначна: другой категории с этими четырьмя словами нет
programming_words__2,programming_words,normal,auto_validated,local_unique,0.341,output | string | script | database,локально однозначна: другой категории с этими четырьмя словами нет
programming_words__3,programming_words,normal,auto_validated,local_unique,0.35,loop | bug | variable | array,локально однозначна: другой категории с этими четырьмя словами нет
punctuation__1,punctuation,normal,auto_validated,local_unique,0.23,period | question mark | dash#dash_mark | bracket,локально однозначна: другой категории с этими четырьмя словами нет
punctuation__2,punctuation,normal,auto_validated,local_unique,0.267,slash | colon | quotation mark | comma,локально однозначна: другой категории с этими четырьмя словами нет
punctuation__3,punctuation,normal,auto_validated,local_unique,0.292,exclamation point | asterisk | apostrophe | hyphen,локально однозначна: другой категории с этими четырьмя словами нет
punishments__1,punishments,normal,auto_validated,local_unique,0.296,community service | fine | jail | ticket#ticket_fine,локально однозначна: другой категории с этими четырьмя словами нет
punishments__2,punishments,normal,auto_validated,local_unique,0.308,warning | ban | penalty | suspension,локально однозначна: другой категории с этими четырьмя словами нет
punishments__3,punishments,normal,auto_validated,local_unique,0.342,detention | probation | expulsion | curfew,локально однозначна: другой категории с этими четырьмя словами нет
puzzle_types__1,puzzle_types,normal,auto_validated,local_unique,0.25,word search | logic puzzle | maze | riddle,локально однозначна: другой категории с этими четырьмя словами нет
puzzle_types__2,puzzle_types,normal,auto_validated,local_unique,0.291,jigsaw | crossword | anagram | sudoku,локально однозначна: другой категории с этими четырьмя словами нет
puzzle_types__3,puzzle_types,normal,auto_validated,local_unique,0.329,rebus | acrostic | cryptogram | rubiks cube,локально однозначна: другой категории с этими четырьмя словами нет
quantity_words__1,quantity_words,normal,auto_validated,local_unique,0.241,few | many | none | several,локально однозначна: другой категории с этими четырьмя словами нет
quantity_words__2,quantity_words,normal,auto_validated,local_unique,0.249,some | plenty | bunch | load,локально однозначна: другой категории с этими четырьмя словами нет
quantity_words__3,quantity_words,normal,auto_validated,local_unique,0.271,ton | dozens | pile | handful,локально однозначна: другой категории с этими четырьмя словами нет
question_words__1,question_words,normal,auto_validated,local_unique,0.195,how | what | when | where,локально однозначна: другой категории с этими четырьмя словами нет
question_words__2,question_words,normal,auto_validated,local_unique,0.195,whether | which | who | whose,локально однозначна: другой категории с этими четырьмя словами нет
quiet_actions__1,quiet_actions,normal,auto_validated,local_unique,0.317,read | sleep | think | smile,локально однозначна: другой категории с этими четырьмя словами нет
quiet_actions__2,quiet_actions,normal,auto_validated,local_unique,0.351,breathe | sneak | stare | nod,локально однозначна: другой категории с этими четырьмя словами нет
quiet_actions__3,quiet_actions,normal,auto_validated,local_unique,0.368,whisper | blink | wink | glide,локально однозначна: другой категории с этими четырьмя словами нет
quiet_places__1,quiet_places,normal,auto_validated,local_unique,0.267,church | hospital | library | study hall,локально однозначна: другой категории с этими четырьмя словами нет
quiet_places__2,quiet_places,normal,auto_validated,local_unique,0.285,museum | funeral | theater | exam room,локально однозначна: другой категории с этими четырьмя словами нет
quiet_places__3,quiet_places,normal,auto_validated,local_unique,0.307,classroom | cemetery | monastery | courtroom,локально однозначна: другой категории с этими четырьмя словами нет
quiet_sounds__1,quiet_sounds,normal,auto_validated,local_unique,0.335,breath | sigh | whisper | hum,локально однозначна: другой категории с этими четырьмя словами нет
quiet_sounds__2,quiet_sounds,normal,auto_validated,local_unique,0.382,murmur | patter | purr | rustle,локально однозначна: другой категории с этими четырьмя словами нет
quiet_things__1,quiet_things,normal,auto_validated,local_unique,0.309,sleep | library | cat | snow,локально однозначна: другой категории с этими четырьмя словами нет
quiet_things__2,quiet_things,normal,auto_validated,local_unique,0.326,breath | cloud | shadow | silk,локально однозначна: другой категории с этими четырьмя словами нет
quiet_things__3,quiet_things,normal,auto_validated,local_unique,0.354,breeze | whisper | feather | moth,локально однозначна: другой категории с этими четырьмя словами нет
racing_sports__1,racing_sports,normal,auto_validated,local_unique,0.229,cross country | swimming | horse racing | marathon,локально однозначна: другой категории с этими четырьмя словами нет
racing_sports__2,racing_sports,normal,auto_validated,local_unique,0.245,cycling | drag racing | sailing | sprint,локально однозначна: другой категории с этими четырьмя словами нет
racing_sports__3,racing_sports,normal,auto_validated,local_unique,0.261,relay | speed skating | hurdles | rowing,локально однозначна: другой категории с этими четырьмя словами нет
racing_words__1,racing_words,normal,auto_validated,local_unique,0.26,track | driver | crew | pit stop,локально однозначна: другой категории с этими четырьмя словами нет
racing_words__2,racing_words,normal,auto_validated,local_unique,0.281,grid | lap#lap_race | pole position | helmet,локально однозначна: другой категории с этими четырьмя словами нет
racing_words__3,racing_words,normal,auto_validated,local_unique,0.291,qualifying | tire | caution | spoiler,локально однозначна: другой категории с этими четырьмя словами нет
radio_station__1,radio_station,normal,auto_validated,local_unique,0.494,broadcaster | static | transmitter | airwaves,локально однозначна: другой категории с этими четырьмя словами нет
radio_words__1,radio_words,normal,auto_validated,local_unique,0.258,call sign | station#station_place | studio | broadcast,локально однозначна: другой категории с этими четырьмя словами нет
radio_words__2,radio_words,normal,auto_validated,local_unique,0.281,frequency | dj | static | dial,локально однозначна: другой категории с этими четырьмя словами нет
radio_words__3,radio_words,normal,auto_validated,local_unique,0.305,antenna | playlist | transmitter | jingle,локально однозначна: другой категории с этими четырьмя словами нет
rainforest__1,rainforest,normal,auto_validated,local_unique,0.537,howler | liana | undergrowth | macaw,локально однозначна: другой категории с этими четырьмя словами нет
rainy_day_gear__1,rainy_day_gear,normal,auto_validated,local_unique,0.319,boots | puddle | umbrella | hood#hood_garment,локально однозначна: другой категории с этими четырьмя словами нет
ranch_words__1,ranch_words,normal,auto_validated,local_unique,0.267,brand#brand_cattle | horse | fence | boot#boot_shoe,локально однозначна: другой категории с этими четырьмя словами нет
ranch_words__2,ranch_words,normal,auto_validated,local_unique,0.292,cattle | cowboy | herd | saddle,локально однозначна: другой категории с этими четырьмя словами нет
ranch_words__3,ranch_words,normal,auto_validated,local_unique,0.312,spur | trough | roundup | stampede,локально однозначна: другой категории с этими четырьмя словами нет
reading_material__1,reading_material,normal,auto_validated,local_unique,0.17,article | book | letter#letter_mail | sign,локально однозначна: другой категории с этими четырьмя словами нет
reading_material__2,reading_material,normal,auto_validated,local_unique,0.178,map | blog | magazine | novel,локально однозначна: другой категории с этими четырьмя словами нет
reading_material__3,reading_material,normal,auto_validated,local_unique,0.186,newspaper | ticket#ticket_admission | label | comic,локально однозначна: другой категории с этими четырьмя словами нет
reading_words__1,reading_words,normal,auto_validated,local_unique,0.257,page | title | chapter | quote,локально однозначна: другой категории с этими четырьмя словами нет
reading_words__2,reading_words,normal,auto_validated,local_unique,0.273,index | summary | passage | table of contents,локально однозначна: другой категории с этими четырьмя словами нет
reading_words__3,reading_words,normal,auto_validated,local_unique,0.298,paragraph | bibliography | appendix | excerpt,локально однозначна: другой категории с этими четырьмя словами нет
recycled_materials__1,recycled_materials,normal,auto_validated,local_unique,0.256,paper | glass | steel | newspaper,локально однозначна: другой категории с этими четырьмя словами нет
recycled_materials__2,recycled_materials,normal,auto_validated,local_unique,0.272,battery | plastic | rubber | electronics,локально однозначна: другой категории с этими четырьмя словами нет
recycled_materials__3,recycled_materials,normal,auto_validated,local_unique,0.289,cloth | tin#tin_can | aluminum | cardboard,локально однозначна: другой категории с этими четырьмя словами нет
red_things__1,red_things,normal,auto_validated,local_unique,0.242,blood | stop sign | rose#rose_flower | apple#apple_fruit,локально однозначна: другой категории с этими четырьмя словами нет
red_things__2,red_things,normal,auto_validated,local_unique,0.266,fire truck | brick | cherry | flame,локально однозначна: другой категории с этими четырьмя словами нет
red_things__3,red_things,normal,auto_validated,local_unique,0.28,barn | ruby | cardinal#cardinal_bird | tomato,локально однозначна: другой категории с этими четырьмя словами нет
relationships__1,relationships,normal,auto_validated,local_unique,0.213,friend | partner | host#host_person | boss,локально однозначна: другой категории с этими четырьмя словами нет
relationships__2,relationships,normal,auto_validated,local_unique,0.23,guest | client | stranger | rival,локально однозначна: другой категории с этими четырьмя словами нет
relationships__3,relationships,normal,auto_validated,local_unique,0.245,neighbor | ally | colleague | mentor,локально однозначна: другой категории с этими четырьмя словами нет
religious_books__1,religious_books,normal,auto_validated,local_unique,0.275,bible | gospel | genesis | exodus,локально однозначна: другой категории с этими четырьмя словами нет
religious_books__2,religious_books,normal,auto_validated,local_unique,0.306,quran | torah | psalms | talmud,локально однозначна: другой категории с этими четырьмя словами нет
religious_books__3,religious_books,normal,auto_validated,local_unique,0.332,gita | sutra | vedas | avesta,локально однозначна: другой категории с этими четырьмя словами нет
religious_holidays__1,religious_holidays,normal,auto_validated,local_unique,0.226,christmas | good friday | palm sunday | easter,локально однозначна: другой категории с этими четырьмя словами нет
religious_holidays__2,religious_holidays,normal,auto_validated,local_unique,0.268,lent | advent | eid | ramadan,локально однозначна: другой категории с этими четырьмя словами нет
religious_holidays__3,religious_holidays,normal,auto_validated,local_unique,0.286,passover | epiphany | diwali | pentecost,локально однозначна: другой категории с этими четырьмя словами нет
religious_leaders__1,religious_leaders,normal,auto_validated,local_unique,0.226,minister | bishop | pope | priest,локально однозначна: другой категории с этими четырьмя словами нет
religious_leaders__2,religious_leaders,normal,auto_validated,local_unique,0.247,pastor | elder#elder_church | monk | cardinal#cardinal_church,локально однозначна: другой категории с этими четырьмя словами нет
religious_leaders__3,religious_leaders,normal,auto_validated,local_unique,0.259,missionary | rabbi | preacher | nun,локально однозначна: другой категории с этими четырьмя словами нет
religious_symbols__1,religious_symbols,normal,auto_validated,local_unique,0.245,cross | fish | star#star_shape | wheel,локально однозначна: другой категории с этими четырьмя словами нет
religious_symbols__2,religious_symbols,normal,auto_validated,local_unique,0.288,trinity | halo | dove | lotus,локально однозначна: другой категории с этими четырьмя словами нет
religious_symbols__3,religious_symbols,normal,auto_validated,local_unique,0.303,crescent | om | yin yang | rosary,локально однозначна: другой категории с этими четырьмя словами нет
repair_jobs__1,repair_jobs,normal,auto_validated,local_unique,0.263,mechanic | technician | tailor | plumber,локально однозначна: другой категории с этими четырьмя словами нет
repair_jobs__2,repair_jobs,normal,auto_validated,local_unique,0.289,electrician | welder | handyman | cobbler,локально однозначна: другой категории с этими четырьмя словами нет
repair_jobs__3,repair_jobs,normal,auto_validated,local_unique,0.3,locksmith | machinist | repairman | watchmaker,локально однозначна: другой категории с этими четырьмя словами нет
reptiles__1,reptiles,normal,auto_validated,local_unique,0.226,snake | turtle | python | lizard,локально однозначна: другой категории с этими четырьмя словами нет
reptiles__2,reptiles,normal,auto_validated,local_unique,0.246,cobra | crocodile | alligator | viper,локально однозначна: другой категории с этими четырьмя словами нет
reptiles__3,reptiles,normal,auto_validated,local_unique,0.257,tortoise | boa | chameleon | anaconda,локально однозначна: другой категории с этими четырьмя словами нет
resort_towns__1,resort_towns,normal,auto_validated,local_unique,0.325,key west | palm springs | bali | monaco,локально однозначна: другой категории с этими четырьмя словами нет
resort_towns__2,resort_towns,normal,auto_validated,local_unique,0.352,aspen | maldives | maui | myrtle beach,локально однозначна: другой категории с этими четырьмя словами нет
resort_towns__3,resort_towns,normal,auto_validated,local_unique,0.36,napa | ibiza | lake tahoe | vail,локально однозначна: другой категории с этими четырьмя словами нет
restaurant_courses__1,restaurant_courses,normal,auto_validated,local_unique,0.275,dessert | salad | soup | starter,локально однозначна: другой категории с этими четырьмя словами нет
restaurant_words__1,restaurant_words,normal,auto_validated,local_unique,0.17,bar#bar_pub | bill#bill_money | order | special,локально однозначна: другой категории с этими четырьмя словами нет
restaurant_words__2,restaurant_words,normal,auto_validated,local_unique,0.177,table | host#host_person | kitchen | counter,локально однозначна: другой категории с этими четырьмя словами нет
restaurant_words__3,restaurant_words,normal,auto_validated,local_unique,0.195,tip#tip_money | menu | chef | booth,локально однозначна: другой категории с этими четырьмя словами нет
retail_stores__1,retail_stores,normal,auto_validated,local_unique,0.218,best buy | target | dollar general | home depot,локально однозначна: другой категории с этими четырьмя словами нет
retail_stores__2,retail_stores,normal,auto_validated,local_unique,0.258,walmart | staples | sears | costco,локально однозначна: другой категории с этими четырьмя словами нет
retail_stores__3,retail_stores,normal,auto_validated,local_unique,0.283,kroger | nordstrom | aldi | safeway,локально однозначна: другой категории с этими четырьмя словами нет
retro_music__1,retro_music,normal,auto_validated,local_unique,0.469,mixtape | stereo | vinyl | walkman,локально однозначна: другой категории с этими четырьмя словами нет
rice_types__1,rice_types,normal,auto_validated,local_unique,0.297,black | brown | red | wild,локально однозначна: другой категории с этими четырьмя словами нет
rice_types__2,rice_types,normal,auto_validated,local_unique,0.323,white#white_food | long grain | short grain | sticky,локально однозначна: другой категории с этими четырьмя словами нет
rights_and_freedoms__1,rights_and_freedoms,normal,auto_validated,local_unique,0.291,due process | vote | trial | speech,локально однозначна: другой категории с этими четырьмя словами нет
rights_and_freedoms__2,rights_and_freedoms,normal,auto_validated,local_unique,0.301,religion | appeal | assembly | bear arms,локально однозначна: другой категории с этими четырьмя словами нет
rights_and_freedoms__3,rights_and_freedoms,normal,auto_validated,local_unique,0.313,protest | privacy | petition | equality,локально однозначна: другой категории с этими четырьмя словами нет
river_features__1,river_features,normal,auto_validated,local_unique,0.295,bank#bank_river | bed | current#current_water | source,локально однозначна: другой категории с этими четырьмя словами нет
river_features__2,river_features,normal,auto_validated,local_unique,0.306,channel | mouth#mouth_river | ford#ford_river | shore,локально однозначна: другой категории с этими четырьмя словами нет
river_features__3,river_features,normal,auto_validated,local_unique,0.332,bend | delta#delta_river | basin | rapids,локально однозначна: другой категории с этими четырьмя словами нет
rivers__1,rivers,normal,auto_validated,local_unique,0.232,amazon | colorado | missouri | mississippi,локально однозначна: другой категории с этими четырьмя словами нет
rivers__2,rivers,normal,auto_validated,local_unique,0.254,hudson | rio grande | congo | thames,локально однозначна: другой категории с этими четырьмя словами нет
road_things__1,road_things,normal,auto_validated,local_unique,0.185,sign | bridge#bridge_structure | traffic light | lane,локально однозначна: другой категории с этими четырьмя словами нет
road_things__2,road_things,normal,auto_validated,local_unique,0.204,shoulder#shoulder_road | exit | tunnel | median,локально однозначна: другой категории с этими четырьмя словами нет
road_things__3,road_things,normal,auto_validated,local_unique,0.221,speed bump | intersection | cone | ramp,локально однозначна: другой категории с этими четырьмя словами нет
robot_words__1,robot_words,normal,auto_validated,local_unique,0.303,program | arm | joint | motor,локально однозначна: другой категории с этими четырьмя словами нет
robot_words__2,robot_words,normal,auto_validated,local_unique,0.317,circuit | gear | android | robot,локально однозначна: другой категории с этими четырьмя словами нет
robot_words__3,robot_words,normal,auto_validated,local_unique,0.336,algorithm | drone | sensor | automation,локально однозначна: другой категории с этими четырьмя словами нет
rock_cycle_words__1,rock_cycle_words,normal,auto_validated,local_unique,0.331,core | fault | plate#plate_tectonic | mineral,локально однозначна: другой категории с этими четырьмя словами нет
rock_cycle_words__2,rock_cycle_words,normal,auto_validated,local_unique,0.359,fossil | volcano | lava | crust,локально однозначна: другой категории с этими четырьмя словами нет
rock_cycle_words__3,rock_cycle_words,normal,auto_validated,local_unique,0.366,erosion | mantle | quarry | glacier,локально однозначна: другой категории с этими четырьмя словами нет
rock_formations__1,rock_formations,normal,auto_validated,local_unique,0.331,cave | cliff | arch#arch_structure | terrace,локально однозначна: другой категории с этими четырьмя словами нет
rock_formations__2,rock_formations,normal,auto_validated,local_unique,0.353,boulder | pillar | mesa | spire,локально однозначна: другой категории с этими четырьмя словами нет
rock_formations__3,rock_formations,normal,auto_validated,local_unique,0.379,butte | monolith | outcrop | sinkhole,локально однозначна: другой категории с этими четырьмя словами нет
rocket_parts__1,rocket_parts,normal,auto_validated,local_unique,0.304,stage | engine | fuel tank | heat shield,локально однозначна: другой категории с этими четырьмя словами нет
rocket_parts__2,rocket_parts,normal,auto_validated,local_unique,0.336,launch pad | nose cone | capsule | fin,локально однозначна: другой категории с этими четырьмя словами нет
rocket_parts__3,rocket_parts,normal,auto_validated,local_unique,0.359,booster | payload | nozzle | thruster,локально однозначна: другой категории с этими четырьмя словами нет
rocks_and_minerals__1,rocks_and_minerals,normal,auto_validated,local_unique,0.247,salt | coal | clay | iron ore,локально однозначна: другой категории с этими четырьмя словами нет
rocks_and_minerals__2,rocks_and_minerals,normal,auto_validated,local_unique,0.268,marble#marble_stone | granite | slate | flint,локально однозначна: другой категории с этими четырьмя словами нет
rocks_and_minerals__3,rocks_and_minerals,normal,auto_validated,local_unique,0.274,limestone | boulder | chalk#chalk_rock | gravel,локально однозначна: другой категории с этими четырьмя словами нет
rodent_species__1,rodent_species,normal,auto_validated,local_unique,0.334,house mouse | field mouse | prairie dog | flying squirrel,локально однозначна: другой категории с этими четырьмя словами нет
rodent_species__2,rodent_species,normal,auto_validated,local_unique,0.372,gray squirrel | groundhog | porcupine | chipmunk,локально однозначна: другой категории с этими четырьмя словами нет
rodents__1,rodents,normal,auto_validated,local_unique,0.262,mouse#mouse_animal | rat | guinea pig | squirrel,локально однозначна: другой категории с этими четырьмя словами нет
rodents__2,rodents,normal,auto_validated,local_unique,0.287,prairie dog | beaver | hamster | groundhog,локально однозначна: другой категории с этими четырьмя словами нет
rodents__3,rodents,normal,auto_validated,local_unique,0.311,gopher | porcupine | chipmunk | vole,локально однозначна: другой категории с этими четырьмя словами нет
rodeo__1,rodeo,normal,auto_validated,local_unique,0.506,stampede | bronco | cowgirl | lasso,локально однозначна: другой категории с этими четырьмя словами нет
roman_gods__1,roman_gods,normal,auto_validated,local_unique,0.285,mars | diana | mercury#mercury_god | apollo,локально однозначна: другой категории с этими четырьмя словами нет
roman_gods__2,roman_gods,normal,auto_validated,local_unique,0.304,venus | jupiter | saturn | vulcan,локально однозначна: другой категории с этими четырьмя словами нет
roman_gods__3,roman_gods,normal,auto_validated,local_unique,0.319,neptune | pluto | juno | minerva,локально однозначна: другой категории с этими четырьмя словами нет
roman_things__1,roman_things,normal,auto_validated,local_unique,0.235,senate | forum | arena | emperor,локально однозначна: другой категории с этими четырьмя словами нет
roman_things__2,roman_things,normal,auto_validated,local_unique,0.261,villa | legion | laurel | mosaic,локально однозначна: другой категории с этими четырьмя словами нет
roman_things__3,roman_things,normal,auto_validated,local_unique,0.289,chariot | gladiator | centurion | aqueduct,локально однозначна: другой категории с этими четырьмя словами нет
roofing_words__1,roofing_words,normal,auto_validated,local_unique,0.362,felt | valley | nail gun | ridge,локально однозначна: другой категории с этими четырьмя словами нет
roofing_words__2,roofing_words,normal,auto_validated,local_unique,0.39,ladder | vent | tile | flashing,локально однозначна: другой категории с этими четырьмя словами нет
roofing_words__3,roofing_words,normal,auto_validated,local_unique,0.4,harness | tar | drip edge | gutter,локально однозначна: другой категории с этими четырьмя словами нет
rooms_in_public_buildings__1,rooms_in_public_buildings,normal,auto_validated,local_unique,0.264,office | waiting room | hall | gallery,локально однозначна: другой категории с этими четырьмя словами нет
rooms_in_public_buildings__2,rooms_in_public_buildings,normal,auto_validated,local_unique,0.297,chapel | lobby | elevator | corridor,локально однозначна: другой категории с этими четырьмя словами нет
rooms_in_public_buildings__3,rooms_in_public_buildings,normal,auto_validated,local_unique,0.318,ballroom | auditorium | cafeteria | restroom,локально однозначна: другой категории с этими четырьмя словами нет
root_vegetables__1,root_vegetables,normal,auto_validated,local_unique,0.262,potato | sweet potato | garlic | ginger#ginger_spice,локально однозначна: другой категории с этими четырьмя словами нет
root_vegetables__2,root_vegetables,normal,auto_validated,local_unique,0.286,onion | carrot | beet | yam,локально однозначна: другой категории с этими четырьмя словами нет
root_vegetables__3,root_vegetables,normal,auto_validated,local_unique,0.316,turnip | radish | horseradish | parsnip,локально однозначна: другой категории с этими четырьмя словами нет
round_things__1,round_things,normal,auto_validated,local_unique,0.244,ball#ball_sphere | ring#ring_circle | apple#apple_fruit | moon#moon_space,локально однозначна: другой категории с этими четырьмя словами нет
round_things__2,round_things,normal,auto_validated,local_unique,0.254,orange#orange_fruit | plate#plate_dish | button#button_clothing | wheel,локально однозначна: другой категории с этими четырьмя словами нет
round_things__3,round_things,normal,auto_validated,local_unique,0.263,clock | pizza | globe | coin,локально однозначна: другой категории с этими четырьмя словами нет
royal_names__1,royal_names,normal,auto_validated,local_unique,0.285,george | james | william | louis,локально однозначна: другой категории с этими четырьмя словами нет
royal_names__2,royal_names,normal,auto_validated,local_unique,0.289,charles | mary | richard | henry,локально однозначна: другой категории с этими четырьмя словами нет
royal_names__3,royal_names,normal,auto_validated,local_unique,0.302,edward | elizabeth | victoria | alexander,локально однозначна: другой категории с этими четырьмя словами нет
royalty__1,royalty,normal,auto_validated,local_unique,0.171,court#court_royal | king | queen#queen_royal | royal,локально однозначна: другой категории с этими четырьмя словами нет
royalty__2,royalty,normal,auto_validated,local_unique,0.183,prince | crown#crown_royal | empire | princess,локально однозначна: другой категории с этими четырьмя словами нет
royalty__3,royalty,normal,auto_validated,local_unique,0.19,castle | duke | palace | knight,локально однозначна: другой категории с этими четырьмя словами нет
russian_names__1,russian_names,normal,auto_validated,local_unique,0.376,vladimir | boris | ivan | sergei,локально однозначна: другой категории с этими четырьмя словами нет
russian_names__2,russian_names,normal,auto_validated,local_unique,0.394,natasha | mikhail | olga | anastasia,локально однозначна: другой категории с этими четырьмя словами нет
russian_names__3,russian_names,normal,auto_validated,local_unique,0.403,alexei | irina | nikolai | tatiana,локально однозначна: другой категории с этими четырьмя словами нет
safety_gear__1,safety_gear,normal,auto_validated,local_unique,0.233,hard hat | boots | mask | face shield,локально однозначна: другой категории с этими четырьмя словами нет
safety_gear__2,safety_gear,normal,auto_validated,local_unique,0.252,gloves | helmet | vest | harness,локально однозначна: другой категории с этими четырьмя словами нет
safety_gear__3,safety_gear,normal,auto_validated,local_unique,0.277,knee pads | apron#apron_garment | goggles | respirator,локально однозначна: другой категории с этими четырьмя словами нет
safety_signs__1,safety_signs,normal,auto_validated,local_unique,0.245,keep out | stop | emergency | no entry,локально однозначна: другой категории с этими четырьмя словами нет
safety_signs__2,safety_signs,normal,auto_validated,local_unique,0.261,danger | warning | exit | restricted,локально однозначна: другой категории с этими четырьмя словами нет
safety_signs__3,safety_signs,normal,auto_validated,local_unique,0.275,yield | poison | high voltage | hazard,локально однозначна: другой категории с этими четырьмя словами нет
sailing_terms__1,sailing_terms,normal,auto_validated,local_unique,0.369,draft#draft_boat | sheet#sheet_sail | boom | heel,локально однозначна: другой категории с этими четырьмя словами нет
sailing_words__1,sailing_words,normal,auto_validated,local_unique,0.34,port | deck | boom | cabin#cabin_ship,локально однозначна: другой категории с этими четырьмя словами нет
sailing_words__2,sailing_words,normal,auto_validated,local_unique,0.355,hull | rope | anchor | sail#sail_cloth,локально однозначна: другой категории с этими четырьмя словами нет
sailing_words__3,sailing_words,normal,auto_validated,local_unique,0.369,stern | knot | helm | mast,локально однозначна: другой категории с этими четырьмя словами нет
salad_ingredients__1,salad_ingredients,normal,auto_validated,local_unique,0.208,cheese | egg | corn | dressing,локально однозначна: другой категории с этими четырьмя словами нет
salad_ingredients__2,salad_ingredients,normal,auto_validated,local_unique,0.222,pepper | olive | onion | bacon bits,локально однозначна: другой категории с этими четырьмя словами нет
salads__1,salads,normal,auto_validated,local_unique,0.233,garden | greek | fruit salad | egg salad,локально однозначна: другой категории с этими четырьмя словами нет
salads__2,salads,normal,auto_validated,local_unique,0.255,chef salad | potato salad | caesar | pasta salad,локально однозначна: другой категории с этими четырьмя словами нет
salads__3,salads,normal,auto_validated,local_unique,0.276,cobb | spinach salad | waldorf | macaroni salad,локально однозначна: другой категории с этими четырьмя словами нет
saltwater_fish__1,saltwater_fish,normal,auto_validated,local_unique,0.326,sole#sole_fish | sea bass | cod | tuna,локально однозначна: другой категории с этими четырьмя словами нет
saltwater_fish__2,saltwater_fish,normal,auto_validated,local_unique,0.376,mackerel | snapper | wahoo | grouper,локально однозначна: другой категории с этими четырьмя словами нет
saltwater_fish__3,saltwater_fish,normal,auto_validated,local_unique,0.391,bonito | mahi mahi | hake | pompano,локально однозначна: другой категории с этими четырьмя словами нет
salty_snacks__1,salty_snacks,normal,auto_validated,local_unique,0.25,chips | crackers | peanut | popcorn,локально однозначна: другой категории с этими четырьмя словами нет
sandwich_breads__1,sandwich_breads,normal,auto_validated,local_unique,0.276,white#white_food | roll#roll_bread | wheat | english muffin,локально однозначна: другой категории с этими четырьмя словами нет
sandwich_breads__2,sandwich_breads,normal,auto_validated,local_unique,0.316,texas toast | rye | bagel | brioche bun,локально однозначна: другой категории с этими четырьмя словами нет
sandwich_breads__3,sandwich_breads,normal,auto_validated,local_unique,0.341,pita | croissant | sourdough | hoagie roll,локально однозначна: другой категории с этими четырьмя словами нет
sandwich_fillings__1,sandwich_fillings,normal,auto_validated,local_unique,0.202,chicken | cheese | turkey#turkey_meat | bacon,локально однозначна: другой категории с этими четырьмя словами нет
sandwich_fillings__2,sandwich_fillings,normal,auto_validated,local_unique,0.223,ham | egg salad | onion | tomato,локально однозначна: другой категории с этими четырьмя словами нет
sandwich_fillings__3,sandwich_fillings,normal,auto_validated,local_unique,0.232,jelly | peanut butter | mayo | roast beef,локально однозначна: другой категории с этими четырьмя словами нет
sandwich_types__1,sandwich_types,normal,auto_validated,local_unique,0.229,club#club_sandwich | hero | wrap | po boy,локально однозначна: другой категории с этими четырьмя словами нет
sandwich_types__2,sandwich_types,normal,auto_validated,local_unique,0.269,grilled cheese | sloppy joe | patty melt | reuben,локально однозначна: другой категории с этими четырьмя словами нет
sandwich_types__3,sandwich_types,normal,auto_validated,local_unique,0.306,monte cristo | panini | blt | philly cheesesteak,локально однозначна: другой категории с этими четырьмя словами нет
sauces__1,sauces,normal,auto_validated,local_unique,0.248,ranch | curry | ketchup | mayonnaise,локально однозначна: другой категории с этими четырьмя словами нет
sauces__2,sauces,normal,auto_validated,local_unique,0.256,mustard | relish | barbecue | soy,локально однозначна: другой категории с этими четырьмя словами нет
sauces__3,sauces,normal,auto_validated,local_unique,0.275,salsa | gravy | alfredo | roux,локально однозначна: другой категории с этими четырьмя словами нет
scandinavian_names__1,scandinavian_names,normal,auto_validated,local_unique,0.385,thor | erik | magnus | elsa,локально однозначна: другой категории с этими четырьмя словами нет
scandinavian_names__2,scandinavian_names,normal,auto_validated,local_unique,0.396,lars | ingrid | odin | sven,локально однозначна: другой категории с этими четырьмя словами нет
scary_sounds__1,scary_sounds,normal,auto_validated,local_unique,0.364,snap | scratch | scream | whisper,локально однозначна: другой категории с этими четырьмя словами нет
scary_sounds__2,scary_sounds,normal,auto_validated,local_unique,0.397,moan | rattle#rattle_sound | howl | growl,локально однозначна: другой категории с этими четырьмя словами нет
scary_sounds__3,scary_sounds,normal,auto_validated,local_unique,0.411,groan | thud | wail | shriek,локально однозначна: другой категории с этими четырьмя словами нет
school_actions__1,school_actions,normal,auto_validated,local_unique,0.21,learn | read | research | review,локально однозначна: другой категории с этими четырьмя словами нет
school_actions__2,school_actions,normal,auto_validated,local_unique,0.213,study | write | grade | teach,локально однозначна: другой категории с этими четырьмя словами нет
school_actions__3,school_actions,normal,auto_validated,local_unique,0.243,spell#spell_letters | submit | calculate | quiz,локально однозначна: другой категории с этими четырьмя словами нет
school_events__1,school_events,normal,auto_validated,local_unique,0.212,open house | picture day | book fair | science fair,локально однозначна: другой категории с этими четырьмя словами нет
school_events__2,school_events,normal,auto_validated,local_unique,0.224,field trip | assembly | talent show | exam,локально однозначна: другой категории с этими четырьмя словами нет
school_events__3,school_events,normal,auto_validated,local_unique,0.248,graduation | orientation | detention | prom,локально однозначна: другой категории с этими четырьмя словами нет
school_jobs__1,school_jobs,normal,auto_validated,local_unique,0.17,coach | professor | secretary#secretary_office | teacher,локально однозначна: другой категории с этими четырьмя словами нет
school_jobs__2,school_jobs,normal,auto_validated,local_unique,0.187,principal | bus driver | lunch lady | dean,локально однозначна: другой категории с этими четырьмя словами нет
school_people__1,school_people,normal,auto_validated,local_unique,0.174,coach | student | teacher | principal,локально однозначна: другой категории с этими четырьмя словами нет
school_people__2,school_people,normal,auto_validated,local_unique,0.193,bus driver | nurse | volunteer | crossing guard,локально однозначна: другой категории с этими четырьмя словами нет
school_places__1,school_places,normal,auto_validated,local_unique,0.136,art room | field | office | stage,локально однозначна: другой категории с этими четырьмя словами нет
school_places__2,school_places,normal,auto_validated,local_unique,0.149,library | bathroom | principal office | gym,локально однозначна: другой категории с этими четырьмя словами нет
school_places__3,school_places,normal,auto_validated,local_unique,0.16,lab | nurse office | computer lab | classroom,локально однозначна: другой категории с этими четырьмя словами нет
school_subjects__1,school_subjects,normal,auto_validated,local_unique,0.105,art | band#band_group | english | health,локально однозначна: другой категории с этими четырьмя словами нет
school_subjects__2,school_subjects,normal,auto_validated,local_unique,0.105,history | music | science | shop,локально однозначна: другой категории с этими четырьмя словами нет
school_subjects__3,school_subjects,normal,auto_validated,local_unique,0.114,computer science | spanish | drama | literature,локально однозначна: другой категории с этими четырьмя словами нет
school_supplies__1,school_supplies,normal,auto_validated,local_unique,0.12,paper | index card | tape | pen#pen_writing,локально однозначна: другой категории с этими четырьмя словами нет
school_supplies__2,school_supplies,normal,auto_validated,local_unique,0.146,pencil | pencil case | marker | ruler,локально однозначна: другой категории с этими четырьмя словами нет
school_supplies__3,school_supplies,normal,auto_validated,local_unique,0.151,glue | backpack | textbook | compass,локально однозначна: другой категории с этими четырьмя словами нет
science_fair__1,science_fair,normal,auto_validated,local_unique,,poster | beaker | hypothesis | volcanoes,локально однозначна: другой категории с этими четырьмя словами нет
science_fiction_space__1,science_fiction_space,normal,auto_validated,local_unique,0.305,force field | ray gun | android | alien,локально однозначна: другой категории с этими четырьмя словами нет
science_fiction_space__2,science_fiction_space,normal,auto_validated,local_unique,0.325,galaxy | laser | colony | warp,локально однозначна: другой категории с этими четырьмя словами нет
science_fiction_space__3,science_fiction_space,normal,auto_validated,local_unique,0.364,starship | cyborg | teleport | wormhole,локально однозначна: другой категории с этими четырьмя словами нет
science_fields__1,science_fields,normal,auto_validated,local_unique,0.229,medicine | physics | chemistry | psychology,локально однозначна: другой категории с этими четырьмя словами нет
science_fields__2,science_fields,normal,auto_validated,local_unique,0.249,biology | anatomy | genetics | ecology,локально однозначна: другой категории с этими четырьмя словами нет
science_fields__3,science_fields,normal,auto_validated,local_unique,0.262,geology | astronomy | archaeology | robotics,локально однозначна: другой категории с этими четырьмя словами нет
science_jobs__1,science_jobs,normal,auto_validated,local_unique,0.251,engineer | researcher | lab technician | chemist,локально однозначна: другой категории с этими четырьмя словами нет
science_jobs__2,science_jobs,normal,auto_validated,local_unique,0.276,physicist | biologist | geologist | astronomer,локально однозначна: другой категории с этими четырьмя словами нет
science_jobs__3,science_jobs,normal,auto_validated,local_unique,0.29,archaeologist | meteorologist | botanist | statistician,локально однозначна: другой категории с этими четырьмя словами нет
scientists__1,scientists,normal,auto_validated,local_unique,0.297,newton | darwin | einstein | fleming,локально однозначна: другой категории с этими четырьмя словами нет
scientists__2,scientists,normal,auto_validated,local_unique,0.322,hawking | galileo | kepler | faraday,локально однозначна: другой категории с этими четырьмя словами нет
scientists__3,scientists,normal,auto_validated,local_unique,0.336,curie | pasteur | mendel | copernicus,локально однозначна: другой категории с этими четырьмя словами нет
scrapbooking__1,scrapbooking,normal,auto_validated,local_unique,0.506,stickers | cutouts | keepsake | laminate,локально однозначна: другой категории с этими четырьмя словами нет
screens__1,screens,normal,auto_validated,local_unique,0.211,phone | watch#watch_object | camera | television,локально однозначна: другой категории с этими четырьмя словами нет
screens__2,screens,normal,auto_validated,local_unique,0.237,monitor#monitor_screen | e-reader | laptop | console,локально однозначна: другой категории с этими четырьмя словами нет
screens__3,screens,normal,auto_validated,local_unique,0.249,gps | tablet | atm | microwave,локально однозначна: другой категории с этими четырьмя словами нет
sculptors_studio__1,sculptors_studio,normal,auto_validated,local_unique,0.512,mould | pedestal | figurine | plinth,локально однозначна: другой категории с этими четырьмя словами нет
sculpture_materials__1,sculpture_materials,normal,auto_validated,local_unique,0.261,ice | glass | metal | stone,локально однозначна: другой категории с этими четырьмя словами нет
sculpture_materials__2,sculpture_materials,normal,auto_validated,local_unique,0.276,wood | concrete | sand | clay,локально однозначна: другой категории с этими четырьмя словами нет
sculpture_materials__3,sculpture_materials,normal,auto_validated,local_unique,0.296,bronze | marble#marble_stone | wax#wax_substance | granite,локально однозначна: другой категории с этими четырьмя словами нет
sea_jobs__1,sea_jobs,normal,auto_validated,local_unique,0.288,captain | pilot | sailor | fisherman,локально однозначна: другой категории с этими четырьмя словами нет
sea_jobs__2,sea_jobs,normal,auto_validated,local_unique,0.325,oyster farmer | diver | navigator | lifeguard,локально однозначна: другой категории с этими четырьмя словами нет
sea_mammals__1,sea_mammals,normal,auto_validated,local_unique,0.236,seal#seal_animal | sea lion | whale | blue whale,локально однозначна: другой категории с этими четырьмя словами нет
sea_mammals__2,sea_mammals,normal,auto_validated,local_unique,0.272,dolphin | otter | walrus | orca,локально однозначна: другой категории с этими четырьмя словами нет
sea_mammals__3,sea_mammals,normal,auto_validated,local_unique,0.293,humpback | manatee | beluga | porpoise,локально однозначна: другой категории с этими четырьмя словами нет
sea_myths__1,sea_myths,normal,auto_validated,local_unique,0.337,sea monster | ghost ship | mermaid | sea serpent,локально однозначна: другой категории с этими четырьмя словами нет
sea_myths__2,sea_myths,normal,auto_validated,local_unique,0.366,siren#siren_myth | davy jones | leviathan | flying dutchman,локально однозначна: другой категории с этими четырьмя словами нет
sea_shore_things__1,sea_shore_things,normal,auto_validated,local_unique,0.167,wave#wave_water | sand | shell | tide,локально однозначна: другой категории с этими четырьмя словами нет
sea_shore_things__2,sea_shore_things,normal,auto_validated,local_unique,0.186,cooler | towel | umbrella | crab,локально однозначна: другой категории с этими четырьмя словами нет
sea_shore_things__3,sea_shore_things,normal,auto_validated,local_unique,0.21,pebble | boardwalk | dune | sunscreen,локально однозначна: другой категории с этими четырьмя словами нет
sea_weather__1,sea_weather,normal,auto_validated,local_unique,0.311,current#current_water | calm#calm_sea | rough | spray,локально однозначна: другой категории с этими четырьмя словами нет
sea_weather__2,sea_weather,normal,auto_validated,local_unique,0.339,tide | fog | chop | swell,локально однозначна: другой категории с этими четырьмя словами нет
sea_weather__3,sea_weather,normal,auto_validated,local_unique,0.365,gale | breaker | choppy | squall,локально однозначна: другой категории с этими четырьмя словами нет
seabirds__1,seabirds,normal,auto_validated,local_unique,0.326,heron | pelican | seagull | booby,локально однозначна: другой категории с этими четырьмя словами нет
seabirds__2,seabirds,normal,auto_validated,local_unique,0.336,albatross | osprey | tern | puffin,локально однозначна: другой категории с этими четырьмя словами нет
seabirds__3,seabirds,normal,auto_validated,local_unique,0.356,sandpiper | cormorant | gannet | petrel,локально однозначна: другой категории с этими четырьмя словами нет
seafood__1,seafood,normal,auto_validated,local_unique,0.227,salmon | cod | shrimp | trout,локально однозначна: другой категории с этими четырьмя словами нет
seafood__2,seafood,normal,auto_validated,local_unique,0.237,crab | lobster | tuna | herring,локально однозначна: другой категории с этими четырьмя словами нет
seafood__3,seafood,normal,auto_validated,local_unique,0.244,oyster | octopus | squid | catfish,локально однозначна: другой категории с этими четырьмя словами нет
seals_and_walruses__1,seals_and_walruses,normal,auto_validated,local_unique,0.368,sea lion | harbor seal | elephant seal | fur seal,локально однозначна: другой категории с этими четырьмя словами нет
seals_and_walruses__2,seals_and_walruses,normal,auto_validated,local_unique,0.391,monk seal | leopard seal | harp seal | walrus,локально однозначна: другой категории с этими четырьмя словами нет
seas_and_oceans__1,seas_and_oceans,normal,auto_validated,local_unique,0.251,black sea | north sea | red sea | dead sea,локально однозначна: другой категории с этими четырьмя словами нет
seas_and_oceans__2,seas_and_oceans,normal,auto_validated,local_unique,0.282,yellow sea | caribbean | mediterranean | coral sea,локально однозначна: другой категории с этими четырьмя словами нет
seas_and_oceans__3,seas_and_oceans,normal,auto_validated,local_unique,0.317,baltic | arabian sea | caspian | adriatic,локально однозначна: другой категории с этими четырьмя словами нет
seasons__1,seasons,normal,auto_validated,local_unique,0.099,fall | spring#spring_season | summer | winter,локально однозначна: другой категории с этими четырьмя словами нет
seasons_and_nature__1,seasons_and_nature,normal,auto_validated,local_unique,0.259,shed | bud | harvest | frost,локально однозначна: другой категории с этими четырьмя словами нет
seasons_and_nature__2,seasons_and_nature,normal,auto_validated,local_unique,0.274,bloom | sunrise | blossom | migrate,локально однозначна: другой категории с этими четырьмя словами нет
seasons_and_nature__3,seasons_and_nature,normal,auto_validated,local_unique,0.293,foliage | snowfall | thaw | solstice,локально однозначна: другой категории с этими четырьмя словами нет
seasons_fall__1,seasons_fall,normal,auto_validated,local_unique,0.208,leaf | harvest | pumpkin | sweater,локально однозначна: другой категории с этими четырьмя словами нет
seasons_fall__2,seasons_fall,normal,auto_validated,local_unique,0.228,squash#squash_vegetable | apple cider | chestnut | foliage,локально однозначна: другой категории с этими четырьмя словами нет
seasons_fall__3,seasons_fall,normal,auto_validated,local_unique,0.238,rake | bonfire | acorn | scarecrow,локально однозначна: другой категории с этими четырьмя словами нет
seasons_spring__1,seasons_spring,normal,auto_validated,local_unique,0.234,rain | robin | mud | bee,локально однозначна: другой категории с этими четырьмя словами нет
seasons_spring__2,seasons_spring,normal,auto_validated,local_unique,0.243,bud | chick | nest | rainbow,локально однозначна: другой категории с этими четырьмя словами нет
seasons_spring__3,seasons_spring,normal,auto_validated,local_unique,0.256,lamb | umbrella | blossom | kite#kite_toy,локально однозначна: другой категории с этими четырьмя словами нет
seasons_summer__1,seasons_summer,normal,auto_validated,local_unique,0.173,beach | fan#fan_device | camp | pool,локально однозначна: другой категории с этими четырьмя словами нет
seasons_summer__2,seasons_summer,normal,auto_validated,local_unique,0.218,vacation | barbecue | sandals | lemonade,локально однозначна: другой категории с этими четырьмя словами нет
seasons_summer__3,seasons_summer,normal,auto_validated,local_unique,0.238,watermelon | sunscreen | firefly | hammock,локально однозначна: другой категории с этими четырьмя словами нет
seasons_winter__1,seasons_winter,normal,auto_validated,local_unique,0.196,snow | boot#boot_shoe | ski | blanket,локально однозначна: другой категории с этими четырьмя словами нет
seasons_winter__2,seasons_winter,normal,auto_validated,local_unique,0.217,frost | skate | scarf | hot cocoa,локально однозначна: другой категории с этими четырьмя словами нет
seasons_winter__3,seasons_winter,normal,auto_validated,local_unique,0.229,fireplace | blizzard | shovel | sled,локально однозначна: другой категории с этими четырьмя словами нет
security_tech__1,security_tech,normal,auto_validated,local_unique,0.26,safe | camera | lock | monitor#monitor_screen,локально однозначна: другой категории с этими четырьмя словами нет
security_tech__2,security_tech,normal,auto_validated,local_unique,0.282,alarm | fence | badge | sensor,локально однозначна: другой категории с этими четырьмя словами нет
security_tech__3,security_tech,normal,auto_validated,local_unique,0.314,motion detector | siren#siren_device | buzzer | keypad,локально однозначна: другой категории с этими четырьмя словами нет
seeds_and_bulbs__1,seeds_and_bulbs,normal,auto_validated,local_unique,0.287,cutting | seed | pit | bulb,локально однозначна: другой категории с этими четырьмя словами нет
seeds_and_bulbs__2,seeds_and_bulbs,normal,auto_validated,local_unique,0.329,kernel | sprout | acorn | spore,локально однозначна: другой категории с этими четырьмя словами нет
seeds_and_bulbs__3,seeds_and_bulbs,normal,auto_validated,local_unique,0.349,clove | seedling | tuber | sapling,локально однозначна: другой категории с этими четырьмя словами нет
seismology__1,seismology,normal,auto_validated,local_unique,0.537,magnitude | tectonic | aftershock | epicenter,локально однозначна: другой категории с этими четырьмя словами нет
self_care__1,self_care,normal,auto_validated,local_unique,0.394,massage | skincare | spa | manicure,локально однозначна: другой категории с этими четырьмя словами нет
self_defense_moves__1,self_defense_moves,normal,auto_validated,local_unique,0.345,throw | roll#roll_turn | kick | strike#strike_hit,локально однозначна: другой категории с этими четырьмя словами нет
self_defense_moves__2,self_defense_moves,normal,auto_validated,local_unique,0.361,escape | grab release | knee | palm strike,локально однозначна: другой категории с этими четырьмя словами нет
senses_and_perception__1,senses_and_perception,normal,auto_validated,local_unique,0.196,pain | pressure | touch | hearing,локально однозначна: другой категории с этими четырьмя словами нет
senses_and_perception__2,senses_and_perception,normal,auto_validated,local_unique,0.205,balance | taste | temperature | sight,локально однозначна: другой категории с этими четырьмя словами нет
senses_and_perception__3,senses_and_perception,normal,auto_validated,local_unique,0.236,smell | hunger | thirst | itch,локально однозначна: другой категории с этими четырьмя словами нет
set_sail__1,set_sail,normal,auto_validated,local_unique,0.475,helm | mast | jib | spinnaker,локально однозначна: другой категории с этими четырьмя словами нет
sewing_and_repair__1,sewing_and_repair,normal,auto_validated,local_unique,0.241,level | tape | wire | screw,локально однозначна: другой категории с этими четырьмя словами нет
sewing_and_repair__2,sewing_and_repair,normal,auto_validated,local_unique,0.256,nail#nail_metal | patch | hammer | bolt,локально однозначна: другой категории с этими четырьмя словами нет
sewing_and_repair__3,sewing_and_repair,normal,auto_validated,local_unique,0.279,bracket | glue | wrench | washer,локально однозначна: другой категории с этими четырьмя словами нет
sewing_patterns__1,sewing_patterns,normal,auto_validated,local_unique,0.323,panel | pocket | collar | trim#trim_edging,локально однозначна: другой категории с этими четырьмя словами нет
sewing_patterns__2,sewing_patterns,normal,auto_validated,local_unique,0.353,lining | dart#dart_sew | cuff | yoke,локально однозначна: другой категории с этими четырьмя словами нет
sewing_patterns__3,sewing_patterns,normal,auto_validated,local_unique,0.371,seam | hem | ruffle | lapel,локально однозначна: другой категории с этими четырьмя словами нет
sewing_supplies__1,sewing_supplies,normal,auto_validated,local_unique,0.227,button#button_clothing | pattern | thread | hook#hook_fastener,локально однозначна: другой категории с этими четырьмя словами нет
sewing_supplies__2,sewing_supplies,normal,auto_validated,local_unique,0.237,pin#pin_fastener | tape measure | snap | patch,локально однозначна: другой категории с этими четырьмя словами нет
sewing_supplies__3,sewing_supplies,normal,auto_validated,local_unique,0.259,needle#needle_sewing | elastic | yarn | scissors,локально однозначна: другой категории с этими четырьмя словами нет
sewing_words__1,sewing_words,normal,auto_validated,local_unique,0.288,pattern | thread | pin#pin_fastener | alter,локально однозначна: другой категории с этими четырьмя словами нет
sewing_words__2,sewing_words,normal,auto_validated,local_unique,0.311,needle#needle_sewing | lining | stitch | tuck,локально однозначна: другой категории с этими четырьмя словами нет
sewing_words__3,sewing_words,normal,auto_validated,local_unique,0.323,dart#dart_sew | cuff | seam | yarn,локально однозначна: другой категории с этими четырьмя словами нет
shakespeare_plays__1,shakespeare_plays,normal,auto_validated,local_unique,0.314,as you like it | richard iii | merchant of venice | hamlet,локально однозначна: другой категории с этими четырьмя словами нет
shakespeare_plays__2,shakespeare_plays,normal,auto_validated,local_unique,0.345,twelfth night | julius caesar | romeo and juliet | macbeth,локально однозначна: другой категории с этими четырьмя словами нет
shakespeare_plays__3,shakespeare_plays,normal,auto_validated,local_unique,0.353,tempest | king lear | much ado | midsummer night,локально однозначна: другой категории с этими четырьмя словами нет
shape_adjectives__1,shape_adjectives,normal,auto_validated,local_unique,0.251,round#round_shape | straight | wide | square,локально однозначна: другой категории с этими четырьмя словами нет
shape_adjectives__2,shape_adjectives,normal,auto_validated,local_unique,0.265,flat | thin | pointed | thick,локально однозначна: другой категории с этими четырьмя словами нет
shape_adjectives__3,shape_adjectives,normal,auto_validated,local_unique,0.279,smooth | narrow | bent | oval,локально однозначна: другой категории с этими четырьмя словами нет
shapes__1,shapes,normal,auto_validated,local_unique,0.103,heart#heart_shape | star#star_shape | square | circle,локально однозначна: другой категории с этими четырьмя словами нет
shapes__2,shapes,normal,auto_validated,local_unique,0.132,diamond#diamond_shape | arch#arch_structure | cylinder | oval,локально однозначна: другой категории с этими четырьмя словами нет
shapes__3,shapes,normal,auto_validated,local_unique,0.141,sphere | triangle | cone | cube,локально однозначна: другой категории с этими четырьмя словами нет
sharks_and_rays__1,sharks_and_rays,normal,auto_validated,local_unique,0.28,great white | nurse shark | bull shark | tiger shark,локально однозначна: другой категории с этими четырьмя словами нет
sharks_and_rays__2,sharks_and_rays,normal,auto_validated,local_unique,0.315,whale shark | reef shark | mako | stingray,локально однозначна: другой категории с этими четырьмя словами нет
shellfish__1,shellfish,normal,auto_validated,local_unique,0.258,shrimp | crab | snail | lobster,локально однозначна: другой категории с этими четырьмя словами нет
shellfish__2,shellfish,normal,auto_validated,local_unique,0.284,oyster | clam | prawn | mussel,локально однозначна: другой категории с этими четырьмя словами нет
shellfish__3,shellfish,normal,auto_validated,local_unique,0.302,scallop | abalone | crawfish | barnacle,локально однозначна: другой категории с этими четырьмя словами нет
shells__1,shells,normal,auto_validated,local_unique,0.344,sand dollar | olive shell | oyster | clam,локально однозначна: другой категории с этими четырьмя словами нет
shells__2,shells,normal,auto_validated,local_unique,0.382,nautilus | conch | auger | mussel,локально однозначна: другой категории с этими четырьмя словами нет
shiny_things__1,shiny_things,normal,auto_validated,local_unique,0.266,gold | ice | star#star_space | glass,локально однозначна: другой категории с этими четырьмя словами нет
shiny_things__2,shiny_things,normal,auto_validated,local_unique,0.281,silver | mirror | diamond#diamond_gem | polish#polish_verb,локально однозначна: другой категории с этими четырьмя словами нет
shiny_things__3,shiny_things,normal,auto_validated,local_unique,0.301,blade | coin | chrome | foil,локально однозначна: другой категории с этими четырьмя словами нет
shoe_parts__1,shoe_parts,normal,auto_validated,local_unique,0.281,upper | tongue | sole#sole_shoe | toe,локально однозначна: другой категории с этими четырьмя словами нет
shoe_parts__2,shoe_parts,normal,auto_validated,local_unique,0.301,arch#arch_foot | heel | lace | strap,локально однозначна: другой категории с этими четырьмя словами нет
shoe_parts__3,shoe_parts,normal,auto_validated,local_unique,0.32,cushion | tread | buckle | shank,локально однозначна: другой категории с этими четырьмя словами нет
shoe_styles__1,shoe_styles,normal,auto_validated,local_unique,0.231,flat | platform | oxford | pump,локально однозначна: другой категории с этими четырьмя словами нет
shoe_styles__2,shoe_styles,normal,auto_validated,local_unique,0.262,boot#boot_shoe | heel | wedge | mule,локально однозначна: другой категории с этими четырьмя словами нет
shopping_words__1,shopping_words,normal,auto_validated,local_unique,0.174,price | sale | bag | register,локально однозначна: другой категории с этими четырьмя словами нет
shopping_words__2,shopping_words,normal,auto_validated,local_unique,0.198,tag#tag_label | discount | basket | shelf#shelf_furniture,локально однозначна: другой категории с этими четырьмя словами нет
shopping_words__3,shopping_words,normal,auto_validated,local_unique,0.208,cart | clearance | refund | receipt,локально однозначна: другой категории с этими четырьмя словами нет
short_names__1,short_names,normal,auto_validated,local_unique,0.29,george | hope | james | john,локально однозначна: другой категории с этими четырьмя словами нет
short_names__2,short_names,normal,auto_validated,local_unique,0.291,mark | paul | faith | jack#jack_name,локально однозначна: другой категории с этими четырьмя словами нет
short_names__3,short_names,normal,auto_validated,local_unique,0.305,scott | grace | luke | dean,локально однозначна: другой категории с этими четырьмя словами нет
shrubs__1,shrubs,normal,auto_validated,local_unique,0.337,rose#rose_flower | holly | hedge | juniper,локально однозначна: другой категории с этими четырьмя словами нет
shrubs__2,shrubs,normal,auto_validated,local_unique,0.383,lilac | azalea | rhododendron | hydrangea,локально однозначна: другой категории с этими четырьмя словами нет
signals_and_codes__1,signals_and_codes,normal,auto_validated,local_unique,0.319,sign language | smoke signal | flag signal | telegraph,локально однозначна: другой категории с этими четырьмя словами нет
signals_and_codes__2,signals_and_codes,normal,auto_validated,local_unique,0.359,beacon | morse code | cipher | qr code,локально однозначна: другой категории с этими четырьмя словами нет
silverware__1,silverware,normal,auto_validated,local_unique,0.169,knife | butter knife | fork | spoon,локально однозначна: другой категории с этими четырьмя словами нет
silverware__2,silverware,normal,auto_validated,local_unique,0.186,serving spoon | salad fork | soup spoon | carving knife,локально однозначна: другой категории с этими четырьмя словами нет
silverware__3,silverware,normal,auto_validated,local_unique,0.216,teaspoon | chopsticks | tongs | ladle,локально однозначна: другой категории с этими четырьмя словами нет
singing_voices__1,singing_voices,normal,auto_validated,local_unique,0.319,solo | alto | choir | soprano,локально однозначна: другой категории с этими четырьмя словами нет
skate_park__1,skate_park,normal,auto_validated,local_unique,0.531,kicker | vert | griptape | halfpipe,локально однозначна: другой категории с этими четырьмя словами нет
skateboarding__1,skateboarding,normal,auto_validated,local_unique,0.313,bowl | nose | deck | rail,локально однозначна: другой категории с этими четырьмя словами нет
skateboarding__2,skateboarding,normal,auto_validated,local_unique,0.326,wheels | bearing | trucks | helmet,локально однозначна: другой категории с этими четырьмя словами нет
skateboarding__3,skateboarding,normal,auto_validated,local_unique,0.343,grind | grip tape | ramp | ollie,локально однозначна: другой категории с этими четырьмя словами нет
skiing_words__1,skiing_words,normal,auto_validated,local_unique,0.271,lift | black diamond | boots | trail map,локально однозначна: другой категории с этими четырьмя словами нет
skiing_words__2,skiing_words,normal,auto_validated,local_unique,0.286,powder | lodge | slope | poles,локально однозначна: другой категории с этими четырьмя словами нет
skiing_words__3,skiing_words,normal,auto_validated,local_unique,0.33,goggles | gondola | bindings | moguls,локально однозначна: другой категории с этими четырьмя словами нет
sleep_and_rest__1,sleep_and_rest,normal,auto_validated,local_unique,0.264,dream | rest#rest_sleep | alarm | nightmare,локально однозначна: другой категории с этими четырьмя словами нет
sleep_and_rest__2,sleep_and_rest,normal,auto_validated,local_unique,0.297,pillow | nap | mattress | bedtime,локально однозначна: другой категории с этими четырьмя словами нет
sleep_and_rest__3,sleep_and_rest,normal,auto_validated,local_unique,0.321,insomnia | lullaby | slumber | yawn,локально однозначна: другой категории с этими четырьмя словами нет
sleeping_actions__1,sleeping_actions,normal,auto_validated,local_unique,0.256,dream | rest#rest_sleep | turn | stretch,локально однозначна: другой категории с этими четырьмя словами нет
sleeping_actions__2,sleeping_actions,normal,auto_validated,local_unique,0.299,toss | drift off | nap | slumber,локально однозначна: другой категории с этими четырьмя словами нет
sleepwear__1,sleepwear,normal,auto_validated,local_unique,0.217,sleep mask | lounge pants | robe | boxers,локально однозначна: другой категории с этими четырьмя словами нет
sleepwear__2,sleepwear,normal,auto_validated,local_unique,0.248,slippers | pajamas | onesie | nightgown,локально однозначна: другой категории с этими четырьмя словами нет
slow_things__1,slow_things,normal,auto_validated,local_unique,0.294,traffic | parade | turtle | tractor,локально однозначна: другой категории с этими четырьмя словами нет
slow_things__2,slow_things,normal,auto_validated,local_unique,0.318,worm | snail | glacier | caterpillar,локально однозначна: другой категории с этими четырьмя словами нет
slow_things__3,slow_things,normal,auto_validated,local_unique,0.336,slug | tortoise | sloth | molasses,локально однозначна: другой категории с этими четырьмя словами нет
smell_words__1,smell_words,normal,auto_validated,local_unique,0.312,sweet | fresh#fresh_scent | sour | spicy,локально однозначна: другой категории с этими четырьмя словами нет
smell_words__2,smell_words,normal,auto_validated,local_unique,0.35,floral | stale | smoky | fragrant,локально однозначна: другой категории с этими четырьмя словами нет
smell_words__3,smell_words,normal,auto_validated,local_unique,0.372,earthy | pungent | musty | rancid,локально однозначна: другой категории с этими четырьмя словами нет
smelly_things__1,smelly_things,normal,auto_validated,local_unique,0.321,fish | smoke | cheese | garlic,локально однозначна: другой категории с этими четырьмя словами нет
smelly_things__2,smelly_things,normal,auto_validated,local_unique,0.35,onion | gasoline | perfume | vinegar,локально однозначна: другой категории с этими четырьмя словами нет
smelly_things__3,smelly_things,normal,auto_validated,local_unique,0.369,bleach | ammonia | incense | manure,локально однозначна: другой категории с этими четырьмя словами нет
snack_brands__1,snack_brands,normal,auto_validated,local_unique,0.307,lays | goldfish | ritz | oreo,локально однозначна: другой категории с этими четырьмя словами нет
snack_brands__2,snack_brands,normal,auto_validated,local_unique,0.329,doritos | cheetos | chips ahoy | wheat thins,локально однозначна: другой категории с этими четырьмя словами нет
snack_brands__3,snack_brands,normal,auto_validated,local_unique,0.35,pringles | nabisco | fritos | keebler,локально однозначна: другой категории с этими четырьмя словами нет
snack_foods__1,snack_foods,normal,auto_validated,local_unique,0.17,cheese stick | nuts | trail mix | rice cake,локально однозначна: другой категории с этими четырьмя словами нет
snack_foods__2,snack_foods,normal,auto_validated,local_unique,0.179,chips | candy bar | cookie | fruit snack,локально однозначна: другой категории с этими четырьмя словами нет
snack_foods__3,snack_foods,normal,auto_validated,local_unique,0.204,popcorn | yogurt | muffin | jerky,локально однозначна: другой категории с этими четырьмя словами нет
snakes__1,snakes,normal,auto_validated,local_unique,0.255,king snake | python | coral snake | cobra,локально однозначна: другой категории с этими четырьмя словами нет
snakes__2,snakes,normal,auto_validated,local_unique,0.283,viper | boa | anaconda | garter,локально однозначна: другой категории с этими четырьмя словами нет
snakes__3,snakes,normal,auto_validated,local_unique,0.301,rattlesnake | adder | mamba | sidewinder,локально однозначна: другой категории с этими четырьмя словами нет
soccer_words__1,soccer_words,normal,auto_validated,local_unique,0.219,goal | red card | throw in | net,локально однозначна: другой категории с этими четырьмя словами нет
soccer_words__2,soccer_words,normal,auto_validated,local_unique,0.231,free kick | yellow card | penalty | corner kick,локально однозначна: другой категории с этими четырьмя словами нет
soccer_words__3,soccer_words,normal,auto_validated,local_unique,0.244,pitch#pitch_field | assist | defender | striker,локально однозначна: другой категории с этими четырьмя словами нет
social_media_words__1,social_media_words,normal,auto_validated,local_unique,0.21,follow | like | message | post#post_online,локально однозначна: другой категории с этими четырьмя словами нет
social_media_words__2,social_media_words,normal,auto_validated,local_unique,0.213,share | comment | profile | feed,локально однозначна: другой категории с этими четырьмя словами нет
social_media_words__3,social_media_words,normal,auto_validated,local_unique,0.242,thread | filter | viral | hashtag,локально однозначна: другой категории с этими четырьмя словами нет
soda_brands__1,soda_brands,normal,auto_validated,local_unique,0.231,canada dry | crush | dr pepper | coke,локально однозначна: другой категории с этими четырьмя словами нет
soda_brands__2,soda_brands,normal,auto_validated,local_unique,0.268,mountain dew | pepsi | squirt | sprite,локально однозначна: другой категории с этими четырьмя словами нет
soda_brands__3,soda_brands,normal,auto_validated,local_unique,0.318,fanta | schweppes | 7up | sunkist,локально однозначна: другой категории с этими четырьмя словами нет
soft_things__1,soft_things,normal,auto_validated,local_unique,0.288,cloud | sand | cotton | silk,локально однозначна: другой категории с этими четырьмя словами нет
soft_things__2,soft_things,normal,auto_validated,local_unique,0.302,blanket | fur | pillow | wool,локально однозначна: другой категории с этими четырьмя словами нет
soft_things__3,soft_things,normal,auto_validated,local_unique,0.308,moss | dough | teddy bear | foam,локально однозначна: другой категории с этими четырьмя словами нет
soil_words__1,soil_words,normal,auto_validated,local_unique,0.334,sand | clay | erosion | nutrient,локально однозначна: другой категории с этими четырьмя словами нет
soil_words__2,soil_words,normal,auto_validated,local_unique,0.363,fertilizer | acidity | compost | plow,локально однозначна: другой категории с этими четырьмя словами нет
soil_words__3,soil_words,normal,auto_validated,local_unique,0.384,silt | mulch | loam | topsoil,локально однозначна: другой категории с этими четырьмя словами нет
solar_system_words__1,solar_system_words,normal,auto_validated,local_unique,0.259,sun | ring#ring_circle | moon#moon_space | solar wind,локально однозначна: другой категории с этими четырьмя словами нет
solar_system_words__2,solar_system_words,normal,auto_validated,local_unique,0.279,planet | gravity | orbit | eclipse,локально однозначна: другой категории с этими четырьмя словами нет
songbirds__1,songbirds,normal,auto_validated,local_unique,0.336,robin | cardinal#cardinal_bird | swallow#swallow_bird | finch,локально однозначна: другой категории с этими четырьмя словами нет
songbirds__2,songbirds,normal,auto_validated,local_unique,0.362,sparrow | canary | lark | wren,локально однозначна: другой категории с этими четырьмя словами нет
songbirds__3,songbirds,normal,auto_validated,local_unique,0.376,starling | mockingbird | bluebird | thrush,локально однозначна: другой категории с этими четырьмя словами нет
sound_devices__1,sound_devices,normal,auto_validated,local_unique,0.222,radio | record player | speaker | tape deck,локально однозначна: другой категории с этими четырьмя словами нет
sound_devices__2,sound_devices,normal,auto_validated,local_unique,0.265,stereo | microphone | amplifier | headphone,локально однозначна: другой категории с этими четырьмя словами нет
sound_devices__3,sound_devices,normal,auto_validated,local_unique,0.3,turntable | megaphone | walkman | boombox,локально однозначна: другой категории с этими четырьмя словами нет
soup_ingredients__1,soup_ingredients,normal,auto_validated,local_unique,0.237,chicken | cream#cream_dairy | salt | rice,локально однозначна: другой категории с этими четырьмя словами нет
soup_ingredients__2,soup_ingredients,normal,auto_validated,local_unique,0.256,corn | bacon | pepper | ham,локально однозначна: другой категории с этими четырьмя словами нет
soup_ingredients__3,soup_ingredients,normal,auto_validated,local_unique,0.262,potato | bean | garlic | pasta,локально однозначна: другой категории с этими четырьмя словами нет
soups__1,soups,normal,auto_validated,local_unique,0.219,tomato | chili#chili_dish | onion soup | split pea,локально однозначна: другой категории с этими четырьмя словами нет
soups__2,soups,normal,auto_validated,local_unique,0.231,stew | broth | chicken noodle | ramen,локально однозначна: другой категории с этими четырьмя словами нет
soups__3,soups,normal,auto_validated,local_unique,0.257,pho | chowder | miso | gumbo,локально однозначна: другой категории с этими четырьмя словами нет
south_american_cities__1,south_american_cities,normal,auto_validated,local_unique,0.35,santiago | rio de janeiro | buenos aires | caracas,локально однозначна: другой категории с этими четырьмя словами нет
south_american_cities__2,south_american_cities,normal,auto_validated,local_unique,0.367,sao paulo | la paz | bogota | montevideo,локально однозначна: другой категории с этими четырьмя словами нет
south_american_cities__3,south_american_cities,normal,auto_validated,local_unique,0.379,quito | cartagena | medellin | brasilia,локально однозначна: другой категории с этими четырьмя словами нет
southern_cities__1,southern_cities,normal,auto_validated,local_unique,0.22,little rock | mobile | miami | dallas,локально однозначна: другой категории с этими четырьмя словами нет
southern_cities__2,southern_cities,normal,auto_validated,local_unique,0.233,houston | atlanta | austin | new orleans,локально однозначна: другой категории с этими четырьмя словами нет
southern_cities__3,southern_cities,normal,auto_validated,local_unique,0.243,charlotte | birmingham | nashville | tampa,локально однозначна: другой категории с этими четырьмя словами нет
southern_dishes__1,southern_dishes,normal,auto_validated,local_unique,0.254,sweet tea | fried chicken | pulled pork | black eyed peas,локально однозначна: другой категории с этими четырьмя словами нет
southern_dishes__2,southern_dishes,normal,auto_validated,local_unique,0.277,gravy | biscuit | catfish | hush puppy,локально однозначна: другой категории с этими четырьмя словами нет
southern_dishes__3,southern_dishes,normal,auto_validated,local_unique,0.3,grits | pecan pie | cobbler | cornbread,локально однозначна: другой категории с этими четырьмя словами нет
spa_day__1,spa_day,normal,auto_validated,local_unique,0.5,aromatherapy | jacuzzi | masseuse | pampering,локально однозначна: другой категории с этими четырьмя словами нет
space_agencies_and_places__1,space_agencies_and_places,normal,auto_validated,local_unique,0.351,mission control | houston | nasa | kennedy space center,локально однозначна: другой категории с этими четырьмя словами нет
space_agencies_and_places__2,space_agencies_and_places,normal,auto_validated,local_unique,0.383,launch pad | observatory | iss | jet propulsion lab,локально однозначна: другой категории с этими четырьмя словами нет
space_measurements__1,space_measurements,normal,auto_validated,local_unique,0.353,light year | mile | revolution | gravity,локально однозначна: другой категории с этими четырьмя словами нет
space_measurements__2,space_measurements,normal,auto_validated,local_unique,0.38,rotation | orbit | magnitude | astronomical unit,локально однозначна: другой категории с этими четырьмя словами нет
space_objects__1,space_objects,normal,auto_validated,local_unique,0.139,star#star_space | sun | ring#ring_circle | moon#moon_space,локально однозначна: другой категории с этими четырьмя словами нет
space_objects__2,space_objects,normal,auto_validated,local_unique,0.153,planet | black hole | satellite | galaxy,локально однозначна: другой категории с этими четырьмя словами нет
space_objects__3,space_objects,normal,auto_validated,local_unique,0.184,cluster | dwarf planet | comet | asteroid,локально однозначна: другой категории с этими четырьмя словами нет
space_phenomena__1,space_phenomena,normal,auto_validated,local_unique,0.318,black hole | big bang | gravity well | eclipse,локально однозначна: другой категории с этими четырьмя словами нет
space_phenomena__2,space_phenomena,normal,auto_validated,local_unique,0.343,aurora | solar flare | comet tail | meteor shower,локально однозначна: другой категории с этими четырьмя словами нет
space_phenomena__3,space_phenomena,normal,auto_validated,local_unique,0.374,nebula | supernova | sunspot | quasar,локально однозначна: другой категории с этими четырьмя словами нет
space_station__1,space_station,normal,auto_validated,local_unique,0.488,docking | module | airlock | cosmonaut,локально однозначна: другой категории с этими четырьмя словами нет
space_travel__1,space_travel,normal,auto_validated,local_unique,0.218,station#station_place | mission | launch | satellite,локально однозначна: другой категории с этими четырьмя словами нет
space_travel__2,space_travel,normal,auto_validated,local_unique,0.242,rocket | gravity | orbit | module,локально однозначна: другой категории с этими четырьмя словами нет
space_travel__3,space_travel,normal,auto_validated,local_unique,0.256,shuttle | rover | telescope | capsule,локально однозначна: другой категории с этими четырьмя словами нет
spacecraft__1,spacecraft,normal,auto_validated,local_unique,0.313,discovery | columbia | curiosity | pioneer,локально однозначна: другой категории с этими четырьмя словами нет
spacecraft__2,spacecraft,normal,auto_validated,local_unique,0.335,apollo | challenger | viking | atlantis,локально однозначна: другой категории с этими четырьмя словами нет
spacecraft__3,spacecraft,normal,auto_validated,local_unique,0.353,voyager | galileo | juno | hubble,локально однозначна: другой категории с этими четырьмя словами нет
spanish_dishes__1,spanish_dishes,normal,auto_validated,local_unique,0.335,tortilla | tapas | chorizo | paella,локально однозначна: другой категории с этими четырьмя словами нет
spanish_dishes__2,spanish_dishes,normal,auto_validated,local_unique,0.354,sangria | flan | churro | gazpacho,локально однозначна: другой категории с этими четырьмя словами нет
spanish_names__1,spanish_names,normal,auto_validated,local_unique,0.276,diego | maria | jose | antonio,локально однозначна: другой категории с этими четырьмя словами нет
spanish_names__2,spanish_names,normal,auto_validated,local_unique,0.288,carlos | luis | ana | manuel,локально однозначна: другой категории с этими четырьмя словами нет
spanish_names__3,spanish_names,normal,auto_validated,local_unique,0.296,pablo | rosa | miguel | elena,локально однозначна: другой категории с этими четырьмя словами нет
speed_adjectives__1,speed_adjectives,normal,auto_validated,local_unique,0.251,medium | fast | quick | slow,локально однозначна: другой категории с этими четырьмя словами нет
speed_adjectives__2,speed_adjectives,normal,auto_validated,local_unique,0.273,sudden | rapid | steady | turbo,локально однозначна: другой категории с этими четырьмя словами нет
speed_adjectives__3,speed_adjectives,normal,auto_validated,local_unique,0.297,swift | gradual | speedy | creeping,локально однозначна: другой категории с этими четырьмя словами нет
speed_of_time__1,speed_of_time,normal,auto_validated,local_unique,0.305,at once | immediately | quickly | right away,локально однозначна: другой категории с этими четырьмя словами нет
speed_of_time__2,speed_of_time,normal,auto_validated,local_unique,0.329,suddenly | shortly | instantly | promptly,локально однозначна: другой категории с этими четырьмя словами нет
speed_of_time__3,speed_of_time,normal,auto_validated,local_unique,0.366,abruptly | swiftly | hastily | momentarily,локально однозначна: другой категории с этими четырьмя словами нет
spices_and_herbs__1,spices_and_herbs,normal,auto_validated,local_unique,0.261,pepper | bay leaf | ginger#ginger_spice | mint#mint_herb,локально однозначна: другой категории с этими четырьмя словами нет
spices_and_herbs__2,spices_and_herbs,normal,auto_validated,local_unique,0.275,sage#sage_herb | cinnamon | basil | rosemary,локально однозначна: другой категории с этими четырьмя словами нет
spices_and_herbs__3,spices_and_herbs,normal,auto_validated,local_unique,0.296,parsley | saffron | dill | thyme,локально однозначна: другой категории с этими четырьмя словами нет
spiders_and_crawlers__1,spiders_and_crawlers,normal,auto_validated,local_unique,0.286,spider | black widow | wolf spider | tick#tick_bug,локально однозначна: другой категории с этими четырьмя словами нет
spiders_and_crawlers__2,spiders_and_crawlers,normal,auto_validated,local_unique,0.326,scorpion | mite | brown recluse | centipede,локально однозначна: другой категории с этими четырьмя словами нет
sports_actions__1,sports_actions,normal,auto_validated,local_unique,0.211,pass | catch | serve | score#score_points,локально однозначна: другой категории с этими четырьмя словами нет
sports_actions__2,sports_actions,normal,auto_validated,local_unique,0.219,throw | kick | shoot | pitch#pitch_throw_verb,локально однозначна: другой категории с этими четырьмя словами нет
sports_actions__3,sports_actions,normal,auto_validated,local_unique,0.241,swing | tackle | dive | spike,локально однозначна: другой категории с этими четырьмя словами нет
sports_balls__1,sports_balls,normal,auto_validated,local_unique,0.179,football | beach ball | basketball | medicine ball,локально однозначна: другой категории с этими четырьмя словами нет
sports_balls__2,sports_balls,normal,auto_validated,local_unique,0.19,baseball | golf ball | soccer ball | rugby ball,локально однозначна: другой категории с этими четырьмя словами нет
sports_balls__3,sports_balls,normal,auto_validated,local_unique,0.203,cricket ball | tennis ball | bowling ball | volleyball,локально однозначна: другой категории с этими четырьмя словами нет
sports_brands__1,sports_brands,normal,auto_validated,local_unique,0.311,prince | wilson | franklin | bauer,локально однозначна: другой категории с этими четырьмя словами нет
sports_brands__2,sports_brands,normal,auto_validated,local_unique,0.362,easton | spalding | rawlings | callaway,локально однозначна: другой категории с этими четырьмя словами нет
sports_gear_worn__1,sports_gear_worn,normal,auto_validated,local_unique,0.24,cup | mask | helmet | pad,локально однозначна: другой категории с этими четырьмя словами нет
sports_gear_worn__2,sports_gear_worn,normal,auto_validated,local_unique,0.261,wrist guard | knee pad | brace | glove,локально однозначна: другой категории с этими четырьмя словами нет
sports_gear_worn__3,sports_gear_worn,normal,auto_validated,local_unique,0.267,harness | shin guard | chest protector | elbow pad,локально однозначна: другой категории с этими четырьмя словами нет
sports_injuries__1,sports_injuries,normal,auto_validated,local_unique,0.282,tear | pulled muscle | strain | tennis elbow,локально однозначна: другой категории с этими четырьмя словами нет
sports_injuries__2,sports_injuries,normal,auto_validated,local_unique,0.31,fracture | concussion | torn acl | bruise,локально однозначна: другой категории с этими четырьмя словами нет
sports_injuries__3,sports_injuries,normal,auto_validated,local_unique,0.33,whiplash | cramp | dislocation | sprain,локально однозначна: другой категории с этими четырьмя словами нет
sports_jobs__1,sports_jobs,normal,auto_validated,local_unique,0.219,coach | manager | agent | athlete,локально однозначна: другой категории с этими четырьмя словами нет
sports_jobs__2,sports_jobs,normal,auto_validated,local_unique,0.251,trainer | scout | referee | commentator,локально однозначна: другой категории с этими четырьмя словами нет
sports_jobs__3,sports_jobs,normal,auto_validated,local_unique,0.273,mascot | announcer | umpire | statistician,локально однозначна: другой категории с этими четырьмя словами нет
sports_leagues__1,sports_leagues,normal,auto_validated,local_unique,0.282,world cup | world series | tour de france | nfl,локально однозначна: другой категории с этими четырьмя словами нет
sports_leagues__2,sports_leagues,normal,auto_validated,local_unique,0.294,super bowl | olympics | nba | masters,локально однозначна: другой категории с этими четырьмя словами нет
sports_leagues__3,sports_leagues,normal,auto_validated,local_unique,0.313,stanley cup | nhl | kentucky derby | mlb,локально однозначна: другой категории с этими четырьмя словами нет
sports_legends__1,sports_legends,normal,auto_validated,local_unique,0.259,louis | jordan | ali | robinson,локально однозначна: другой категории с этими четырьмя словами нет
sports_legends__2,sports_legends,normal,auto_validated,local_unique,0.285,montana | ruth | owens | chamberlain,локально однозначна: другой категории с этими четырьмя словами нет
sports_legends__3,sports_legends,normal,auto_validated,local_unique,0.323,thorpe | pele | gretzky | nicklaus,локально однозначна: другой категории с этими четырьмя словами нет
sports_officials__1,sports_officials,normal,auto_validated,local_unique,0.269,judge | official | starter | marshal,локально однозначна: другой категории с этими четырьмя словами нет
sports_officials__2,sports_officials,normal,auto_validated,local_unique,0.304,referee | scorer | steward | umpire,локально однозначна: другой категории с этими четырьмя словами нет
sports_scoring__1,sports_scoring,normal,auto_validated,local_unique,0.259,goal | lead#lead_front | loss | point#point_score,локально однозначна: другой категории с этими четырьмя словами нет
sports_scoring__2,sports_scoring,normal,auto_validated,local_unique,0.26,record | title | win | standing,локально однозначна: другой категории с этими четырьмя словами нет
sports_scoring__3,sports_scoring,normal,auto_validated,local_unique,0.27,score#score_points | draw | championship | medal,локально однозначна: другой категории с этими четырьмя словами нет
sports_teams__1,sports_teams,normal,auto_validated,local_unique,0.276,bears | giants | rangers | eagles,локально однозначна: другой категории с этими четырьмя словами нет
sports_teams__2,sports_teams,normal,auto_validated,local_unique,0.286,tigers | cowboys | bulls | yankees,локально однозначна: другой категории с этими четырьмя словами нет
sports_teams__3,sports_teams,normal,auto_validated,local_unique,0.292,cubs | lakers | dodgers | red sox,локально однозначна: другой категории с этими четырьмя словами нет
sports_venues__1,sports_venues,normal,auto_validated,local_unique,0.211,course | field | track | ring#ring_arena,локально однозначна: другой категории с этими четырьмя словами нет
sports_venues__2,sports_venues,normal,auto_validated,local_unique,0.225,pool | stadium | gym | pitch#pitch_field,локально однозначна: другой категории с этими четырьмя словами нет
sports_venues__3,sports_venues,normal,auto_validated,local_unique,0.241,diamond#diamond_field | arena | dome | alley,локально однозначна: другой категории с этими четырьмя словами нет
spotted_and_striped__1,spotted_and_striped,normal,auto_validated,local_unique,0.356,tiger | snake | bee | badger,локально однозначна: другой категории с этими четырьмя словами нет
spotted_and_striped__2,spotted_and_striped,normal,auto_validated,local_unique,0.386,zebra | wasp | raccoon | skunk,локально однозначна: другой категории с этими четырьмя словами нет
spring_season__1,spring_season,normal,auto_validated,local_unique,0.344,rain | nest | puddle | thaw,локально однозначна: другой категории с этими четырьмя словами нет
spy_mission__1,spy_mission,normal,auto_validated,local_unique,0.45,alias | decoy | dossier | infiltrate,локально однозначна: другой категории с этими четырьмя словами нет
spy_words__1,spy_words,normal,auto_validated,local_unique,0.291,code | safe house | mission | agent,локально однозначна: другой категории с этими четырьмя словами нет
spy_words__2,spy_words,normal,auto_validated,local_unique,0.323,tail | bug | surveillance | disguise,локально однозначна: другой категории с этими четырьмя словами нет
spy_words__3,spy_words,normal,auto_validated,local_unique,0.35,mole#mole_spy | alias | informant | dossier,локально однозначна: другой категории с этими четырьмя словами нет
square_things__1,square_things,normal,auto_validated,local_unique,0.277,box | window | picture frame | brick,локально однозначна: другой категории с этими четырьмя словами нет
square_things__2,square_things,normal,auto_validated,local_unique,0.304,stamp#stamp_postage | keyboard key | envelope | sticky note,локально однозначна: другой категории с этими четырьмя словами нет
square_things__3,square_things,normal,auto_validated,local_unique,0.336,tile | waffle | napkin | checkerboard,локально однозначна: другой категории с этими четырьмя словами нет
stargazing__1,stargazing,normal,auto_validated,local_unique,,telescope | comet | stars | eclipse,локально однозначна: другой категории с этими четырьмя словами нет
startup_words__1,startup_words,normal,auto_validated,local_unique,0.328,launch | funding | founder | pitch#pitch_present,локально однозначна: другой категории с этими четырьмя словами нет
startup_words__2,startup_words,normal,auto_validated,local_unique,0.343,equity | seed round | venture | investor,локально однозначна: другой категории с этими четырьмя словами нет
startup_words__3,startup_words,normal,auto_validated,local_unique,0.365,runway | prototype | valuation | incubator,локально однозначна: другой категории с этими четырьмя словами нет
state_capitals__1,state_capitals,normal,auto_validated,local_unique,0.269,boston | atlanta | austin | lincoln,локально однозначна: другой категории с этими четырьмя словами нет
state_capitals__2,state_capitals,normal,auto_validated,local_unique,0.279,denver | phoenix#phoenix_city | madison | richmond,локально однозначна: другой категории с этими четырьмя словами нет
state_capitals__3,state_capitals,normal,auto_validated,local_unique,0.29,columbus | nashville | sacramento | albany,локально однозначна: другой категории с этими четырьмя словами нет
states_of_matter__1,states_of_matter,normal,auto_validated,local_unique,0.209,gas | ice | solid#solid_matter | steam,локально однозначна: другой категории с этими четырьмя словами нет
states_of_matter__2,states_of_matter,normal,auto_validated,local_unique,0.231,crystal | liquid | powder | plasma,локально однозначна: другой категории с этими четырьмя словами нет
states_of_matter__3,states_of_matter,normal,auto_validated,local_unique,0.261,foam | mist | vapor | slush,локально однозначна: другой категории с этими четырьмя словами нет
sticky_things__1,sticky_things,normal,auto_validated,local_unique,0.292,tape | honey | jam | gum#gum_glue,локально однозначна: другой категории с этими четырьмя словами нет
sticky_things__2,sticky_things,normal,auto_validated,local_unique,0.308,paste | wax#wax_substance | glue | syrup,локально однозначна: другой категории с этими четырьмя словами нет
sticky_things__3,sticky_things,normal,auto_validated,local_unique,0.319,tar | resin | sap | caramel,локально однозначна: другой категории с этими четырьмя словами нет
storage_containers__1,storage_containers,normal,auto_validated,local_unique,0.184,box | case#case_box | bag | chest#chest_box,локально однозначна: другой категории с этими четырьмя словами нет
storage_containers__2,storage_containers,normal,auto_validated,local_unique,0.21,bin | barrel | basket | bucket,локально однозначна: другой категории с этими четырьмя словами нет
storage_containers__3,storage_containers,normal,auto_validated,local_unique,0.216,tin#tin_can | trunk#trunk_case | cooler | jar,локально однозначна: другой категории с этими четырьмя словами нет
store_jobs__1,store_jobs,normal,auto_validated,local_unique,0.191,manager | security guard | buyer | clerk,локально однозначна: другой категории с этими четырьмя словами нет
store_jobs__2,store_jobs,normal,auto_validated,local_unique,0.224,barber | tailor | cashier | pharmacist,локально однозначна: другой категории с этими четырьмя словами нет
store_jobs__3,store_jobs,normal,auto_validated,local_unique,0.251,florist | grocer | salesperson | jeweler,локально однозначна: другой категории с этими четырьмя словами нет
store_types__1,store_types,normal,auto_validated,local_unique,0.152,market | gift shop | pet shop | hardware store,локально однозначна: другой категории с этими четырьмя словами нет
store_types__2,store_types,normal,auto_validated,local_unique,0.167,toy store | shoe store | cafe | grocery,локально однозначна: другой категории с этими четырьмя словами нет
store_types__3,store_types,normal,auto_validated,local_unique,0.181,pharmacy | salon | butcher | bakery,локально однозначна: другой категории с этими четырьмя словами нет
storms__1,storms,normal,auto_validated,local_unique,0.24,ice storm | dust storm | hurricane | tornado,локально однозначна: другой категории с этими четырьмя словами нет
storms__2,storms,normal,auto_validated,local_unique,0.265,gale | typhoon | blizzard | cyclone,локально однозначна: другой категории с этими четырьмя словами нет
storms__3,storms,normal,auto_validated,local_unique,0.276,monsoon | tempest | thunderstorm | whirlwind,локально однозначна: другой категории с этими четырьмя словами нет
storybook_characters__1,storybook_characters,normal,auto_validated,local_unique,0.175,king | queen#queen_royal | prince | giant,локально однозначна: другой категории с этими четырьмя словами нет
storybook_characters__2,storybook_characters,normal,auto_validated,local_unique,0.191,princess | dragon | wolf | knight,локально однозначна: другой категории с этими четырьмя словами нет
storybook_characters__3,storybook_characters,normal,auto_validated,local_unique,0.207,witch | fairy | wizard | frog,локально однозначна: другой категории с этими четырьмя словами нет
street_art__1,street_art,normal,auto_validated,local_unique,0.394,graffiti | mural | tagging | stencil,локально однозначна: другой категории с этими четырьмя словами нет
street_food__1,street_food,normal,auto_validated,local_unique,0.239,hot dog | corn dog | cotton candy | popcorn,локально однозначна: другой категории с этими четырьмя словами нет
street_food__2,street_food,normal,auto_validated,local_unique,0.271,taco | roasted nuts | waffle | kebab,локально однозначна: другой категории с этими четырьмя словами нет
street_food__3,street_food,normal,auto_validated,local_unique,0.294,pretzel | crepe | gyro | dumpling,локально однозначна: другой категории с этими четырьмя словами нет
streets_and_roads__1,streets_and_roads,normal,auto_validated,local_unique,0.214,road | street | path | route,локально однозначна: другой категории с этими четырьмя словами нет
streets_and_roads__2,streets_and_roads,normal,auto_validated,local_unique,0.227,lane | highway | trail | avenue,локально однозначна: другой категории с этими четырьмя словами нет
streets_and_roads__3,streets_and_roads,normal,auto_validated,local_unique,0.257,alley | bypass | boulevard | driveway,локально однозначна: другой категории с этими четырьмя словами нет
strength_words__1,strength_words,normal,auto_validated,local_unique,0.256,strong | tough | solid#solid_strong | weak,локально однозначна: другой категории с этими четырьмя словами нет
strength_words__2,strength_words,normal,auto_validated,local_unique,0.288,mighty | delicate | robust | fragile,локально однозначна: другой категории с этими четырьмя словами нет
strength_words__3,strength_words,normal,auto_validated,local_unique,0.31,durable | sturdy | brittle#brittle_property | frail,локально однозначна: другой категории с этими четырьмя словами нет
string_instruments__1,string_instruments,normal,auto_validated,local_unique,0.252,guitar | bass#bass_music | violin | viola,локально однозначна: другой категории с этими четырьмя словами нет
string_instruments__2,string_instruments,normal,auto_validated,local_unique,0.279,fiddle | harp | cello | banjo,локально однозначна: другой категории с этими четырьмя словами нет
string_instruments__3,string_instruments,normal,auto_validated,local_unique,0.301,ukulele | lute | mandolin | harpsichord,локально однозначна: другой категории с этими четырьмя словами нет
striped_things__1,striped_things,normal,auto_validated,local_unique,0.322,road | flag | tiger | prison uniform,локально однозначна: другой категории с этими четырьмя словами нет
striped_things__2,striped_things,normal,auto_validated,local_unique,0.348,bee | referee shirt | ribbon | barber pole,локально однозначна: другой категории с этими четырьмя словами нет
striped_things__3,striped_things,normal,auto_validated,local_unique,0.374,candy cane | zebra | skunk | awning,локально однозначна: другой категории с этими четырьмя словами нет
submarine_duty__1,submarine_duty,normal,auto_validated,local_unique,0.537,ballast | nautical | seabed | submerge,локально однозначна: другой категории с этими четырьмя словами нет
summer_season__1,summer_season,normal,auto_validated,local_unique,0.3,august | beach | heat | july,локально однозначна: другой категории с этими четырьмя словами нет
superheroes__1,superheroes,normal,auto_validated,local_unique,0.177,wonder woman | captain america | iron man | storm,локально однозначна: другой категории с этими четырьмя словами нет
superheroes__2,superheroes,normal,auto_validated,local_unique,0.196,flash | robin | batman | black widow,локально однозначна: другой категории с этими четырьмя словами нет
superheroes__3,superheroes,normal,auto_validated,local_unique,0.214,superman | ant man | hulk | thor,локально однозначна: другой категории с этими четырьмя словами нет
supermarket__1,supermarket,normal,auto_validated,local_unique,0.375,aisle | cart | grocer | trolley,локально однозначна: другой категории с этими четырьмя словами нет
superstition_numbers__1,superstition_numbers,normal,auto_validated,local_unique,0.195,couple | eight | few | five,локально однозначна: другой категории с этими четырьмя словами нет
superstition_numbers__2,superstition_numbers,normal,auto_validated,local_unique,0.195,four | half | million | one,локально однозначна: другой категории с этими четырьмя словами нет
superstition_numbers__3,superstition_numbers,normal,auto_validated,local_unique,0.195,seven | single#single_one | six | ten,локально однозначна: другой категории с этими четырьмя словами нет
superstitions__1,superstitions,normal,auto_validated,local_unique,0.305,cross | black cat | salt | mirror,локально однозначна: другой категории с этими четырьмя словами нет
superstitions__2,superstitions,normal,auto_validated,local_unique,0.326,broken mirror | knock on wood | penny | ladder,локально однозначна: другой категории с этими четырьмя словами нет
superstitions__3,superstitions,normal,auto_validated,local_unique,0.35,rabbit foot | umbrella | four leaf clover | horseshoe,локально однозначна: другой категории с этими четырьмя словами нет
supplements__1,supplements,normal,auto_validated,local_unique,0.369,collagen | vitamin | zinc | biotin,локально однозначна: другой категории с этими четырьмя словами нет
survival_skills__1,survival_skills,normal,auto_validated,local_unique,0.303,fire starting | first aid | fishing | tracking,локально однозначна: другой категории с этими четырьмя словами нет
survival_skills__2,survival_skills,normal,auto_validated,local_unique,0.334,shelter building | navigation | signaling | knot tying,локально однозначна: другой категории с этими четырьмя словами нет
survival_skills__3,survival_skills,normal,auto_validated,local_unique,0.366,trapping | water purification | foraging | orienteering,локально однозначна: другой категории с этими четырьмя словами нет
sushi_bar__1,sushi_bar,normal,auto_validated,local_unique,0.5,bento | maki | sashimi | teriyaki,локально однозначна: другой категории с этими четырьмя словами нет
sweets__1,sweets,normal,auto_validated,local_unique,0.2,brownie | candy | caramel | cookie,локально однозначна: другой категории с этими четырьмя словами нет
swimming_skills__1,swimming_skills,normal,auto_validated,local_unique,0.269,turning | rescue | breathing | stroke#stroke_swim,локально однозначна: другой категории с этими четырьмя словами нет
swimming_skills__2,swimming_skills,normal,auto_validated,local_unique,0.281,jumping | floating | kicking | diving,локально однозначна: другой категории с этими четырьмя словами нет
swimming_skills__3,swimming_skills,normal,auto_validated,local_unique,0.333,gliding | treading | bobbing | backstroke,локально однозначна: другой категории с этими четырьмя словами нет
swimming_strokes__1,swimming_strokes,normal,auto_validated,local_unique,0.269,distance | dive | sprint | butterfly,локально однозначна: другой категории с этими четырьмя словами нет
swimming_strokes__2,swimming_strokes,normal,auto_validated,local_unique,0.298,relay | freestyle | medley | doggy paddle,локально однозначна: другой категории с этими четырьмя словами нет
swimwear__1,swimwear,normal,auto_validated,local_unique,0.188,cover up | one piece | board shorts | swim cap,локально однозначна: другой категории с этими четырьмя словами нет
swimwear__2,swimwear,normal,auto_validated,local_unique,0.226,bikini | rash guard | trunks | goggles,локально однозначна: другой категории с этими четырьмя словами нет
symptoms__1,symptoms,normal,auto_validated,local_unique,0.247,fever | headache | cough | fatigue,локально однозначна: другой категории с этими четырьмя словами нет
symptoms__2,symptoms,normal,auto_validated,local_unique,0.259,sore throat | rash | swelling | congestion,локально однозначна: другой категории с этими четырьмя словами нет
symptoms__3,symptoms,normal,auto_validated,local_unique,0.27,nausea | ache | chills | itching,локально однозначна: другой категории с этими четырьмя словами нет
table_setting__1,table_setting,normal,auto_validated,local_unique,0.231,bowl | cup | glass | fork,локально однозначна: другой категории с этими четырьмя словами нет
table_setting__2,table_setting,normal,auto_validated,local_unique,0.263,knife | napkin | spoon | plate#plate_dish,локально однозначна: другой категории с этими четырьмя словами нет
tailor_words__1,tailor_words,normal,auto_validated,local_unique,0.306,machine | iron#iron_appliance | pattern | thread,локально однозначна: другой категории с этими четырьмя словами нет
tailor_words__2,tailor_words,normal,auto_validated,local_unique,0.331,pin#pin_fastener | tape measure | needle#needle_sewing | chalk#chalk_tailor,локально однозначна: другой категории с этими четырьмя словами нет
tailor_words__3,tailor_words,normal,auto_validated,local_unique,0.371,hem | mannequin | seam ripper | shears,локально однозначна: другой категории с этими четырьмя словами нет
taste_words__1,taste_words,normal,auto_validated,local_unique,0.225,rich | sweet | bitter | mild,локально однозначна: другой категории с этими четырьмя словами нет
taste_words__2,taste_words,normal,auto_validated,local_unique,0.256,sour | spicy | salty | crisp,локально однозначна: другой категории с этими четырьмя словами нет
taste_words__3,taste_words,normal,auto_validated,local_unique,0.271,bland | creamy | hearty | tart,локально однозначна: другой категории с этими четырьмя словами нет
tea_ceremony__1,tea_ceremony,normal,auto_validated,local_unique,0.494,steep | darjeeling | teapot | infuser,локально однозначна: другой категории с этими четырьмя словами нет
team_sports__1,team_sports,normal,auto_validated,local_unique,0.111,football | basketball | baseball | soccer,локально однозначна: другой категории с этими четырьмя словами нет
team_sports__2,team_sports,normal,auto_validated,local_unique,0.12,hockey | rugby | cricket#cricket_sport | field hockey,локально однозначна: другой категории с этими четырьмя словами нет
team_sports__3,team_sports,normal,auto_validated,local_unique,0.146,volleyball | polo | water polo | softball,локально однозначна: другой категории с этими четырьмя словами нет
teas__1,teas,normal,auto_validated,local_unique,0.218,black | green#green_unripe | white#white_food | lemon,локально однозначна: другой категории с этими четырьмя словами нет
teas__2,teas,normal,auto_validated,local_unique,0.253,earl grey | ginger#ginger_spice | mint#mint_herb | jasmine#jasmine_tea,локально однозначна: другой категории с этими четырьмя словами нет
teas__3,teas,normal,auto_validated,local_unique,0.287,herbal | chai | hibiscus | matcha,локально однозначна: другой категории с этими четырьмя словами нет
tech_companies__1,tech_companies,normal,auto_validated,local_unique,0.181,google | apple#apple_company | amazon | microsoft,локально однозначна: другой категории с этими четырьмя словами нет
tech_companies__2,tech_companies,normal,auto_validated,local_unique,0.201,netflix | sony | samsung | nintendo,локально однозначна: другой категории с этими четырьмя словами нет
tech_companies__3,tech_companies,normal,auto_validated,local_unique,0.209,intel | uber | ibm | zoom,локально однозначна: другой категории с этими четырьмя словами нет
telescope_words__1,telescope_words,normal,auto_validated,local_unique,0.311,focus#focus_lens | mirror | mount | filter,локально однозначна: другой категории с этими четырьмя словами нет
telescope_words__2,telescope_words,normal,auto_validated,local_unique,0.341,lens | dome | observatory | aperture,локально однозначна: другой категории с этими четырьмя словами нет
telescope_words__3,telescope_words,normal,auto_validated,local_unique,0.369,finder | tripod | reflector | magnification,локально однозначна: другой категории с этими четырьмя словами нет
temperature_feel__1,temperature_feel,normal,auto_validated,local_unique,0.254,cold#cold_temperature | hard | warm | soft,локально однозначна: другой категории с этими четырьмя словами нет
temperature_feel__2,temperature_feel,normal,auto_validated,local_unique,0.275,rough | sharp | smooth | sticky,локально однозначна: другой категории с этими четырьмя словами нет
temperature_feel__3,temperature_feel,normal,auto_validated,local_unique,0.306,fuzzy | damp | slippery | silky,локально однозначна: другой категории с этими четырьмя словами нет
temperature_words__1,temperature_words,normal,auto_validated,local_unique,0.212,cold#cold_temperature | cool | hot#hot_temperature | warm,локально однозначна: другой категории с этими четырьмя словами нет
temperature_words__2,temperature_words,normal,auto_validated,local_unique,0.252,mild | freezing | boiling | icy,локально однозначна: другой категории с этими четырьмя словами нет
temperature_words__3,temperature_words,normal,auto_validated,local_unique,0.275,chilly | blazing | frosty | lukewarm,локально однозначна: другой категории с этими четырьмя словами нет
tennis_words__1,tennis_words,normal,auto_validated,local_unique,0.216,court#court_sport | love | match point | set#set_tennis,локально однозначна: другой категории с этими четырьмя словами нет
tennis_words__2,tennis_words,normal,auto_validated,local_unique,0.227,serve | net | fault | rally,локально однозначна: другой категории с этими четырьмя словами нет
tennis_words__3,tennis_words,normal,auto_validated,local_unique,0.268,ace | baseline | umpire | racket,локально однозначна: другой категории с этими четырьмя словами нет
testing_words__1,testing_words,normal,auto_validated,local_unique,0.252,final | open book | short answer | multiple choice,локально однозначна: другой категории с этими четырьмя словами нет
testing_words__2,testing_words,normal,auto_validated,local_unique,0.271,true false | practical | oral | essay,локально однозначна: другой категории с этими четырьмя словами нет
testing_words__3,testing_words,normal,auto_validated,local_unique,0.292,matching | fill in the blank | pop quiz | timed,локально однозначна: другой категории с этими четырьмя словами нет
textures__1,textures,normal,auto_validated,local_unique,0.328,rough | smooth | sticky | polished,локально однозначна: другой категории с этими четырьмя словами нет
textures__2,textures,normal,auto_validated,local_unique,0.35,slick | fuzzy | matte | glossy,локально однозначна: другой категории с этими четырьмя словами нет
textures__3,textures,normal,auto_validated,local_unique,0.364,coarse | silky | bumpy | prickly,локально однозначна: другой категории с этими четырьмя словами нет
thanksgiving_foods__1,thanksgiving_foods,normal,auto_validated,local_unique,0.22,turkey#turkey_meat | rolls | corn | pie,локально однозначна: другой категории с этими четырьмя словами нет
thanksgiving_foods__2,thanksgiving_foods,normal,auto_validated,local_unique,0.237,ham | sweet potato | pumpkin pie | squash#squash_vegetable,локально однозначна: другой категории с этими четырьмя словами нет
thanksgiving_foods__3,thanksgiving_foods,normal,auto_validated,local_unique,0.253,apple cider | gravy | stuffing | biscuit,локально однозначна: другой категории с этими четырьмя словами нет
the_heist__1,the_heist,normal,auto_validated,local_unique,0.45,getaway | heist | lookout | loot,локально однозначна: другой категории с этими четырьмя словами нет
the_mind__1,the_mind,normal,auto_validated,local_unique,0.331,memory | reason | thought | emotion,локально однозначна: другой категории с этими четырьмя словами нет
theater_arts__1,theater_arts,normal,auto_validated,local_unique,0.215,dance | play | magic | concert,локально однозначна: другой категории с этими четырьмя словами нет
theater_arts__2,theater_arts,normal,auto_validated,local_unique,0.23,comedy | musical | poetry reading | opera,локально однозначна: другой категории с этими четырьмя словами нет
theater_arts__3,theater_arts,normal,auto_validated,local_unique,0.263,circus | ballet | recital | improv,локально однозначна: другой категории с этими четырьмя словами нет
theater_stage_terms__1,theater_stage_terms,normal,auto_validated,local_unique,0.298,call time | green room | set piece | flat,локально однозначна: другой категории с этими четырьмя словами нет
theater_stage_terms__2,theater_stage_terms,normal,auto_validated,local_unique,0.331,wings | blocking | gel | cue,локально однозначна: другой категории с этими четырьмя словами нет
theater_stage_terms__3,theater_stage_terms,normal,auto_validated,local_unique,0.363,prop table | dress rehearsal | catwalk | dimmer,локально однозначна: другой категории с этими четырьмя словами нет
theater_words__1,theater_words,normal,auto_validated,local_unique,0.217,act | stage | box office | cast#cast_people,локально однозначна: другой категории с этими четырьмя словами нет
theater_words__2,theater_words,normal,auto_validated,local_unique,0.247,wings | script | spotlight | curtain,локально однозначна: другой категории с этими четырьмя словами нет
theater_words__3,theater_words,normal,auto_validated,local_unique,0.264,balcony#balcony_theater | prop | aisle | rehearsal,локально однозначна: другой категории с этими четырьмя словами нет
theme_parks__1,theme_parks,normal,auto_validated,local_unique,0.307,sea world | disney world | six flags | universal studios,локально однозначна: другой категории с этими четырьмя словами нет
theme_parks__2,theme_parks,normal,auto_validated,local_unique,0.346,cedar point | disneyland | busch gardens | hershey park,локально однозначна: другой категории с этими четырьмя словами нет
therapy_words__1,therapy_words,normal,auto_validated,local_unique,0.299,goal | treatment | progress | session,локально однозначна: другой категории с этими четырьмя словами нет
therapy_words__2,therapy_words,normal,auto_validated,local_unique,0.311,exercise | recovery | appointment | walker,локально однозначна: другой категории с этими четырьмя словами нет
therapy_words__3,therapy_words,normal,auto_validated,local_unique,0.333,stretch | massage | counselor | rehab,локально однозначна: другой категории с этими четырьмя словами нет
things_in_a_garage__1,things_in_a_garage,normal,auto_validated,local_unique,0.186,car | gas can | oil#oil_motor | jack#jack_tool,локально однозначна: другой категории с этими четырьмя словами нет
things_in_a_garage__2,things_in_a_garage,normal,auto_validated,local_unique,0.21,bike | paint | ladder | shelf#shelf_furniture,локально однозначна: другой категории с этими четырьмя словами нет
things_in_a_garage__3,things_in_a_garage,normal,auto_validated,local_unique,0.226,tire | cooler | extension cord | hose,локально однозначна: другой категории с этими четырьмя словами нет
things_in_a_glove_box__1,things_in_a_glove_box,normal,auto_validated,local_unique,0.303,insurance | map | manual | registration,локально однозначна: другой категории с этими четырьмя словами нет
things_in_a_glove_box__2,things_in_a_glove_box,normal,auto_validated,local_unique,0.34,tissues | sunglasses | tire gauge | flashlight,локально однозначна: другой категории с этими четырьмя словами нет
things_in_a_junk_drawer__1,things_in_a_junk_drawer,normal,auto_validated,local_unique,0.277,key#key_lock | matches | battery | tape,локально однозначна: другой категории с этими четырьмя словами нет
things_in_a_junk_drawer__2,things_in_a_junk_drawer,normal,auto_validated,local_unique,0.289,string | pen#pen_writing | screw | coin,локально однозначна: другой категории с этими четырьмя словами нет
things_in_a_junk_drawer__3,things_in_a_junk_drawer,normal,auto_validated,local_unique,0.299,paper clip | rubber band | twist tie | receipt,локально однозначна: другой категории с этими четырьмя словами нет
things_in_a_purse__1,things_in_a_purse,normal,auto_validated,local_unique,0.225,phone | mirror | keys | pen#pen_writing,локально однозначна: другой категории с этими четырьмя словами нет
things_in_a_purse__2,things_in_a_purse,normal,auto_validated,local_unique,0.244,tissue#tissue_paper | wallet | receipt | snack,локально однозначна: другой категории с этими четырьмя словами нет
things_in_a_purse__3,things_in_a_purse,normal,auto_validated,local_unique,0.261,sunglasses | lipstick | charger#charger_device | planner,локально однозначна: другой категории с этими четырьмя словами нет
things_in_a_toolbox__1,things_in_a_toolbox,normal,auto_validated,local_unique,0.228,level | tape | allen key | tape measure,локально однозначна: другой категории с этими четырьмя словами нет
things_in_a_toolbox__2,things_in_a_toolbox,normal,auto_validated,local_unique,0.246,hammer | nails | utility knife | glue,локально однозначна: другой категории с этими четырьмя словами нет
things_in_a_toolbox__3,things_in_a_toolbox,normal,auto_validated,local_unique,0.271,screws | flashlight | wrench | screwdriver,локально однозначна: другой категории с этими четырьмя словами нет
things_in_a_wallet__1,things_in_a_wallet,normal,auto_validated,local_unique,0.21,business card | card#card_plastic | cash | note#note_money,локально однозначна: другой категории с этими четырьмя словами нет
things_in_a_wallet__2,things_in_a_wallet,normal,auto_validated,local_unique,0.218,photo | insurance card | ticket#ticket_admission | gift card,локально однозначна: другой категории с этими четырьмя словами нет
things_in_a_wallet__3,things_in_a_wallet,normal,auto_validated,local_unique,0.236,license | membership card | stamp#stamp_postage | badge,локально однозначна: другой категории с этими четырьмя словами нет
things_in_the_forest__1,things_in_the_forest,normal,auto_validated,local_unique,0.194,tree | fox | stream | branch#branch_tree,локально однозначна: другой категории с этими четырьмя словами нет
things_in_the_forest__2,things_in_the_forest,normal,auto_validated,local_unique,0.21,trail | log | leaf | deer,локально однозначна: другой категории с этими четырьмя словами нет
things_in_the_forest__3,things_in_the_forest,normal,auto_validated,local_unique,0.225,clearing | moss | owl | bark#bark_tree,локально однозначна: другой категории с этими четырьмя словами нет
things_in_the_sky_science__1,things_in_the_sky_science,normal,auto_validated,local_unique,0.269,light year | phase | universe | solar system,локально однозначна: другой категории с этими четырьмя словами нет
things_in_the_sky_science__2,things_in_the_sky_science,normal,auto_validated,local_unique,0.282,atmosphere | satellite | galaxy | gravity,локально однозначна: другой категории с этими четырьмя словами нет
things_in_the_sky_science__3,things_in_the_sky_science,normal,auto_validated,local_unique,0.299,rotation | orbit | eclipse | telescope,локально однозначна: другой категории с этими четырьмя словами нет
things_made_of_glass__1,things_made_of_glass,normal,auto_validated,local_unique,0.232,window | bottle | mirror | lens,локально однозначна: другой категории с этими четырьмя словами нет
things_made_of_glass__2,things_made_of_glass,normal,auto_validated,local_unique,0.26,marble#marble_toy | jar | greenhouse | bulb,локально однозначна: другой категории с этими четырьмя словами нет
things_made_of_glass__3,things_made_of_glass,normal,auto_validated,local_unique,0.275,aquarium | vase | prism | ornament,локально однозначна: другой категории с этими четырьмя словами нет
things_made_of_leather__1,things_made_of_leather,normal,auto_validated,local_unique,0.268,ball#ball_sphere | belt | jacket | shoe,локально однозначна: другой категории с этими четырьмя словами нет
things_made_of_leather__2,things_made_of_leather,normal,auto_validated,local_unique,0.282,boot#boot_shoe | couch | wallet | purse,локально однозначна: другой категории с этими четырьмя словами нет
things_made_of_leather__3,things_made_of_leather,normal,auto_validated,local_unique,0.304,strap | glove | saddle | briefcase,локально однозначна: другой категории с этими четырьмя словами нет
things_made_of_metal__1,things_made_of_metal,normal,auto_validated,local_unique,0.218,can | key#key_lock | safe | chain,локально однозначна: другой категории с этими четырьмя словами нет
things_made_of_metal__2,things_made_of_metal,normal,auto_validated,local_unique,0.236,bell#bell_object | wire | sword | pipe#pipe_tube,локально однозначна: другой категории с этими четырьмя словами нет
things_made_of_metal__3,things_made_of_metal,normal,auto_validated,local_unique,0.248,nail#nail_metal | coin | ladder | anchor,локально однозначна: другой категории с этими четырьмя словами нет
things_made_of_paper__1,things_made_of_paper,normal,auto_validated,local_unique,0.219,book | card#card_greeting | bag | map,локально однозначна: другой категории с этими четырьмя словами нет
things_made_of_paper__2,things_made_of_paper,normal,auto_validated,local_unique,0.234,newspaper | ticket#ticket_admission | tissue#tissue_paper | calendar,локально однозначна: другой категории с этими четырьмя словами нет
things_made_of_paper__3,things_made_of_paper,normal,auto_validated,local_unique,0.256,poster | receipt | envelope | wallpaper,локально однозначна: другой категории с этими четырьмя словами нет
things_made_of_plastic__1,things_made_of_plastic,normal,auto_validated,local_unique,0.257,cup | bag | chair | bottle,локально однозначна: другой категории с этими четырьмя словами нет
things_made_of_plastic__2,things_made_of_plastic,normal,auto_validated,local_unique,0.28,toy | pipe#pipe_tube | bucket | container,локально однозначна: другой категории с этими четырьмя словами нет
things_made_of_plastic__3,things_made_of_plastic,normal,auto_validated,local_unique,0.293,helmet | straw#straw_tube | ruler | comb,локально однозначна: другой категории с этими четырьмя словами нет
things_made_of_rubber__1,things_made_of_rubber,normal,auto_validated,local_unique,0.271,ball#ball_sphere | band#band_ring | tube | seal#seal_rubber,локально однозначна: другой категории с этими четырьмя словами нет
things_made_of_rubber__2,things_made_of_rubber,normal,auto_validated,local_unique,0.29,duck#duck_toy | boot#boot_shoe | stamp#stamp_tool | tire,локально однозначна: другой категории с этими четырьмя словами нет
things_made_of_rubber__3,things_made_of_rubber,normal,auto_validated,local_unique,0.306,mat | glove | hose | bumper,локально однозначна: другой категории с этими четырьмя словами нет
things_made_of_wood__1,things_made_of_wood,normal,auto_validated,local_unique,0.223,door | table | chair | cabinet#cabinet_furniture,локально однозначна: другой категории с этими четырьмя словами нет
things_made_of_wood__2,things_made_of_wood,normal,auto_validated,local_unique,0.238,guitar | deck | bat#bat_equipment | fence,локально однозначна: другой категории с этими четырьмя словами нет
things_made_of_wood__3,things_made_of_wood,normal,auto_validated,local_unique,0.249,barrel | drum | ladder | shelf#shelf_furniture,локально однозначна: другой категории с этими четырьмя словами нет
things_measured_in_inches__1,things_measured_in_inches,normal,auto_validated,local_unique,0.257,cup | foot#foot_measure | mile | yard#yard_measure,локально однозначна: другой категории с этими четырьмя словами нет
things_measured_in_inches__2,things_measured_in_inches,normal,auto_validated,local_unique,0.275,inch | pound#pound_weight | ton | meter,локально однозначна: другой категории с этими четырьмя словами нет
things_measured_in_inches__3,things_measured_in_inches,normal,auto_validated,local_unique,0.295,acre | ounce | gallon | gram,локально однозначна: другой категории с этими четырьмя словами нет
things_on_a_farm__1,things_on_a_farm,normal,auto_validated,local_unique,0.145,field | well | gate#gate_barrier | stable,локально однозначна: другой категории с этими четырьмя словами нет
things_on_a_farm__2,things_on_a_farm,normal,auto_validated,local_unique,0.165,pen#pen_animal | fence | crop | harvest,локально однозначна: другой категории с этими четырьмя словами нет
things_on_a_farm__3,things_on_a_farm,normal,auto_validated,local_unique,0.18,barn | hay | tractor | bale,локально однозначна: другой категории с этими четырьмя словами нет
things_on_a_keychain__1,things_on_a_keychain,normal,auto_validated,local_unique,0.306,key#key_lock | ring#ring_circle | mini tool | charm,локально однозначна: другой категории с этими четырьмя словами нет
things_on_a_keychain__2,things_on_a_keychain,normal,auto_validated,local_unique,0.336,usb drive | whistle | bottle opener | flashlight,локально однозначна: другой категории с этими четырьмя словами нет
things_on_a_wall__1,things_on_a_wall,normal,auto_validated,local_unique,0.22,art | photo | television | painting,локально однозначна: другой категории с этими четырьмя словами нет
things_on_a_wall__2,things_on_a_wall,normal,auto_validated,local_unique,0.233,switch | mirror | clock | hook#hook_fastener,локально однозначна: другой категории с этими четырьмя словами нет
things_on_a_wall__3,things_on_a_wall,normal,auto_validated,local_unique,0.246,calendar | poster | trophy | shelf#shelf_furniture,локально однозначна: другой категории с этими четырьмя словами нет
things_that_are_sharp__1,things_that_are_sharp,normal,auto_validated,local_unique,0.293,sword | pin#pin_fastener | nail#nail_metal | spike,локально однозначна: другой категории с этими четырьмя словами нет
things_that_are_sharp__2,things_that_are_sharp,normal,auto_validated,local_unique,0.303,arrow | needle#needle_sewing | pencil | cone,локально однозначна: другой категории с этими четырьмя словами нет
things_that_are_sharp__3,things_that_are_sharp,normal,auto_validated,local_unique,0.319,spear | claw | dart#dart_throw | thorn,локально однозначна: другой категории с этими четырьмя словами нет
things_that_break__1,things_that_break,normal,auto_validated,local_unique,0.27,china | ice | glass | mirror,локально однозначна: другой категории с этими четырьмя словами нет
things_that_break__2,things_that_break,normal,auto_validated,local_unique,0.299,egg | shell | chalk#chalk_stick | pottery,локально однозначна: другой категории с этими четырьмя словами нет
things_that_break__3,things_that_break,normal,auto_validated,local_unique,0.322,bulb | porcelain | vase | ornament,локально однозначна: другой категории с этими четырьмя словами нет
things_that_burn__1,things_that_burn,normal,auto_validated,local_unique,0.253,oil#oil_motor | paper | wood | natural gas,локально однозначна: другой категории с этими четырьмя словами нет
things_that_burn__2,things_that_burn,normal,auto_validated,local_unique,0.276,alcohol | coal | diesel | wax#wax_substance,локально однозначна: другой категории с этими четырьмя словами нет
things_that_burn__3,things_that_burn,normal,auto_validated,local_unique,0.305,gasoline | charcoal | ethanol | peat,локально однозначна: другой категории с этими четырьмя словами нет
things_that_carry_people__1,things_that_carry_people,normal,auto_validated,local_unique,0.269,train | bus | horse | plane#plane_aircraft,локально однозначна: другой категории с этими четырьмя словами нет
things_that_carry_people__2,things_that_carry_people,normal,auto_validated,local_unique,0.287,boat | cable car | taxi | ferry,локально однозначна: другой категории с этими четырьмя словами нет
things_that_carry_people__3,things_that_carry_people,normal,auto_validated,local_unique,0.317,elevator | wheelchair | tram | sled,локально однозначна: другой категории с этими четырьмя словами нет
things_that_come_in_pairs__1,things_that_come_in_pairs,normal,auto_validated,local_unique,0.257,eyes | hands | shoes | wings,локально однозначна: другой категории с этими четырьмя словами нет
things_that_come_in_pairs__2,things_that_come_in_pairs,normal,auto_validated,local_unique,0.281,ears | twins | gloves | socks,локально однозначна: другой категории с этими четырьмя словами нет
things_that_come_in_pairs__3,things_that_come_in_pairs,normal,auto_validated,local_unique,0.296,lungs | headphones | earrings | scissors,локально однозначна: другой категории с этими четырьмя словами нет
things_that_cut__1,things_that_cut,normal,auto_validated,local_unique,0.277,saw | ice pick | knife | sword,локально однозначна: другой категории с этими четырьмя словами нет
things_that_cut__2,things_that_cut,normal,auto_validated,local_unique,0.293,pin#pin_fastener | nail#nail_metal | blade | arrow,локально однозначна: другой категории с этими четырьмя словами нет
things_that_cut__3,things_that_cut,normal,auto_validated,local_unique,0.312,needle#needle_sewing | razor | spear | scissors,локально однозначна: другой категории с этими четырьмя словами нет
things_that_float__1,things_that_float,normal,auto_validated,local_unique,0.275,ice | wood | boat | duck#duck_bird,локально однозначна: другой категории с этими четырьмя словами нет
things_that_float__2,things_that_float,normal,auto_validated,local_unique,0.302,leaf | bubble | balloon | life vest,локально однозначна: другой категории с этими четырьмя словами нет
things_that_float__3,things_that_float,normal,auto_validated,local_unique,0.314,foam | cork | feather | lily pad,локально однозначна: другой категории с этими четырьмя словами нет
things_that_grow__1,things_that_grow,normal,auto_validated,local_unique,0.266,child | hair | plant#plant_growth | tree,локально однозначна: другой категории с этими четырьмя словами нет
things_that_grow__2,things_that_grow,normal,auto_validated,local_unique,0.285,crystal | flower | root | grass,локально однозначна: другой категории с этими четырьмя словами нет
things_that_grow__3,things_that_grow,normal,auto_validated,local_unique,0.294,weed | leaf | crop | bud,локально однозначна: другой категории с этими четырьмя словами нет
things_that_grow_on_you__1,things_that_grow_on_you,normal,auto_validated,local_unique,0.276,hair | skin | tooth | beard,локально однозначна: другой категории с этими четырьмя словами нет
things_that_grow_on_you__2,things_that_grow_on_you,normal,auto_validated,local_unique,0.324,mole#mole_skin | mustache | eyebrow | eyelash,локально однозначна: другой категории с этими четырьмя словами нет
things_that_grow_on_you__3,things_that_grow_on_you,normal,auto_validated,local_unique,0.354,wart | callus | whisker | freckle,локально однозначна: другой категории с этими четырьмя словами нет
things_that_have_a_face__1,things_that_have_a_face,normal,auto_validated,local_unique,0.307,building | watch#watch_object | playing card | mountain,локально однозначна: другой категории с этими четырьмя словами нет
things_that_have_a_face__2,things_that_have_a_face,normal,auto_validated,local_unique,0.33,clock | mask | coin | poster,локально однозначна: другой категории с этими четырьмя словами нет
things_that_have_a_face__3,things_that_have_a_face,normal,auto_validated,local_unique,0.347,cliff | doll | puppet | jack o lantern,локально однозначна: другой категории с этими четырьмя словами нет
things_that_hold_water__1,things_that_hold_water,normal,auto_validated,local_unique,0.271,cup | glass | pool | bottle,локально однозначна: другой категории с этими четырьмя словами нет
things_that_hold_water__2,things_that_hold_water,normal,auto_validated,local_unique,0.288,tank#tank_container | pot | sink#sink_basin | barrel,локально однозначна: другой категории с этими четырьмя словами нет
things_that_hold_water__3,things_that_hold_water,normal,auto_validated,local_unique,0.309,basin | bucket | watering can | aquarium,локально однозначна: другой категории с этими четырьмя словами нет
things_that_hurt__1,things_that_hurt,normal,auto_validated,local_unique,0.319,cut | paper cut | burn | headache,локально однозначна: другой категории с этими четырьмя словами нет
things_that_hurt__2,things_that_hurt,normal,auto_validated,local_unique,0.359,pinch | bee sting | thorn | scrape,локально однозначна: другой категории с этими четырьмя словами нет
things_that_hurt__3,things_that_hurt,normal,auto_validated,local_unique,0.377,splinter | bruise | cramp | blister,локально однозначна: другой категории с этими четырьмя словами нет
things_that_melt__1,things_that_melt,normal,auto_validated,local_unique,0.273,ice | sugar | snow | cheese,локально однозначна: другой категории с этими четырьмя словами нет
things_that_melt__2,things_that_melt,normal,auto_validated,local_unique,0.289,chocolate | ice cream | butter | candle,локально однозначна: другой категории с этими четырьмя словами нет
things_that_melt__3,things_that_melt,normal,auto_validated,local_unique,0.33,glacier | caramel | marshmallow | crayon,локально однозначна: другой категории с этими четырьмя словами нет
things_that_open__1,things_that_open,normal,auto_validated,local_unique,0.265,book | box | door | fan#fan_hand,локально однозначна: другой категории с этими четырьмя словами нет
things_that_open__2,things_that_open,normal,auto_validated,local_unique,0.28,window | cabinet#cabinet_furniture | gate#gate_barrier | shell,локально однозначна: другой категории с этими четырьмя словами нет
things_that_open__3,things_that_open,normal,auto_validated,local_unique,0.298,laptop | wallet | fridge | jar,локально однозначна: другой категории с этими четырьмя словами нет
things_that_plug_in__1,things_that_plug_in,normal,auto_validated,local_unique,0.217,computer | fan#fan_device | radio | television,локально однозначна: другой категории с этими четырьмя словами нет
things_that_plug_in__2,things_that_plug_in,normal,auto_validated,local_unique,0.235,iron#iron_appliance | speaker | clock | vacuum,локально однозначна: другой категории с этими четырьмя словами нет
things_that_plug_in__3,things_that_plug_in,normal,auto_validated,local_unique,0.259,lamp | printer | microwave | freezer,локально однозначна: другой категории с этими четырьмя словами нет
things_that_ring__1,things_that_ring,normal,auto_validated,local_unique,0.271,phone | bell#bell_object | church bell | clock,локально однозначна: другой категории с этими четырьмя словами нет
things_that_ring__2,things_that_ring,normal,auto_validated,local_unique,0.286,cash register | dinner bell | alarm | bicycle bell,локально однозначна: другой категории с этими четырьмя словами нет
things_that_ring__3,things_that_ring,normal,auto_validated,local_unique,0.324,timer | buzzer | chime | doorbell,локально однозначна: другой категории с этими четырьмя словами нет
things_that_shrink__1,things_that_shrink,normal,auto_validated,local_unique,0.358,ice | battery | savings | shadow,локально однозначна: другой категории с этими четырьмя словами нет
things_that_shrink__2,things_that_shrink,normal,auto_validated,local_unique,0.383,soap | pencil | balloon | candle,локально однозначна: другой категории с этими четырьмя словами нет
things_that_shrink__3,things_that_shrink,normal,auto_validated,local_unique,0.4,sweater | sponge#sponge_cleaning | glacier | puddle,локально однозначна: другой категории с этими четырьмя словами нет
things_that_spin__1,things_that_spin,normal,auto_validated,local_unique,0.269,fan#fan_device | record | top#top_spin | wheel,локально однозначна: другой категории с этими четырьмя словами нет
things_that_spin__2,things_that_spin,normal,auto_validated,local_unique,0.291,gear | globe | coin | ceiling fan,локально однозначна: другой категории с этими четырьмя словами нет
things_that_spin__3,things_that_spin,normal,auto_validated,local_unique,0.305,washing machine | tire | dial | turbine,локально однозначна: другой категории с этими четырьмя словами нет
things_that_stick_out__1,things_that_stick_out,normal,auto_validated,local_unique,0.338,nail#nail_metal | stake | bolt | spike,локально однозначна: другой категории с этими четырьмя словами нет
things_that_stick_out__2,things_that_stick_out,normal,auto_validated,local_unique,0.356,tent stake | dent | wedge | peg,локально однозначна: другой категории с этими четырьмя словами нет
things_that_stick_out__3,things_that_stick_out,normal,auto_validated,local_unique,0.381,tack#tack_pin | horseshoe | chisel | rivet,локально однозначна: другой категории с этими четырьмя словами нет
things_that_stretch__1,things_that_stretch,normal,auto_validated,local_unique,0.318,skin | spring#spring_coil | muscle | rubber band,локально однозначна: другой категории с этими четырьмя словами нет
things_that_stretch__2,things_that_stretch,normal,auto_validated,local_unique,0.349,gum#gum_candy | balloon | dough | elastic,локально однозначна: другой категории с этими четырьмя словами нет
things_that_stretch__3,things_that_stretch,normal,auto_validated,local_unique,0.382,sock | spandex | bungee cord | waistband,локально однозначна: другой категории с этими четырьмя словами нет
things_with_buttons__1,things_with_buttons,normal,auto_validated,local_unique,0.265,phone | radio | watch#watch_object | camera,локально однозначна: другой категории с этими четырьмя словами нет
things_with_buttons__2,things_with_buttons,normal,auto_validated,local_unique,0.291,cash register | remote#remote_device | game controller | keyboard#keyboard_computer,локально однозначна: другой категории с этими четырьмя словами нет
things_with_buttons__3,things_with_buttons,normal,auto_validated,local_unique,0.305,alarm clock | elevator | printer | microwave,локально однозначна: другой категории с этими четырьмя словами нет
things_with_handles__1,things_with_handles,normal,auto_validated,local_unique,0.283,door | knife | pan | hammer,локально однозначна: другой категории с этими четырьмя словами нет
things_with_handles__2,things_with_handles,normal,auto_validated,local_unique,0.302,basket | bucket | purse | umbrella,локально однозначна: другой категории с этими четырьмя словами нет
things_with_handles__3,things_with_handles,normal,auto_validated,local_unique,0.311,axe | pitcher#pitcher_jug | drawer | mug,локально однозначна: другой категории с этими четырьмя словами нет
things_with_holes__1,things_with_holes,normal,auto_validated,local_unique,0.279,net | button#button_clothing | golf course | belt,локально однозначна: другой категории с этими четырьмя словами нет
things_with_holes__2,things_with_holes,normal,auto_validated,local_unique,0.307,swiss cheese | needle#needle_sewing | whistle | sock,локально однозначна: другой категории с этими четырьмя словами нет
things_with_holes__3,things_with_holes,normal,auto_validated,local_unique,0.325,sponge#sponge_cleaning | flute | donut | waffle,локально однозначна: другой категории с этими четырьмя словами нет
things_with_pockets__1,things_with_pockets,normal,auto_validated,local_unique,0.288,shirt | coat#coat_garment | jacket | cargo pants,локально однозначна: другой категории с этими четырьмя словами нет
things_with_pockets__2,things_with_pockets,normal,auto_validated,local_unique,0.306,jeans | purse | backpack | vest,локально однозначна: другой категории с этими четырьмя словами нет
things_with_pockets__3,things_with_pockets,normal,auto_validated,local_unique,0.324,suitcase | robe | hoodie | apron#apron_garment,локально однозначна: другой категории с этими четырьмя словами нет
things_with_screens_history__1,things_with_screens_history,normal,auto_validated,local_unique,0.343,film camera | dial up | fax | rotary phone,локально однозначна: другой категории с этими четырьмя словами нет
things_with_screens_history__2,things_with_screens_history,normal,auto_validated,local_unique,0.367,telegram | cassette | vhs | overhead projector,локально однозначна: другой категории с этими четырьмя словами нет
things_with_screens_history__3,things_with_screens_history,normal,auto_validated,local_unique,0.385,typewriter | floppy disk | phonograph | pager,локально однозначна: другой категории с этими четырьмя словами нет
things_with_seeds__1,things_with_seeds,normal,auto_validated,local_unique,0.284,apple#apple_fruit | orange#orange_fruit | cherry | corn,локально однозначна: другой категории с этими четырьмя словами нет
things_with_seeds__2,things_with_seeds,normal,auto_validated,local_unique,0.301,pepper | fig | bean | tomato,локально однозначна: другой категории с этими четырьмя словами нет
things_with_seeds__3,things_with_seeds,normal,auto_validated,local_unique,0.312,pumpkin | peach | strawberry | grape,локально однозначна: другой категории с этими четырьмя словами нет
things_with_wheels__1,things_with_wheels,normal,auto_validated,local_unique,0.207,car | train | bus | trailer#trailer_vehicle,локально однозначна: другой категории с этими четырьмя словами нет
things_with_wheels__2,things_with_wheels,normal,auto_validated,local_unique,0.217,van | truck | bike | cart,локально однозначна: другой категории с этими четырьмя словами нет
things_with_wheels__3,things_with_wheels,normal,auto_validated,local_unique,0.243,wagon | golf cart | wheelchair | tractor,локально однозначна: другой категории с этими четырьмя словами нет
things_worn_on_hands__1,things_worn_on_hands,normal,auto_validated,local_unique,0.222,watch#watch_object | ring#ring_jewelry | cast#cast_medical | nail polish,локально однозначна: другой категории с этими четырьмя словами нет
things_worn_on_hands__2,things_worn_on_hands,normal,auto_validated,local_unique,0.264,glove | bracelet | boxing glove | oven mitt,локально однозначна: другой категории с этими четырьмя словами нет
things_worn_on_hands__3,things_worn_on_hands,normal,auto_validated,local_unique,0.292,bandage | gauntlet | splint | mitten,локально однозначна: другой категории с этими четырьмя словами нет
things_you_button__1,things_you_button,normal,auto_validated,local_unique,0.332,shirt | pants | coat#coat_garment | cuff,локально однозначна: другой категории с этими четырьмя словами нет
things_you_button__2,things_you_button,normal,auto_validated,local_unique,0.347,jacket | jeans | sweater | pajamas,локально однозначна: другой категории с этими четырьмя словами нет
things_you_recycle__1,things_you_recycle,normal,auto_validated,local_unique,0.253,box | can | bag | core,локально однозначна: другой категории с этими четырьмя словами нет
things_you_recycle__2,things_you_recycle,normal,auto_validated,local_unique,0.272,newspaper | bottle | tissue#tissue_paper | packaging,локально однозначна: другой категории с этими четырьмя словами нет
things_you_recycle__3,things_you_recycle,normal,auto_validated,local_unique,0.292,jar | receipt | envelope | peel,локально однозначна: другой категории с этими четырьмя словами нет
things_you_spread__1,things_you_spread,normal,auto_validated,local_unique,0.288,butter | honey | cream cheese | apple butter,локально однозначна: другой категории с этими четырьмя словами нет
things_you_spread__2,things_you_spread,normal,auto_validated,local_unique,0.307,jam | jelly | peanut butter | mayo,локально однозначна: другой категории с этими четырьмя словами нет
things_you_spread__3,things_you_spread,normal,auto_validated,local_unique,0.336,mustard | frosting | hummus | guacamole,локально однозначна: другой категории с этими четырьмя словами нет
things_you_tie__1,things_you_tie,normal,auto_validated,local_unique,0.287,tie#tie_knot | belt | hair tie | rope,локально однозначна: другой категории с этими четырьмя словами нет
things_you_tie__2,things_you_tie,normal,auto_validated,local_unique,0.318,ribbon | knot | scarf | sash,локально однозначна: другой категории с этими четырьмя словами нет
things_you_tie__3,things_you_tie,normal,auto_validated,local_unique,0.354,laces | bandana | drawstring | bowtie,локально однозначна: другой категории с этими четырьмя словами нет
thinking_actions__1,thinking_actions,normal,auto_validated,local_unique,0.25,consider | doubt | focus#focus_mind | forget,локально однозначна: другой категории с этими четырьмя словами нет
thinking_actions__2,thinking_actions,normal,auto_validated,local_unique,0.25,guess | imagine | judge | learn,локально однозначна: другой категории с этими четырьмя словами нет
thinking_actions__3,thinking_actions,normal,auto_validated,local_unique,0.25,plan | remember | think | wonder,локально однозначна: другой категории с этими четырьмя словами нет
tickets_and_passes__1,tickets_and_passes,normal,auto_validated,local_unique,0.388,entry | pass | fare | receipt,локально однозначна: другой категории с этими четырьмя словами нет
tide_and_moon__1,tide_and_moon,normal,auto_validated,local_unique,0.293,quarter#quarter_fourth | new moon | full moon | half moon,локально однозначна: другой категории с этими четырьмя словами нет
tide_and_moon__2,tide_and_moon,normal,auto_validated,local_unique,0.322,blue moon | harvest moon | eclipse | crescent,локально однозначна: другой категории с этими четырьмя словами нет
time_capsule_things__1,time_capsule_things,normal,auto_validated,local_unique,0.341,pocket watch | oil lamp | spinning wheel | wagon wheel,локально однозначна: другой категории с этими четырьмя словами нет
time_capsule_things__2,time_capsule_things,normal,auto_validated,local_unique,0.372,telegram | typewriter | quill | butter churn,локально однозначна: другой категории с этими четырьмя словами нет
time_units__1,time_units,normal,auto_validated,local_unique,0.13,century | day | hour | minute#minute_time,локально однозначна: другой категории с этими четырьмя словами нет
time_units__2,time_units,normal,auto_validated,local_unique,0.13,moment | month | second#second_time | week,локально однозначна: другой категории с этими четырьмя словами нет
time_units__3,time_units,normal,auto_validated,local_unique,0.135,year | generation | quarter#quarter_fourth | era,локально однозначна: другой категории с этими четырьмя словами нет
timepieces__1,timepieces,normal,auto_validated,local_unique,0.4,clock | watch#watch_object | hourglass | metronome,локально однозначна: другой категории с этими четырьмя словами нет
titles_of_address__1,titles_of_address,normal,auto_validated,local_unique,0.204,captain | chief | coach | doctor,локально однозначна: другой категории с этими четырьмя словами нет
titles_of_address__2,titles_of_address,normal,auto_validated,local_unique,0.204,judge | lady | lord | miss,локально однозначна: другой категории с этими четырьмя словами нет
titles_of_address__3,titles_of_address,normal,auto_validated,local_unique,0.207,officer | professor | sir | senator,локально однозначна: другой категории с этими четырьмя словами нет
tomato_varieties__1,tomato_varieties,normal,auto_validated,local_unique,0.309,green#green_unripe | yellow | cherry | sun dried,локально однозначна: другой категории с этими четырьмя словами нет
tomato_varieties__2,tomato_varieties,normal,auto_validated,local_unique,0.34,vine | grape | roma | plum,локально однозначна: другой категории с этими четырьмя словами нет
tool_brands__1,tool_brands,normal,auto_validated,local_unique,0.368,snap on | stanley | milwaukee | black and decker,локально однозначна: другой категории с этими четырьмя словами нет
toppings_and_garnish__1,toppings_and_garnish,normal,auto_validated,local_unique,0.279,cheese | cherry | olive | bacon bits,локально однозначна: другой категории с этими четырьмя словами нет
toppings_and_garnish__2,toppings_and_garnish,normal,auto_validated,local_unique,0.303,mint leaf | whipped cream | lemon wedge | sesame,локально однозначна: другой категории с этими четырьмя словами нет
toppings_and_garnish__3,toppings_and_garnish,normal,auto_validated,local_unique,0.323,powdered sugar | parsley | paprika | sprinkles,локально однозначна: другой категории с этими четырьмя словами нет
town_places__1,town_places,normal,auto_validated,local_unique,0.105,bank#bank_finance | church | hospital | market,локально однозначна: другой категории с этими четырьмя словами нет
town_places__2,town_places,normal,auto_validated,local_unique,0.105,park#park_place | post office | school | library,локально однозначна: другой категории с этими четырьмя словами нет
town_places__3,town_places,normal,auto_validated,local_unique,0.114,city hall | museum | jail | stadium,локально однозначна: другой категории с этими четырьмя словами нет
toy_brands__1,toy_brands,normal,auto_validated,local_unique,0.281,hot wheels | fisher price | lego | lincoln logs,локально однозначна: другой категории с этими четырьмя словами нет
toy_brands__2,toy_brands,normal,auto_validated,local_unique,0.315,barbie | hasbro | play doh | nerf,локально однозначна: другой категории с этими четырьмя словами нет
toy_brands__3,toy_brands,normal,auto_validated,local_unique,0.332,mattel | etch a sketch | slinky | crayola,локально однозначна: другой категории с этими четырьмя словами нет
toy_chest__1,toy_chest,normal,auto_validated,local_unique,,toys | blocks | doll | balls,локально однозначна: другой категории с этими четырьмя словами нет
toys__1,toys,normal,auto_validated,local_unique,0.137,ball#ball_sphere | top#top_spin | train set | action figure,локально однозначна: другой категории с этими четырьмя словами нет
toys__2,toys,normal,auto_validated,local_unique,0.158,jack in the box | blocks | robot | bubble,локально однозначна: другой категории с этими четырьмя словами нет
toys__3,toys,normal,auto_validated,local_unique,0.171,yo-yo | doll | jump rope | marble#marble_toy,локально однозначна: другой категории с этими четырьмя словами нет
track_events__1,track_events,normal,auto_validated,local_unique,0.256,shot put | race walk | high jump | long jump,локально однозначна: другой категории с этими четырьмя словами нет
track_events__2,track_events,normal,auto_validated,local_unique,0.285,marathon | triple jump | sprint | relay,локально однозначна: другой категории с этими четырьмя словами нет
track_events__3,track_events,normal,auto_validated,local_unique,0.318,pole vault | hurdles | javelin | discus,локально однозначна: другой категории с этими четырьмя словами нет
trading_floor__1,trading_floor,normal,auto_validated,local_unique,0.475,broker | bullish | dividend | portfolio,локально однозначна: другой категории с этими четырьмя словами нет
traditional_clothing__1,traditional_clothing,normal,auto_validated,local_unique,0.376,sari | kimono | turban | kilt,локально однозначна: другой категории с этими четырьмя словами нет
traffic_signs__1,traffic_signs,normal,auto_validated,local_unique,0.21,dead end | one way | stop | slow,локально однозначна: другой категории с этими четырьмя словами нет
traffic_signs__2,traffic_signs,normal,auto_validated,local_unique,0.222,do not enter | school zone | speed limit | no parking,локально однозначна: другой категории с этими четырьмя словами нет
traffic_signs__3,traffic_signs,normal,auto_validated,local_unique,0.235,crossing | exit | railroad | yield,локально однозначна: другой категории с этими четырьмя словами нет
train_words__1,train_words,normal,auto_validated,local_unique,0.219,station#station_place | track | engine | platform,локально однозначна: другой категории с этими четырьмя словами нет
train_words__2,train_words,normal,auto_validated,local_unique,0.233,switch | ticket#ticket_admission | rail | crossing,локально однозначна: другой категории с этими четырьмя словами нет
train_words__3,train_words,normal,auto_validated,local_unique,0.252,tunnel | freight | depot | whistle,локально однозначна: другой категории с этими четырьмя словами нет
training_words__1,training_words,normal,auto_validated,local_unique,0.258,coach | form | recovery | circuit,локально однозначна: другой категории с этими четырьмя словами нет
training_words__2,training_words,normal,auto_validated,local_unique,0.275,routine | rep | stretch | drill#drill_practice,локально однозначна: другой категории с этими четырьмя словами нет
training_words__3,training_words,normal,auto_validated,local_unique,0.306,conditioning | interval | endurance | warmup,локально однозначна: другой категории с этими четырьмя словами нет
transparent_things__1,transparent_things,normal,auto_validated,local_unique,0.266,air | ice | water | glass,локально однозначна: другой категории с этими четырьмя словами нет
transparent_things__2,transparent_things,normal,auto_validated,local_unique,0.279,screen#screen_display | window | crystal | bubble,локально однозначна: другой категории с этими четырьмя словами нет
transparent_things__3,transparent_things,normal,auto_validated,local_unique,0.308,lens | plastic wrap | veil | aquarium,локально однозначна: другой категории с этими четырьмя словами нет
transport_jobs__1,transport_jobs,normal,auto_validated,local_unique,0.179,captain | driver | pilot | engineer,локально однозначна: другой категории с этими четырьмя словами нет
transport_jobs__2,transport_jobs,normal,auto_validated,local_unique,0.199,bus driver | delivery driver | taxi driver | conductor,локально однозначна: другой категории с этими четырьмя словами нет
transport_jobs__3,transport_jobs,normal,auto_validated,local_unique,0.232,courier | flight attendant | chauffeur | dispatcher,локально однозначна: другой категории с этими четырьмя словами нет
transportation_history__1,transportation_history,normal,auto_validated,local_unique,0.27,foot#foot_body | horse | ferry | sailing ship,локально однозначна: другой категории с этими четырьмя словами нет
transportation_history__2,transportation_history,normal,auto_validated,local_unique,0.298,wagon | carriage | camel | canoe,локально однозначна: другой категории с этими четырьмя словами нет
transportation_history__3,transportation_history,normal,auto_validated,local_unique,0.314,mule | trolley | chariot | sled,локально однозначна: другой категории с этими четырьмя словами нет
trash_and_recycling__1,trash_and_recycling,normal,auto_validated,local_unique,0.27,can | bag | newspaper | bin,локально однозначна: другой категории с этими четырьмя словами нет
trash_and_recycling__2,trash_and_recycling,normal,auto_validated,local_unique,0.29,bottle | junk | disposal | scrap,локально однозначна: другой категории с этими четырьмя словами нет
trash_and_recycling__3,trash_and_recycling,normal,auto_validated,local_unique,0.313,lid | cardboard | dumpster | landfill,локально однозначна: другой категории с этими четырьмя словами нет
travel_abroad__1,travel_abroad,normal,auto_validated,local_unique,,visa | souvenir | languages | currencies,локально однозначна: другой категории с этими четырьмя словами нет
travel_documents__1,travel_documents,normal,auto_validated,local_unique,0.184,insurance | camera | map | ticket#ticket_admission,локально однозначна: другой категории с этими четырьмя словами нет
travel_documents__2,travel_documents,normal,auto_validated,local_unique,0.209,currency | visa | wallet | passport,локально однозначна: другой категории с этими четырьмя словами нет
travel_documents__3,travel_documents,normal,auto_validated,local_unique,0.223,boarding pass | neck pillow | backpack | sunglasses,локально однозначна: другой категории с этими четырьмя словами нет
tree_parts__1,tree_parts,normal,auto_validated,local_unique,0.185,shoot | branch#branch_tree | root | seed,локально однозначна: другой категории с этими четырьмя словами нет
tree_parts__2,tree_parts,normal,auto_validated,local_unique,0.203,leaf | bud | trunk#trunk_tree | needle#needle_pine,локально однозначна: другой категории с этими четырьмя словами нет
tree_parts__3,tree_parts,normal,auto_validated,local_unique,0.216,bark#bark_tree | cone | knot | limb,локально однозначна: другой категории с этими четырьмя словами нет
trees__1,trees,normal,auto_validated,local_unique,0.168,apple#apple_fruit | palm#palm_tree | cherry | oak,локально однозначна: другой категории с этими четырьмя словами нет
trees__2,trees,normal,auto_validated,local_unique,0.183,ash | pine | maple | cedar,локально однозначна: другой категории с этими четырьмя словами нет
trees__3,trees,normal,auto_validated,local_unique,0.2,willow | walnut | birch | fir,локально однозначна: другой категории с этими четырьмя словами нет
trees_more__1,trees_more,normal,auto_validated,local_unique,0.356,olive | hawthorn | linden | mulberry,локально однозначна: другой категории с этими четырьмя словами нет
trees_more__2,trees_more,normal,auto_validated,local_unique,0.374,eucalyptus | locust | alder | sycamore,локально однозначна: другой категории с этими четырьмя словами нет
trees_more__3,trees_more,normal,auto_validated,local_unique,0.383,hemlock | sequoia | cottonwood | banyan,локально однозначна: другой категории с этими четырьмя словами нет
tropical_birds__1,tropical_birds,normal,auto_validated,local_unique,0.357,bird of paradise | parrot | flamingo | hummingbird,локально однозначна: другой категории с этими четырьмя словами нет
tropical_flowers__1,tropical_flowers,normal,auto_validated,local_unique,0.342,bird of paradise | ginger flower | lotus | jasmine#jasmine_flower,локально однозначна: другой категории с этими четырьмя словами нет
tropical_fruits__1,tropical_fruits,normal,auto_validated,local_unique,0.259,dragon fruit | passion fruit | banana | coconut,локально однозначна: другой категории с этими четырьмя словами нет
tropical_fruits__2,tropical_fruits,normal,auto_validated,local_unique,0.296,pineapple | mango | papaya | plantain,локально однозначна: другой категории с этими четырьмя словами нет
tropical_plants__1,tropical_plants,normal,auto_validated,local_unique,0.283,coffee | palm#palm_tree | rubber tree | banana,локально однозначна: другой категории с этими четырьмя словами нет
tropical_plants__2,tropical_plants,normal,auto_validated,local_unique,0.318,bamboo | cocoa | orchid | fern,локально однозначна: другой категории с этими четырьмя словами нет
tropical_plants__3,tropical_plants,normal,auto_validated,local_unique,0.346,mangrove | papaya | hibiscus | banyan,локально однозначна: другой категории с этими четырьмя словами нет
tubes__1,tubes,normal,auto_validated,local_unique,0.3,chute | duct | funnel | hose,локально однозначна: другой категории с этими четырьмя словами нет
turtles_and_tortoises__1,turtles_and_tortoises,normal,auto_validated,local_unique,0.333,box turtle | green turtle | sea turtle | painted turtle,локально однозначна: другой категории с этими четырьмя словами нет
turtles_and_tortoises__2,turtles_and_tortoises,normal,auto_validated,local_unique,0.367,snapping turtle | tortoise | slider | terrapin,локально однозначна: другой категории с этими четырьмя словами нет
tv_genres__1,tv_genres,normal,auto_validated,local_unique,0.21,game show | news | reality | sports,локально однозначна: другой категории с этими четырьмя словами нет
tv_genres__2,tv_genres,normal,auto_validated,local_unique,0.215,talk show | crime show | variety show | drama,локально однозначна: другой категории с этими четырьмя словами нет
tv_genres__3,tv_genres,normal,auto_validated,local_unique,0.229,talent show | cooking show | mini series | documentary,локально однозначна: другой категории с этими четырьмя словами нет
tv_words__1,tv_words,normal,auto_validated,local_unique,0.216,commercial | episode | network | channel,локально однозначна: другой категории с этими четырьмя словами нет
tv_words__2,tv_words,normal,auto_validated,local_unique,0.229,screen#screen_display | cable | pilot | remote#remote_device,локально однозначна: другой категории с этими четырьмя словами нет
tv_words__3,tv_words,normal,auto_validated,local_unique,0.244,broadcast | ratings | streaming | finale,локально однозначна: другой категории с этими четырьмя словами нет
types_of_guitars__1,types_of_guitars,normal,auto_validated,local_unique,0.294,electric | acoustic | banjo | classical,локально однозначна: другой категории с этими четырьмя словами нет
types_of_soil__1,types_of_soil,normal,auto_validated,local_unique,0.369,clay | peat | sand | chalk#chalk_rock,локально однозначна: другой категории с этими четырьмя словами нет
typing_and_office_skills__1,typing_and_office_skills,normal,auto_validated,local_unique,0.317,note taking | data entry | presenting | filing,локально однозначна: другой категории с этими четырьмя словами нет
typing_and_office_skills__2,typing_and_office_skills,normal,auto_validated,local_unique,0.339,organizing | answering phones | typing | scheduling,локально однозначна: другой категории с этими четырьмя словами нет
typing_and_office_skills__3,typing_and_office_skills,normal,auto_validated,local_unique,0.376,budgeting | emailing | spreadsheets | proofreading,локально однозначна: другой категории с этими четырьмя словами нет
ufo_sighting__1,ufo_sighting,normal,auto_validated,local_unique,0.475,hovering | martian | roswell | sighting,локально однозначна: другой категории с этими четырьмя словами нет
under_lock__1,under_lock,normal,auto_validated,local_unique,0.306,code | lock | safe | alarm,локально однозначна: другой категории с этими четырьмя словами нет
underground_places__1,underground_places,normal,auto_validated,local_unique,0.271,mine | tunnel | basement | cave,локально однозначна: другой категории с этими четырьмя словами нет
underground_places__2,underground_places,normal,auto_validated,local_unique,0.293,parking garage | subway | bunker#bunker_shelter | sewer,локально однозначна: другой категории с этими четырьмя словами нет
underground_places__3,underground_places,normal,auto_validated,local_unique,0.309,cellar | dungeon | root cellar | burrow,локально однозначна: другой категории с этими четырьмя словами нет
underground_things__1,underground_things,normal,auto_validated,local_unique,0.28,mine | coal | root | seed,локально однозначна: другой категории с этими четырьмя словами нет
underground_things__2,underground_things,normal,auto_validated,local_unique,0.293,pipe#pipe_tube | tunnel | cave | treasure,локально однозначна: другой категории с этими четырьмя словами нет
underground_things__3,underground_things,normal,auto_validated,local_unique,0.303,ore | subway | fossil | worm,локально однозначна: другой категории с этими четырьмя словами нет
unisex_names__1,unisex_names,normal,auto_validated,local_unique,0.302,taylor | alex | sam | jordan,локально однозначна: другой категории с этими четырьмя словами нет
unisex_names__2,unisex_names,normal,auto_validated,local_unique,0.316,charlie | morgan | jamie | dakota,локально однозначна: другой категории с этими четырьмя словами нет
unisex_names__3,unisex_names,normal,auto_validated,local_unique,0.329,bailey | casey | quinn | riley,локально однозначна: другой категории с этими четырьмя словами нет
universities__1,universities,normal,auto_validated,local_unique,0.31,duke | columbia | cambridge | oxford,локально однозначна: другой категории с этими четырьмя словами нет
universities__2,universities,normal,auto_validated,local_unique,0.327,harvard | stanford | berkeley | yale,локально однозначна: другой категории с этими четырьмя словами нет
universities__3,universities,normal,auto_validated,local_unique,0.338,princeton | mit | cornell | georgetown,локально однозначна: другой категории с этими четырьмя словами нет
us_cities__1,us_cities,normal,auto_validated,local_unique,0.182,chicago | boston | miami | dallas,локально однозначна: другой категории с этими четырьмя словами нет
us_cities__2,us_cities,normal,auto_validated,local_unique,0.191,houston | philadelphia | seattle | atlanta,локально однозначна: другой категории с этими четырьмя словами нет
us_cities__3,us_cities,normal,auto_validated,local_unique,0.195,austin | detroit | cleveland | denver,локально однозначна: другой категории с этими четырьмя словами нет
us_landmarks__1,us_landmarks,normal,auto_validated,local_unique,0.216,white house | times square | hollywood | golden gate,локально однозначна: другой категории с этими четырьмя словами нет
us_landmarks__2,us_landmarks,normal,auto_validated,local_unique,0.241,liberty bell | space needle | grand canyon | statue of liberty,локально однозначна: другой категории с этими четырьмя словами нет
us_landmarks__3,us_landmarks,normal,auto_validated,local_unique,0.265,gateway arch | niagara falls | yellowstone | yosemite,локально однозначна: другой категории с этими четырьмя словами нет
us_presidents__1,us_presidents,normal,auto_validated,local_unique,0.208,washington | obama | johnson | grant,локально однозначна: другой категории с этими четырьмя словами нет
us_presidents__2,us_presidents,normal,auto_validated,local_unique,0.218,clinton | jackson | wilson | bush,локально однозначна: другой категории с этими четырьмя словами нет
us_presidents__3,us_presidents,normal,auto_validated,local_unique,0.229,carter | lincoln | kennedy | adams,локально однозначна: другой категории с этими четырьмя словами нет
us_states__1,us_states,normal,auto_validated,local_unique,0.134,california | texas | florida | virginia,локально однозначна: другой категории с этими четырьмя словами нет
us_states__2,us_states,normal,auto_validated,local_unique,0.146,ohio | michigan | colorado | georgia,локально однозначна: другой категории с этими четырьмя словами нет
us_states__3,us_states,normal,auto_validated,local_unique,0.152,arizona | kansas | iowa | indiana,локально однозначна: другой категории с этими четырьмя словами нет
us_states_more__1,us_states_more,normal,auto_validated,local_unique,0.205,washington | new mexico | west virginia | illinois,локально однозначна: другой категории с этими четырьмя словами нет
us_states_more__2,us_states_more,normal,auto_validated,local_unique,0.217,pennsylvania | kansas | wisconsin | massachusetts,локально однозначна: другой категории с этими четырьмя словами нет
us_states_more__3,us_states_more,normal,auto_validated,local_unique,0.22,minnesota | kentucky | oregon | maryland,локально однозначна: другой категории с этими четырьмя словами нет
value_words__1,value_words,normal,auto_validated,local_unique,0.255,free | budget | cheap | expensive,локально однозначна: другой категории с этими четырьмя словами нет
value_words__2,value_words,normal,auto_validated,local_unique,0.281,valuable | affordable | bargain | costly,локально однозначна: другой категории с этими четырьмя словами нет
value_words__3,value_words,normal,auto_validated,local_unique,0.302,worthless | discounted | priceless | luxurious,локально однозначна: другой категории с этими четырьмя словами нет
vegetables__1,vegetables,normal,auto_validated,local_unique,0.113,corn | potato | bean | squash#squash_vegetable,локально однозначна: другой категории с этими четырьмя словами нет
vegetables__2,vegetables,normal,auto_validated,local_unique,0.123,onion | tomato | carrot | pea,локально однозначна: другой категории с этими четырьмя словами нет
vegetables__3,vegetables,normal,auto_validated,local_unique,0.131,cabbage | lettuce | broccoli | spinach,локально однозначна: другой категории с этими четырьмя словами нет
vehicles__1,vehicles,normal,auto_validated,local_unique,0.068,car | train | bus | plane#plane_aircraft,локально однозначна: другой категории с этими четырьмя словами нет
vehicles__2,vehicles,normal,auto_validated,local_unique,0.075,van | boat | truck | bike,локально однозначна: другой категории с этими четырьмя словами нет
vehicles__3,vehicles,normal,auto_validated,local_unique,0.097,taxi | helicopter | ambulance | motorcycle,локально однозначна: другой категории с этими четырьмя словами нет
vending_machine_items__1,vending_machine_items,normal,auto_validated,local_unique,0.254,water | coffee | juice | chips,локально однозначна: другой категории с этими четырьмя словами нет
vending_machine_items__2,vending_machine_items,normal,auto_validated,local_unique,0.273,candy bar | sandwich | cookies | soda,локально однозначна: другой категории с этими четырьмя словами нет
vending_machine_items__3,vending_machine_items,normal,auto_validated,local_unique,0.301,gum#gum_candy | popcorn | mints | granola bar,локально однозначна: другой категории с этими четырьмя словами нет
vet_clinic__1,vet_clinic,normal,auto_validated,local_unique,0.494,muzzle | checkup | microchip | neutering,локально однозначна: другой категории с этими четырьмя словами нет
video_game_classics__1,video_game_classics,normal,auto_validated,local_unique,0.29,mario | pac man | sonic | donkey kong,локально однозначна: другой категории с этими четырьмя словами нет
video_game_classics__2,video_game_classics,normal,auto_validated,local_unique,0.311,zelda | pong | space invaders | asteroids,локально однозначна: другой категории с этими четырьмя словами нет
video_game_classics__3,video_game_classics,normal,auto_validated,local_unique,0.329,pinball | solitaire | tetris | centipede,локально однозначна: другой категории с этими четырьмя словами нет
video_game_words__1,video_game_words,normal,auto_validated,local_unique,0.217,level | power up | save | health bar,локально однозначна: другой категории с этими четырьмя словами нет
video_game_words__2,video_game_words,normal,auto_validated,local_unique,0.232,score#score_points | boss | quest | controller,локально однозначна: другой категории с этими четырьмя словами нет
video_game_words__3,video_game_words,normal,auto_validated,local_unique,0.258,console | cheat code | arcade | avatar,локально однозначна: другой категории с этими четырьмя словами нет
video_gaming__1,video_gaming,normal,auto_validated,local_unique,0.225,chair | memory card | cable | monitor#monitor_screen,локально однозначна: другой категории с этими четырьмя словами нет
video_gaming__2,video_gaming,normal,auto_validated,local_unique,0.239,mouse#mouse_computer | controller | disc | keyboard#keyboard_computer,локально однозначна: другой категории с этими четырьмя словами нет
video_gaming__3,video_gaming,normal,auto_validated,local_unique,0.258,console | microphone | cartridge | headset,локально однозначна: другой категории с этими четырьмя словами нет
vikings__1,vikings,normal,auto_validated,local_unique,0.525,mead | norse | fjord | berserker,локально однозначна: другой категории с этими четырьмя словами нет
vines__1,vines,normal,auto_validated,local_unique,0.33,morning glory | passion flower | bean | ivy,локально однозначна: другой категории с этими четырьмя словами нет
vines__2,vines,normal,auto_validated,local_unique,0.348,pumpkin | grape | pea | cucumber,локально однозначна: другой категории с этими четырьмя словами нет
vines__3,vines,normal,auto_validated,local_unique,0.384,hops | honeysuckle | wisteria | clematis,локально однозначна: другой категории с этими четырьмя словами нет
vineyard_words__1,vineyard_words,normal,auto_validated,local_unique,0.329,barrel | crush | harvest | cluster,локально однозначна: другой категории с этими четырьмя словами нет
vineyard_words__2,vineyard_words,normal,auto_validated,local_unique,0.343,terrace | vine | cork | grape,локально однозначна: другой категории с этими четырьмя словами нет
vineyard_words__3,vineyard_words,normal,auto_validated,local_unique,0.365,cellar | vat | pruning | trellis,локально однозначна: другой категории с этими четырьмя словами нет
vision_words__1,vision_words,normal,auto_validated,local_unique,0.268,frame | blind | eye chart | glasses,локально однозначна: другой категории с этими четырьмя словами нет
vision_words__2,vision_words,normal,auto_validated,local_unique,0.286,lens | contacts | prescription | pupil,локально однозначна: другой категории с этими четырьмя словами нет
vision_words__3,vision_words,normal,auto_validated,local_unique,0.341,cornea | squint | optometrist | astigmatism,локально однозначна: другой категории с этими четырьмя словами нет
vitamins_and_minerals__1,vitamins_and_minerals,normal,auto_validated,local_unique,0.281,iron#iron_metal | vitamin c | vitamin d | sodium,локально однозначна: другой категории с этими четырьмя словами нет
vitamins_and_minerals__2,vitamins_and_minerals,normal,auto_validated,local_unique,0.301,calcium | zinc | potassium | magnesium,локально однозначна: другой категории с этими четырьмя словами нет
vitamins_and_minerals__3,vitamins_and_minerals,normal,auto_validated,local_unique,0.335,iodine | selenium | folate | biotin,локально однозначна: другой категории с этими четырьмя словами нет
vitamins_letters__1,vitamins_letters,normal,auto_validated,local_unique,0.245,at sign | percent | plus | dollar sign,локально однозначна: другой категории с этими четырьмя словами нет
vitamins_letters__2,vitamins_letters,normal,auto_validated,local_unique,0.277,bullet | arrow | minus | equals,локально однозначна: другой категории с этими четырьмя словами нет
vitamins_letters__3,vitamins_letters,normal,auto_validated,local_unique,0.328,hashtag | asterisk | tilde | ampersand,локально однозначна: другой категории с этими четырьмя словами нет
voice_sounds__1,voice_sounds,normal,auto_validated,local_unique,0.272,laugh | cry | scream | shout,локально однозначна: другой категории с этими четырьмя словами нет
voice_sounds__2,voice_sounds,normal,auto_validated,local_unique,0.293,cough | sigh | whistle | hum,локально однозначна: другой категории с этими четырьмя словами нет
voice_sounds__3,voice_sounds,normal,auto_validated,local_unique,0.313,gasp | giggle | moan | sob,локально однозначна: другой категории с этими четырьмя словами нет
volcano_watch__1,volcano_watch,normal,auto_validated,local_unique,0.519,dormant | molten | vent | caldera,локально однозначна: другой категории с этими четырьмя словами нет
volcanoes__1,volcanoes,normal,auto_validated,local_unique,0.364,fuji | st helens | rainier | vesuvius,локально однозначна: другой категории с этими четырьмя словами нет
volcanoes__2,volcanoes,normal,auto_validated,local_unique,0.387,etna | mauna loa | kilauea | stromboli,локально однозначна: другой категории с этими четырьмя словами нет
wading_birds__1,wading_birds,normal,auto_validated,local_unique,0.364,crane#crane_bird | heron | flamingo | stork,локально однозначна: другой категории с этими четырьмя словами нет
wading_birds__2,wading_birds,normal,auto_validated,local_unique,0.392,ibis | plover | sandpiper | stilt,локально однозначна: другой категории с этими четырьмя словами нет
wardrobe__1,wardrobe,normal,auto_validated,local_unique,,hanger | closet | hats | footwear,локально однозначна: другой категории с этими четырьмя словами нет
wardrobe_care__1,wardrobe_care,normal,auto_validated,local_unique,0.312,iron#iron_appliance | hook#hook_fastener | brush | closet,локально однозначна: другой категории с этими четырьмя словами нет
wardrobe_care__2,wardrobe_care,normal,auto_validated,local_unique,0.33,shoe tree | shelf#shelf_furniture | drawer | cedar block,локально однозначна: другой категории с этими четырьмя словами нет
wardrobe_care__3,wardrobe_care,normal,auto_validated,local_unique,0.356,garment bag | steamer | hanger | lint roller,локально однозначна: другой категории с этими четырьмя словами нет
warehouse_words__1,warehouse_words,normal,auto_validated,local_unique,0.264,box | hand truck | label | tape gun,локально однозначна: другой категории с этими четырьмя словами нет
warehouse_words__2,warehouse_words,normal,auto_validated,local_unique,0.287,inventory | shelf#shelf_furniture | dock | ramp,локально однозначна: другой категории с этими четырьмя словами нет
warehouse_words__3,warehouse_words,normal,auto_validated,local_unique,0.307,aisle | scanner | crate | conveyor,локально однозначна: другой категории с этими четырьмя словами нет
wars__1,wars,normal,auto_validated,local_unique,0.213,cold war | world war | civil war | hundred years war,локально однозначна: другой категории с этими четырьмя словами нет
wars__2,wars,normal,auto_validated,local_unique,0.243,korean war | vietnam | revolutionary war | trojan war,локально однозначна: другой категории с этими четырьмя словами нет
watch_and_luxury__1,watch_and_luxury,normal,auto_validated,local_unique,0.34,ferrari | omega | tiffany | chanel,локально однозначна: другой категории с этими четырьмя словами нет
watch_and_luxury__2,watch_and_luxury,normal,auto_validated,local_unique,0.355,rolex | gucci | hermes | lamborghini,локально однозначна: другой категории с этими четырьмя словами нет
watch_and_luxury__3,watch_and_luxury,normal,auto_validated,local_unique,0.362,prada | dior | burberry | cartier,локально однозначна: другой категории с этими четырьмя словами нет
water_actions__1,water_actions,normal,auto_validated,local_unique,0.283,wash | flood | sink#sink_verb | swim,локально однозначна: другой категории с этими четырьмя словами нет
water_actions__2,water_actions,normal,auto_validated,local_unique,0.291,spray | dive | pour | drain,локально однозначна: другой категории с этими четырьмя словами нет
water_actions__3,water_actions,normal,auto_validated,local_unique,0.299,wade | float | spill | splash,локально однозначна: другой категории с этими четырьмя словами нет
water_plants__1,water_plants,normal,auto_validated,local_unique,0.3,reed | water lily | moss | lily pad,локально однозначна: другой категории с этими четырьмя словами нет
water_plants__2,water_plants,normal,auto_validated,local_unique,0.324,lotus | algae | seaweed | papyrus,локально однозначна: другой категории с этими четырьмя словами нет
water_sounds__1,water_sounds,normal,auto_validated,local_unique,0.328,lap#lap_water | spray | splash | roar,локально однозначна: другой категории с этими четырьмя словами нет
water_sounds__2,water_sounds,normal,auto_validated,local_unique,0.354,drip#drip_water | ripple | trickle | hiss,локально однозначна: другой категории с этими четырьмя словами нет
water_sounds__3,water_sounds,normal,auto_validated,local_unique,0.379,babble | patter | whoosh | plop,локально однозначна: другой категории с этими четырьмя словами нет
water_sports__1,water_sports,normal,auto_validated,local_unique,0.213,swimming | diving | sailing | water skiing,локально однозначна: другой категории с этими четырьмя словами нет
water_sports__2,water_sports,normal,auto_validated,local_unique,0.236,water polo | surfing | rowing | synchronized swimming,локально однозначна: другой категории с этими четырьмя словами нет
water_states__1,water_states,normal,auto_validated,local_unique,0.224,ice | rain | snow | steam,локально однозначна: другой категории с этими четырьмя словами нет
water_states__2,water_states,normal,auto_validated,local_unique,0.249,cloud | liquid | frost | hail,локально однозначна: другой категории с этими четырьмя словами нет
water_states__3,water_states,normal,auto_validated,local_unique,0.263,fog | humidity | mist | glacier,локально однозначна: другой категории с этими четырьмя словами нет
waterfalls__1,waterfalls,normal,auto_validated,local_unique,0.324,victoria | angel falls | niagara | sutherland,локально однозначна: другой категории с этими четырьмя словами нет
waterfalls__2,waterfalls,normal,auto_validated,local_unique,0.377,yosemite falls | multnomah | shoshone | havasu,локально однозначна: другой категории с этими четырьмя словами нет
waterfowl__1,waterfowl,normal,auto_validated,local_unique,0.295,duck#duck_bird | goose | swan | teal,локально однозначна: другой категории с этими четырьмя словами нет
waterfowl__2,waterfowl,normal,auto_validated,local_unique,0.334,pelican | loon | mallard | coot,локально однозначна: другой категории с этими четырьмя словами нет
ways_of_laughing__1,ways_of_laughing,normal,auto_validated,local_unique,0.34,laugh | roar | chuckle | giggle,локально однозначна: другой категории с этими четырьмя словами нет
ways_of_laughing__2,ways_of_laughing,normal,auto_validated,local_unique,0.383,howl | snort | snicker | cackle,локально однозначна: другой категории с этими четырьмя словами нет
ways_of_looking__1,ways_of_looking,normal,auto_validated,local_unique,0.276,watch#watch_look | survey | spy | peer,локально однозначна: другой категории с этими четырьмя словами нет
ways_of_looking__2,ways_of_looking,normal,auto_validated,local_unique,0.296,observe | scan | glance | stare,локально однозначна: другой категории с этими четырьмя словами нет
ways_of_looking__3,ways_of_looking,normal,auto_validated,local_unique,0.312,gaze | peek | inspect | glare,локально однозначна: другой категории с этими четырьмя словами нет
ways_of_moving__1,ways_of_moving,normal,auto_validated,local_unique,0.17,march#march_walk | race | run | walk,локально однозначна: другой категории с этими четырьмя словами нет
ways_of_moving__2,ways_of_moving,normal,auto_validated,local_unique,0.183,spring#spring_jump | jump | hop | slide,локально однозначна: другой категории с этими четырьмя словами нет
ways_of_moving__3,ways_of_moving,normal,auto_validated,local_unique,0.2,climb | skip | swim | dash#dash_run,локально однозначна: другой категории с этими четырьмя словами нет
ways_of_speaking__1,ways_of_speaking,normal,auto_validated,local_unique,0.242,sing | announce | scream | shout,локально однозначна: другой категории с этими четырьмя словами нет
ways_of_speaking__2,ways_of_speaking,normal,auto_validated,local_unique,0.258,declare | gossip | yell | whisper,локально однозначна: другой категории с этими четырьмя словами нет
ways_of_speaking__3,ways_of_speaking,normal,auto_validated,local_unique,0.279,chant | chatter | recite | growl,локально однозначна: другой категории с этими четырьмя словами нет
weapons_of_the_past__1,weapons_of_the_past,normal,auto_validated,local_unique,0.229,club#club_stick | sword | bow#bow_weapon | arrow,локально однозначна: другой категории с этими четырьмя словами нет
weapons_of_the_past__2,weapons_of_the_past,normal,auto_validated,local_unique,0.263,axe | spear | dagger | mace,локально однозначна: другой категории с этими четырьмя словами нет
weapons_of_the_past__3,weapons_of_the_past,normal,auto_validated,local_unique,0.281,sling | trident | crossbow | catapult,локально однозначна: другой категории с этими четырьмя словами нет
weather_actions__1,weather_actions,normal,auto_validated,local_unique,0.258,clear | rain | snow | blow,локально однозначна: другой категории с этими четырьмя словами нет
weather_actions__2,weather_actions,normal,auto_validated,local_unique,0.279,flood | shine | thunder | freeze,локально однозначна: другой категории с этими четырьмя словами нет
weather_actions__3,weather_actions,normal,auto_validated,local_unique,0.295,pour | melt | hail | thaw,локально однозначна: другой категории с этими четырьмя словами нет
weather_adjectives__1,weather_adjectives,normal,auto_validated,local_unique,0.235,clear | mild | sunny | freezing,локально однозначна: другой категории с этими четырьмя словами нет
weather_adjectives__2,weather_adjectives,normal,auto_validated,local_unique,0.263,rainy | windy | cloudy | icy,локально однозначна: другой категории с этими четырьмя словами нет
weather_adjectives__3,weather_adjectives,normal,auto_validated,local_unique,0.271,humid | snowy | stormy | foggy,локально однозначна: другой категории с этими четырьмя словами нет
weather_forecast_terms__1,weather_forecast_terms,normal,auto_validated,local_unique,0.29,front | high | low | pressure,локально однозначна: другой категории с этими четырьмя словами нет
weather_forecast_terms__2,weather_forecast_terms,normal,auto_validated,local_unique,0.309,chance of rain | warning | heat index | advisory,локально однозначна: другой категории с этими четырьмя словами нет
weather_forecast_terms__3,weather_forecast_terms,normal,auto_validated,local_unique,0.331,forecast | wind chill | visibility | precipitation,локально однозначна: другой категории с этими четырьмя словами нет
weather_instruments__1,weather_instruments,normal,auto_validated,local_unique,0.372,satellite | radar | rain gauge | weather balloon,локально однозначна: другой категории с этими четырьмя словами нет
weather_report__1,weather_report,normal,auto_validated,local_unique,,forecast | radar | humidity | storms,локально однозначна: другой категории с этими четырьмя словами нет
weather_science__1,weather_science,normal,auto_validated,local_unique,0.268,front | pressure | air mass | radar,локально однозначна: другой категории с этими четырьмя словами нет
weather_science__2,weather_science,normal,auto_validated,local_unique,0.299,jet stream | forecast | humidity | precipitation,локально однозначна: другой категории с этими четырьмя словами нет
weather_science__3,weather_science,normal,auto_validated,local_unique,0.327,dew point | barometer | condensation | evaporation,локально однозначна: другой категории с этими четырьмя словами нет
weather_words__1,weather_words,normal,auto_validated,local_unique,0.113,wind | rain | snow | storm,локально однозначна: другой категории с этими четырьмя словами нет
weather_words__2,weather_words,normal,auto_validated,local_unique,0.126,shower | cloud | heat wave | lightning,локально однозначна: другой категории с этими четырьмя словами нет
weather_words__3,weather_words,normal,auto_validated,local_unique,0.138,sunshine | thunder | hurricane | frost,локально однозначна: другой категории с этими четырьмя словами нет
weaving__1,weaving,normal,auto_validated,local_unique,0.45,loom | spindle | tapestry | warp,локально однозначна: другой категории с этими четырьмя словами нет
wedding_things__1,wedding_things,normal,auto_validated,local_unique,0.176,best man | ring#ring_jewelry | dress | rice,локально однозначна: другой категории с этими четырьмя словами нет
wedding_things__2,wedding_things,normal,auto_validated,local_unique,0.193,cake | ceremony | reception | invitation,локально однозначна: другой категории с этими четырьмя словами нет
wedding_things__3,wedding_things,normal,auto_validated,local_unique,0.214,bride | altar | aisle | vows,локально однозначна: другой категории с этими четырьмя словами нет
weeds__1,weeds,normal,auto_validated,local_unique,0.309,moss | ivy | poison ivy | clover,локально однозначна: другой категории с этими четырьмя словами нет
weeds__2,weeds,normal,auto_validated,local_unique,0.342,thistle | dandelion | nettle | plantain,локально однозначна: другой категории с этими четырьмя словами нет
weight_units__1,weight_units,normal,auto_validated,local_unique,0.275,carat | gram | kilogram | ounce,локально однозначна: другой категории с этими четырьмя словами нет
welding_words__1,welding_words,normal,auto_validated,local_unique,0.369,gas | arc | rod | helmet,локально однозначна: другой категории с этими четырьмя словами нет
welding_words__2,welding_words,normal,auto_validated,local_unique,0.394,spark | torch | flux | clamp,локально однозначна: другой категории с этими четырьмя словами нет
welding_words__3,welding_words,normal,auto_validated,local_unique,0.408,bead | filler | tack#tack_pin | slag,локально однозначна: другой категории с этими четырьмя словами нет
wellness__1,wellness,normal,auto_validated,local_unique,0.312,balance | diet | detox | hydration,локально однозначна: другой категории с этими четырьмя словами нет
wetness_words__1,wetness_words,normal,auto_validated,local_unique,0.28,dry | wet | crisp | moist,локально однозначна: другой категории с этими четырьмя словами нет
wetness_words__2,wetness_words,normal,auto_validated,local_unique,0.303,saturated | soaked | damp | humid,локально однозначна: другой категории с этими четырьмя словами нет
wetness_words__3,wetness_words,normal,auto_validated,local_unique,0.315,dripping | arid | drenched | soggy,локально однозначна: другой категории с этими четырьмя словами нет
whale_types__1,whale_types,normal,auto_validated,local_unique,0.33,right whale | blue whale | pilot whale | gray whale,локально однозначна: другой категории с этими четырьмя словами нет
whale_types__2,whale_types,normal,auto_validated,local_unique,0.358,sperm whale | fin whale | orca | humpback,локально однозначна: другой категории с этими четырьмя словами нет
whale_watch__1,whale_watch,normal,auto_validated,local_unique,0.575,breaching | krill | baleen | blowhole,локально однозначна: другой категории с этими четырьмя словами нет
whaling_and_fishing__1,whaling_and_fishing,normal,auto_validated,local_unique,0.311,hold | line#line_cord | net | pot,локально однозначна: другой категории с этими четырьмя словами нет
whaling_and_fishing__2,whaling_and_fishing,normal,auto_validated,local_unique,0.349,hook#hook_fishing | trap | crate | seine,локально однозначна: другой категории с этими четырьмя словами нет
whaling_and_fishing__3,whaling_and_fishing,normal,auto_validated,local_unique,0.384,dredge | winch | buoy | harpoon,локально однозначна: другой категории с этими четырьмя словами нет
white_things__1,white_things,normal,auto_validated,local_unique,0.247,paper | sugar | milk | snow,локально однозначна: другой категории с этими четырьмя словами нет
white_things__2,white_things,normal,auto_validated,local_unique,0.255,salt | rice | bone | cloud,локально однозначна: другой категории с этими четырьмя словами нет
white_things__3,white_things,normal,auto_validated,local_unique,0.264,ghost | sheet#sheet_bed | cotton | pearl,локально однозначна: другой категории с этими четырьмя словами нет
wild_cats__1,wild_cats,normal,auto_validated,local_unique,0.224,tiger | lion | panther | leopard,локально однозначна: другой категории с этими четырьмя словами нет
wild_cats__2,wild_cats,normal,auto_validated,local_unique,0.249,jaguar | cougar | cheetah | puma,локально однозначна: другой категории с этими четырьмя словами нет
wild_cats_small__1,wild_cats_small,normal,auto_validated,local_unique,0.392,fishing cat | sand cat | lynx | bobcat,локально однозначна: другой категории с этими четырьмя словами нет
wild_cattle__1,wild_cattle,normal,auto_validated,local_unique,0.35,angus | bison | buffalo | ox,локально однозначна: другой категории с этими четырьмя словами нет
wild_dogs__1,wild_dogs,normal,auto_validated,local_unique,0.27,fox | red fox | wolf | gray wolf,локально однозначна: другой категории с этими четырьмя словами нет
wild_dogs__2,wild_dogs,normal,auto_validated,local_unique,0.318,arctic fox | coyote | jackal | hyena,локально однозначна: другой категории с этими четырьмя словами нет
wild_plants__1,wild_plants,normal,auto_validated,local_unique,0.316,weed | reed | moss | ivy,локально однозначна: другой категории с этими четырьмя словами нет
wild_plants__2,wild_plants,normal,auto_validated,local_unique,0.342,vine | clover | fern | thistle,локально однозначна: другой категории с этими четырьмя словами нет
wild_plants__3,wild_plants,normal,auto_validated,local_unique,0.366,dandelion | bracken | lichen | nettle,локально однозначна: другой категории с этими четырьмя словами нет
wild_west__1,wild_west,normal,auto_validated,local_unique,0.19,horse | gold rush | boots | sheriff,локально однозначна: другой категории с этими четырьмя словами нет
wild_west__2,wild_west,normal,auto_validated,local_unique,0.209,ranch | spurs | wagon | marshal,локально однозначна: другой категории с этими четырьмя словами нет
wild_west__3,wild_west,normal,auto_validated,local_unique,0.222,cowboy | prairie | outlaw | rodeo,локально однозначна: другой категории с этими четырьмя словами нет
wildflowers__1,wildflowers,normal,auto_validated,local_unique,0.352,wild rose | black eyed susan | columbine | primrose,локально однозначна: другой категории с этими четырьмя словами нет
wildflowers__2,wildflowers,normal,auto_validated,local_unique,0.391,aster | indian paintbrush | milkweed | trillium,локально однозначна: другой категории с этими четырьмя словами нет
wind_instruments__1,wind_instruments,normal,auto_validated,local_unique,0.261,french horn | whistle | recorder | trumpet,локально однозначна: другой категории с этими четырьмя словами нет
wind_instruments__2,wind_instruments,normal,auto_validated,local_unique,0.285,flute | saxophone | clarinet | piccolo,локально однозначна: другой категории с этими четырьмя словами нет
wind_words__1,wind_words,normal,auto_validated,local_unique,0.274,trade wind | draft#draft_wind | jet stream | breeze,локально однозначна: другой категории с этими четырьмя словами нет
wind_words__2,wind_words,normal,auto_validated,local_unique,0.319,gale | whirlwind | gust | chinook,локально однозначна: другой категории с этими четырьмя словами нет
wind_words__3,wind_words,normal,auto_validated,local_unique,0.347,zephyr | squall | headwind | tailwind,локально однозначна: другой категории с этими четырьмя словами нет
wines_and_drinks__1,wines_and_drinks,normal,auto_validated,local_unique,0.296,porter | champagne | ale | cider,локально однозначна: другой категории с этими четырьмя словами нет
wines_and_drinks__2,wines_and_drinks,normal,auto_validated,local_unique,0.317,stout | ipa | lager | pinot,локально однозначна: другой категории с этими четырьмя словами нет
wines_and_drinks__3,wines_and_drinks,normal,auto_validated,local_unique,0.335,chardonnay | cabernet | merlot | prosecco,локально однозначна: другой категории с этими четырьмя словами нет
winter_cabin__1,winter_cabin,normal,auto_validated,local_unique,0.575,earmuffs | snowshoe | thermals | toboggan,локально однозначна: другой категории с этими четырьмя словами нет
winter_clothing__1,winter_clothing,normal,auto_validated,local_unique,0.17,coat#coat_garment | down jacket | snow pants | hood#hood_garment,локально однозначна: другой категории с этими четырьмя словами нет
winter_clothing__2,winter_clothing,normal,auto_validated,local_unique,0.186,boot#boot_shoe | ski mask | sweater | glove,локально однозначна: другой категории с этими четырьмя словами нет
winter_clothing__3,winter_clothing,normal,auto_validated,local_unique,0.204,scarf | wool socks | fleece | shawl,локально однозначна: другой категории с этими четырьмя словами нет
winter_fun__1,winter_fun,normal,auto_validated,local_unique,0.3,skates | skis | sled | snowman,локально однозначна: другой категории с этими четырьмя словами нет
winter_sports__1,winter_sports,normal,auto_validated,local_unique,0.205,hockey | ice climbing | skating | skiing,локально однозначна: другой категории с этими четырьмя словами нет
winter_sports__2,winter_sports,normal,auto_validated,local_unique,0.22,figure skating | speed skating | sled | snowboard,локально однозначна: другой категории с этими четырьмя словами нет
winter_sports__3,winter_sports,normal,auto_validated,local_unique,0.247,curling | snowboarding | luge | biathlon,локально однозначна: другой категории с этими четырьмя словами нет
wizard_tower__1,wizard_tower,normal,auto_validated,local_unique,0.525,conjure | enchanted | incantation | grimoire,локально однозначна: другой категории с этими четырьмя словами нет
wizards_and_spells__1,wizards_and_spells,normal,auto_validated,local_unique,0.257,book | staff | familiar | hat,локально однозначна: другой категории с этими четырьмя словами нет
wizards_and_spells__2,wizards_and_spells,normal,auto_validated,local_unique,0.275,tower | crystal | spell#spell_magic | scroll#scroll_paper,локально однозначна: другой категории с этими четырьмя словами нет
wizards_and_spells__3,wizards_and_spells,normal,auto_validated,local_unique,0.307,apprentice | robe | wand | potion,локально однозначна: другой категории с этими четырьмя словами нет
word_fast__1,word_fast,normal,auto_validated,local_unique,0.267,fast | quick | express | rapid,локально однозначна: другой категории с этими четырьмя словами нет
word_fast__2,word_fast,normal,auto_validated,local_unique,0.296,fleet | swift | prompt | speedy,локально однозначна: другой категории с этими четырьмя словами нет
word_fast__3,word_fast,normal,auto_validated,local_unique,0.33,hasty | brisk | hurried | nimble,локально однозначна: другой категории с этими четырьмя словами нет
word_size__1,word_size,normal,auto_validated,local_unique,0.261,big | grand | huge | massive,локально однозначна: другой категории с этими четырьмя словами нет
word_size__2,word_size,normal,auto_validated,local_unique,0.283,giant | vast | enormous | immense,локально однозначна: другой категории с этими четырьмя словами нет
word_size__3,word_size,normal,auto_validated,local_unique,0.319,gigantic | mammoth | jumbo | colossal,локально однозначна: другой категории с этими четырьмя словами нет
word_small__1,word_small,normal,auto_validated,local_unique,0.262,little | minute#minute_tiny | small | tiny,локально однозначна: другой категории с этими четырьмя словами нет
word_small__2,word_small,normal,auto_validated,local_unique,0.283,pocket | mini | slight | micro,локально однозначна: другой категории с этими четырьмя словами нет
word_small__3,word_small,normal,auto_validated,local_unique,0.302,compact | wee | dwarf | miniature,локально однозначна: другой категории с этими четырьмя словами нет
words_after_air__1,words_after_air,normal,auto_validated,local_unique,0.32,space | plane#plane_aircraft | craft | brush,локально однозначна: другой категории с этими четырьмя словами нет
words_after_back__1,words_after_back,normal,auto_validated,local_unique,0.345,board#board_plank | door | drop | fire,локально однозначна: другой категории с этими четырьмя словами нет
words_after_back__2,words_after_back,normal,auto_validated,local_unique,0.345,ground | hand#hand_body | stage | track,локально однозначна: другой категории с этими четырьмя словами нет
words_after_back__3,words_after_back,normal,auto_validated,local_unique,0.356,up | pack | yard#yard_ground | log,локально однозначна: другой категории с этими четырьмя словами нет
words_after_book__1,words_after_book,normal,auto_validated,local_unique,0.345,case#case_box | mark | report | review,локально однозначна: другой категории с этими четырьмя словами нет
words_after_book__2,words_after_book,normal,auto_validated,local_unique,0.363,store | bag | binding | keeper,локально однозначна: другой категории с этими четырьмя словами нет
words_after_fire__1,words_after_fire,normal,auto_validated,local_unique,0.345,break | house | man | place,локально однозначна: другой категории с этими четырьмя словами нет
words_after_fire__2,words_after_fire,normal,auto_validated,local_unique,0.35,side | wood | fly#fly_insect | escape,локально однозначна: другой категории с этими четырьмя словами нет
words_after_fire__3,words_after_fire,normal,auto_validated,local_unique,0.369,truck | alarm | pit | drill#drill_practice,локально однозначна: другой категории с этими четырьмя словами нет
words_after_foot__1,words_after_foot,normal,auto_validated,local_unique,0.345,ball#ball_sphere | note#note_written | step | wear,локально однозначна: другой категории с этими четырьмя словами нет
words_after_foot__2,words_after_foot,normal,auto_validated,local_unique,0.349,work | hill | bridge#bridge_structure | path,локально однозначна: другой категории с этими четырьмя словами нет
words_after_hand__1,words_after_hand,normal,auto_validated,local_unique,0.345,book | held | made | stand#stand_pose,локально однозначна: другой категории с этими четырьмя словами нет
words_after_hand__2,words_after_hand,normal,auto_validated,local_unique,0.356,writing | bag | print | shake,локально однозначна: другой категории с этими четырьмя словами нет
words_after_head__1,words_after_head,normal,auto_validated,local_unique,0.351,band#band_ring | count | stone | gear,локально однозначна: другой категории с этими четырьмя словами нет
words_after_horse__1,words_after_horse,normal,auto_validated,local_unique,0.355,man | race | drawn | trailer#trailer_vehicle,локально однозначна: другой категории с этими четырьмя словами нет
words_after_rain__1,words_after_rain,normal,auto_validated,local_unique,0.307,drop | fall | water | storm,локально однозначна: другой категории с этими четырьмя словами нет
words_after_rain__2,words_after_rain,normal,auto_validated,local_unique,0.329,cloud | coat#coat_garment | maker | barrel,локально однозначна: другой категории с этими четырьмя словами нет
words_after_snow__1,words_after_snow,normal,auto_validated,local_unique,0.307,ball#ball_sphere | board#board_plank | man | storm,локально однозначна: другой категории с этими четырьмя словами нет
words_after_snow__2,words_after_snow,normal,auto_validated,local_unique,0.34,blind | tire | cone | drift,локально однозначна: другой категории с этими четырьмя словами нет
words_after_sun__1,words_after_sun,normal,auto_validated,local_unique,0.305,day | light#light_bright | room | set#set_sun,локально однозначна: другой категории с этими четырьмя словами нет
words_after_sun__2,words_after_sun,normal,auto_validated,local_unique,0.308,spot | screen#screen_shield | rise | dress,локально однозначна: другой категории с этими четырьмя словами нет
words_after_sun__3,words_after_sun,normal,auto_validated,local_unique,0.323,roof | burn | flower | glasses,локально однозначна: другой категории с этими четырьмя словами нет
words_after_water__1,words_after_water,normal,auto_validated,local_unique,0.345,color | fall | park#park_place | way,локально однозначна: другой категории с этими четырьмя словами нет
words_after_water__2,words_after_water,normal,auto_validated,local_unique,0.373,works | mill | shed | melon,локально однозначна: другой категории с этими четырьмя словами нет
words_before_bag__1,words_before_bag,normal,auto_validated,local_unique,0.31,body | hand#hand_body | tea | sleeping,локально однозначна: другой категории с этими четырьмя словами нет
words_before_ball__1,words_before_ball,normal,auto_validated,local_unique,0.305,base | eye | hair | high,локально однозначна: другой категории с этими четырьмя словами нет
words_before_ball__2,words_before_ball,normal,auto_validated,local_unique,0.319,foot#foot_body | soft | odd | pin#pin_fastener,локально однозначна: другой категории с этими четырьмя словами нет
words_before_berry__1,words_before_berry,normal,auto_validated,local_unique,0.305,bar#bar_berry | black | blue | straw#straw_berry,локально однозначна: другой категории с этими четырьмя словами нет
words_before_bird__1,words_before_bird,normal,auto_validated,local_unique,0.305,black | blue | early | ground,локально однозначна: другой категории с этими четырьмя словами нет
words_before_bird__2,words_before_bird,normal,auto_validated,local_unique,0.325,sea | song | snow | humming,локально однозначна: другой категории с этими четырьмя словами нет
words_before_board__1,words_before_board,normal,auto_validated,local_unique,0.345,bill#bill_money | black | card#card_board | head#head_body,локально однозначна: другой категории с этими четырьмя словами нет
words_before_board__2,words_before_board,normal,auto_validated,local_unique,0.345,sea | spring | star | white#white_color,локально однозначна: другой категории с этими четырьмя словами нет
words_before_board__3,words_before_board,normal,auto_validated,local_unique,0.358,score#score_points | snow | switch | clip,локально однозначна: другой категории с этими четырьмя словами нет
words_before_book__1,words_before_book,normal,auto_validated,local_unique,0.345,check#check_payment | face | hand#hand_body | match,локально однозначна: другой категории с этими четырьмя словами нет
words_before_book__2,words_before_book,normal,auto_validated,local_unique,0.345,note#note_written | phone | play | story#story_tale,локально однозначна: другой категории с этими четырьмя словами нет
words_before_book__3,words_before_book,normal,auto_validated,local_unique,0.349,text | work | guide | cook#cook_prepare,локально однозначна: другой категории с этими четырьмя словами нет
words_before_box__1,words_before_box,normal,auto_validated,local_unique,0.31,ice | jack#jack_box | mail | lunch,локально однозначна: другой категории с этими четырьмя словами нет
words_before_box__2,words_before_box,normal,auto_validated,local_unique,0.326,tool | gear | boom | shoe,локально однозначна: другой категории с этими четырьмя словами нет
words_before_box__3,words_before_box,normal,auto_validated,local_unique,0.353,ballot | glove | litter | chatter,локально однозначна: другой категории с этими четырьмя словами нет
words_before_cake__1,words_before_cake,normal,auto_validated,local_unique,0.306,cup | hot#hot_temperature | coffee | wedding,локально однозначна: другой категории с этими четырьмя словами нет
words_before_cake__2,words_before_cake,normal,auto_validated,local_unique,0.317,tea | cheese | fruit | rice,локально однозначна: другой категории с этими четырьмя словами нет
words_before_cake__3,words_before_cake,normal,auto_validated,local_unique,0.329,sheet#sheet_pan | pan | pound#pound_cake | corn,локально однозначна: другой категории с этими четырьмя словами нет
words_before_fish__1,words_before_fish,normal,auto_validated,local_unique,0.345,dog | gold | star | sun,локально однозначна: другой категории с этими четырьмя словами нет
words_before_fish__2,words_before_fish,normal,auto_validated,local_unique,0.356,silver | cat | blow | shell,локально однозначна: другой категории с этими четырьмя словами нет
words_before_ground__1,words_before_ground,normal,auto_validated,local_unique,0.351,back | common | fair | play,локально однозначна: другой категории с этими четырьмя словами нет
words_before_house__1,words_before_house,normal,auto_validated,local_unique,0.345,club | court#court_law | dog | green#green_color,локально однозначна: другой категории с этими четырьмя словами нет
words_before_house__2,words_before_house,normal,auto_validated,local_unique,0.345,out | safe | town | tree,локально однозначна: другой категории с этими четырьмя словами нет
words_before_house__3,words_before_house,normal,auto_validated,local_unique,0.361,farm | bird | guest | doll,локально однозначна: другой категории с этими четырьмя словами нет
words_before_light__1,words_before_light,normal,auto_validated,local_unique,0.305,star#star_shape | back | day | fire,локально однозначна: другой категории с этими четырьмя словами нет
words_before_light__2,words_before_light,normal,auto_validated,local_unique,0.305,gas | high | night | search,локально однозначна: другой категории с этими четырьмя словами нет
words_before_light__3,words_before_light,normal,auto_validated,local_unique,0.305,side | spot | stop | sun,локально однозначна: другой категории с этими четырьмя словами нет
words_before_line__1,words_before_line,normal,auto_validated,local_unique,0.345,air | dead | front | hair,локально однозначна: другой категории с этими четырьмя словами нет
words_before_line__2,words_before_line,normal,auto_validated,local_unique,0.345,head#head_body | hot#hot_temperature | life | out,локально однозначна: другой категории с этими четырьмя словами нет
words_before_line__3,words_before_line,normal,auto_validated,local_unique,0.347,side | time | coast | guide,локально однозначна: другой категории с этими четырьмя словами нет
words_before_man__1,words_before_man,normal,auto_validated,local_unique,0.305,business | fire | ice | police,локально однозначна: другой категории с этими четырьмя словами нет
words_before_man__2,words_before_man,normal,auto_validated,local_unique,0.305,sales | sports | super | work,локально однозначна: другой категории с этими четырьмя словами нет
words_before_man__3,words_before_man,normal,auto_validated,local_unique,0.312,weather | mail | milk | snow,локально однозначна: другой категории с этими четырьмя словами нет
words_before_master__1,words_before_master,normal,auto_validated,local_unique,0.387,band#band_ring | pay | school | quarter#quarter_lodging,локально однозначна: другой категории с этими четырьмя словами нет
words_before_paper__1,words_before_paper,normal,auto_validated,local_unique,0.345,construction | news | note#note_written | term#term_period,локально однозначна: другой категории с этими четырьмя словами нет
words_before_paper__2,words_before_paper,normal,auto_validated,local_unique,0.366,wall | tissue#tissue_paper | toilet | graph,локально однозначна: другой категории с этими четырьмя словами нет
words_before_proof__1,words_before_proof,normal,auto_validated,local_unique,0.348,fire | water | weather | leak,локально однозначна: другой категории с этими четырьмя словами нет
words_before_room__1,words_before_room,normal,auto_validated,local_unique,0.305,ball#ball_dance | bed | board#board_committee | class,локально однозначна: другой категории с этими четырьмя словами нет
words_before_room__2,words_before_room,normal,auto_validated,local_unique,0.305,court#court_law | dark | living | rest#rest_sleep,локально однозначна: другой категории с этими четырьмя словами нет
words_before_room__3,words_before_room,normal,auto_validated,local_unique,0.313,sun | wait | guest | bath,локально однозначна: другой категории с этими четырьмя словами нет
words_before_sauce__1,words_before_sauce,normal,auto_validated,local_unique,0.332,fish | hot#hot_spicy | white#white_color | apple#apple_fruit,локально однозначна: другой категории с этими четырьмя словами нет
words_before_sauce__2,words_before_sauce,normal,auto_validated,local_unique,0.358,cheese | pizza | steak | tomato,локально однозначна: другой категории с этими четырьмя словами нет
words_before_sauce__3,words_before_sauce,normal,auto_validated,local_unique,0.38,chili#chili_pepper | taco | barbecue | soy,локально однозначна: другой категории с этими четырьмя словами нет
words_before_side__1,words_before_side,normal,auto_validated,local_unique,0.345,bed | dark | down | in,локально однозначна: другой категории с этими четырьмя словами нет
words_before_side__2,words_before_side,normal,auto_validated,local_unique,0.345,out | river | road | sea,локально однозначна: другой категории с этими четырьмя словами нет
words_before_side__3,words_before_side,normal,auto_validated,local_unique,0.346,top#top_upper | up | way | hill,локально однозначна: другой категории с этими четырьмя словами нет
words_before_stone__1,words_before_stone,normal,auto_validated,local_unique,0.398,birth | corner | rolling | grave,локально однозначна: другой категории с этими четырьмя словами нет
words_before_time__1,words_before_time,normal,auto_validated,local_unique,0.305,bed | day | full | half,локально однозначна: другой категории с этими четырьмя словами нет
words_before_time__2,words_before_time,normal,auto_validated,local_unique,0.305,life | night | part#part_portion | play,локально однозначна: другой категории с этими четырьмя словами нет
words_before_time__3,words_before_time,normal,auto_validated,local_unique,0.305,show | some | spring | story#story_tale,локально однозначна: другой категории с этими четырьмя словами нет
words_before_work__1,words_before_work,normal,auto_validated,local_unique,0.345,art | fire | ground | home,локально однозначна: другой категории с этими четырьмя словами нет
words_before_work__2,words_before_work,normal,auto_validated,local_unique,0.346,house | paper | team | metal,локально однозначна: другой категории с этими четырьмя словами нет
words_before_work__3,words_before_work,normal,auto_validated,local_unique,0.361,wood | frame | clock | brick,локально однозначна: другой категории с этими четырьмя словами нет
work_uniforms__1,work_uniforms,normal,auto_validated,local_unique,0.241,hard hat | lab coat | badge | chef coat,локально однозначна: другой категории с этими четырьмя словами нет
work_uniforms__2,work_uniforms,normal,auto_validated,local_unique,0.272,vest | apron#apron_garment | blazer | scrubs,локально однозначна: другой категории с этими четырьмя словами нет
work_uniforms__3,work_uniforms,normal,auto_validated,local_unique,0.292,tunic | jumpsuit | kilt | smock,локально однозначна: другой категории с этими четырьмя словами нет
workshop_things__1,workshop_things,normal,auto_validated,local_unique,0.239,oil can | nail#nail_metal | hammer | drill#drill_tool,локально однозначна: другой категории с этими четырьмя словами нет
workshop_things__2,workshop_things,normal,auto_validated,local_unique,0.258,bucket | shelf#shelf_furniture | extension cord | lumber,локально однозначна: другой категории с этими четырьмя словами нет
workshop_things__3,workshop_things,normal,auto_validated,local_unique,0.279,clamp | apron#apron_garment | goggles | grinder,локально однозначна: другой категории с этими четырьмя словами нет
world_breads__1,world_breads,normal,auto_validated,local_unique,0.326,rye | tortilla | pita | roti,локально однозначна: другой категории с этими четырьмя словами нет
world_breads__2,world_breads,normal,auto_validated,local_unique,0.344,baguette | sourdough | brioche | matzo,локально однозначна: другой категории с этими четырьмя словами нет
world_breakfasts__1,world_breakfasts,normal,auto_validated,local_unique,0.366,full english | cheese plate | fruit plate | dim sum,локально однозначна: другой категории с этими четырьмя словами нет
world_breakfasts__2,world_breakfasts,normal,auto_validated,local_unique,0.418,pastry | porridge | croissant | tamale,локально однозначна: другой категории с этими четырьмя словами нет
world_capitals__1,world_capitals,normal,auto_validated,local_unique,0.22,london | paris | rome | moscow,локально однозначна: другой категории с этими четырьмя словами нет
world_capitals__2,world_capitals,normal,auto_validated,local_unique,0.236,berlin | madrid | tokyo | beijing,локально однозначна: другой категории с этими четырьмя словами нет
world_capitals__3,world_capitals,normal,auto_validated,local_unique,0.245,dublin | amsterdam | ottawa | vienna,локально однозначна: другой категории с этими четырьмя словами нет
world_cities__1,world_cities,normal,auto_validated,local_unique,0.221,manchester | sydney | toronto | london,локально однозначна: другой категории с этими четырьмя словами нет
world_cities__2,world_cities,normal,auto_validated,local_unique,0.229,paris | melbourne | barcelona | vancouver,локально однозначна: другой категории с этими четырьмя словами нет
world_cities__3,world_cities,normal,auto_validated,local_unique,0.239,dubai | milan | shanghai | geneva,локально однозначна: другой категории с этими четырьмя словами нет
world_currencies_more__1,world_currencies_more,normal,auto_validated,local_unique,0.374,real | rand | yen | yuan,локально однозначна: другой категории с этими четырьмя словами нет
world_currencies_more__2,world_currencies_more,normal,auto_validated,local_unique,0.419,rupee | peso | lira | kroner,локально однозначна: другой категории с этими четырьмя словами нет
world_dances__1,world_dances,normal,auto_validated,local_unique,0.336,square dance | tango | salsa | waltz,локально однозначна: другой категории с этими четырьмя словами нет
world_dances__2,world_dances,normal,auto_validated,local_unique,0.362,polka | samba | irish jig | hula,локально однозначна: другой категории с этими четырьмя словами нет
world_deserts_and_seas__1,world_deserts_and_seas,normal,auto_validated,local_unique,0.373,amazon | caribbean | mediterranean | alps,локально однозначна: другой категории с этими четырьмя словами нет
world_deserts_and_seas__2,world_deserts_and_seas,normal,auto_validated,local_unique,0.403,siberia | sahara | balkans | riviera,локально однозначна: другой категории с этими четырьмя словами нет
world_deserts_and_seas__3,world_deserts_and_seas,normal,auto_validated,local_unique,0.408,scandinavia | outback | bavaria | tuscany,локально однозначна: другой категории с этими четырьмя словами нет
world_hats__1,world_hats,normal,auto_validated,local_unique,0.399,panama | bowler | tam | conical hat,локально однозначна: другой категории с этими четырьмя словами нет
world_hats__2,world_hats,normal,auto_validated,local_unique,0.423,fez | turban | beret | sombrero,локально однозначна: другой категории с этими четырьмя словами нет
world_heritage__1,world_heritage,normal,auto_validated,local_unique,0.362,great wall | valley of the kings | easter island | petra,локально однозначна: другой категории с этими четырьмя словами нет
world_heritage__2,world_heritage,normal,auto_validated,local_unique,0.414,pompeii | stonehenge | acropolis | ephesus,локально однозначна: другой категории с этими четырьмя словами нет
world_instruments__1,world_instruments,normal,auto_validated,local_unique,0.371,steel drum | ukulele | bagpipes | koto,локально однозначна: другой категории с этими четырьмя словами нет
world_lakes__1,world_lakes,normal,auto_validated,local_unique,0.308,michigan | superior | victoria | great salt lake,локально однозначна: другой категории с этими четырьмя словами нет
world_lakes__2,world_lakes,normal,auto_validated,local_unique,0.334,ontario | geneva | erie | crater lake,локально однозначна: другой категории с этими четырьмя словами нет
world_lakes__3,world_lakes,normal,auto_validated,local_unique,0.359,como | loch ness | tahoe | huron,локально однозначна: другой категории с этими четырьмя словами нет
world_markets__1,world_markets,normal,auto_validated,local_unique,0.253,cash | sign | produce | crowd,локально однозначна: другой категории с этими четырьмя словами нет
world_markets__2,world_markets,normal,auto_validated,local_unique,0.281,sample | basket | cart | spice,локально однозначна: другой категории с этими четырьмя словами нет
world_markets__3,world_markets,normal,auto_validated,local_unique,0.301,stall#stall_market | vendor | canopy | crate,локально однозначна: другой категории с этими четырьмя словами нет
world_mountains__1,world_mountains,normal,auto_validated,local_unique,0.308,alps | andes | rockies | whitney,локально однозначна: другой категории с этими четырьмя словами нет
world_mountains__2,world_mountains,normal,auto_validated,local_unique,0.354,everest | olympus | fuji | rainier,локально однозначна: другой категории с этими четырьмя словами нет
world_mountains__3,world_mountains,normal,auto_validated,local_unique,0.373,shasta | kilimanjaro | vesuvius | etna,локально однозначна: другой категории с этими четырьмя словами нет
world_religions__1,world_religions,normal,auto_validated,local_unique,0.243,islam | christianity | buddhism | judaism,локально однозначна: другой категории с этими четырьмя словами нет
world_religions__2,world_religions,normal,auto_validated,local_unique,0.292,hinduism | confucianism | shinto | taoism,локально однозначна: другой категории с этими четырьмя словами нет
world_religions__3,world_religions,normal,auto_validated,local_unique,0.314,jainism | sikhism | zoroastrianism | bahá'í,локально однозначна: другой категории с этими четырьмя словами нет
world_rivers__1,world_rivers,normal,auto_validated,local_unique,0.287,amazon | po | congo | thames,локально однозначна: другой категории с этими четырьмя словами нет
world_rivers__2,world_rivers,normal,auto_validated,local_unique,0.318,nile | rhine | seine | mekong,локально однозначна: другой категории с этими четырьмя словами нет
world_rivers__3,world_rivers,normal,auto_validated,local_unique,0.331,danube | ganges | euphrates | tigris,локально однозначна: другой категории с этими четырьмя словами нет
world_soups__1,world_soups,normal,auto_validated,local_unique,0.353,egg drop | tom yum | ramen | pho,локально однозначна: другой категории с этими четырьмя словами нет
world_sports__1,world_sports,normal,auto_validated,local_unique,0.321,rugby | cricket#cricket_sport | table tennis | curling,локально однозначна: другой категории с этими четырьмя словами нет
world_sports__2,world_sports,normal,auto_validated,local_unique,0.361,badminton | hurling | handball | netball,локально однозначна: другой категории с этими четырьмя словами нет
world_sports__3,world_sports,normal,auto_validated,local_unique,0.381,sumo | futsal | bandy | kabaddi,локально однозначна: другой категории с этими четырьмя словами нет
world_teas_and_drinks__1,world_teas_and_drinks,normal,auto_validated,local_unique,0.38,sake | vodka | whiskey | rum,локально однозначна: другой категории с этими четырьмя словами нет
world_transport__1,world_transport,normal,auto_validated,local_unique,0.325,cable car | ferry | bicycle | camel,локально однозначна: другой категории с этими четырьмя словами нет
world_transport__2,world_transport,normal,auto_validated,local_unique,0.351,canoe | tram | double decker | sled,локально однозначна: другой категории с этими четырьмя словами нет
world_transport__3,world_transport,normal,auto_validated,local_unique,0.379,gondola | rickshaw | moped | tuk tuk,локально однозначна: другой категории с этими четырьмя словами нет
worms_and_crawlers__1,worms_and_crawlers,normal,auto_validated,local_unique,0.381,leech | nightcrawler | tapeworm | earthworm,локально однозначна: другой категории с этими четырьмя словами нет
wrestling_words__1,wrestling_words,normal,auto_validated,local_unique,0.291,hold | period | weight class | throw,локально однозначна: другой категории с этими четырьмя словами нет
wrestling_words__2,wrestling_words,normal,auto_validated,local_unique,0.328,escape | mat | referee | reversal,локально однозначна: другой категории с этими четырьмя словами нет
writing_tools__1,writing_tools,normal,auto_validated,local_unique,0.195,felt tip | pen#pen_writing | brush | keyboard#keyboard_computer,локально однозначна: другой категории с этими четырьмя словами нет
writing_tools__2,writing_tools,normal,auto_validated,local_unique,0.214,pencil | marker | fountain pen | chalk#chalk_stick,локально однозначна: другой категории с этими четырьмя словами нет
writing_tools__3,writing_tools,normal,auto_validated,local_unique,0.235,charcoal | pastel | typewriter | quill,локально однозначна: другой категории с этими четырьмя словами нет
writing_words__1,writing_words,normal,auto_validated,local_unique,0.21,letter#letter_alphabet | page | period | title,локально однозначна: другой категории с этими четырьмя словами нет
writing_words__2,writing_words,normal,auto_validated,local_unique,0.215,word | capital#capital_letter | chapter | draft#draft_document,локально однозначна: другой категории с этими четырьмя словами нет
writing_words__3,writing_words,normal,auto_validated,local_unique,0.227,index | sentence#sentence_writing | heading | column,локально однозначна: другой категории с этими четырьмя словами нет
yellow_things__1,yellow_things,normal,auto_validated,local_unique,0.244,gold | sun | school bus | cheese,локально однозначна: другой категории с этими четырьмя словами нет
yellow_things__2,yellow_things,normal,auto_validated,local_unique,0.265,butter | honey | corn | taxi,локально однозначна: другой категории с этими четырьмя словами нет
yellow_things__3,yellow_things,normal,auto_validated,local_unique,0.278,bee | lemon | banana | mustard,локально однозначна: другой категории с этими четырьмя словами нет
yoga_poses__1,yoga_poses,normal,auto_validated,local_unique,0.343,child | tree | mountain | boat,локально однозначна: другой категории с этими четырьмя словами нет
yoga_poses__2,yoga_poses,normal,auto_validated,local_unique,0.37,half moon | warrior | triangle | crow,локально однозначна: другой категории с этими четырьмя словами нет
yoga_poses__3,yoga_poses,normal,auto_validated,local_unique,0.392,downward dog | lotus | pigeon | cobra,локально однозначна: другой категории с этими четырьмя словами нет
zodiac_signs__1,zodiac_signs,normal,auto_validated,local_unique,0.28,cancer | leo | gemini | taurus,локально однозначна: другой категории с этими четырьмя словами нет
zodiac_signs__2,zodiac_signs,normal,auto_validated,local_unique,0.314,scorpio | aries | aquarius | virgo,локально однозначна: другой категории с этими четырьмя словами нет
zodiac_signs__3,zodiac_signs,normal,auto_validated,local_unique,0.321,capricorn | pisces | libra | sagittarius,локально однозначна: другой категории с этими четырьмя словами нет
zoo_animals__1,zoo_animals,normal,auto_validated,local_unique,0.126,bear | seal#seal_animal | tiger | lion,локально однозначна: другой категории с этими четырьмя словами нет
zoo_animals__2,zoo_animals,normal,auto_validated,local_unique,0.146,elephant | monkey | penguin | camel,локально однозначна: другой категории с этими четырьмя словами нет
zoo_animals__3,zoo_animals,normal,auto_validated,local_unique,0.159,panda | gorilla | rhino | kangaroo,локально однозначна: другой категории с этими четырьмя словами нет
zoo_visit__1,zoo_visit,normal,auto_validated,local_unique,0.406,enclosure | feeding | petting | zookeeper,локально однозначна: другой категории с этими четырьмя словами нет
zoos_and_aquariums__1,zoos_and_aquariums,normal,auto_validated,local_unique,0.408,lincoln park | london zoo | national zoo | toronto zoo,локально однозначна: другой категории с этими четырьмя словами нет
zoos_and_aquariums__2,zoos_and_aquariums,normal,auto_validated,local_unique,0.424,berlin zoo | san diego zoo | bronx zoo | georgia aquarium,локально однозначна: другой категории с этими четырьмя словами нет
