membership_id,word,normalized,sense_key,category_key,current_status,decision,review_comment
4,apple,apple,apple_fruit,red_things,candidate,hard_only,"связь верна, но неочевидна или слово редкое"
5,apple,apple,apple_fruit,round_things,candidate,hard_only,"связь верна, но неочевидна или слово редкое"
9,bank,bank,bank_finance,money_words,candidate,hard_only,"связь верна, но неочевидна или слово редкое"
12,bat,bat,bat_animal,nocturnal_animals,candidate,hard_only,"связь верна, но неочевидна или слово редкое"
14,date,date,date_fruit,fruits,candidate,hard_only,"связь верна, но неочевидна или слово редкое"
18,orange,orange,orange_fruit,things_with_seeds,candidate,hard_only,"связь верна, но неочевидна или слово редкое"
19,orange,orange,orange_fruit,round_things,candidate,hard_only,"связь верна, но неочевидна или слово редкое"
21,spring,spring,spring_water,bodies_of_water,candidate,hard_only,"связь верна, но неочевидна или слово редкое"
22,spring,spring,spring_jump,ways_of_moving,candidate,hard_only,"связь верна, но неочевидна или слово редкое"
25,pitch,pitch,pitch_tar,sticky_things,candidate,hard_only,"связь верна, но неочевидна или слово редкое"
30,capital,capital,capital_money,money_words,candidate,hard_only,"связь верна, но неочевидна или слово редкое"
31,capital,capital,capital_letter,writing_words,candidate,hard_only,"связь верна, но неочевидна или слово редкое"
33,diamond,diamond,diamond_shape,shapes,candidate,hard_only,"связь верна, но неочевидна или слово редкое"
35,diamond,diamond,diamond_field,baseball_words,candidate,hard_only,"связь верна, но неочевидна или слово редкое"
41,club,club,club_stick,gym_equipment,candidate,hard_only,"связь верна, но неочевидна или слово редкое"
43,key,key,key_lock,bedroom_things,candidate,hard_only,"связь верна, но неочевидна или слово редкое"
51,plate,plate,plate_dish,round_things,candidate,hard_only,"связь верна, но неочевидна или слово редкое"
57,star,star,star_shape,words_before_light,candidate,hard_only,"связь верна, но неочевидна или слово редкое"
59,moon,moon,moon_space,round_things,candidate,hard_only,"связь верна, но неочевидна или слово редкое"
60,moon,moon,moon_space,words_before_light,candidate,hard_only,"связь верна, но неочевидна или слово редкое"
62,ring,ring,ring_tree,tree_parts,candidate,hard_only,"связь верна, но неочевидна или слово редкое"
67,seal,seal,seal_rubber,things_made_of_rubber,candidate,hard_only,"связь верна, но неочевидна или слово редкое"
70,trunk,trunk,trunk_elephant,animal_body_parts,candidate,hard_only,"связь верна, но неочевидна или слово редкое"
71,trunk,trunk,trunk_case,bags,candidate,hard_only,"связь верна, но неочевидна или слово редкое"
72,trunk,trunk,trunk_case,storage_containers,candidate,hard_only,"связь верна, но неочевидна или слово редкое"
73,mole,mole,mole_animal,nocturnal_animals,candidate,hard_only,"связь верна, но неочевидна или слово редкое"
75,mole,mole,mole_animal,underground_things,candidate,hard_only,"связь верна, но неочевидна или слово редкое"
76,mole,mole,mole_spy,spy_words,candidate,hard_only,"связь верна, но неочевидна или слово редкое"
77,mole,mole,mole_skin,things_that_grow_on_you,candidate,hard_only,"связь верна, но неочевидна или слово редкое"
78,mole,mole,mole_sauce,mexican_dishes,candidate,hard_only,"связь верна, но неочевидна или слово редкое"
79,organ,organ,organ_body,body_science,candidate,hard_only,"связь верна, но неочевидна или слово редкое"
88,cast,cast,cast_medical,things_worn_on_hands,candidate,hard_only,"связь верна, но неочевидна или слово редкое"
92,cast,cast,cast_mold,detective_procedures,candidate,hard_only,"связь верна, но неочевидна или слово редкое"
95,tank,tank,tank_container,things_that_hold_water,candidate,hard_only,"связь верна, но неочевидна или слово редкое"
99,bow,bow,bow_music,instruments_you_strum,candidate,hard_only,"связь верна, но неочевидна или слово редкое"
100,bow,bow,bow_music,music_practice,candidate,hard_only,"связь верна, но неочевидна или слово редкое"
101,bow,bow,bow_bend,body_language,candidate,hard_only,"связь верна, но неочевидна или слово редкое"
102,bow,bow,bow_ship,sailing_words,candidate,hard_only,"связь верна, но неочевидна или слово редкое"
103,bow,bow,bow_arc,words_after_rain,candidate,hard_only,"связь верна, но неочевидна или слово редкое"
106,pitcher,pitcher,pitcher_jug,things_with_handles,candidate,hard_only,"связь верна, но неочевидна или слово редкое"
109,fan,fan,fan_device,things_that_plug_in,candidate,hard_only,"связь верна, но неочевидна или слово редкое"
110,fan,fan,fan_device,things_that_spin,candidate,hard_only,"связь верна, но неочевидна или слово редкое"
111,fan,fan,fan_hand,things_that_open,candidate,hard_only,"связь верна, но неочевидна или слово редкое"
112,fan,fan,fan_person,crowd_words,candidate,hard_only,"связь верна, но неочевидна или слово редкое"
118,current,current,current_water,river_features,candidate,hard_only,"связь верна, но неочевидна или слово редкое"
119,current,current,current_water,sea_weather,candidate,hard_only,"связь верна, но неочевидна или слово редкое"
123,wave,wave,wave_hand,body_language,candidate,hard_only,"связь верна, но неочевидна или слово редкое"
126,wave,wave,wave_hand,quiet_actions,candidate,hard_only,"связь верна, но неочевидна или слово редкое"
127,wave,wave,wave_hair,hair_words,candidate,hard_only,"связь верна, но неочевидна или слово редкое"
128,wave,wave,wave_dance,dance_moves,candidate,hard_only,"связь верна, но неочевидна или слово редкое"
133,watch,watch,watch_object,screens,candidate,hard_only,"связь верна, но неочевидна или слово редкое"
134,watch,watch,watch_object,things_that_have_a_face,candidate,hard_only,"связь верна, но неочевидна или слово редкое"
135,watch,watch,watch_object,things_with_buttons,candidate,hard_only,"связь верна, но неочевидна или слово редкое"
136,watch,watch,watch_object,things_worn_on_hands,candidate,hard_only,"связь верна, но неочевидна или слово редкое"
138,watch,watch,watch_warning,weather_forecast_terms,candidate,hard_only,"связь верна, но неочевидна или слово редкое"
140,mint,mint,mint_herb,green_things,candidate,hard_only,"связь верна, но неочевидна или слово редкое"
148,mint,mint,mint_color,color_words_advanced,candidate,hard_only,"связь верна, но неочевидна или слово редкое"
150,polish,polish,polish_verb,gem_cuts,candidate,hard_only,"связь верна, но неочевидна или слово редкое"
151,polish,polish,polish_verb,shiny_things,candidate,hard_only,"связь верна, но неочевидна или слово редкое"
155,polish,polish,polish_language,languages,candidate,hard_only,"связь верна, но неочевидна или слово редкое"
156,polish,polish,polish_language,nationalities,candidate,hard_only,"связь верна, но неочевидна или слово редкое"
160,pen,pen,pen_writing,things_in_a_glove_box,candidate,hard_only,"связь верна, но неочевидна или слово редкое"
161,pen,pen,pen_writing,things_in_a_junk_drawer,candidate,hard_only,"связь верна, но неочевидна или слово редкое"
164,pen,pen,pen_animal,animal_homes,candidate,hard_only,"связь верна, но неочевидна или слово редкое"
165,pen,pen,pen_animal,farm_buildings,candidate,hard_only,"связь верна, но неочевидна или слово редкое"
166,pen,pen,pen_animal,things_on_a_farm,candidate,hard_only,"связь верна, но неочевидна или слово редкое"
171,drill,drill,drill_tool,things_that_plug_in,candidate,hard_only,"связь верна, но неочевидна или слово редкое"
172,drill,drill,drill_tool,things_that_spin,candidate,hard_only,"связь верна, но неочевидна или слово редкое"
177,drill,drill,drill_practice,words_after_fire,candidate,hard_only,"связь верна, но неочевидна или слово редкое"
179,iron,iron,iron_metal,hard_things,candidate,hard_only,"связь верна, но неочевидна или слово редкое"
182,iron,iron,iron_appliance,hot_things,candidate,hard_only,"связь верна, но неочевидна или слово редкое"
186,iron,iron,iron_appliance,things_that_plug_in,candidate,hard_only,"связь верна, но неочевидна или слово редкое"
188,iron,iron,iron_golf,golf_words,candidate,hard_only,"связь верна, но неочевидна или слово редкое"
194,boot,boot,boot_shoe,things_made_of_leather,candidate,hard_only,"связь верна, но неочевидна или слово редкое"
195,boot,boot,boot_shoe,things_made_of_rubber,candidate,hard_only,"связь верна, но неочевидна или слово редкое"
197,boot,boot,boot_shoe,words_after_rain,candidate,hard_only,"связь верна, но неочевидна или слово редкое"
198,boot,boot,boot_clamp,parking_words,candidate,hard_only,"связь верна, но неочевидна или слово редкое"
202,screen,screen,screen_display,things_made_of_glass,candidate,hard_only,"связь верна, но неочевидна или слово редкое"
203,screen,screen,screen_display,things_that_break,candidate,hard_only,"связь верна, но неочевидна или слово редкое"
204,screen,screen,screen_display,transparent_things,candidate,hard_only,"связь верна, но неочевидна или слово редкое"
206,screen,screen,screen_basketball,basketball_words,candidate,hard_only,"связь верна, но неочевидна или слово редкое"
207,screen,screen,screen_print,printing_words,candidate,hard_only,"связь верна, но неочевидна или слово редкое"
208,screen,screen,screen_shield,words_after_sun,candidate,hard_only,"связь верна, но неочевидна или слово редкое"
211,nail,nail,nail_metal,hard_things,candidate,hard_only,"связь верна, но неочевидна или слово редкое"
213,nail,nail,nail_metal,things_made_of_metal,candidate,hard_only,"связь верна, но неочевидна или слово редкое"
214,nail,nail,nail_metal,things_that_are_sharp,candidate,hard_only,"связь верна, но неочевидна или слово редкое"
215,nail,nail,nail_metal,things_that_cut,candidate,hard_only,"связь верна, но неочевидна или слово редкое"
216,nail,nail,nail_metal,things_that_stick_out,candidate,hard_only,"связь верна, но неочевидна или слово редкое"
219,nail,nail,nail_body,things_that_grow,candidate,hard_only,"связь верна, но неочевидна или слово редкое"
220,nail,nail,nail_body,things_that_grow_on_you,candidate,hard_only,"связь верна, но неочевидна или слово редкое"
221,needle,needle,needle_sewing,knitting_words,candidate,hard_only,"связь верна, но неочевидна или слово редкое"
222,needle,needle,needle_sewing,long_thin_things,candidate,hard_only,"связь верна, но неочевидна или слово редкое"
226,needle,needle,needle_sewing,things_that_are_sharp,candidate,hard_only,"связь верна, но неочевидна или слово редкое"
227,needle,needle,needle_sewing,things_that_cut,candidate,hard_only,"связь верна, но неочевидна или слово редкое"
228,needle,needle,needle_sewing,things_with_holes,candidate,hard_only,"связь верна, но неочевидна или слово редкое"
230,needle,needle,needle_pine,leaf_shapes,candidate,hard_only,"связь верна, но неочевидна или слово редкое"
231,needle,needle,needle_pine,pine_and_cones,candidate,hard_only,"связь верна, но неочевидна или слово редкое"
232,needle,needle,needle_pine,tree_parts,candidate,hard_only,"связь верна, но неочевидна или слово редкое"
234,monitor,monitor,monitor_screen,screens,candidate,hard_only,"связь верна, но неочевидна или слово редкое"
237,monitor,monitor,monitor_medical,baby_things,candidate,hard_only,"связь верна, но неочевидна или слово редкое"
238,monitor,monitor,monitor_medical,first_aid_actions,candidate,hard_only,"связь верна, но неочевидна или слово редкое"
239,monitor,monitor,monitor_medical,hospital_things,candidate,hard_only,"связь верна, но неочевидна или слово редкое"
240,monitor,monitor,monitor_medical,medical_tools,candidate,hard_only,"связь верна, но неочевидна или слово редкое"
241,monitor,monitor,monitor_lizard,lizards,candidate,hard_only,"связь верна, но неочевидна или слово редкое"
242,monitor,monitor,monitor_lizard,reptiles,candidate,hard_only,"связь верна, но неочевидна или слово редкое"
244,bridge,bridge,bridge_structure,high_places,candidate,hard_only,"связь верна, но неочевидна или слово редкое"
246,bridge,bridge,bridge_structure,words_after_foot,candidate,hard_only,"связь верна, но неочевидна или слово редкое"
247,bridge,bridge,bridge_card,board_and_card_games,candidate,hard_only,"связь верна, но неочевидна или слово редкое"
248,bridge,bridge,bridge_card,card_games,candidate,hard_only,"связь верна, но неочевидна или слово редкое"
249,bridge,bridge,bridge_music,music_words,candidate,hard_only,"связь верна, но неочевидна или слово редкое"
250,bridge,bridge,bridge_dental,dental_words,candidate,hard_only,"связь верна, но неочевидна или слово редкое"
251,bridge,bridge,bridge_move,wrestling_words,candidate,hard_only,"связь верна, но неочевидна или слово редкое"
252,bridge,bridge,bridge_move,yoga_poses,candidate,hard_only,"связь верна, но неочевидна или слово редкое"
259,sponge,sponge,sponge_cleaning,soft_things,candidate,hard_only,"связь верна, но неочевидна или слово редкое"
260,sponge,sponge,sponge_cleaning,things_that_shrink,candidate,hard_only,"связь верна, но неочевидна или слово редкое"
261,sponge,sponge,sponge_cleaning,things_with_holes,candidate,hard_only,"связь верна, но неочевидна или слово редкое"
262,sponge,sponge,sponge_animal,coral_reef,candidate,hard_only,"связь верна, но неочевидна или слово редкое"
263,sponge,sponge,sponge_animal,jellyfish_and_soft,candidate,hard_only,"связь верна, но неочевидна или слово редкое"
264,sponge,sponge,sponge_animal,ocean_products,candidate,hard_only,"связь верна, но неочевидна или слово редкое"
265,sponge,sponge,sponge_cake,cake_types,candidate,hard_only,"связь верна, но неочевидна или слово редкое"
266,sponge,sponge,sponge_cake,words_before_cake,candidate,hard_only,"связь верна, но неочевидна или слово редкое"
270,shelf,shelf,shelf_furniture,things_made_of_wood,candidate,hard_only,"связь верна, но неочевидна или слово редкое"
274,shelf,shelf,shelf_furniture,words_after_book,candidate,hard_only,"связь верна, но неочевидна или слово редкое"
276,shelf,shelf,shelf_sea,ocean_zones,candidate,hard_only,"связь верна, но неочевидна или слово редкое"
278,hook,hook,hook_fastener,jewelry_making,candidate,hard_only,"связь верна, но неочевидна или слово редкое"
281,hook,hook,hook_fastener,things_that_cut,candidate,hard_only,"связь верна, но неочевидна или слово редкое"
285,hook,hook,hook_fishing,whaling_and_fishing,candidate,hard_only,"связь верна, но неочевидна или слово редкое"
286,hook,hook,hook_boxing,boxing_words,candidate,hard_only,"связь верна, но неочевидна или слово редкое"
287,hook,hook,hook_pirate,pirate_words,candidate,hard_only,"связь верна, но неочевидна или слово редкое"
288,hook,hook,hook_crochet,knitting_words,candidate,hard_only,"связь верна, но неочевидна или слово редкое"
294,ticket,ticket,ticket_admission,things_made_of_paper,candidate,hard_only,"связь верна, но неочевидна или слово редкое"
300,ticket,ticket,ticket_order,kitchen_brigade,candidate,hard_only,"связь верна, но неочевидна или слово редкое"
303,tissue,tissue,tissue_paper,light_things,candidate,hard_only,"связь верна, но неочевидна или слово редкое"
306,tissue,tissue,tissue_paper,things_made_of_paper,candidate,hard_only,"связь верна, но неочевидна или слово редкое"
307,tissue,tissue,tissue_paper,things_you_recycle,candidate,hard_only,"связь верна, но неочевидна или слово редкое"
308,tissue,tissue,tissue_paper,words_before_paper,candidate,hard_only,"связь верна, но неочевидна или слово редкое"
309,tissue,tissue,tissue_body,body_science,candidate,hard_only,"связь верна, но неочевидна или слово редкое"
313,wax,wax,wax_substance,sticky_things,candidate,hard_only,"связь верна, но неочевидна или слово редкое"
315,wax,wax,wax_substance,things_that_melt,candidate,hard_only,"связь верна, но неочевидна или слово редкое"
316,wax,wax,wax_substance,words_before_paper,candidate,hard_only,"связь верна, но неочевидна или слово редкое"
317,wax,wax,wax_polish,cleaning_trade,candidate,hard_only,"связь верна, но неочевидна или слово редкое"
324,apron,apron,apron_garment,instruments_you_strum,candidate,hard_only,"связь верна, но неочевидна или слово редкое"
326,apron,apron,apron_garment,things_with_pockets,candidate,hard_only,"связь верна, но неочевидна или слово редкое"
327,apron,apron,apron_garment,things_you_tie,candidate,hard_only,"связь верна, но неочевидна или слово редкое"
328,apron,apron,apron_garment,welding_words,candidate,hard_only,"связь верна, но неочевидна или слово редкое"
331,apron,apron,apron_stage,theater_stage_terms,candidate,hard_only,"связь верна, но неочевидна или слово редкое"
334,suit,suit,suit_clothing,words_after_snow,candidate,hard_only,"связь верна, но неочевидна или слово редкое"
339,park,park,park_place,words_after_water,candidate,hard_only,"связь верна, но неочевидна или слово редкое"
343,stamp,stamp,stamp_postage,square_things,candidate,hard_only,"связь верна, но неочевидна или слово редкое"
345,stamp,stamp,stamp_tool,office_supplies,candidate,hard_only,"связь верна, но неочевидна или слово редкое"
346,stamp,stamp,stamp_tool,things_made_of_rubber,candidate,hard_only,"связь верна, но неочевидна или слово редкое"
364,saute,saute,,cooking_actions,candidate,approved,"редкое в текстах, но общеизвестное слово"
366,broil,broil,,cooking_actions,candidate,approved,"редкое в текстах, но общеизвестное слово"
399,trudge,trudge,,ways_of_moving,candidate,approved,"редкое в текстах, но общеизвестное слово"
425,stammer,stammer,,ways_of_speaking,candidate,approved,"редкое в текстах, но общеизвестное слово"
432,laugh,laugh,,ways_of_laughing,candidate,hard_only,"связь верна, но неочевидна или слово редкое"
433,giggle,giggle,,ways_of_laughing,candidate,hard_only,"связь верна, но неочевидна или слово редкое"
434,chuckle,chuckle,,ways_of_laughing,candidate,hard_only,"связь верна, но неочевидна или слово редкое"
435,snicker,snicker,,ways_of_laughing,candidate,hard_only,"связь верна, но неочевидна или слово редкое"
436,cackle,cackle,,ways_of_laughing,candidate,hard_only,"связь верна, но неочевидна или слово редкое"
437,guffaw,guffaw,,ways_of_laughing,candidate,hard_only,"связь верна, но неочевидна или слово редкое"
438,titter,titter,,ways_of_laughing,candidate,hard_only,"связь верна, но неочевидна или слово редкое"
439,howl,howl,,ways_of_laughing,candidate,hard_only,"связь верна, но неочевидна или слово редкое"
440,roar,roar,,ways_of_laughing,candidate,hard_only,"связь верна, но неочевидна или слово редкое"
441,snort,snort,,ways_of_laughing,candidate,hard_only,"связь верна, но неочевидна или слово редкое"
442,chortle,chortle,,ways_of_laughing,candidate,hard_only,"связь верна, но неочевидна или слово редкое"
475,declutter,declutter,,cleaning_actions,candidate,approved,"редкое в текстах, но общеизвестное слово"
489,caulk,caulk,,building_actions,candidate,approved,"редкое в текстах, но общеизвестное слово"
535,sleepwalk,sleepwalk,,sleeping_actions,candidate,approved,"редкое в текстах, но общеизвестное слово"
621,uncork,uncork,,opening_actions,candidate,hard_only,"связь верна, но неочевидна или слово редкое"
626,unbutton,unbutton,,opening_actions,candidate,approved,"редкое в текстах, но общеизвестное слово"
628,unscrew,unscrew,,opening_actions,candidate,approved,"редкое в текстах, но общеизвестное слово"
629,unroll,unroll,,opening_actions,candidate,approved,"редкое в текстах, но общеизвестное слово"
669,molt,molt,,animal_actions,candidate,hard_only,"связь верна, но неочевидна или слово редкое"
740,whisper,whisper,,quiet_actions,candidate,hard_only,"связь верна, но неочевидна или слово редкое"
741,tiptoe,tiptoe,,quiet_actions,candidate,hard_only,"связь верна, но неочевидна или слово редкое"
742,nod,nod,,quiet_actions,candidate,hard_only,"связь верна, но неочевидна или слово редкое"
743,wink,wink,,quiet_actions,candidate,hard_only,"связь верна, но неочевидна или слово редкое"
744,read,read,,quiet_actions,candidate,hard_only,"связь верна, но неочевидна или слово редкое"
745,sneak,sneak,,quiet_actions,candidate,hard_only,"связь верна, но неочевидна или слово редкое"
746,glide,glide,,quiet_actions,candidate,hard_only,"связь верна, но неочевидна или слово редкое"
747,sleep,sleep,,quiet_actions,candidate,hard_only,"связь верна, но неочевидна или слово редкое"
748,think,think,,quiet_actions,candidate,hard_only,"связь верна, но неочевидна или слово редкое"
749,stare,stare,,quiet_actions,candidate,hard_only,"связь верна, но неочевидна или слово редкое"
750,smile,smile,,quiet_actions,candidate,hard_only,"связь верна, но неочевидна или слово редкое"
751,breathe,breathe,,quiet_actions,candidate,hard_only,"связь верна, но неочевидна или слово редкое"
752,blink,blink,,quiet_actions,candidate,hard_only,"связь верна, но неочевидна или слово редкое"
840,aphid,aphid,,insects,candidate,approved,"редкое в текстах, но общеизвестное слово"
841,gnat,gnat,,insects,candidate,approved,"редкое в текстах, но общеизвестное слово"
846,silkworm,silkworm,,insects,candidate,approved,"редкое в текстах, но общеизвестное слово"
852,gerbil,gerbil,,pets,candidate,approved,"редкое в текстах, но общеизвестное слово"
860,parakeet,parakeet,,pets,candidate,approved,"редкое в текстах, но общеизвестное слово"
865,cockatiel,cockatiel,,pets,candidate,hard_only,"связь верна, но неочевидна или слово редкое"
907,owlet,owlet,,animal_babies,candidate,hard_only,"связь верна, но неочевидна или слово редкое"
914,oink,oink,,animal_sounds,candidate,approved,"редкое в текстах, но общеизвестное слово"
919,neigh,neigh,,animal_sounds,candidate,approved,"редкое в текстах, но общеизвестное слово"
923,cluck,cluck,,animal_sounds,candidate,approved,"редкое в текстах, но общеизвестное слово"
924,bleat,bleat,,animal_sounds,candidate,approved,"редкое в текстах, но общеизвестное слово"
925,croak,croak,,animal_sounds,candidate,approved,"редкое в текстах, но общеизвестное слово"
928,whinny,whinny,,animal_sounds,candidate,approved,"редкое в текстах, но общеизвестное слово"
937,owl,owl,,nocturnal_animals,candidate,hard_only,"связь верна, но неочевидна или слово редкое"
938,raccoon,raccoon,,nocturnal_animals,candidate,hard_only,"связь верна, но неочевидна или слово редкое"
939,opossum,opossum,,nocturnal_animals,candidate,hard_only,"связь верна, но неочевидна или слово редкое"
940,moth,moth,,nocturnal_animals,candidate,hard_only,"связь верна, но неочевидна или слово редкое"
941,coyote,coyote,,nocturnal_animals,candidate,hard_only,"связь верна, но неочевидна или слово редкое"
942,badger,badger,,nocturnal_animals,candidate,hard_only,"связь верна, но неочевидна или слово редкое"
943,hedgehog,hedgehog,,nocturnal_animals,candidate,hard_only,"связь верна, но неочевидна или слово редкое"
944,firefly,firefly,,nocturnal_animals,candidate,hard_only,"связь верна, но неочевидна или слово редкое"
945,mouse,mouse,,nocturnal_animals,candidate,hard_only,"связь верна, но неочевидна или слово редкое"
946,skunk,skunk,,nocturnal_animals,candidate,hard_only,"связь верна, но неочевидна или слово редкое"
947,fox,fox,,nocturnal_animals,candidate,hard_only,"связь верна, но неочевидна или слово редкое"
948,wolf,wolf,,nocturnal_animals,candidate,hard_only,"связь верна, но неочевидна или слово редкое"
949,cougar,cougar,,nocturnal_animals,candidate,hard_only,"связь верна, но неочевидна или слово редкое"
950,hamster,hamster,,nocturnal_animals,candidate,hard_only,"связь верна, но неочевидна или слово редкое"
951,cricket,cricket,,nocturnal_animals,candidate,hard_only,"связь верна, но неочевидна или слово редкое"
952,beaver,beaver,,nocturnal_animals,candidate,hard_only,"связь верна, но неочевидна или слово редкое"
953,armadillo,armadillo,,nocturnal_animals,candidate,hard_only,"связь верна, но неочевидна или слово редкое"
954,porcupine,porcupine,,nocturnal_animals,candidate,hard_only,"связь верна, но неочевидна или слово редкое"
955,leopard,leopard,,nocturnal_animals,candidate,hard_only,"связь верна, но неочевидна или слово редкое"
963,toucan,toucan,,jungle_animals,candidate,approved,"редкое в текстах, но общеизвестное слово"
968,anteater,anteater,,jungle_animals,candidate,approved,"редкое в текстах, но общеизвестное слово"
969,tapir,tapir,,jungle_animals,candidate,hard_only,"связь верна, но неочевидна или слово редкое"
974,macaw,macaw,,jungle_animals,candidate,approved,"редкое в текстах, но общеизвестное слово"
986,meerkat,meerkat,,african_animals,candidate,approved,"редкое в текстах, но общеизвестное слово"
988,warthog,warthog,,african_animals,candidate,approved,"редкое в текстах, но общеизвестное слово"
1005,narwhal,narwhal,,arctic_animals,candidate,approved,"редкое в текстах, но общеизвестное слово"
1007,lemming,lemming,,arctic_animals,candidate,hard_only,"связь верна, но неочевидна или слово редкое"
1012,ptarmigan,ptarmigan,,arctic_animals,candidate,hard_only,"связь верна, но неочевидна или слово редкое"
1027,skink,skink,,reptiles,candidate,hard_only,"связь верна, но неочевидна или слово редкое"
1029,terrapin,terrapin,,reptiles,candidate,hard_only,"связь верна, но неочевидна или слово редкое"
1030,frog,frog,,amphibians_and_bugs,candidate,hard_only,"связь верна, но неочевидна или слово редкое"
1031,toad,toad,,amphibians_and_bugs,candidate,hard_only,"связь верна, но неочевидна или слово редкое"
1032,salamander,salamander,,amphibians_and_bugs,candidate,hard_only,"связь верна, но неочевидна или слово редкое"
1033,newt,newt,,amphibians_and_bugs,candidate,hard_only,"связь верна, но неочевидна или слово редкое"
1034,tadpole,tadpole,,amphibians_and_bugs,candidate,hard_only,"связь верна, но неочевидна или слово редкое"
1035,bullfrog,bullfrog,,amphibians_and_bugs,candidate,hard_only,"связь верна, но неочевидна или слово редкое"
1036,axolotl,axolotl,,amphibians_and_bugs,candidate,hard_only,"связь верна, но неочевидна или слово редкое"
1037,caecilian,caecilian,,amphibians_and_bugs,candidate,rejected,слово практически не встречается в английском
1038,treefrog,treefrog,,amphibians_and_bugs,candidate,rejected,слово практически не встречается в английском
1039,mudpuppy,mudpuppy,,amphibians_and_bugs,candidate,rejected,слово практически не встречается в английском
1046,gerbil,gerbil,,rodents,candidate,approved,"редкое в текстах, но общеизвестное слово"
1050,capybara,capybara,,rodents,candidate,hard_only,"связь верна, но неочевидна или слово редкое"
1051,muskrat,muskrat,,rodents,candidate,hard_only,"связь верна, но неочевидна или слово редкое"
1065,ocelot,ocelot,,wild_cats,candidate,hard_only,"связь верна, но неочевидна или слово редкое"
1067,caracal,caracal,,wild_cats,candidate,hard_only,"связь верна, но неочевидна или слово редкое"
1068,serval,serval,,wild_cats,candidate,hard_only,"связь верна, но неочевидна или слово редкое"
1096,stirrup,stirrup,,horse_words,candidate,approved,"редкое в текстах, но общеизвестное слово"
1125,anthill,anthill,,animal_homes,candidate,hard_only,"связь верна, но неочевидна или слово редкое"
1128,herd,herd,,animal_groups,candidate,hard_only,"связь верна, но неочевидна или слово редкое"
1129,flock,flock,,animal_groups,candidate,hard_only,"связь верна, но неочевидна или слово редкое"
1130,school,school,,animal_groups,candidate,hard_only,"связь верна, но неочевидна или слово редкое"
1131,pack,pack,,animal_groups,candidate,hard_only,"связь верна, но неочевидна или слово редкое"
1132,swarm,swarm,,animal_groups,candidate,hard_only,"связь верна, но неочевидна или слово редкое"
1133,pride,pride,,animal_groups,candidate,hard_only,"связь верна, но неочевидна или слово редкое"
1134,colony,colony,,animal_groups,candidate,hard_only,"связь верна, но неочевидна или слово редкое"
1135,litter,litter,,animal_groups,candidate,hard_only,"связь верна, но неочевидна или слово редкое"
1136,pod,pod,,animal_groups,candidate,hard_only,"связь верна, но неочевидна или слово редкое"
1137,gaggle,gaggle,,animal_groups,candidate,hard_only,"связь верна, но неочевидна или слово редкое"
1138,hive,hive,,animal_groups,candidate,hard_only,"связь верна, но неочевидна или слово редкое"
1139,troop,troop,,animal_groups,candidate,hard_only,"связь верна, но неочевидна или слово редкое"
1140,nest,nest,,animal_groups,candidate,hard_only,"связь верна, но неочевидна или слово редкое"
1141,brood,brood,,animal_groups,candidate,hard_only,"связь верна, но неочевидна или слово редкое"
1142,drove,drove,,animal_groups,candidate,hard_only,"связь верна, но неочевидна или слово редкое"
1196,zebra,zebra,,spotted_and_striped,candidate,hard_only,"связь верна, но неочевидна или слово редкое"
1197,tiger,tiger,,spotted_and_striped,candidate,hard_only,"связь верна, но неочевидна или слово редкое"
1198,skunk,skunk,,spotted_and_striped,candidate,hard_only,"связь верна, но неочевидна или слово редкое"
1199,badger,badger,,spotted_and_striped,candidate,hard_only,"связь верна, но неочевидна или слово редкое"
1200,chipmunk,chipmunk,,spotted_and_striped,candidate,hard_only,"связь верна, но неочевидна или слово редкое"
1201,bee,bee,,spotted_and_striped,candidate,hard_only,"связь верна, но неочевидна или слово редкое"
1202,wasp,wasp,,spotted_and_striped,candidate,hard_only,"связь верна, но неочевидна или слово редкое"
1203,raccoon,raccoon,,spotted_and_striped,candidate,hard_only,"связь верна, но неочевидна или слово редкое"
1204,lemur,lemur,,spotted_and_striped,candidate,hard_only,"связь верна, но неочевидна или слово редкое"
1205,clownfish,clownfish,,spotted_and_striped,candidate,hard_only,"связь верна, но неочевидна или слово редкое"
1206,angelfish,angelfish,,spotted_and_striped,candidate,hard_only,"связь верна, но неочевидна или слово редкое"
1207,snake,snake,,spotted_and_striped,candidate,hard_only,"связь верна, но неочевидна или слово редкое"
1208,hyena,hyena,,spotted_and_striped,candidate,hard_only,"связь верна, но неочевидна или слово редкое"
1209,okapi,okapi,,spotted_and_striped,candidate,hard_only,"связь верна, но неочевидна или слово редкое"
1239,capon,capon,,farm_bird_words,candidate,hard_only,"связь верна, но неочевидна или слово редкое"
1245,triceratops,triceratops,,extinct_animals,candidate,hard_only,"связь верна, но неочевидна или слово редкое"
1246,velociraptor,velociraptor,,extinct_animals,candidate,hard_only,"связь верна, но неочевидна или слово редкое"
1247,stegosaurus,stegosaurus,,extinct_animals,candidate,hard_only,"связь верна, но неочевидна или слово редкое"
1248,pterodactyl,pterodactyl,,extinct_animals,candidate,hard_only,"связь верна, но неочевидна или слово редкое"
1250,trilobite,trilobite,,extinct_animals,candidate,hard_only,"связь верна, но неочевидна или слово редкое"
1251,brontosaurus,brontosaurus,,extinct_animals,candidate,hard_only,"связь верна, но неочевидна или слово редкое"
1253,megalodon,megalodon,,extinct_animals,candidate,hard_only,"связь верна, но неочевидна или слово редкое"
1265,aphid,aphid,,pests,candidate,approved,"редкое в текстах, но общеизвестное слово"
1269,silverfish,silverfish,,pests,candidate,hard_only,"связь верна, но неочевидна или слово редкое"
1270,bedbug,bedbug,,pests,candidate,hard_only,"связь верна, но неочевидна или слово редкое"
1273,turtle,turtle,,animals_with_shells,candidate,hard_only,"связь верна, но неочевидна или слово редкое"
1274,snail,snail,,animals_with_shells,candidate,hard_only,"связь верна, но неочевидна или слово редкое"
1275,crab,crab,,animals_with_shells,candidate,hard_only,"связь верна, но неочевидна или слово редкое"
1276,clam,clam,,animals_with_shells,candidate,hard_only,"связь верна, но неочевидна или слово редкое"
1277,oyster,oyster,,animals_with_shells,candidate,hard_only,"связь верна, но неочевидна или слово редкое"
1278,lobster,lobster,,animals_with_shells,candidate,hard_only,"связь верна, но неочевидна или слово редкое"
1279,tortoise,tortoise,,animals_with_shells,candidate,hard_only,"связь верна, но неочевидна или слово редкое"
1280,armadillo,armadillo,,animals_with_shells,candidate,hard_only,"связь верна, но неочевидна или слово редкое"
1281,mussel,mussel,,animals_with_shells,candidate,hard_only,"связь верна, но неочевидна или слово редкое"
1282,scallop,scallop,,animals_with_shells,candidate,hard_only,"связь верна, но неочевидна или слово редкое"
1283,beetle,beetle,,animals_with_shells,candidate,hard_only,"связь верна, но неочевидна или слово редкое"
1284,barnacle,barnacle,,animals_with_shells,candidate,hard_only,"связь верна, но неочевидна или слово редкое"
1285,nautilus,nautilus,,animals_with_shells,candidate,hard_only,"связь верна, но неочевидна или слово редкое"
1286,conch,conch,,animals_with_shells,candidate,hard_only,"связь верна, но неочевидна или слово редкое"
1287,cockle,cockle,,animals_with_shells,candidate,hard_only,"связь верна, но неочевидна или слово редкое"
1288,slither,slither,,animal_verbs,candidate,hard_only,"связь верна, но неочевидна или слово редкое"
1289,gallop,gallop,,animal_verbs,candidate,hard_only,"связь верна, но неочевидна или слово редкое"
1290,hop,hop,,animal_verbs,candidate,hard_only,"связь верна, но неочевидна или слово редкое"
1291,swoop,swoop,,animal_verbs,candidate,hard_only,"связь верна, но неочевидна или слово редкое"
1292,scurry,scurry,,animal_verbs,candidate,hard_only,"связь верна, но неочевидна или слово редкое"
1293,waddle,waddle,,animal_verbs,candidate,hard_only,"связь верна, но неочевидна или слово редкое"
1294,pounce,pounce,,animal_verbs,candidate,hard_only,"связь верна, но неочевидна или слово редкое"
1295,burrow,burrow,,animal_verbs,candidate,hard_only,"связь верна, но неочевидна или слово редкое"
1296,glide,glide,,animal_verbs,candidate,hard_only,"связь верна, но неочевидна или слово редкое"
1297,crawl,crawl,,animal_verbs,candidate,hard_only,"связь верна, но неочевидна или слово редкое"
1298,dart,dart,,animal_verbs,candidate,hard_only,"связь верна, но неочевидна или слово редкое"
1299,prowl,prowl,,animal_verbs,candidate,hard_only,"связь верна, но неочевидна или слово редкое"
1300,swim,swim,,animal_verbs,candidate,hard_only,"связь верна, но неочевидна или слово редкое"
1301,flutter,flutter,,animal_verbs,candidate,hard_only,"связь верна, но неочевидна или слово редкое"
1302,perch,perch,,animal_verbs,candidate,hard_only,"связь верна, но неочевидна или слово редкое"
1303,leap,leap,,animal_verbs,candidate,hard_only,"связь верна, но неочевидна или слово редкое"
1304,trot,trot,,animal_verbs,candidate,hard_only,"связь верна, но неочевидна или слово редкое"
1305,soar,soar,,animal_verbs,candidate,hard_only,"связь верна, но неочевидна или слово редкое"
1308,opossum,opossum,,marsupials,candidate,approved,"редкое в текстах, но общеизвестное слово"
1314,quokka,quokka,,marsupials,candidate,hard_only,"связь верна, но неочевидна или слово редкое"
1315,numbat,numbat,,marsupials,candidate,rejected,слово практически не встречается в английском
1326,kudu,kudu,,antelope_and_grazers,candidate,hard_only,"связь верна, но неочевидна или слово редкое"
1327,eland,eland,,antelope_and_grazers,candidate,hard_only,"связь верна, но неочевидна или слово редкое"
1330,harbor seal,harbor seal,,seals_and_walruses,candidate,hard_only,"связь верна, но неочевидна или слово редкое"
1331,elephant seal,elephant seal,,seals_and_walruses,candidate,hard_only,"связь верна, но неочевидна или слово редкое"
1332,sea lion,sea lion,,seals_and_walruses,candidate,hard_only,"связь верна, но неочевидна или слово редкое"
1333,walrus,walrus,,seals_and_walruses,candidate,hard_only,"связь верна, но неочевидна или слово редкое"
1334,fur seal,fur seal,,seals_and_walruses,candidate,hard_only,"связь верна, но неочевидна или слово редкое"
1335,leopard seal,leopard seal,,seals_and_walruses,candidate,hard_only,"связь верна, но неочевидна или слово редкое"
1336,harp seal,harp seal,,seals_and_walruses,candidate,hard_only,"связь верна, но неочевидна или слово редкое"
1337,monk seal,monk seal,,seals_and_walruses,candidate,hard_only,"связь верна, но неочевидна или слово редкое"
1338,ringed seal,ringed seal,,seals_and_walruses,candidate,hard_only,"связь верна, но неочевидна или слово редкое"
1339,jellyfish,jellyfish,,jellyfish_and_soft,candidate,hard_only,"связь верна, но неочевидна или слово редкое"
1340,octopus,octopus,,jellyfish_and_soft,candidate,hard_only,"связь верна, но неочевидна или слово редкое"
1341,squid,squid,,jellyfish_and_soft,candidate,hard_only,"связь верна, но неочевидна или слово редкое"
1342,anemone,anemone,,jellyfish_and_soft,candidate,hard_only,"связь верна, но неочевидна или слово редкое"
1343,sea slug,sea slug,,jellyfish_and_soft,candidate,hard_only,"связь верна, но неочевидна или слово редкое"
1344,sea cucumber,sea cucumber,,jellyfish_and_soft,candidate,hard_only,"связь верна, но неочевидна или слово редкое"
1345,man o war,man o war,,jellyfish_and_soft,candidate,hard_only,"связь верна, но неочевидна или слово редкое"
1346,cuttlefish,cuttlefish,,jellyfish_and_soft,candidate,hard_only,"связь верна, но неочевидна или слово редкое"
1347,coral polyp,coral polyp,,jellyfish_and_soft,candidate,hard_only,"связь верна, но неочевидна или слово редкое"
1348,nudibranch,nudibranch,,jellyfish_and_soft,candidate,hard_only,"связь верна, но неочевидна или слово редкое"
1349,earthworm,earthworm,,worms_and_crawlers,candidate,hard_only,"связь верна, но неочевидна или слово редкое"
1350,silkworm,silkworm,,worms_and_crawlers,candidate,hard_only,"связь верна, но неочевидна или слово редкое"
1351,tapeworm,tapeworm,,worms_and_crawlers,candidate,hard_only,"связь верна, но неочевидна или слово редкое"
1352,inchworm,inchworm,,worms_and_crawlers,candidate,hard_only,"связь верна, но неочевидна или слово редкое"
1353,glowworm,glowworm,,worms_and_crawlers,candidate,hard_only,"связь верна, но неочевидна или слово редкое"
1354,ringworm,ringworm,,worms_and_crawlers,candidate,hard_only,"связь верна, но неочевидна или слово редкое"
1355,roundworm,roundworm,,worms_and_crawlers,candidate,hard_only,"связь верна, но неочевидна или слово редкое"
1356,flatworm,flatworm,,worms_and_crawlers,candidate,hard_only,"связь верна, но неочевидна или слово редкое"
1357,leech,leech,,worms_and_crawlers,candidate,hard_only,"связь верна, но неочевидна или слово редкое"
1358,nightcrawler,nightcrawler,,worms_and_crawlers,candidate,hard_only,"связь верна, но неочевидна или слово редкое"
1359,bloodworm,bloodworm,,worms_and_crawlers,candidate,rejected,слово практически не встречается в английском
1361,macaw,macaw,,parrots_and_exotic_birds,candidate,approved,"редкое в текстах, но общеизвестное слово"
1363,parakeet,parakeet,,parrots_and_exotic_birds,candidate,approved,"редкое в текстах, но общеизвестное слово"
1364,toucan,toucan,,parrots_and_exotic_birds,candidate,approved,"редкое в текстах, но общеизвестное слово"
1365,lovebird,lovebird,,parrots_and_exotic_birds,candidate,hard_only,"связь верна, но неочевидна или слово редкое"
1366,cockatiel,cockatiel,,parrots_and_exotic_birds,candidate,hard_only,"связь верна, но неочевидна или слово редкое"
1367,budgie,budgie,,parrots_and_exotic_birds,candidate,hard_only,"связь верна, но неочевидна или слово редкое"
1368,conure,conure,,parrots_and_exotic_birds,candidate,hard_only,"связь верна, но неочевидна или слово редкое"
1369,lorikeet,lorikeet,,parrots_and_exotic_birds,candidate,hard_only,"связь верна, но неочевидна или слово редкое"
1370,hornbill,hornbill,,parrots_and_exotic_birds,candidate,hard_only,"связь верна, но неочевидна или слово редкое"
1371,quetzal,quetzal,,parrots_and_exotic_birds,candidate,hard_only,"связь верна, но неочевидна или слово редкое"
1372,myna,myna,,parrots_and_exotic_birds,candidate,hard_only,"связь верна, но неочевидна или слово редкое"
1377,grebe,grebe,,waterfowl,candidate,hard_only,"связь верна, но неочевидна или слово редкое"
1383,egret,egret,,waterfowl,candidate,hard_only,"связь верна, но неочевидна или слово редкое"
1385,cormorant,cormorant,,waterfowl,candidate,hard_only,"связь верна, но неочевидна или слово редкое"
1386,merganser,merganser,,waterfowl,candidate,hard_only,"связь верна, но неочевидна или слово редкое"
1391,egret,egret,,wading_birds,candidate,hard_only,"связь верна, но неочевидна или слово редкое"
1393,spoonbill,spoonbill,,wading_birds,candidate,hard_only,"связь верна, но неочевидна или слово редкое"
1394,sandpiper,sandpiper,,wading_birds,candidate,hard_only,"связь верна, но неочевидна или слово редкое"
1395,stilt,stilt,,wading_birds,candidate,hard_only,"связь верна, но неочевидна или слово редкое"
1397,avocet,avocet,,wading_birds,candidate,hard_only,"связь верна, но неочевидна или слово редкое"
1398,bittern,bittern,,wading_birds,candidate,hard_only,"связь верна, но неочевидна или слово редкое"
1403,terrapin,terrapin,,turtles_and_tortoises,candidate,hard_only,"связь верна, но неочевидна или слово редкое"
1404,leatherback,leatherback,,turtles_and_tortoises,candidate,hard_only,"связь верна, но неочевидна или слово редкое"
1407,hawksbill,hawksbill,,turtles_and_tortoises,candidate,hard_only,"связь верна, но неочевидна или слово редкое"
1419,isopod,isopod,,crustaceans,candidate,hard_only,"связь верна, но неочевидна или слово редкое"
1420,lynx,lynx,,wild_cats_small,candidate,hard_only,"связь верна, но неочевидна или слово редкое"
1421,bobcat,bobcat,,wild_cats_small,candidate,hard_only,"связь верна, но неочевидна или слово редкое"
1422,ocelot,ocelot,,wild_cats_small,candidate,hard_only,"связь верна, но неочевидна или слово редкое"
1423,serval,serval,,wild_cats_small,candidate,hard_only,"связь верна, но неочевидна или слово редкое"
1424,caracal,caracal,,wild_cats_small,candidate,hard_only,"связь верна, но неочевидна или слово редкое"
1425,margay,margay,,wild_cats_small,candidate,rejected,слово практически не встречается в английском
1426,jaguarundi,jaguarundi,,wild_cats_small,candidate,hard_only,"связь верна, но неочевидна или слово редкое"
1427,sand cat,sand cat,,wild_cats_small,candidate,hard_only,"связь верна, но неочевидна или слово редкое"
1428,fishing cat,fishing cat,,wild_cats_small,candidate,hard_only,"связь верна, но неочевидна или слово редкое"
1429,pallas cat,pallas cat,,wild_cats_small,candidate,hard_only,"связь верна, но неочевидна или слово редкое"
1469,axolotl,axolotl,,exotic_pets,candidate,hard_only,"связь верна, но неочевидна или слово редкое"
1472,degu,degu,,exotic_pets,candidate,rejected,слово практически не встречается в английском
1474,cygnet,cygnet,,baby_animal_words_more,candidate,hard_only,"связь верна, но неочевидна или слово редкое"
1475,eaglet,eaglet,,baby_animal_words_more,candidate,hard_only,"связь верна, но неочевидна или слово редкое"
1476,leveret,leveret,,baby_animal_words_more,candidate,rejected,слово практически не встречается в английском
1477,kid,kid,,baby_animal_words_more,candidate,hard_only,"связь верна, но неочевидна или слово редкое"
1478,elver,elver,,baby_animal_words_more,candidate,rejected,слово практически не встречается в английском
1479,squab,squab,,baby_animal_words_more,candidate,hard_only,"связь верна, но неочевидна или слово редкое"
1480,poult,poult,,baby_animal_words_more,candidate,rejected,слово практически не встречается в английском
1481,whelp,whelp,,baby_animal_words_more,candidate,hard_only,"связь верна, но неочевидна или слово редкое"
1482,shoat,shoat,,baby_animal_words_more,candidate,rejected,слово практически не встречается в английском
1483,hatchling,hatchling,,baby_animal_words_more,candidate,hard_only,"связь верна, но неочевидна или слово редкое"
1484,nymph,nymph,,baby_animal_words_more,candidate,hard_only,"связь верна, но неочевидна или слово редкое"
1485,spat,spat,,baby_animal_words_more,candidate,hard_only,"связь верна, но неочевидна или слово редкое"
1487,cubism,cubism,,art_styles,candidate,hard_only,"связь верна, но неочевидна или слово редкое"
1517,tempera,tempera,,paint_types,candidate,hard_only,"связь верна, но неочевидна или слово редкое"
1521,gouache,gouache,,paint_types,candidate,hard_only,"связь верна, но неочевидна или слово редкое"
1531,scrapbooking,scrapbooking,,crafts,candidate,approved,"редкое в текстах, но общеизвестное слово"
1533,beading,beading,,crafts,candidate,approved,"редкое в текстах, но общеизвестное слово"
1539,macrame,macrame,,crafts,candidate,approved,"редкое в текстах, но общеизвестное слово"
1548,docent,docent,,museum_words,candidate,approved,"редкое в текстах, но общеизвестное слово"
1557,clay,clay,,pottery_words,candidate,hard_only,"связь верна, но неочевидна или слово редкое"
1558,wheel,wheel,,pottery_words,candidate,hard_only,"связь верна, но неочевидна или слово редкое"
1559,kiln,kiln,,pottery_words,candidate,hard_only,"связь верна, но неочевидна или слово редкое"
1560,glaze,glaze,,pottery_words,candidate,hard_only,"связь верна, но неочевидна или слово редкое"
1561,mold,mold,,pottery_words,candidate,hard_only,"связь верна, но неочевидна или слово редкое"
1562,slip,slip,,pottery_words,candidate,hard_only,"связь верна, но неочевидна или слово редкое"
1563,bowl,bowl,,pottery_words,candidate,hard_only,"связь верна, но неочевидна или слово редкое"
1564,vase,vase,,pottery_words,candidate,hard_only,"связь верна, но неочевидна или слово редкое"
1565,pot,pot,,pottery_words,candidate,hard_only,"связь верна, но неочевидна или слово редкое"
1566,fire,fire,,pottery_words,candidate,hard_only,"связь верна, но неочевидна или слово редкое"
1567,sculpt,sculpt,,pottery_words,candidate,hard_only,"связь верна, но неочевидна или слово редкое"
1568,trim,trim,,pottery_words,candidate,hard_only,"связь верна, но неочевидна или слово редкое"
1569,tile,tile,,pottery_words,candidate,hard_only,"связь верна, но неочевидна или слово редкое"
1570,plaster,plaster,,pottery_words,candidate,hard_only,"связь верна, но неочевидна или слово редкое"
1608,puppetry,puppetry,,theater_arts,candidate,approved,"редкое в текстах, но общеизвестное слово"
1631,smooth,smooth,,textures,candidate,hard_only,"связь верна, но неочевидна или слово редкое"
1632,rough,rough,,textures,candidate,hard_only,"связь верна, но неочевидна или слово редкое"
1633,bumpy,bumpy,,textures,candidate,hard_only,"связь верна, но неочевидна или слово редкое"
1634,silky,silky,,textures,candidate,hard_only,"связь верна, но неочевидна или слово редкое"
1635,grainy,grainy,,textures,candidate,hard_only,"связь верна, но неочевидна или слово редкое"
1636,fuzzy,fuzzy,,textures,candidate,hard_only,"связь верна, но неочевидна или слово редкое"
1637,slick,slick,,textures,candidate,hard_only,"связь верна, но неочевидна или слово редкое"
1638,coarse,coarse,,textures,candidate,hard_only,"связь верна, но неочевидна или слово редкое"
1639,glossy,glossy,,textures,candidate,hard_only,"связь верна, но неочевидна или слово редкое"
1640,matte,matte,,textures,candidate,hard_only,"связь верна, но неочевидна или слово редкое"
1641,ridged,ridged,,textures,candidate,hard_only,"связь верна, но неочевидна или слово редкое"
1642,velvety,velvety,,textures,candidate,hard_only,"связь верна, но неочевидна или слово редкое"
1643,sticky,sticky,,textures,candidate,hard_only,"связь верна, но неочевидна или слово редкое"
1644,prickly,prickly,,textures,candidate,hard_only,"связь верна, но неочевидна или слово редкое"
1645,polished,polished,,textures,candidate,hard_only,"связь верна, но неочевидна или слово редкое"
1673,Guernica,guernica,,famous_artworks,candidate,hard_only,"связь верна, но неочевидна или слово редкое"
1688,soapstone,soapstone,,sculpture_materials,candidate,hard_only,"связь верна, но неочевидна или слово редкое"
1689,bead,bead,,jewelry_making,candidate,hard_only,"связь верна, но неочевидна или слово редкое"
1690,wire,wire,,jewelry_making,candidate,hard_only,"связь верна, но неочевидна или слово редкое"
1691,clasp,clasp,,jewelry_making,candidate,hard_only,"связь верна, но неочевидна или слово редкое"
1692,pliers,pliers,,jewelry_making,candidate,hard_only,"связь верна, но неочевидна или слово редкое"
1693,chain,chain,,jewelry_making,candidate,hard_only,"связь верна, но неочевидна или слово редкое"
1694,gem,gem,,jewelry_making,candidate,hard_only,"связь верна, но неочевидна или слово редкое"
1695,thread,thread,,jewelry_making,candidate,hard_only,"связь верна, но неочевидна или слово редкое"
1696,solder,solder,,jewelry_making,candidate,hard_only,"связь верна, но неочевидна или слово редкое"
1697,mold,mold,,jewelry_making,candidate,hard_only,"связь верна, но неочевидна или слово редкое"
1698,setting,setting,,jewelry_making,candidate,hard_only,"связь верна, но неочевидна или слово редкое"
1699,pendant,pendant,,jewelry_making,candidate,hard_only,"связь верна, но неочевидна или слово редкое"
1700,ring blank,ring blank,,jewelry_making,candidate,hard_only,"связь верна, но неочевидна или слово редкое"
1701,cord,cord,,jewelry_making,candidate,hard_only,"связь верна, но неочевидна или слово редкое"
1740,freckle,freckle,,face_parts,candidate,approved,"редкое в текстах, но общеизвестное слово"
1785,tailbone,tailbone,,bones,candidate,approved,"редкое в текстах, но общеизвестное слово"
1790,breastbone,breastbone,,bones,candidate,approved,"редкое в текстах, но общеизвестное слово"
1811,dreadlock,dreadlock,,hair_words,candidate,approved,"редкое в текстах, но общеизвестное слово"
1814,updo,updo,,hair_words,candidate,approved,"редкое в текстах, но общеизвестное слово"
1815,pigtail,pigtail,,hair_words,candidate,approved,"редкое в текстах, но общеизвестное слово"
1816,cornrow,cornrow,,hair_words,candidate,approved,"редкое в текстах, но общеизвестное слово"
1851,wheeze,wheeze,,body_sounds,candidate,approved,"редкое в текстах, но общеизвестное слово"
1852,sniffle,sniffle,,body_sounds,candidate,approved,"редкое в текстах, но общеизвестное слово"
1864,chickenpox,chickenpox,,illnesses,candidate,approved,"редкое в текстах, но общеизвестное слово"
1873,sinusitis,sinusitis,,illnesses,candidate,approved,"редкое в текстах, но общеизвестное слово"
1898,antacid,antacid,,medicine_cabinet,candidate,approved,"редкое в текстах, но общеизвестное слово"
1907,lozenge,lozenge,,medicine_cabinet,candidate,approved,"редкое в текстах, но общеизвестное слово"
1940,pushup,pushup,,exercise_words,candidate,approved,"редкое в текстах, но общеизвестное слово"
1949,burpee,burpee,,exercise_words,candidate,hard_only,"связь верна, но неочевидна или слово редкое"
1950,pullup,pullup,,exercise_words,candidate,approved,"редкое в текстах, но общеизвестное слово"
1956,hair,hair,,things_that_grow_on_you,candidate,hard_only,"связь верна, но неочевидна или слово редкое"
1957,beard,beard,,things_that_grow_on_you,candidate,hard_only,"связь верна, но неочевидна или слово редкое"
1958,eyelash,eyelash,,things_that_grow_on_you,candidate,hard_only,"связь верна, но неочевидна или слово редкое"
1959,eyebrow,eyebrow,,things_that_grow_on_you,candidate,hard_only,"связь верна, но неочевидна или слово редкое"
1960,mustache,mustache,,things_that_grow_on_you,candidate,hard_only,"связь верна, но неочевидна или слово редкое"
1961,skin,skin,,things_that_grow_on_you,candidate,hard_only,"связь верна, но неочевидна или слово редкое"
1962,tooth,tooth,,things_that_grow_on_you,candidate,hard_only,"связь верна, но неочевидна или слово редкое"
1963,freckle,freckle,,things_that_grow_on_you,candidate,hard_only,"связь верна, но неочевидна или слово редкое"
1964,callus,callus,,things_that_grow_on_you,candidate,hard_only,"связь верна, но неочевидна или слово редкое"
1965,whisker,whisker,,things_that_grow_on_you,candidate,hard_only,"связь верна, но неочевидна или слово редкое"
1966,sideburn,sideburn,,things_that_grow_on_you,candidate,hard_only,"связь верна, но неочевидна или слово редкое"
1967,wart,wart,,things_that_grow_on_you,candidate,hard_only,"связь верна, но неочевидна или слово редкое"
1975,forefinger,forefinger,,fingers_and_toes,candidate,approved,"редкое в текстах, но общеизвестное слово"
1978,pupil,pupil,,parts_of_the_eye,candidate,hard_only,"связь верна, но неочевидна или слово редкое"
1979,iris,iris,,parts_of_the_eye,candidate,hard_only,"связь верна, но неочевидна или слово редкое"
1980,lens,lens,,parts_of_the_eye,candidate,hard_only,"связь верна, но неочевидна или слово редкое"
1981,cornea,cornea,,parts_of_the_eye,candidate,hard_only,"связь верна, но неочевидна или слово редкое"
1982,retina,retina,,parts_of_the_eye,candidate,hard_only,"связь верна, но неочевидна или слово редкое"
1983,eyelid,eyelid,,parts_of_the_eye,candidate,hard_only,"связь верна, но неочевидна или слово редкое"
1984,lash,lash,,parts_of_the_eye,candidate,hard_only,"связь верна, но неочевидна или слово редкое"
1985,socket,socket,,parts_of_the_eye,candidate,hard_only,"связь верна, но неочевидна или слово редкое"
1986,tear duct,tear duct,,parts_of_the_eye,candidate,hard_only,"связь верна, но неочевидна или слово редкое"
1987,white,white,,parts_of_the_eye,candidate,hard_only,"связь верна, но неочевидна или слово редкое"
1988,brow,brow,,parts_of_the_eye,candidate,hard_only,"связь верна, но неочевидна или слово редкое"
1989,optic nerve,optic nerve,,parts_of_the_eye,candidate,hard_only,"связь верна, но неочевидна или слово редкое"
1990,nervous,nervous,,body_systems,candidate,hard_only,"связь верна, но неочевидна или слово редкое"
1991,digestive,digestive,,body_systems,candidate,hard_only,"связь верна, но неочевидна или слово редкое"
1992,immune,immune,,body_systems,candidate,hard_only,"связь верна, но неочевидна или слово редкое"
1993,skeletal,skeletal,,body_systems,candidate,hard_only,"связь верна, но неочевидна или слово редкое"
1994,muscular,muscular,,body_systems,candidate,hard_only,"связь верна, но неочевидна или слово редкое"
1995,respiratory,respiratory,,body_systems,candidate,hard_only,"связь верна, но неочевидна или слово редкое"
1996,circulatory,circulatory,,body_systems,candidate,hard_only,"связь верна, но неочевидна или слово редкое"
1997,endocrine,endocrine,,body_systems,candidate,hard_only,"связь верна, но неочевидна или слово редкое"
1998,urinary,urinary,,body_systems,candidate,hard_only,"связь верна, но неочевидна или слово редкое"
1999,lymphatic,lymphatic,,body_systems,candidate,hard_only,"связь верна, но неочевидна или слово редкое"
2000,burn,burn,,things_that_hurt,candidate,hard_only,"связь верна, но неочевидна или слово редкое"
2001,cut,cut,,things_that_hurt,candidate,hard_only,"связь верна, но неочевидна или слово редкое"
2002,bruise,bruise,,things_that_hurt,candidate,hard_only,"связь верна, но неочевидна или слово редкое"
2003,splinter,splinter,,things_that_hurt,candidate,hard_only,"связь верна, но неочевидна или слово редкое"
2004,sunburn,sunburn,,things_that_hurt,candidate,hard_only,"связь верна, но неочевидна или слово редкое"
2005,blister,blister,,things_that_hurt,candidate,hard_only,"связь верна, но неочевидна или слово редкое"
2006,sprain,sprain,,things_that_hurt,candidate,hard_only,"связь верна, но неочевидна или слово редкое"
2007,bee sting,bee sting,,things_that_hurt,candidate,hard_only,"связь верна, но неочевидна или слово редкое"
2008,paper cut,paper cut,,things_that_hurt,candidate,hard_only,"связь верна, но неочевидна или слово редкое"
2009,stubbed toe,stubbed toe,,things_that_hurt,candidate,hard_only,"связь верна, но неочевидна или слово редкое"
2010,cramp,cramp,,things_that_hurt,candidate,hard_only,"связь верна, но неочевидна или слово редкое"
2011,headache,headache,,things_that_hurt,candidate,hard_only,"связь верна, но неочевидна или слово редкое"
2012,thorn,thorn,,things_that_hurt,candidate,hard_only,"связь верна, но неочевидна или слово редкое"
2013,scrape,scrape,,things_that_hurt,candidate,hard_only,"связь верна, но неочевидна или слово редкое"
2014,pinch,pinch,,things_that_hurt,candidate,hard_only,"связь верна, но неочевидна или слово редкое"
2015,bicep,bicep,,muscles,candidate,hard_only,"связь верна, но неочевидна или слово редкое"
2016,tricep,tricep,,muscles,candidate,hard_only,"связь верна, но неочевидна или слово редкое"
2017,abs,abs,,muscles,candidate,hard_only,"связь верна, но неочевидна или слово редкое"
2018,quad,quad,,muscles,candidate,hard_only,"связь верна, но неочевидна или слово редкое"
2019,hamstring,hamstring,,muscles,candidate,hard_only,"связь верна, но неочевидна или слово редкое"
2020,calf,calf,,muscles,candidate,hard_only,"связь верна, но неочевидна или слово редкое"
2021,glute,glute,,muscles,candidate,hard_only,"связь верна, но неочевидна или слово редкое"
2022,pec,pec,,muscles,candidate,hard_only,"связь верна, но неочевидна или слово редкое"
2023,delt,delt,,muscles,candidate,hard_only,"связь верна, но неочевидна или слово редкое"
2024,trap,trap,,muscles,candidate,hard_only,"связь верна, но неочевидна или слово редкое"
2025,lat,lat,,muscles,candidate,hard_only,"связь верна, но неочевидна или слово редкое"
2026,forearm,forearm,,muscles,candidate,hard_only,"связь верна, но неочевидна или слово редкое"
2027,core,core,,muscles,candidate,hard_only,"связь верна, но неочевидна или слово редкое"
2028,obliques,obliques,,muscles,candidate,hard_only,"связь верна, но неочевидна или слово редкое"
2035,7up,7up,,soda_brands,candidate,hard_only,"связь верна, но неочевидна или слово редкое"
2037,Schweppes,schweppes,,soda_brands,candidate,hard_only,"связь верна, но неочевидна или слово редкое"
2039,Sunkist,sunkist,,soda_brands,candidate,hard_only,"связь верна, но неочевидна или слово редкое"
2042,Faygo,faygo,,soda_brands,candidate,hard_only,"связь верна, но неочевидна или слово редкое"
2044,Twix,twix,,candy_brands,candidate,hard_only,"связь верна, но неочевидна или слово редкое"
2047,Reeses,reeses,,candy_brands,candidate,hard_only,"связь верна, но неочевидна или слово редкое"
2050,Butterfinger,butterfinger,,candy_brands,candidate,hard_only,"связь верна, но неочевидна или слово редкое"
2052,Twizzlers,twizzlers,,candy_brands,candidate,hard_only,"связь верна, но неочевидна или слово редкое"
2054,Airheads,airheads,,candy_brands,candidate,hard_only,"связь верна, но неочевидна или слово редкое"
2057,Whoppers,whoppers,,candy_brands,candidate,hard_only,"связь верна, но неочевидна или слово редкое"
2062,Froot Loops,froot loops,,cereal_brands,candidate,hard_only,"связь верна, но неочевидна или слово редкое"
2063,Rice Krispies,rice krispies,,cereal_brands,candidate,hard_only,"связь верна, но неочевидна или слово редкое"
2065,Wheaties,wheaties,,cereal_brands,candidate,hard_only,"связь верна, но неочевидна или слово редкое"
2067,Trix,trix,,cereal_brands,candidate,hard_only,"связь верна, но неочевидна или слово редкое"
2069,Chex,chex,,cereal_brands,candidate,hard_only,"связь верна, но неочевидна или слово редкое"
2075,Wendys,wendys,,fast_food_chains,candidate,hard_only,"связь верна, но неочевидна или слово редкое"
2081,Arbys,arbys,,fast_food_chains,candidate,hard_only,"связь верна, но неочевидна или слово редкое"
2085,Popeyes,popeyes,,fast_food_chains,candidate,hard_only,"связь верна, но неочевидна или слово редкое"
2088,Whataburger,whataburger,,fast_food_chains,candidate,hard_only,"связь верна, но неочевидна или слово редкое"
2094,Macys,macys,,retail_stores,candidate,hard_only,"связь верна, но неочевидна или слово редкое"
2095,Kohls,kohls,,retail_stores,candidate,hard_only,"связь верна, но неочевидна или слово редкое"
2140,Ramada,ramada,,hotel_chains,candidate,hard_only,"связь верна, но неочевидна или слово редкое"
2147,Maytag,maytag,,appliance_brands,candidate,hard_only,"связь верна, но неочевидна или слово редкое"
2150,Frigidaire,frigidaire,,appliance_brands,candidate,hard_only,"связь верна, но неочевидна или слово редкое"
2154,KitchenAid,kitchenaid,,appliance_brands,candidate,hard_only,"связь верна, но неочевидна или слово редкое"
2155,Amana,amana,,appliance_brands,candidate,hard_only,"связь верна, но неочевидна или слово редкое"
2156,Electrolux,electrolux,,appliance_brands,candidate,hard_only,"связь верна, но неочевидна или слово редкое"
2160,DeWalt,dewalt,,tool_brands,candidate,hard_only,"связь верна, но неочевидна или слово редкое"
2161,Makita,makita,,tool_brands,candidate,hard_only,"связь верна, но неочевидна или слово редкое"
2165,Ryobi,ryobi,,tool_brands,candidate,hard_only,"связь верна, но неочевидна или слово редкое"
2169,Skil,skil,,tool_brands,candidate,hard_only,"связь верна, но неочевидна или слово редкое"
2170,Hilti,hilti,,tool_brands,candidate,hard_only,"связь верна, но неочевидна или слово редкое"
2180,Tonka,tonka,,toy_brands,candidate,hard_only,"связь верна, но неочевидна или слово редкое"
2181,Little Tikes,little tikes,,toy_brands,candidate,hard_only,"связь верна, но неочевидна или слово редкое"
2182,Crayola,crayola,,toy_brands,candidate,hard_only,"связь верна, но неочевидна или слово редкое"
2192,F150,f150,,car_models,candidate,rejected,слово практически не встречается в английском
2202,Haagen Dazs,haagen dazs,,candy_bar_flavors,candidate,hard_only,"связь верна, но неочевидна или слово редкое"
2203,Breyers,breyers,,candy_bar_flavors,candidate,hard_only,"связь верна, но неочевидна или слово редкое"
2208,Drumstick,drumstick,,candy_bar_flavors,candidate,hard_only,"связь верна, но неочевидна или слово редкое"
2211,Talenti,talenti,,candy_bar_flavors,candidate,rejected,слово практически не встречается в английском
2216,Titleist,titleist,,sports_brands,candidate,hard_only,"связь верна, но неочевидна или слово редкое"
2224,Schwinn,schwinn,,sports_brands,candidate,hard_only,"связь верна, но неочевидна или слово редкое"
2234,JVC,jvc,,camera_and_electronics,candidate,hard_only,"связь верна, но неочевидна или слово редкое"
2238,Sanyo,sanyo,,camera_and_electronics,candidate,hard_only,"связь верна, но неочевидна или слово редкое"
2247,Fritos,fritos,,snack_brands,candidate,hard_only,"связь верна, но неочевидна или слово редкое"
2248,Tostitos,tostitos,,snack_brands,candidate,hard_only,"связь верна, но неочевидна или слово редкое"
2250,Triscuit,triscuit,,snack_brands,candidate,rejected,слово практически не встречается в английском
2251,Nabisco,nabisco,,snack_brands,candidate,hard_only,"связь верна, но неочевидна или слово редкое"
2252,Keebler,keebler,,snack_brands,candidate,hard_only,"связь верна, но неочевидна или слово редкое"
2254,Folgers,folgers,,coffee_brands,candidate,hard_only,"связь верна, но неочевидна или слово редкое"
2257,Peets,peets,,coffee_brands,candidate,hard_only,"связь верна, но неочевидна или слово редкое"
2258,Nescafe,nescafe,,coffee_brands,candidate,hard_only,"связь верна, но неочевидна или слово редкое"
2261,Lavazza,lavazza,,coffee_brands,candidate,hard_only,"связь верна, но неочевидна или слово редкое"
2292,Behr,behr,,paint_and_home,candidate,hard_only,"связь верна, но неочевидна или слово редкое"
2293,Valspar,valspar,,paint_and_home,candidate,hard_only,"связь верна, но неочевидна или слово редкое"
2294,Rustoleum,rustoleum,,paint_and_home,candidate,hard_only,"связь верна, но неочевидна или слово редкое"
2296,Elmers,elmers,,paint_and_home,candidate,hard_only,"связь верна, но неочевидна или слово редкое"
2298,Duracell,duracell,,paint_and_home,candidate,hard_only,"связь верна, но неочевидна или слово редкое"
2299,Energizer,energizer,,paint_and_home,candidate,hard_only,"связь верна, но неочевидна или слово редкое"
2359,krona,krona,,currencies,candidate,hard_only,"связь верна, но неочевидна или слово редкое"
2360,shekel,shekel,,currencies,candidate,hard_only,"связь верна, но неочевидна или слово редкое"
2518,Crayola,crayola,,famous_brands,candidate,hard_only,"связь верна, но неочевидна или слово редкое"
2573,signature,signature,,insurance_and_legal,candidate,hard_only,"связь верна, но неочевидна или слово редкое"
2574,clause,clause,,insurance_and_legal,candidate,hard_only,"связь верна, но неочевидна или слово редкое"
2575,term,term,,insurance_and_legal,candidate,hard_only,"связь верна, но неочевидна или слово редкое"
2576,policy,policy,,insurance_and_legal,candidate,hard_only,"связь верна, но неочевидна или слово редкое"
2577,premium,premium,,insurance_and_legal,candidate,hard_only,"связь верна, но неочевидна или слово редкое"
2578,deductible,deductible,,insurance_and_legal,candidate,hard_only,"связь верна, но неочевидна или слово редкое"
2579,claim,claim,,insurance_and_legal,candidate,hard_only,"связь верна, но неочевидна или слово редкое"
2580,witness,witness,,insurance_and_legal,candidate,hard_only,"связь верна, но неочевидна или слово редкое"
2581,waiver,waiver,,insurance_and_legal,candidate,hard_only,"связь верна, но неочевидна или слово редкое"
2582,agreement,agreement,,insurance_and_legal,candidate,hard_only,"связь верна, но неочевидна или слово редкое"
2583,renewal,renewal,,insurance_and_legal,candidate,hard_only,"связь верна, но неочевидна или слово редкое"
2584,liability,liability,,insurance_and_legal,candidate,hard_only,"связь верна, но неочевидна или слово редкое"
2585,notice,notice,,insurance_and_legal,candidate,hard_only,"связь верна, но неочевидна или слово редкое"
2586,breach,breach,,insurance_and_legal,candidate,hard_only,"связь верна, но неочевидна или слово редкое"
2587,founder,founder,,startup_words,candidate,hard_only,"связь верна, но неочевидна или слово редкое"
2588,investor,investor,,startup_words,candidate,hard_only,"связь верна, но неочевидна или слово редкое"
2589,pitch,pitch,,startup_words,candidate,hard_only,"связь верна, но неочевидна или слово редкое"
2590,funding,funding,,startup_words,candidate,hard_only,"связь верна, но неочевидна или слово редкое"
2591,prototype,prototype,,startup_words,candidate,hard_only,"связь верна, но неочевидна или слово редкое"
2592,launch,launch,,startup_words,candidate,hard_only,"связь верна, но неочевидна или слово редкое"
2593,equity,equity,,startup_words,candidate,hard_only,"связь верна, но неочевидна или слово редкое"
2594,venture,venture,,startup_words,candidate,hard_only,"связь верна, но неочевидна или слово редкое"
2595,incubator,incubator,,startup_words,candidate,hard_only,"связь верна, но неочевидна или слово редкое"
2596,valuation,valuation,,startup_words,candidate,hard_only,"связь верна, но неочевидна или слово редкое"
2597,scale,scale,,startup_words,candidate,hard_only,"связь верна, но неочевидна или слово редкое"
2598,runway,runway,,startup_words,candidate,hard_only,"связь верна, но неочевидна или слово редкое"
2599,seed round,seed round,,startup_words,candidate,hard_only,"связь верна, но неочевидна или слово редкое"
2600,cofounder,cofounder,,startup_words,candidate,hard_only,"связь верна, но неочевидна или слово редкое"
2659,Luanda,luanda,,african_cities,candidate,hard_only,"связь верна, но неочевидна или слово редкое"
2671,Cusco,cusco,,south_american_cities,candidate,hard_only,"связь верна, но неочевидна или слово редкое"
2675,Asuncion,asuncion,,south_american_cities,candidate,hard_only,"связь верна, но неочевидна или слово редкое"
2777,Beantown,beantown,,city_nicknames,candidate,hard_only,"связь верна, но неочевидна или слово редкое"
2783,OHare,ohare,,airports_and_ports,candidate,rejected,слово практически не встречается в английском
2785,Schiphol,schiphol,,airports_and_ports,candidate,hard_only,"связь верна, но неочевидна или слово редкое"
2787,Narita,narita,,airports_and_ports,candidate,hard_only,"связь верна, но неочевидна или слово редкое"
2820,loafer,loafer,,footwear,candidate,hard_only,"связь верна, но неочевидна или слово редкое"
2822,cleat,cleat,,footwear,candidate,approved,"редкое в текстах, но общеизвестное слово"
2823,moccasin,moccasin,,footwear,candidate,approved,"редкое в текстах, но общеизвестное слово"
2827,wader,wader,,footwear,candidate,hard_only,"связь верна, но неочевидна или слово редкое"
2837,mitten,mitten,,winter_clothing,candidate,approved,"редкое в текстах, но общеизвестное слово"
2841,earmuffs,earmuffs,,winter_clothing,candidate,approved,"редкое в текстах, но общеизвестное слово"
2842,thermals,thermals,,winter_clothing,candidate,approved,"редкое в текстах, но общеизвестное слово"
2858,anklet,anklet,,jewelry,candidate,approved,"редкое в текстах, но общеизвестное слово"
2860,cufflink,cufflink,,jewelry,candidate,hard_only,"связь верна, но неочевидна или слово редкое"
2897,bowtie,bowtie,,accessories,candidate,approved,"редкое в текстах, но общеизвестное слово"
2938,placket,placket,,clothing_parts,candidate,hard_only,"связь верна, но неочевидна или слово редкое"
2942,bowtie,bowtie,,formal_wear,candidate,approved,"редкое в текстах, но общеизвестное слово"
2943,cummerbund,cummerbund,,formal_wear,candidate,approved,"редкое в текстах, но общеизвестное слово"
2945,corsage,corsage,,formal_wear,candidate,approved,"редкое в текстах, но общеизвестное слово"
2957,nightshirt,nightshirt,,sleepwear,candidate,approved,"редкое в текстах, но общеизвестное слово"
2961,nightcap,nightcap,,sleepwear,candidate,approved,"редкое в текстах, но общеизвестное слово"
2964,coveralls,coveralls,,work_uniforms,candidate,hard_only,"связь верна, но неочевидна или слово редкое"
2971,cassock,cassock,,work_uniforms,candidate,hard_only,"связь верна, но неочевидна или слово редкое"
2987,shirt,shirt,,things_you_button,candidate,hard_only,"связь верна, но неочевидна или слово редкое"
2988,coat,coat,,things_you_button,candidate,hard_only,"связь верна, но неочевидна или слово редкое"
2989,cardigan,cardigan,,things_you_button,candidate,hard_only,"связь верна, но неочевидна или слово редкое"
2990,jeans,jeans,,things_you_button,candidate,hard_only,"связь верна, но неочевидна или слово редкое"
2991,blouse,blouse,,things_you_button,candidate,hard_only,"связь верна, но неочевидна или слово редкое"
2992,cuff,cuff,,things_you_button,candidate,hard_only,"связь верна, но неочевидна или слово редкое"
2993,vest,vest,,things_you_button,candidate,hard_only,"связь верна, но неочевидна или слово редкое"
2994,pajamas,pajamas,,things_you_button,candidate,hard_only,"связь верна, но неочевидна или слово редкое"
2995,overalls,overalls,,things_you_button,candidate,hard_only,"связь верна, но неочевидна или слово редкое"
2996,jacket,jacket,,things_you_button,candidate,hard_only,"связь верна, но неочевидна или слово редкое"
2997,pillowcase,pillowcase,,things_you_button,candidate,hard_only,"связь верна, но неочевидна или слово редкое"
2998,glove,glove,,things_you_button,candidate,hard_only,"связь верна, но неочевидна или слово редкое"
2999,pants,pants,,things_you_button,candidate,hard_only,"связь верна, но неочевидна или слово редкое"
3000,sweater,sweater,,things_you_button,candidate,hard_only,"связь верна, но неочевидна или слово редкое"
3001,shoelace,shoelace,,things_you_tie,candidate,hard_only,"связь верна, но неочевидна или слово редкое"
3002,tie,tie,,things_you_tie,candidate,hard_only,"связь верна, но неочевидна или слово редкое"
3003,sash,sash,,things_you_tie,candidate,hard_only,"связь верна, но неочевидна или слово редкое"
3004,ribbon,ribbon,,things_you_tie,candidate,hard_only,"связь верна, но неочевидна или слово редкое"
3005,bowtie,bowtie,,things_you_tie,candidate,hard_only,"связь верна, но неочевидна или слово редкое"
3006,rope,rope,,things_you_tie,candidate,hard_only,"связь верна, но неочевидна или слово редкое"
3007,scarf,scarf,,things_you_tie,candidate,hard_only,"связь верна, но неочевидна или слово редкое"
3008,belt,belt,,things_you_tie,candidate,hard_only,"связь верна, но неочевидна или слово редкое"
3009,bandana,bandana,,things_you_tie,candidate,hard_only,"связь верна, но неочевидна или слово редкое"
3010,hair tie,hair tie,,things_you_tie,candidate,hard_only,"связь верна, но неочевидна или слово редкое"
3011,drawstring,drawstring,,things_you_tie,candidate,hard_only,"связь верна, но неочевидна или слово редкое"
3012,knot,knot,,things_you_tie,candidate,hard_only,"связь верна, но неочевидна или слово редкое"
3013,laces,laces,,things_you_tie,candidate,hard_only,"связь верна, но неочевидна или слово редкое"
3036,pleat,pleat,,sewing_words,candidate,hard_only,"связь верна, но неочевидна или слово редкое"
3038,baste,baste,,sewing_words,candidate,approved,"редкое в текстах, но общеизвестное слово"
3056,glove,glove,,things_worn_on_hands,candidate,hard_only,"связь верна, но неочевидна или слово редкое"
3057,ring,ring,,things_worn_on_hands,candidate,hard_only,"связь верна, но неочевидна или слово редкое"
3058,mitten,mitten,,things_worn_on_hands,candidate,hard_only,"связь верна, но неочевидна или слово редкое"
3059,bracelet,bracelet,,things_worn_on_hands,candidate,hard_only,"связь верна, но неочевидна или слово редкое"
3060,bandage,bandage,,things_worn_on_hands,candidate,hard_only,"связь верна, но неочевидна или слово редкое"
3061,oven mitt,oven mitt,,things_worn_on_hands,candidate,hard_only,"связь верна, но неочевидна или слово редкое"
3062,boxing glove,boxing glove,,things_worn_on_hands,candidate,hard_only,"связь верна, но неочевидна или слово редкое"
3063,splint,splint,,things_worn_on_hands,candidate,hard_only,"связь верна, но неочевидна или слово редкое"
3064,nail polish,nail polish,,things_worn_on_hands,candidate,hard_only,"связь верна, но неочевидна или слово редкое"
3065,gauntlet,gauntlet,,things_worn_on_hands,candidate,hard_only,"связь верна, но неочевидна или слово редкое"
3066,jeans,jeans,,things_with_pockets,candidate,hard_only,"связь верна, но неочевидна или слово редкое"
3067,coat,coat,,things_with_pockets,candidate,hard_only,"связь верна, но неочевидна или слово редкое"
3068,backpack,backpack,,things_with_pockets,candidate,hard_only,"связь верна, но неочевидна или слово редкое"
3069,jacket,jacket,,things_with_pockets,candidate,hard_only,"связь верна, но неочевидна или слово редкое"
3070,shirt,shirt,,things_with_pockets,candidate,hard_only,"связь верна, но неочевидна или слово редкое"
3071,purse,purse,,things_with_pockets,candidate,hard_only,"связь верна, но неочевидна или слово редкое"
3072,cargo pants,cargo pants,,things_with_pockets,candidate,hard_only,"связь верна, но неочевидна или слово редкое"
3073,vest,vest,,things_with_pockets,candidate,hard_only,"связь верна, но неочевидна или слово редкое"
3074,hoodie,hoodie,,things_with_pockets,candidate,hard_only,"связь верна, но неочевидна или слово редкое"
3075,blazer,blazer,,things_with_pockets,candidate,hard_only,"связь верна, но неочевидна или слово редкое"
3076,overalls,overalls,,things_with_pockets,candidate,hard_only,"связь верна, но неочевидна или слово редкое"
3077,suitcase,suitcase,,things_with_pockets,candidate,hard_only,"связь верна, но неочевидна или слово редкое"
3078,robe,robe,,things_with_pockets,candidate,hard_only,"связь верна, но неочевидна или слово редкое"
3081,romper,romper,,kids_clothing,candidate,approved,"редкое в текстах, но общеизвестное слово"
3087,snowsuit,snowsuit,,kids_clothing,candidate,hard_only,"связь верна, но неочевидна или слово редкое"
3088,sunhat,sunhat,,kids_clothing,candidate,hard_only,"связь верна, но неочевидна или слово редкое"
3089,footie pajamas,footie pajamas,,kids_clothing,candidate,hard_only,"связь верна, но неочевидна или слово редкое"
3096,insole,insole,,shoe_parts,candidate,hard_only,"связь верна, но неочевидна или слово редкое"
3098,eyelet,eyelet,,shoe_parts,candidate,hard_only,"связь верна, но неочевидна или слово редкое"
3119,omicron,omicron,,greek_letters,candidate,hard_only,"связь верна, но неочевидна или слово редкое"
3124,upsilon,upsilon,,greek_letters,candidate,hard_only,"связь верна, но неочевидна или слово редкое"
3129,et cetera,et cetera,,latin_phrases,candidate,hard_only,"связь верна, но неочевидна или слово редкое"
3130,versus,versus,,latin_phrases,candidate,hard_only,"связь верна, но неочевидна или слово редкое"
3131,per se,per se,,latin_phrases,candidate,hard_only,"связь верна, но неочевидна или слово редкое"
3132,status quo,status quo,,latin_phrases,candidate,hard_only,"связь верна, но неочевидна или слово редкое"
3133,vice versa,vice versa,,latin_phrases,candidate,hard_only,"связь верна, но неочевидна или слово редкое"
3134,ad hoc,ad hoc,,latin_phrases,candidate,hard_only,"связь верна, но неочевидна или слово редкое"
3135,bona fide,bona fide,,latin_phrases,candidate,hard_only,"связь верна, но неочевидна или слово редкое"
3136,alma mater,alma mater,,latin_phrases,candidate,hard_only,"связь верна, но неочевидна или слово редкое"
3137,carpe diem,carpe diem,,latin_phrases,candidate,hard_only,"связь верна, но неочевидна или слово редкое"
3138,alibi,alibi,,latin_phrases,candidate,hard_only,"связь верна, но неочевидна или слово редкое"
3139,agenda,agenda,,latin_phrases,candidate,hard_only,"связь верна, но неочевидна или слово редкое"
3140,quid pro quo,quid pro quo,,latin_phrases,candidate,hard_only,"связь верна, но неочевидна или слово редкое"
3141,per capita,per capita,,latin_phrases,candidate,hard_only,"связь верна, но неочевидна или слово редкое"
3142,alter ego,alter ego,,latin_phrases,candidate,hard_only,"связь верна, но неочевидна или слово редкое"
3143,magnum opus,magnum opus,,latin_phrases,candidate,hard_only,"связь верна, но неочевидна или слово редкое"
3144,sitar,sitar,,world_instruments,candidate,hard_only,"связь верна, но неочевидна или слово редкое"
3145,djembe,djembe,,world_instruments,candidate,hard_only,"связь верна, но неочевидна или слово редкое"
3147,didgeridoo,didgeridoo,,world_instruments,candidate,hard_only,"связь верна, но неочевидна или слово редкое"
3148,balalaika,balalaika,,world_instruments,candidate,hard_only,"связь верна, но неочевидна или слово редкое"
3149,koto,koto,,world_instruments,candidate,hard_only,"связь верна, но неочевидна или слово редкое"
3150,erhu,erhu,,world_instruments,candidate,hard_only,"связь верна, но неочевидна или слово редкое"
3152,panpipe,panpipe,,world_instruments,candidate,rejected,слово практически не встречается в английском
3154,kalimba,kalimba,,world_instruments,candidate,hard_only,"связь верна, но неочевидна или слово редкое"
3155,bouzouki,bouzouki,,world_instruments,candidate,hard_only,"связь верна, но неочевидна или слово редкое"
3156,shamisen,shamisen,,world_instruments,candidate,hard_only,"связь верна, но неочевидна или слово редкое"
3157,oud,oud,,world_instruments,candidate,hard_only,"связь верна, но неочевидна или слово редкое"
3158,marimba,marimba,,world_instruments,candidate,hard_only,"связь верна, но неочевидна или слово редкое"
3168,cancan,cancan,,world_dances,candidate,hard_only,"связь верна, но неочевидна или слово редкое"
3169,merengue,merengue,,world_dances,candidate,hard_only,"связь верна, но неочевидна или слово редкое"
3170,bolero,bolero,,world_dances,candidate,hard_only,"связь верна, но неочевидна или слово редкое"
3171,tarantella,tarantella,,world_dances,candidate,hard_only,"связь верна, но неочевидна или слово редкое"
3181,Songkran,songkran,,festivals,candidate,hard_only,"связь верна, но неочевидна или слово редкое"
3184,St Patricks Day,st patricks day,,festivals,candidate,hard_only,"связь верна, но неочевидна или слово редкое"
3185,Obon,obon,,festivals,candidate,hard_only,"связь верна, но неочевидна или слово редкое"
3186,Hogmanay,hogmanay,,festivals,candidate,hard_only,"связь верна, но неочевидна или слово редкое"
3194,zloty,zloty,,world_currencies_more,candidate,hard_only,"связь верна, но неочевидна или слово редкое"
3195,forint,forint,,world_currencies_more,candidate,hard_only,"связь верна, но неочевидна или слово редкое"
3196,koruna,koruna,,world_currencies_more,candidate,hard_only,"связь верна, но неочевидна или слово редкое"
3197,dirham,dirham,,world_currencies_more,candidate,hard_only,"связь верна, но неочевидна или слово редкое"
3198,riyal,riyal,,world_currencies_more,candidate,hard_only,"связь верна, но неочевидна или слово редкое"
3199,shekel,shekel,,world_currencies_more,candidate,hard_only,"связь верна, но неочевидна или слово редкое"
3204,ringgit,ringgit,,world_currencies_more,candidate,hard_only,"связь верна, но неочевидна или слово редкое"
3224,sarong,sarong,,traditional_clothing,candidate,hard_only,"связь верна, но неочевидна или слово редкое"
3225,dirndl,dirndl,,traditional_clothing,candidate,hard_only,"связь верна, но неочевидна или слово редкое"
3226,hanbok,hanbok,,traditional_clothing,candidate,hard_only,"связь верна, но неочевидна или слово редкое"
3227,kaftan,kaftan,,traditional_clothing,candidate,hard_only,"связь верна, но неочевидна или слово редкое"
3229,lederhosen,lederhosen,,traditional_clothing,candidate,hard_only,"связь верна, но неочевидна или слово редкое"
3232,moccasin,moccasin,,traditional_clothing,candidate,approved,"редкое в текстах, но общеизвестное слово"
3233,kente,kente,,traditional_clothing,candidate,hard_only,"связь верна, но неочевидна или слово редкое"
3234,dashiki,dashiki,,traditional_clothing,candidate,hard_only,"связь верна, но неочевидна или слово редкое"
3235,sombrero,sombrero,,world_hats,candidate,hard_only,"связь верна, но неочевидна или слово редкое"
3236,turban,turban,,world_hats,candidate,hard_only,"связь верна, но неочевидна или слово редкое"
3237,fez,fez,,world_hats,candidate,hard_only,"связь верна, но неочевидна или слово редкое"
3238,beret,beret,,world_hats,candidate,hard_only,"связь верна, но неочевидна или слово редкое"
3239,kufi,kufi,,world_hats,candidate,rejected,слово практически не встречается в английском
3240,conical hat,conical hat,,world_hats,candidate,hard_only,"связь верна, но неочевидна или слово редкое"
3241,ushanka,ushanka,,world_hats,candidate,rejected,слово практически не встречается в английском
3242,tam,tam,,world_hats,candidate,hard_only,"связь верна, но неочевидна или слово редкое"
3243,keffiyeh,keffiyeh,,world_hats,candidate,hard_only,"связь верна, но неочевидна или слово редкое"
3244,bowler,bowler,,world_hats,candidate,hard_only,"связь верна, но неочевидна или слово редкое"
3245,panama,panama,,world_hats,candidate,hard_only,"связь верна, но неочевидна или слово редкое"
3246,tarboosh,tarboosh,,world_hats,candidate,hard_only,"связь верна, но неочевидна или слово редкое"
3251,hopscotch,hopscotch,,card_and_dice_games,candidate,approved,"редкое в текстах, но общеизвестное слово"
3256,tiddlywinks,tiddlywinks,,card_and_dice_games,candidate,hard_only,"связь верна, но неочевидна или слово редкое"
3257,horseshoes,horseshoes,,card_and_dice_games,candidate,approved,"редкое в текстах, но общеизвестное слово"
3260,charades,charades,,card_and_dice_games,candidate,approved,"редкое в текстах, но общеизвестное слово"
3262,hopscotch,hopscotch,,playground_games,candidate,approved,"редкое в текстах, но общеизвестное слово"
3266,kickball,kickball,,playground_games,candidate,approved,"редкое в текстах, но общеизвестное слово"
3283,Frogger,frogger,,video_game_classics,candidate,hard_only,"связь верна, но неочевидна или слово редкое"
3284,Galaga,galaga,,video_game_classics,candidate,hard_only,"связь верна, но неочевидна или слово редкое"
3288,Minesweeper,minesweeper,,video_game_classics,candidate,hard_only,"связь верна, но неочевидна или слово редкое"
3365,zesty,zesty,,taste_words,candidate,hard_only,"связь верна, но неочевидна или слово редкое"
3370,syrupy,syrupy,,taste_words,candidate,hard_only,"связь верна, но неочевидна или слово редкое"
3371,peppery,peppery,,taste_words,candidate,hard_only,"связь верна, но неочевидна или слово редкое"
3373,fragrant,fragrant,,smell_words,candidate,hard_only,"связь верна, но неочевидна или слово редкое"
3374,musty,musty,,smell_words,candidate,hard_only,"связь верна, но неочевидна или слово редкое"
3375,smoky,smoky,,smell_words,candidate,hard_only,"связь верна, но неочевидна или слово редкое"
3376,fresh,fresh,,smell_words,candidate,hard_only,"связь верна, но неочевидна или слово редкое"
3377,sour,sour,,smell_words,candidate,hard_only,"связь верна, но неочевидна или слово редкое"
3378,floral,floral,,smell_words,candidate,hard_only,"связь верна, но неочевидна или слово редкое"
3379,pungent,pungent,,smell_words,candidate,hard_only,"связь верна, но неочевидна или слово редкое"
3380,earthy,earthy,,smell_words,candidate,hard_only,"связь верна, но неочевидна или слово редкое"
3381,sweet,sweet,,smell_words,candidate,hard_only,"связь верна, но неочевидна или слово редкое"
3382,stale,stale,,smell_words,candidate,hard_only,"связь верна, но неочевидна или слово редкое"
3383,spicy,spicy,,smell_words,candidate,hard_only,"связь верна, но неочевидна или слово редкое"
3384,minty,minty,,smell_words,candidate,hard_only,"связь верна, но неочевидна или слово редкое"
3385,rancid,rancid,,smell_words,candidate,hard_only,"связь верна, но неочевидна или слово редкое"
3386,woodsy,woodsy,,smell_words,candidate,hard_only,"связь верна, но неочевидна или слово редкое"
3387,briny,briny,,smell_words,candidate,hard_only,"связь верна, но неочевидна или слово редкое"
3403,drizzly,drizzly,,weather_adjectives,candidate,hard_only,"связь верна, но неочевидна или слово редкое"
3406,bright,bright,,brightness_words,candidate,hard_only,"связь верна, но неочевидна или слово редкое"
3407,dim,dim,,brightness_words,candidate,hard_only,"связь верна, но неочевидна или слово редкое"
3408,dark,dark,,brightness_words,candidate,hard_only,"связь верна, но неочевидна или слово редкое"
3409,glowing,glowing,,brightness_words,candidate,hard_only,"связь верна, но неочевидна или слово редкое"
3410,dazzling,dazzling,,brightness_words,candidate,hard_only,"связь верна, но неочевидна или слово редкое"
3411,faint,faint,,brightness_words,candidate,hard_only,"связь верна, но неочевидна или слово редкое"
3412,radiant,radiant,,brightness_words,candidate,hard_only,"связь верна, но неочевидна или слово редкое"
3413,murky,murky,,brightness_words,candidate,hard_only,"связь верна, но неочевидна или слово редкое"
3414,shady,shady,,brightness_words,candidate,hard_only,"связь верна, но неочевидна или слово редкое"
3415,blinding,blinding,,brightness_words,candidate,hard_only,"связь верна, но неочевидна или слово редкое"
3416,gloomy,gloomy,,brightness_words,candidate,hard_only,"связь верна, но неочевидна или слово редкое"
3417,luminous,luminous,,brightness_words,candidate,hard_only,"связь верна, но неочевидна или слово редкое"
3418,shining,shining,,brightness_words,candidate,hard_only,"связь верна, но неочевидна или слово редкое"
3419,dull,dull,,brightness_words,candidate,hard_only,"связь верна, но неочевидна или слово редкое"
3462,timeworn,timeworn,,age_words,candidate,hard_only,"связь верна, но неочевидна или слово редкое"
3541,full,full,,fullness_words,candidate,hard_only,"связь верна, но неочевидна или слово редкое"
3542,empty,empty,,fullness_words,candidate,hard_only,"связь верна, но неочевидна или слово редкое"
3543,packed,packed,,fullness_words,candidate,hard_only,"связь верна, но неочевидна или слово редкое"
3544,crowded,crowded,,fullness_words,candidate,hard_only,"связь верна, но неочевидна или слово редкое"
3545,stuffed,stuffed,,fullness_words,candidate,hard_only,"связь верна, но неочевидна или слово редкое"
3546,vacant,vacant,,fullness_words,candidate,hard_only,"связь верна, но неочевидна или слово редкое"
3547,brimming,brimming,,fullness_words,candidate,hard_only,"связь верна, но неочевидна или слово редкое"
3548,hollow,hollow,,fullness_words,candidate,hard_only,"связь верна, но неочевидна или слово редкое"
3549,loaded,loaded,,fullness_words,candidate,hard_only,"связь верна, но неочевидна или слово редкое"
3550,bare,bare,,fullness_words,candidate,hard_only,"связь верна, но неочевидна или слово редкое"
3551,overflowing,overflowing,,fullness_words,candidate,hard_only,"связь верна, но неочевидна или слово редкое"
3552,sparse,sparse,,fullness_words,candidate,hard_only,"связь верна, но неочевидна или слово редкое"
3553,jammed,jammed,,fullness_words,candidate,hard_only,"связь верна, но неочевидна или слово редкое"
3554,deserted,deserted,,fullness_words,candidate,hard_only,"связь верна, но неочевидна или слово редкое"
3569,smooth,smooth,,temperature_feel,candidate,hard_only,"связь верна, но неочевидна или слово редкое"
3570,rough,rough,,temperature_feel,candidate,hard_only,"связь верна, но неочевидна или слово редкое"
3571,soft,soft,,temperature_feel,candidate,hard_only,"связь верна, но неочевидна или слово редкое"
3572,hard,hard,,temperature_feel,candidate,hard_only,"связь верна, но неочевидна или слово редкое"
3573,sticky,sticky,,temperature_feel,candidate,hard_only,"связь верна, но неочевидна или слово редкое"
3574,slippery,slippery,,temperature_feel,candidate,hard_only,"связь верна, но неочевидна или слово редкое"
3575,fuzzy,fuzzy,,temperature_feel,candidate,hard_only,"связь верна, но неочевидна или слово редкое"
3576,prickly,prickly,,temperature_feel,candidate,hard_only,"связь верна, но неочевидна или слово редкое"
3577,silky,silky,,temperature_feel,candidate,hard_only,"связь верна, но неочевидна или слово редкое"
3578,grainy,grainy,,temperature_feel,candidate,hard_only,"связь верна, но неочевидна или слово редкое"
3579,bumpy,bumpy,,temperature_feel,candidate,hard_only,"связь верна, но неочевидна или слово редкое"
3580,cold,cold,,temperature_feel,candidate,hard_only,"связь верна, но неочевидна или слово редкое"
3581,warm,warm,,temperature_feel,candidate,hard_only,"связь верна, но неочевидна или слово редкое"
3582,damp,damp,,temperature_feel,candidate,hard_only,"связь верна, но неочевидна или слово редкое"
3583,Sharp,sharp,,temperature_feel,candidate,hard_only,"связь верна, но неочевидна или слово редкое"
3584,spongy,spongy,,temperature_feel,candidate,hard_only,"связь верна, но неочевидна или слово редкое"
3641,certain,certain,,certainty_words,candidate,hard_only,"связь верна, но неочевидна или слово редкое"
3642,likely,likely,,certainty_words,candidate,hard_only,"связь верна, но неочевидна или слово редкое"
3643,unlikely,unlikely,,certainty_words,candidate,hard_only,"связь верна, но неочевидна или слово редкое"
3644,possible,possible,,certainty_words,candidate,hard_only,"связь верна, но неочевидна или слово редкое"
3645,definite,definite,,certainty_words,candidate,hard_only,"связь верна, но неочевидна или слово редкое"
3646,doubtful,doubtful,,certainty_words,candidate,hard_only,"связь верна, но неочевидна или слово редкое"
3647,probable,probable,,certainty_words,candidate,hard_only,"связь верна, но неочевидна или слово редкое"
3648,sure,sure,,certainty_words,candidate,hard_only,"связь верна, но неочевидна или слово редкое"
3649,maybe,maybe,,certainty_words,candidate,hard_only,"связь верна, но неочевидна или слово редкое"
3650,perhaps,perhaps,,certainty_words,candidate,hard_only,"связь верна, но неочевидна или слово редкое"
3651,guaranteed,guaranteed,,certainty_words,candidate,hard_only,"связь верна, но неочевидна или слово редкое"
3652,uncertain,uncertain,,certainty_words,candidate,hard_only,"связь верна, но неочевидна или слово редкое"
3653,obvious,obvious,,certainty_words,candidate,hard_only,"связь верна, но неочевидна или слово редкое"
3667,protractor,protractor,,school_supplies,candidate,approved,"редкое в текстах, но общеизвестное слово"
3859,cardstock,cardstock,,paper_types,candidate,hard_only,"связь верна, но неочевидна или слово редкое"
3944,xylophone,xylophone,,music_class_things,candidate,approved,"редкое в текстах, но общеизвестное слово"
3949,maraca,maraca,,music_class_things,candidate,hard_only,"связь верна, но неочевидна или слово редкое"
3999,xylophone,xylophone,,musical_instruments,candidate,approved,"редкое в текстах, но общеизвестное слово"
4016,sitar,sitar,,string_instruments,candidate,hard_only,"связь верна, но неочевидна или слово редкое"
4018,zither,zither,,string_instruments,candidate,hard_only,"связь верна, но неочевидна или слово редкое"
4038,xylophone,xylophone,,percussion,candidate,approved,"редкое в текстах, но общеизвестное слово"
4042,maraca,maraca,,percussion,candidate,hard_only,"связь верна, но неочевидна или слово редкое"
4043,timpani,timpani,,percussion,candidate,hard_only,"связь верна, но неочевидна или слово редкое"
4045,cowbell,cowbell,,percussion,candidate,approved,"редкое в текстах, но общеизвестное слово"
4047,marimba,marimba,,percussion,candidate,hard_only,"связь верна, но неочевидна или слово редкое"
4048,castanets,castanets,,percussion,candidate,hard_only,"связь верна, но неочевидна или слово редкое"
4061,clef,clef,,music_words,candidate,hard_only,"связь верна, но неочевидна или слово редкое"
4096,backgammon,backgammon,,board_games,candidate,approved,"редкое в текстах, но общеизвестное слово"
4098,jenga,jenga,,board_games,candidate,approved,"редкое в текстах, но общеизвестное слово"
4106,mancala,mancala,,board_games,candidate,hard_only,"связь верна, но неочевидна или слово редкое"
4107,parcheesi,parcheesi,,board_games,candidate,rejected,слово практически не встречается в английском
4109,yahtzee,yahtzee,,board_games,candidate,approved,"редкое в текстах, но общеизвестное слово"
4130,rummy,rummy,,card_games,candidate,hard_only,"связь верна, но неочевидна или слово редкое"
4137,canasta,canasta,,card_games,candidate,hard_only,"связь верна, но неочевидна или слово редкое"
4138,cribbage,cribbage,,card_games,candidate,hard_only,"связь верна, но неочевидна или слово редкое"
4139,euchre,euchre,,card_games,candidate,hard_only,"связь верна, но неочевидна или слово редкое"
4141,pinochle,pinochle,,card_games,candidate,hard_only,"связь верна, но неочевидна или слово редкое"
4190,playbill,playbill,,theater_words,candidate,approved,"редкое в текстах, но общеизвестное слово"
4203,ringmaster,ringmaster,,circus_words,candidate,approved,"редкое в текстах, но общеизвестное слово"
4205,unicycle,unicycle,,circus_words,candidate,approved,"редкое в текстах, но общеизвестное слово"
4212,sword swallower,sword swallower,,circus_words,candidate,hard_only,"связь верна, но неочевидна или слово редкое"
4222,funhouse,funhouse,,amusement_park,candidate,approved,"редкое в текстах, но общеизвестное слово"
4229,teacups,teacups,,amusement_park,candidate,hard_only,"связь верна, но неочевидна или слово редкое"
4232,turnstile,turnstile,,amusement_park,candidate,approved,"редкое в текстах, но общеизвестное слово"
4257,respawn,respawn,,video_game_words,candidate,hard_only,"связь верна, но неочевидна или слово редкое"
4316,breakdance,breakdance,,dance_styles,candidate,approved,"редкое в текстах, но общеизвестное слово"
4432,guitar,guitar,,instruments_you_strum,candidate,hard_only,"связь верна, но неочевидна или слово редкое"
4433,violin,violin,,instruments_you_strum,candidate,hard_only,"связь верна, но неочевидна или слово редкое"
4434,harp,harp,,instruments_you_strum,candidate,hard_only,"связь верна, но неочевидна или слово редкое"
4435,kite,kite,,instruments_you_strum,candidate,hard_only,"связь верна, но неочевидна или слово редкое"
4436,puppet,puppet,,instruments_you_strum,candidate,hard_only,"связь верна, но неочевидна или слово редкое"
4437,tennis racket,tennis racket,,instruments_you_strum,candidate,hard_only,"связь верна, но неочевидна или слово редкое"
4438,yo-yo,yo-yo,,instruments_you_strum,candidate,hard_only,"связь верна, но неочевидна или слово редкое"
4439,banjo,banjo,,instruments_you_strum,candidate,hard_only,"связь верна, но неочевидна или слово редкое"
4440,piano,piano,,instruments_you_strum,candidate,hard_only,"связь верна, но неочевидна или слово редкое"
4441,balloon,balloon,,instruments_you_strum,candidate,hard_only,"связь верна, но неочевидна или слово редкое"
4442,cello,cello,,instruments_you_strum,candidate,hard_only,"связь верна, но неочевидна или слово редкое"
4443,hammock,hammock,,instruments_you_strum,candidate,hard_only,"связь верна, но неочевидна или слово редкое"
4444,marionette,marionette,,instruments_you_strum,candidate,hard_only,"связь верна, но неочевидна или слово редкое"
4459,strings,strings,,instruments_in_an_orchestra,candidate,hard_only,"связь верна, но неочевидна или слово редкое"
4460,brass,brass,,instruments_in_an_orchestra,candidate,hard_only,"связь верна, но неочевидна или слово редкое"
4461,woodwind,woodwind,,instruments_in_an_orchestra,candidate,hard_only,"связь верна, но неочевидна или слово редкое"
4462,percussion,percussion,,instruments_in_an_orchestra,candidate,hard_only,"связь верна, но неочевидна или слово редкое"
4463,conductor,conductor,,instruments_in_an_orchestra,candidate,hard_only,"связь верна, но неочевидна или слово редкое"
4464,soloist,soloist,,instruments_in_an_orchestra,candidate,hard_only,"связь верна, но неочевидна или слово редкое"
4465,first violin,first violin,,instruments_in_an_orchestra,candidate,hard_only,"связь верна, но неочевидна или слово редкое"
4466,cellist,cellist,,instruments_in_an_orchestra,candidate,hard_only,"связь верна, но неочевидна или слово редкое"
4467,section,section,,instruments_in_an_orchestra,candidate,hard_only,"связь верна, но неочевидна или слово редкое"
4468,concertmaster,concertmaster,,instruments_in_an_orchestra,candidate,hard_only,"связь верна, но неочевидна или слово редкое"
4469,timpanist,timpanist,,instruments_in_an_orchestra,candidate,rejected,слово практически не встречается в английском
4470,ensemble,ensemble,,instruments_in_an_orchestra,candidate,hard_only,"связь верна, но неочевидна или слово редкое"
4475,baler,baler,,farm_machines,candidate,hard_only,"связь верна, но неочевидна или слово редкое"
4476,seeder,seeder,,farm_machines,candidate,hard_only,"связь верна, но неочевидна или слово редкое"
4479,thresher,thresher,,farm_machines,candidate,hard_only,"связь верна, но неочевидна или слово редкое"
4480,cultivator,cultivator,,farm_machines,candidate,hard_only,"связь верна, но неочевидна или слово редкое"
4503,udder,udder,,dairy_words,candidate,hard_only,"связь верна, но неочевидна или слово редкое"
4508,pasteurize,pasteurize,,dairy_words,candidate,hard_only,"связь верна, но неочевидна или слово редкое"
4514,butterfat,butterfat,,dairy_words,candidate,hard_only,"связь верна, но неочевидна или слово редкое"
4519,thresh,thresh,,harvest_words,candidate,hard_only,"связь верна, но неочевидна или слово редкое"
4527,gleaning,gleaning,,harvest_words,candidate,hard_only,"связь верна, но неочевидна или слово редкое"
4531,loam,loam,,soil_words,candidate,hard_only,"связь верна, но неочевидна или слово редкое"
4532,clay,clay,,soil_words,candidate,hard_only,"связь верна, но неочевидна или слово редкое"
4533,sand,sand,,soil_words,candidate,hard_only,"связь верна, но неочевидна или слово редкое"
4534,humus,humus,,soil_words,candidate,hard_only,"связь верна, но неочевидна или слово редкое"
4535,compost,compost,,soil_words,candidate,hard_only,"связь верна, но неочевидна или слово редкое"
4536,mulch,mulch,,soil_words,candidate,hard_only,"связь верна, но неочевидна или слово редкое"
4537,fertilizer,fertilizer,,soil_words,candidate,hard_only,"связь верна, но неочевидна или слово редкое"
4538,topsoil,topsoil,,soil_words,candidate,hard_only,"связь верна, но неочевидна или слово редкое"
4539,erosion,erosion,,soil_words,candidate,hard_only,"связь верна, но неочевидна или слово редкое"
4540,plow,plow,,soil_words,candidate,hard_only,"связь верна, но неочевидна или слово редкое"
4541,nutrient,nutrient,,soil_words,candidate,hard_only,"связь верна, но неочевидна или слово редкое"
4542,acidity,acidity,,soil_words,candidate,hard_only,"связь верна, но неочевидна или слово редкое"
4543,silt,silt,,soil_words,candidate,hard_only,"связь верна, но неочевидна или слово редкое"
4544,subsoil,subsoil,,soil_words,candidate,hard_only,"связь верна, но неочевидна или слово редкое"
4545,sprinkler,sprinkler,,irrigation,candidate,hard_only,"связь верна, но неочевидна или слово редкое"
4546,ditch,ditch,,irrigation,candidate,hard_only,"связь верна, но неочевидна или слово редкое"
4547,canal,canal,,irrigation,candidate,hard_only,"связь верна, но неочевидна или слово редкое"
4548,pump,pump,,irrigation,candidate,hard_only,"связь верна, но неочевидна или слово редкое"
4549,hose,hose,,irrigation,candidate,hard_only,"связь верна, но неочевидна или слово редкое"
4550,pivot,pivot,,irrigation,candidate,hard_only,"связь верна, но неочевидна или слово редкое"
4551,well,well,,irrigation,candidate,hard_only,"связь верна, но неочевидна или слово редкое"
4552,reservoir,reservoir,,irrigation,candidate,hard_only,"связь верна, но неочевидна или слово редкое"
4553,drip line,drip line,,irrigation,candidate,hard_only,"связь верна, но неочевидна или слово редкое"
4554,furrow,furrow,,irrigation,candidate,hard_only,"связь верна, но неочевидна или слово редкое"
4555,dam,dam,,irrigation,candidate,hard_only,"связь верна, но неочевидна или слово редкое"
4556,pipe,pipe,,irrigation,candidate,hard_only,"связь верна, но неочевидна или слово редкое"
4557,valve,valve,,irrigation,candidate,hard_only,"связь верна, но неочевидна или слово редкое"
4558,aqueduct,aqueduct,,irrigation,candidate,hard_only,"связь верна, но неочевидна или слово редкое"
4564,pruner,pruner,,orchard_words,candidate,hard_only,"связь верна, но неочевидна или слово редкое"
4573,vine,vine,,vineyard_words,candidate,hard_only,"связь верна, но неочевидна или слово редкое"
4574,grape,grape,,vineyard_words,candidate,hard_only,"связь верна, но неочевидна или слово редкое"
4575,trellis,trellis,,vineyard_words,candidate,hard_only,"связь верна, но неочевидна или слово редкое"
4576,barrel,barrel,,vineyard_words,candidate,hard_only,"связь верна, но неочевидна или слово редкое"
4577,press,press,,vineyard_words,candidate,hard_only,"связь верна, но неочевидна или слово редкое"
4578,cellar,cellar,,vineyard_words,candidate,hard_only,"связь верна, но неочевидна или слово редкое"
4579,harvest,harvest,,vineyard_words,candidate,hard_only,"связь верна, но неочевидна или слово редкое"
4580,cluster,cluster,,vineyard_words,candidate,hard_only,"связь верна, но неочевидна или слово редкое"
4581,pruning,pruning,,vineyard_words,candidate,hard_only,"связь верна, но неочевидна или слово редкое"
4582,cork,cork,,vineyard_words,candidate,hard_only,"связь верна, но неочевидна или слово редкое"
4583,vat,vat,,vineyard_words,candidate,hard_only,"связь верна, но неочевидна или слово редкое"
4584,crush,crush,,vineyard_words,candidate,hard_only,"связь верна, но неочевидна или слово редкое"
4585,terrace,terrace,,vineyard_words,candidate,hard_only,"связь верна, но неочевидна или слово редкое"
4586,rootstock,rootstock,,vineyard_words,candidate,hard_only,"связь верна, но неочевидна или слово редкое"
4628,hayloft,hayloft,,farm_buildings,candidate,approved,"редкое в текстах, но общеизвестное слово"
4630,smokehouse,smokehouse,,farm_buildings,candidate,hard_only,"связь верна, но неочевидна или слово редкое"
4647,locust,locust,,pest_control,candidate,hard_only,"связь верна, но неочевидна или слово редкое"
4648,aphid,aphid,,pest_control,candidate,hard_only,"связь верна, но неочевидна или слово редкое"
4649,weevil,weevil,,pest_control,candidate,hard_only,"связь верна, но неочевидна или слово редкое"
4650,beetle,beetle,,pest_control,candidate,hard_only,"связь верна, но неочевидна или слово редкое"
4651,caterpillar,caterpillar,,pest_control,candidate,hard_only,"связь верна, но неочевидна или слово редкое"
4652,deer,deer,,pest_control,candidate,hard_only,"связь верна, но неочевидна или слово редкое"
4653,crow,crow,,pest_control,candidate,hard_only,"связь верна, но неочевидна или слово редкое"
4654,gopher,gopher,,pest_control,candidate,hard_only,"связь верна, но неочевидна или слово редкое"
4655,rabbit,rabbit,,pest_control,candidate,hard_only,"связь верна, но неочевидна или слово редкое"
4656,slug,slug,,pest_control,candidate,hard_only,"связь верна, но неочевидна или слово редкое"
4657,mite,mite,,pest_control,candidate,hard_only,"связь верна, но неочевидна или слово редкое"
4658,nematode,nematode,,pest_control,candidate,hard_only,"связь верна, но неочевидна или слово редкое"
4659,grasshopper,grasshopper,,pest_control,candidate,hard_only,"связь верна, но неочевидна или слово редкое"
4660,cutworm,cutworm,,pest_control,candidate,hard_only,"связь верна, но неочевидна или слово редкое"
4673,hayride,hayride,,country_life,candidate,approved,"редкое в текстах, но общеизвестное слово"
4685,bunkhouse,bunkhouse,,ranch_words,candidate,approved,"редкое в текстах, но общеизвестное слово"
4707,straightener,straightener,,beauty_tools,candidate,approved,"редкое в текстах, но общеизвестное слово"
4726,updo,updo,,hairstyles,candidate,approved,"редкое в текстах, но общеизвестное слово"
4728,cornrows,cornrows,,hairstyles,candidate,approved,"редкое в текстах, но общеизвестное слово"
4734,chignon,chignon,,hairstyles,candidate,hard_only,"связь верна, но неочевидна или слово редкое"
4735,topknot,topknot,,hairstyles,candidate,approved,"редкое в текстах, но общеизвестное слово"
4749,floral,floral,,perfume_words,candidate,hard_only,"связь верна, но неочевидна или слово редкое"
4750,musk,musk,,perfume_words,candidate,hard_only,"связь верна, но неочевидна или слово редкое"
4751,citrus,citrus,,perfume_words,candidate,hard_only,"связь верна, но неочевидна или слово редкое"
4752,spicy,spicy,,perfume_words,candidate,hard_only,"связь верна, но неочевидна или слово редкое"
4753,woody,woody,,perfume_words,candidate,hard_only,"связь верна, но неочевидна или слово редкое"
4754,fresh,fresh,,perfume_words,candidate,hard_only,"связь верна, но неочевидна или слово редкое"
4755,sweet,sweet,,perfume_words,candidate,hard_only,"связь верна, но неочевидна или слово редкое"
4756,vanilla,vanilla,,perfume_words,candidate,hard_only,"связь верна, но неочевидна или слово редкое"
4757,rose,rose,,perfume_words,candidate,hard_only,"связь верна, но неочевидна или слово редкое"
4758,lavender,lavender,,perfume_words,candidate,hard_only,"связь верна, но неочевидна или слово редкое"
4759,sandalwood,sandalwood,,perfume_words,candidate,hard_only,"связь верна, но неочевидна или слово редкое"
4760,amber,amber,,perfume_words,candidate,hard_only,"связь верна, но неочевидна или слово редкое"
4761,Cologne,cologne,,perfume_words,candidate,hard_only,"связь верна, но неочевидна или слово редкое"
4762,mist,mist,,perfume_words,candidate,hard_only,"связь верна, но неочевидна или слово редкое"
4763,note,note,,perfume_words,candidate,hard_only,"связь верна, но неочевидна или слово редкое"
4784,houndstooth,houndstooth,,patterns,candidate,approved,"редкое в текстах, но общеизвестное слово"
4789,gingham,gingham,,patterns,candidate,approved,"редкое в текстах, но общеизвестное слово"
4790,herringbone,herringbone,,patterns,candidate,approved,"редкое в текстах, но общеизвестное слово"
4810,monocle,monocle,,eyewear,candidate,approved,"редкое в текстах, но общеизвестное слово"
4812,bifocals,bifocals,,eyewear,candidate,approved,"редкое в текстах, но общеизвестное слово"
4829,hairband,hairband,,fashion_accessories,candidate,hard_only,"связь верна, но неочевидна или слово редкое"
4832,bowtie,bowtie,,fashion_accessories,candidate,approved,"редкое в текстах, но общеизвестное слово"
4838,loafer,loafer,,shoe_styles,candidate,hard_only,"связь верна, но неочевидна или слово редкое"
4845,moccasin,moccasin,,shoe_styles,candidate,approved,"редкое в текстах, но общеизвестное слово"
4848,espadrille,espadrille,,shoe_styles,candidate,rejected,слово практически не встречается в английском
4849,pleat,pleat,,sewing_patterns,candidate,hard_only,"связь верна, но неочевидна или слово редкое"
4850,ruffle,ruffle,,sewing_patterns,candidate,hard_only,"связь верна, но неочевидна или слово редкое"
4851,dart,dart,,sewing_patterns,candidate,hard_only,"связь верна, но неочевидна или слово редкое"
4852,cuff,cuff,,sewing_patterns,candidate,hard_only,"связь верна, но неочевидна или слово редкое"
4853,collar,collar,,sewing_patterns,candidate,hard_only,"связь верна, но неочевидна или слово редкое"
4854,hem,hem,,sewing_patterns,candidate,hard_only,"связь верна, но неочевидна или слово редкое"
4855,seam,seam,,sewing_patterns,candidate,hard_only,"связь верна, но неочевидна или слово редкое"
4856,lapel,lapel,,sewing_patterns,candidate,hard_only,"связь верна, но неочевидна или слово редкое"
4857,pocket,pocket,,sewing_patterns,candidate,hard_only,"связь верна, но неочевидна или слово редкое"
4858,lining,lining,,sewing_patterns,candidate,hard_only,"связь верна, но неочевидна или слово редкое"
4859,yoke,yoke,,sewing_patterns,candidate,hard_only,"связь верна, но неочевидна или слово редкое"
4860,gusset,gusset,,sewing_patterns,candidate,hard_only,"связь верна, но неочевидна или слово редкое"
4861,panel,panel,,sewing_patterns,candidate,hard_only,"связь верна, но неочевидна или слово редкое"
4862,trim,trim,,sewing_patterns,candidate,hard_only,"связь верна, но неочевидна или слово редкое"
4863,applique,applique,,sewing_patterns,candidate,hard_only,"связь верна, но неочевидна или слово редкое"
4869,mothball,mothball,,wardrobe_care,candidate,hard_only,"связь верна, но неочевидна или слово редкое"
4920,nectarine,nectarine,,fruits,candidate,hard_only,"связь верна, но неочевидна или слово редкое"
4949,parsnip,parsnip,,vegetables,candidate,approved,"редкое в текстах, но общеизвестное слово"
4958,elderberry,elderberry,,berries,candidate,hard_only,"связь верна, но неочевидна или слово редкое"
4959,boysenberry,boysenberry,,berries,candidate,hard_only,"связь верна, но неочевидна или слово редкое"
4971,pomelo,pomelo,,citrus_fruits,candidate,hard_only,"связь верна, но неочевидна или слово редкое"
4972,citron,citron,,citrus_fruits,candidate,hard_only,"связь верна, но неочевидна или слово редкое"
4973,kumquat,kumquat,,citrus_fruits,candidate,hard_only,"связь верна, но неочевидна или слово редкое"
4981,lychee,lychee,,tropical_fruits,candidate,hard_only,"связь верна, но неочевидна или слово редкое"
4983,starfruit,starfruit,,tropical_fruits,candidate,hard_only,"связь верна, но неочевидна или слово редкое"
4985,jackfruit,jackfruit,,tropical_fruits,candidate,hard_only,"связь верна, но неочевидна или слово редкое"
4991,parsnip,parsnip,,root_vegetables,candidate,approved,"редкое в текстах, но общеизвестное слово"
4997,rutabaga,rutabaga,,root_vegetables,candidate,hard_only,"связь верна, но неочевидна или слово редкое"
5002,arugula,arugula,,leafy_greens,candidate,approved,"редкое в текстах, но общеизвестное слово"
5007,watercress,watercress,,leafy_greens,candidate,approved,"редкое в текстах, но общеизвестное слово"
5008,endive,endive,,leafy_greens,candidate,hard_only,"связь верна, но неочевидна или слово редкое"
5009,bok choy,bok choy,,leafy_greens,candidate,approved,"редкое в текстах, но общеизвестное слово"
5023,flaxseed,flaxseed,,nuts_and_seeds,candidate,hard_only,"связь верна, но неочевидна или слово редкое"
5119,deviled,deviled,,egg_dishes,candidate,approved,"редкое в текстах, но общеизвестное слово"
5121,frittata,frittata,,egg_dishes,candidate,hard_only,"связь верна, но неочевидна или слово редкое"
5122,souffle,souffle,,egg_dishes,candidate,hard_only,"связь верна, но неочевидна или слово редкое"
5148,arugula,arugula,,pizza_toppings,candidate,approved,"редкое в текстах, но общеизвестное слово"
5174,pastrami,pastrami,,sandwich_fillings,candidate,approved,"редкое в текстах, но общеизвестное слово"
5183,crouton,crouton,,salad_ingredients,candidate,approved,"редкое в текстах, но общеизвестное слово"
5195,arugula,arugula,,salad_ingredients,candidate,approved,"редкое в текстах, но общеизвестное слово"
5241,kefir,kefir,,dairy_products,candidate,hard_only,"связь верна, но неочевидна или слово редкое"
5255,provolone,provolone,,cheese_types,candidate,hard_only,"связь верна, но неочевидна или слово редкое"
5259,muenster,muenster,,cheese_types,candidate,hard_only,"связь верна, но неочевидна или слово редкое"
5260,havarti,havarti,,cheese_types,candidate,hard_only,"связь верна, но неочевидна или слово редкое"
5261,gruyere,gruyere,,cheese_types,candidate,hard_only,"связь верна, но неочевидна или слово редкое"
5266,camembert,camembert,,cheese_types,candidate,hard_only,"связь верна, но неочевидна или слово редкое"
5279,ciabatta,ciabatta,,bread_types,candidate,hard_only,"связь верна, но неочевидна или слово редкое"
5280,focaccia,focaccia,,bread_types,candidate,hard_only,"связь верна, но неочевидна или слово редкое"
5285,pumpernickel,pumpernickel,,bread_types,candidate,approved,"редкое в текстах, но общеизвестное слово"
5286,challah,challah,,bread_types,candidate,approved,"редкое в текстах, но общеизвестное слово"
5288,flatbread,flatbread,,bread_types,candidate,hard_only,"связь верна, но неочевидна или слово редкое"
5294,penne,penne,,pasta_shapes,candidate,hard_only,"связь верна, но неочевидна или слово редкое"
5297,fettuccine,fettuccine,,pasta_shapes,candidate,hard_only,"связь верна, но неочевидна или слово редкое"
5298,linguine,linguine,,pasta_shapes,candidate,hard_only,"связь верна, но неочевидна или слово редкое"
5300,rigatoni,rigatoni,,pasta_shapes,candidate,hard_only,"связь верна, но неочевидна или слово редкое"
5301,farfalle,farfalle,,pasta_shapes,candidate,hard_only,"связь верна, но неочевидна или слово редкое"
5302,ziti,ziti,,pasta_shapes,candidate,hard_only,"связь верна, но неочевидна или слово редкое"
5305,orzo,orzo,,pasta_shapes,candidate,hard_only,"связь верна, но неочевидна или слово редкое"
5306,tortellini,tortellini,,pasta_shapes,candidate,hard_only,"связь верна, но неочевидна или слово редкое"
5308,rotini,rotini,,pasta_shapes,candidate,rejected,слово практически не встречается в английском
5309,cannelloni,cannelloni,,pasta_shapes,candidate,hard_only,"связь верна, но неочевидна или слово редкое"
5310,vermicelli,vermicelli,,pasta_shapes,candidate,hard_only,"связь верна, но неочевидна или слово редкое"
5330,pastrami,pastrami,,meats,candidate,approved,"редкое в текстах, но общеизвестное слово"
5360,mahi mahi,mahi mahi,,seafood,candidate,hard_only,"связь верна, но неочевидна или слово редкое"
5377,aioli,aioli,,condiments,candidate,hard_only,"связь верна, но неочевидна или слово редкое"
5394,chive,chive,,spices_and_herbs,candidate,hard_only,"связь верна, но неочевидна или слово редкое"
5400,tarragon,tarragon,,spices_and_herbs,candidate,approved,"редкое в текстах, но общеизвестное слово"
5404,allspice,allspice,,spices_and_herbs,candidate,hard_only,"связь верна, но неочевидна или слово редкое"
5417,macchiato,macchiato,,hot_drinks,candidate,hard_only,"связь верна, но неочевидна или слово редкое"
5433,slushie,slushie,,cold_drinks,candidate,hard_only,"связь верна, но неочевидна или слово редкое"
5437,kombucha,kombucha,,cold_drinks,candidate,hard_only,"связь верна, но неочевидна или слово редкое"
5438,horchata,horchata,,cold_drinks,candidate,hard_only,"связь верна, но неочевидна или слово редкое"
5454,eclair,eclair,,desserts,candidate,hard_only,"связь верна, но неочевидна или слово редкое"
5455,parfait,parfait,,desserts,candidate,hard_only,"связь верна, но неочевидна или слово редкое"
5457,flan,flan,,desserts,candidate,approved,"редкое в текстах, но общеизвестное слово"
5458,tiramisu,tiramisu,,desserts,candidate,hard_only,"связь верна, но неочевидна или слово редкое"
5460,strudel,strudel,,desserts,candidate,hard_only,"связь верна, но неочевидна или слово редкое"
5461,macaron,macaron,,desserts,candidate,hard_only,"связь верна, но неочевидна или слово редкое"
5465,souffle,souffle,,desserts,candidate,hard_only,"связь верна, но неочевидна или слово редкое"
5475,gumdrop,gumdrop,,candy,candidate,hard_only,"связь верна, но неочевидна или слово редкое"
5481,praline,praline,,candy,candidate,hard_only,"связь верна, но неочевидна или слово редкое"
5492,bundt,bundt,,cake_types,candidate,hard_only,"связь верна, но неочевидна или слово редкое"
5497,fruitcake,fruitcake,,cake_types,candidate,approved,"редкое в текстах, но общеизвестное слово"
5502,shortcake,shortcake,,cake_types,candidate,approved,"редкое в текстах, но общеизвестное слово"
5556,quesadilla,quesadilla,,fast_food_items,candidate,approved,"редкое в текстах, но общеизвестное слово"
5564,enchilada,enchilada,,mexican_dishes,candidate,approved,"редкое в текстах, но общеизвестное слово"
5565,quesadilla,quesadilla,,mexican_dishes,candidate,approved,"редкое в текстах, но общеизвестное слово"
5566,tamale,tamale,,mexican_dishes,candidate,approved,"редкое в текстах, но общеизвестное слово"
5567,fajita,fajita,,mexican_dishes,candidate,hard_only,"связь верна, но неочевидна или слово редкое"
5571,churro,churro,,mexican_dishes,candidate,hard_only,"связь верна, но неочевидна или слово редкое"
5572,tostada,tostada,,mexican_dishes,candidate,hard_only,"связь верна, но неочевидна или слово редкое"
5573,chile relleno,chile relleno,,mexican_dishes,candidate,rejected,слово практически не встречается в английском
5574,pozole,pozole,,mexican_dishes,candidate,hard_only,"связь верна, но неочевидна или слово редкое"
5575,elote,elote,,mexican_dishes,candidate,hard_only,"связь верна, но неочевидна или слово редкое"
5576,empanada,empanada,,mexican_dishes,candidate,hard_only,"связь верна, но неочевидна или слово редкое"
5577,flan,flan,,mexican_dishes,candidate,approved,"редкое в текстах, но общеизвестное слово"
5578,horchata,horchata,,mexican_dishes,candidate,hard_only,"связь верна, но неочевидна или слово редкое"
5580,carnitas,carnitas,,mexican_dishes,candidate,hard_only,"связь верна, но неочевидна или слово редкое"
5587,carbonara,carbonara,,italian_dishes,candidate,hard_only,"связь верна, но неочевидна или слово редкое"
5588,bruschetta,bruschetta,,italian_dishes,candidate,hard_only,"связь верна, но неочевидна или слово редкое"
5589,minestrone,minestrone,,italian_dishes,candidate,hard_only,"связь верна, но неочевидна или слово редкое"
5590,tiramisu,tiramisu,,italian_dishes,candidate,hard_only,"связь верна, но неочевидна или слово редкое"
5591,calzone,calzone,,italian_dishes,candidate,hard_only,"связь верна, но неочевидна или слово редкое"
5592,cannoli,cannoli,,italian_dishes,candidate,hard_only,"связь верна, но неочевидна или слово редкое"
5593,focaccia,focaccia,,italian_dishes,candidate,hard_only,"связь верна, но неочевидна или слово редкое"
5595,parmigiana,parmigiana,,italian_dishes,candidate,hard_only,"связь верна, но неочевидна или слово редкое"
5597,antipasto,antipasto,,italian_dishes,candidate,hard_only,"связь верна, но неочевидна или слово редкое"
5608,tempura,tempura,,asian_dishes,candidate,hard_only,"связь верна, но неочевидна или слово редкое"
5612,wonton,wonton,,asian_dishes,candidate,hard_only,"связь верна, но неочевидна или слово редкое"
5614,bibimbap,bibimbap,,asian_dishes,candidate,hard_only,"связь верна, но неочевидна или слово редкое"
5615,satay,satay,,asian_dishes,candidate,hard_only,"связь верна, но неочевидна или слово редкое"
5676,butter,butter,,things_you_spread,candidate,hard_only,"связь верна, но неочевидна или слово редкое"
5677,jam,jam,,things_you_spread,candidate,hard_only,"связь верна, но неочевидна или слово редкое"
5678,peanut butter,peanut butter,,things_you_spread,candidate,hard_only,"связь верна, но неочевидна или слово редкое"
5679,cream cheese,cream cheese,,things_you_spread,candidate,hard_only,"связь верна, но неочевидна или слово редкое"
5680,hummus,hummus,,things_you_spread,candidate,hard_only,"связь верна, но неочевидна или слово редкое"
5681,mayo,mayo,,things_you_spread,candidate,hard_only,"связь верна, но неочевидна или слово редкое"
5682,honey,honey,,things_you_spread,candidate,hard_only,"связь верна, но неочевидна или слово редкое"
5683,jelly,jelly,,things_you_spread,candidate,hard_only,"связь верна, но неочевидна или слово редкое"
5684,marmalade,marmalade,,things_you_spread,candidate,hard_only,"связь верна, но неочевидна или слово редкое"
5685,guacamole,guacamole,,things_you_spread,candidate,hard_only,"связь верна, но неочевидна или слово редкое"
5686,frosting,frosting,,things_you_spread,candidate,hard_only,"связь верна, но неочевидна или слово редкое"
5687,margarine,margarine,,things_you_spread,candidate,hard_only,"связь верна, но неочевидна или слово редкое"
5688,apple butter,apple butter,,things_you_spread,candidate,hard_only,"связь верна, но неочевидна или слово редкое"
5689,mustard,mustard,,things_you_spread,candidate,hard_only,"связь верна, но неочевидна или слово редкое"
5690,ricotta,ricotta,,things_you_spread,candidate,hard_only,"связь верна, но неочевидна или слово редкое"
5691,nutella,nutella,,things_you_spread,candidate,hard_only,"связь верна, но неочевидна или слово редкое"
5692,butter,butter,,things_that_melt,candidate,hard_only,"связь верна, но неочевидна или слово редкое"
5693,cheese,cheese,,things_that_melt,candidate,hard_only,"связь верна, но неочевидна или слово редкое"
5694,chocolate,chocolate,,things_that_melt,candidate,hard_only,"связь верна, но неочевидна или слово редкое"
5695,ice,ice,,things_that_melt,candidate,hard_only,"связь верна, но неочевидна или слово редкое"
5696,ice cream,ice cream,,things_that_melt,candidate,hard_only,"связь верна, но неочевидна или слово редкое"
5697,snow,snow,,things_that_melt,candidate,hard_only,"связь верна, но неочевидна или слово редкое"
5698,marshmallow,marshmallow,,things_that_melt,candidate,hard_only,"связь верна, но неочевидна или слово редкое"
5699,caramel,caramel,,things_that_melt,candidate,hard_only,"связь верна, но неочевидна или слово редкое"
5700,Popsicle,popsicle,,things_that_melt,candidate,hard_only,"связь верна, но неочевидна или слово редкое"
5701,candle,candle,,things_that_melt,candidate,hard_only,"связь верна, но неочевидна или слово редкое"
5702,frosting,frosting,,things_that_melt,candidate,hard_only,"связь верна, но неочевидна или слово редкое"
5703,glacier,glacier,,things_that_melt,candidate,hard_only,"связь верна, но неочевидна или слово редкое"
5704,lard,lard,,things_that_melt,candidate,hard_only,"связь верна, но неочевидна или слово редкое"
5705,sugar,sugar,,things_that_melt,candidate,hard_only,"связь верна, но неочевидна или слово редкое"
5706,gelato,gelato,,things_that_melt,candidate,hard_only,"связь верна, но неочевидна или слово редкое"
5707,crayon,crayon,,things_that_melt,candidate,hard_only,"связь верна, но неочевидна или слово редкое"
5708,icicle,icicle,,things_that_melt,candidate,hard_only,"связь верна, но неочевидна или слово редкое"
5719,tater tot,tater tot,,frozen_foods,candidate,hard_only,"связь верна, но неочевидна или слово редкое"
5750,snickerdoodle,snickerdoodle,,cookie_types,candidate,hard_only,"связь верна, но неочевидна или слово редкое"
5754,macaroon,macaroon,,cookie_types,candidate,approved,"редкое в текстах, но общеизвестное слово"
5755,biscotti,biscotti,,cookie_types,candidate,approved,"редкое в текстах, но общеизвестное слово"
5759,thumbprint,thumbprint,,cookie_types,candidate,hard_only,"связь верна, но неочевидна или слово редкое"
5780,hoagie,hoagie,,sandwich_types,candidate,hard_only,"связь верна, но неочевидна или слово редкое"
5781,philly cheesesteak,philly cheesesteak,,sandwich_types,candidate,hard_only,"связь верна, но неочевидна или слово редкое"
5787,muffuletta,muffuletta,,sandwich_types,candidate,rejected,слово практически не встречается в английском
5792,frittata,frittata,,egg_and_dairy_dishes,candidate,hard_only,"связь верна, но неочевидна или слово редкое"
5802,parfait,parfait,,egg_and_dairy_dishes,candidate,hard_only,"связь верна, но неочевидна или слово редкое"
5813,caprese,caprese,,salads,candidate,hard_only,"связь верна, но неочевидна или слово редкое"
5822,tater tots,tater tots,,potato_dishes,candidate,hard_only,"связь верна, но неочевидна или слово редкое"
5823,au gratin,au gratin,,potato_dishes,candidate,hard_only,"связь верна, но неочевидна или слово редкое"
5826,latke,latke,,potato_dishes,candidate,hard_only,"связь верна, но неочевидна или слово редкое"
5831,croquette,croquette,,potato_dishes,candidate,hard_only,"связь верна, но неочевидна или слово редкое"
5834,carbonara,carbonara,,pasta_dishes,candidate,hard_only,"связь верна, но неочевидна или слово редкое"
5839,primavera,primavera,,pasta_dishes,candidate,hard_only,"связь верна, но неочевидна или слово редкое"
5840,puttanesca,puttanesca,,pasta_dishes,candidate,hard_only,"связь верна, но неочевидна или слово редкое"
5841,cacio e pepe,cacio e pepe,,pasta_dishes,candidate,rejected,слово практически не встречается в английском
5842,baked ziti,baked ziti,,pasta_dishes,candidate,hard_only,"связь верна, но неочевидна или слово редкое"
5848,croutons,croutons,,toppings_and_garnish,candidate,approved,"редкое в текстах, но общеизвестное слово"
5857,scallion,scallion,,toppings_and_garnish,candidate,approved,"редкое в текстах, но общеизвестное слово"
5890,muesli,muesli,,breakfast_cereals_types,candidate,hard_only,"связь верна, но неочевидна или слово редкое"
5892,crisped rice,crisped rice,,breakfast_cereals_types,candidate,hard_only,"связь верна, но неочевидна или слово редкое"
5902,hoagie roll,hoagie roll,,sandwich_breads,candidate,hard_only,"связь верна, но неочевидна или слово редкое"
5905,ciabatta,ciabatta,,sandwich_breads,candidate,hard_only,"связь верна, но неочевидна или слово редкое"
5907,focaccia,focaccia,,sandwich_breads,candidate,hard_only,"связь верна, но неочевидна или слово редкое"
5918,braise,braise,,cooking_methods,candidate,hard_only,"связь верна, но неочевидна или слово редкое"
5919,broil,broil,,cooking_methods,candidate,approved,"редкое в текстах, но общеизвестное слово"
5920,saute,saute,,cooking_methods,candidate,approved,"редкое в текстах, но общеизвестное слово"
5930,ribeye,ribeye,,cuts_of_meat,candidate,hard_only,"связь верна, но неочевидна или слово редкое"
5941,porterhouse,porterhouse,,cuts_of_meat,candidate,hard_only,"связь верна, но неочевидна или слово редкое"
5948,quesadilla,quesadilla,,cheese_dishes,candidate,approved,"редкое в текстах, но общеизвестное слово"
5953,raclette,raclette,,cheese_dishes,candidate,hard_only,"связь верна, но неочевидна или слово редкое"
5955,gratin,gratin,,cheese_dishes,candidate,hard_only,"связь верна, но неочевидна или слово редкое"
6239,Appalachians,appalachians,,mountain_ranges,candidate,hard_only,"связь верна, но неочевидна или слово редкое"
6246,Carpathians,carpathians,,mountain_ranges,candidate,hard_only,"связь верна, но неочевидна или слово редкое"
6349,Sahara,sahara,,deserts_and_wild_places,candidate,hard_only,"связь верна, но неочевидна или слово редкое"
6350,Gobi,gobi,,deserts_and_wild_places,candidate,hard_only,"связь верна, но неочевидна или слово редкое"
6351,Mojave,mojave,,deserts_and_wild_places,candidate,hard_only,"связь верна, но неочевидна или слово редкое"
6352,Kalahari,kalahari,,deserts_and_wild_places,candidate,hard_only,"связь верна, но неочевидна или слово редкое"
6353,Atacama,atacama,,deserts_and_wild_places,candidate,hard_only,"связь верна, но неочевидна или слово редкое"
6354,Sonoran,sonoran,,deserts_and_wild_places,candidate,hard_only,"связь верна, но неочевидна или слово редкое"
6355,Arabian,arabian,,deserts_and_wild_places,candidate,hard_only,"связь верна, но неочевидна или слово редкое"
6356,Death Valley,death valley,,deserts_and_wild_places,candidate,hard_only,"связь верна, но неочевидна или слово редкое"
6357,Painted Desert,painted desert,,deserts_and_wild_places,candidate,hard_only,"связь верна, но неочевидна или слово редкое"
6358,Great Basin,great basin,,deserts_and_wild_places,candidate,hard_only,"связь верна, но неочевидна или слово редкое"
6359,desert,desert,,hot_places,candidate,hard_only,"связь верна, но неочевидна или слово редкое"
6360,sauna,sauna,,hot_places,candidate,hard_only,"связь верна, но неочевидна или слово редкое"
6361,oven,oven,,hot_places,candidate,hard_only,"связь верна, но неочевидна или слово редкое"
6362,beach,beach,,hot_places,candidate,hard_only,"связь верна, но неочевидна или слово редкое"
6363,volcano,volcano,,hot_places,candidate,hard_only,"связь верна, но неочевидна или слово редкое"
6364,jungle,jungle,,hot_places,candidate,hard_only,"связь верна, но неочевидна или слово редкое"
6365,furnace,furnace,,hot_places,candidate,hard_only,"связь верна, но неочевидна или слово редкое"
6366,kitchen,kitchen,,hot_places,candidate,hard_only,"связь верна, но неочевидна или слово редкое"
6367,greenhouse,greenhouse,,hot_places,candidate,hard_only,"связь верна, но неочевидна или слово редкое"
6368,equator,equator,,hot_places,candidate,hard_only,"связь верна, но неочевидна или слово редкое"
6369,tropics,tropics,,hot_places,candidate,hard_only,"связь верна, но неочевидна или слово редкое"
6370,campfire,campfire,,hot_places,candidate,hard_only,"связь верна, но неочевидна или слово редкое"
6371,engine,engine,,hot_places,candidate,hard_only,"связь верна, но неочевидна или слово редкое"
6372,attic,attic,,hot_places,candidate,hard_only,"связь верна, но неочевидна или слово редкое"
6373,sun,sun,,hot_places,candidate,hard_only,"связь верна, но неочевидна или слово редкое"
6374,Arctic,arctic,,cold_places,candidate,hard_only,"связь верна, но неочевидна или слово редкое"
6375,freezer,freezer,,cold_places,candidate,hard_only,"связь верна, но неочевидна или слово редкое"
6376,mountain,mountain,,cold_places,candidate,hard_only,"связь верна, но неочевидна или слово редкое"
6377,igloo,igloo,,cold_places,candidate,hard_only,"связь верна, но неочевидна или слово редкое"
6378,glacier,glacier,,cold_places,candidate,hard_only,"связь верна, но неочевидна или слово редкое"
6379,tundra,tundra,,cold_places,candidate,hard_only,"связь верна, но неочевидна или слово редкое"
6380,cave,cave,,cold_places,candidate,hard_only,"связь верна, но неочевидна или слово редкое"
6381,refrigerator,refrigerator,,cold_places,candidate,hard_only,"связь верна, но неочевидна или слово редкое"
6382,north pole,north pole,,cold_places,candidate,hard_only,"связь верна, но неочевидна или слово редкое"
6383,iceberg,iceberg,,cold_places,candidate,hard_only,"связь верна, но неочевидна или слово редкое"
6384,snowfield,snowfield,,cold_places,candidate,hard_only,"связь верна, но неочевидна или слово редкое"
6385,basement,basement,,cold_places,candidate,hard_only,"связь верна, но неочевидна или слово редкое"
6386,Antarctica,antarctica,,cold_places,candidate,hard_only,"связь верна, но неочевидна или слово редкое"
6387,ski slope,ski slope,,cold_places,candidate,hard_only,"связь верна, но неочевидна или слово редкое"
6388,bank,bank,,places_you_wait,candidate,hard_only,"связь верна, но неочевидна или слово редкое"
6389,airport,airport,,places_you_wait,candidate,hard_only,"связь верна, но неочевидна или слово редкое"
6390,grocery store,grocery store,,places_you_wait,candidate,hard_only,"связь верна, но неочевидна или слово редкое"
6391,DMV,dmv,,places_you_wait,candidate,hard_only,"связь верна, но неочевидна или слово редкое"
6392,theater,theater,,places_you_wait,candidate,hard_only,"связь верна, но неочевидна или слово редкое"
6393,restaurant,restaurant,,places_you_wait,candidate,hard_only,"связь верна, но неочевидна или слово редкое"
6394,post office,post office,,places_you_wait,candidate,hard_only,"связь верна, но неочевидна или слово редкое"
6395,amusement park,amusement park,,places_you_wait,candidate,hard_only,"связь верна, но неочевидна или слово редкое"
6396,bus stop,bus stop,,places_you_wait,candidate,hard_only,"связь верна, но неочевидна или слово редкое"
6397,pharmacy,pharmacy,,places_you_wait,candidate,hard_only,"связь верна, но неочевидна или слово редкое"
6398,ticket booth,ticket booth,,places_you_wait,candidate,hard_only,"связь верна, но неочевидна или слово редкое"
6399,buffet,buffet,,places_you_wait,candidate,hard_only,"связь верна, но неочевидна или слово редкое"
6400,checkout,checkout,,places_you_wait,candidate,hard_only,"связь верна, но неочевидна или слово редкое"
6401,doctor office,doctor office,,places_you_wait,candidate,hard_only,"связь верна, но неочевидна или слово редкое"
6402,library,library,,quiet_places,candidate,hard_only,"связь верна, но неочевидна или слово редкое"
6403,church,church,,quiet_places,candidate,hard_only,"связь верна, но неочевидна или слово редкое"
6404,museum,museum,,quiet_places,candidate,hard_only,"связь верна, но неочевидна или слово редкое"
6405,hospital,hospital,,quiet_places,candidate,hard_only,"связь верна, но неочевидна или слово редкое"
6406,theater,theater,,quiet_places,candidate,hard_only,"связь верна, но неочевидна или слово редкое"
6407,courtroom,courtroom,,quiet_places,candidate,hard_only,"связь верна, но неочевидна или слово редкое"
6408,classroom,classroom,,quiet_places,candidate,hard_only,"связь верна, но неочевидна или слово редкое"
6409,funeral,funeral,,quiet_places,candidate,hard_only,"связь верна, но неочевидна или слово редкое"
6410,exam room,exam room,,quiet_places,candidate,hard_only,"связь верна, но неочевидна или слово редкое"
6411,monastery,monastery,,quiet_places,candidate,hard_only,"связь верна, но неочевидна или слово редкое"
6412,study hall,study hall,,quiet_places,candidate,hard_only,"связь верна, но неочевидна или слово редкое"
6413,cemetery,cemetery,,quiet_places,candidate,hard_only,"связь верна, но неочевидна или слово редкое"
6423,Sumer,sumer,,ancient_civilizations,candidate,hard_only,"связь верна, но неочевидна или слово редкое"
6428,Phoenicia,phoenicia,,ancient_civilizations,candidate,hard_only,"связь верна, но неочевидна или слово редкое"
6440,portcullis,portcullis,,castle_things,candidate,hard_only,"связь верна, но неочевидна или слово редкое"
6441,battlement,battlement,,castle_things,candidate,hard_only,"связь верна, но неочевидна или слово редкое"
6454,chainmail,chainmail,,knights_and_armor,candidate,hard_only,"связь верна, но неочевидна или слово редкое"
6461,breastplate,breastplate,,knights_and_armor,candidate,hard_only,"связь верна, но неочевидна или слово редкое"
6474,halberd,halberd,,weapons_of_the_past,candidate,hard_only,"связь верна, но неочевидна или слово редкое"
6487,eyepatch,eyepatch,,pirate_words,candidate,approved,"редкое в текстах, но общеизвестное слово"
6488,doubloon,doubloon,,pirate_words,candidate,hard_only,"связь верна, но неочевидна или слово редкое"
6494,spyglass,spyglass,,pirate_words,candidate,approved,"редкое в текстах, но общеизвестное слово"
6495,buccaneer,buccaneer,,pirate_words,candidate,hard_only,"связь верна, но неочевидна или слово редкое"
6520,hieroglyph,hieroglyph,,egypt_things,candidate,hard_only,"связь верна, но неочевидна или слово редкое"
6530,canopic jar,canopic jar,,egypt_things,candidate,hard_only,"связь верна, но неочевидна или слово редкое"
6579,blacksmith,blacksmith,,old_professions,candidate,hard_only,"связь верна, но неочевидна или слово редкое"
6580,cooper,cooper,,old_professions,candidate,hard_only,"связь верна, но неочевидна или слово редкое"
6581,weaver,weaver,,old_professions,candidate,hard_only,"связь верна, но неочевидна или слово редкое"
6582,miller,miller,,old_professions,candidate,hard_only,"связь верна, но неочевидна или слово редкое"
6583,tanner,tanner,,old_professions,candidate,hard_only,"связь верна, но неочевидна или слово редкое"
6584,mason,mason,,old_professions,candidate,hard_only,"связь верна, но неочевидна или слово редкое"
6585,scribe,scribe,,old_professions,candidate,hard_only,"связь верна, но неочевидна или слово редкое"
6586,apothecary,apothecary,,old_professions,candidate,hard_only,"связь верна, но неочевидна или слово редкое"
6587,cobbler,cobbler,,old_professions,candidate,hard_only,"связь верна, но неочевидна или слово редкое"
6588,chandler,chandler,,old_professions,candidate,hard_only,"связь верна, но неочевидна или слово редкое"
6589,potter,potter,,old_professions,candidate,hard_only,"связь верна, но неочевидна или слово редкое"
6590,wheelwright,wheelwright,,old_professions,candidate,hard_only,"связь верна, но неочевидна или слово редкое"
6591,thatcher,thatcher,,old_professions,candidate,hard_only,"связь верна, но неочевидна или слово редкое"
6592,fletcher,fletcher,,old_professions,candidate,hard_only,"связь верна, но неочевидна или слово редкое"
6593,silversmith,silversmith,,old_professions,candidate,hard_only,"связь верна, но неочевидна или слово редкое"
6616,sextant,sextant,,exploration_words,candidate,hard_only,"связь верна, но неочевидна или слово редкое"
6629,dig,dig,,archaeology_words,candidate,hard_only,"связь верна, но неочевидна или слово редкое"
6630,artifact,artifact,,archaeology_words,candidate,hard_only,"связь верна, но неочевидна или слово редкое"
6631,fossil,fossil,,archaeology_words,candidate,hard_only,"связь верна, но неочевидна или слово редкое"
6632,ruin,ruin,,archaeology_words,candidate,hard_only,"связь верна, но неочевидна или слово редкое"
6633,excavation,excavation,,archaeology_words,candidate,hard_only,"связь верна, но неочевидна или слово редкое"
6634,tomb,tomb,,archaeology_words,candidate,hard_only,"связь верна, но неочевидна или слово редкое"
6635,pottery,pottery,,archaeology_words,candidate,hard_only,"связь верна, но неочевидна или слово редкое"
6636,bone,bone,,archaeology_words,candidate,hard_only,"связь верна, но неочевидна или слово редкое"
6637,site,site,,archaeology_words,candidate,hard_only,"связь верна, но неочевидна или слово редкое"
6638,shard,shard,,archaeology_words,candidate,hard_only,"связь верна, но неочевидна или слово редкое"
6639,relic,relic,,archaeology_words,candidate,hard_only,"связь верна, но неочевидна или слово редкое"
6640,trowel,trowel,,archaeology_words,candidate,hard_only,"связь верна, но неочевидна или слово редкое"
6641,layer,layer,,archaeology_words,candidate,hard_only,"связь верна, но неочевидна или слово редкое"
6642,carbon dating,carbon dating,,archaeology_words,candidate,hard_only,"связь верна, но неочевидна или слово редкое"
6643,skeleton,skeleton,,archaeology_words,candidate,hard_only,"связь верна, но неочевидна или слово редкое"
6644,factory,factory,,industrial_revolution,candidate,hard_only,"связь верна, но неочевидна или слово редкое"
6645,steam engine,steam engine,,industrial_revolution,candidate,hard_only,"связь верна, но неочевидна или слово редкое"
6646,loom,loom,,industrial_revolution,candidate,hard_only,"связь верна, но неочевидна или слово редкое"
6647,coal,coal,,industrial_revolution,candidate,hard_only,"связь верна, но неочевидна или слово редкое"
6648,railroad,railroad,,industrial_revolution,candidate,hard_only,"связь верна, но неочевидна или слово редкое"
6649,mill,mill,,industrial_revolution,candidate,hard_only,"связь верна, но неочевидна или слово редкое"
6650,smokestack,smokestack,,industrial_revolution,candidate,hard_only,"связь верна, но неочевидна или слово редкое"
6651,assembly line,assembly line,,industrial_revolution,candidate,hard_only,"связь верна, но неочевидна или слово редкое"
6652,telegraph,telegraph,,industrial_revolution,candidate,hard_only,"связь верна, но неочевидна или слово редкое"
6653,canal,canal,,industrial_revolution,candidate,hard_only,"связь верна, но неочевидна или слово редкое"
6654,foundry,foundry,,industrial_revolution,candidate,hard_only,"связь верна, но неочевидна или слово редкое"
6655,cotton gin,cotton gin,,industrial_revolution,candidate,hard_only,"связь верна, но неочевидна или слово редкое"
6656,worker,worker,,industrial_revolution,candidate,hard_only,"связь верна, но неочевидна или слово редкое"
6657,machine,machine,,industrial_revolution,candidate,hard_only,"связь верна, но неочевидна или слово редкое"
6658,musket,musket,,colonial_america,candidate,hard_only,"связь верна, но неочевидна или слово редкое"
6659,quill,quill,,colonial_america,candidate,hard_only,"связь верна, но неочевидна или слово редкое"
6660,lantern,lantern,,colonial_america,candidate,hard_only,"связь верна, но неочевидна или слово редкое"
6661,colony,colony,,colonial_america,candidate,hard_only,"связь верна, но неочевидна или слово редкое"
6662,settler,settler,,colonial_america,candidate,hard_only,"связь верна, но неочевидна или слово редкое"
6663,tavern,tavern,,colonial_america,candidate,hard_only,"связь верна, но неочевидна или слово редкое"
6664,churn,churn,,colonial_america,candidate,hard_only,"связь верна, но неочевидна или слово редкое"
6665,pilgrim,pilgrim,,colonial_america,candidate,hard_only,"связь верна, но неочевидна или слово редкое"
6666,bonnet,bonnet,,colonial_america,candidate,hard_only,"связь верна, но неочевидна или слово редкое"
6667,wagon,wagon,,colonial_america,candidate,hard_only,"связь верна, но неочевидна или слово редкое"
6668,tricorn hat,tricorn hat,,colonial_america,candidate,hard_only,"связь верна, но неочевидна или слово редкое"
6669,blacksmith,blacksmith,,colonial_america,candidate,hard_only,"связь верна, но неочевидна или слово редкое"
6670,plantation,plantation,,colonial_america,candidate,hard_only,"связь верна, но неочевидна или слово редкое"
6671,town crier,town crier,,colonial_america,candidate,hard_only,"связь верна, но неочевидна или слово редкое"
6672,spinning wheel,spinning wheel,,colonial_america,candidate,hard_only,"связь верна, но неочевидна или слово редкое"
6678,Machu Picchu,machu picchu,,ancient_wonders,candidate,hard_only,"связь верна, но неочевидна или слово редкое"
6683,Chichen Itza,chichen itza,,ancient_wonders,candidate,hard_only,"связь верна, но неочевидна или слово редкое"
6692,Pinta,pinta,,historic_ships,candidate,hard_only,"связь верна, но неочевидна или слово редкое"
6695,typewriter,typewriter,,time_capsule_things,candidate,hard_only,"связь верна, но неочевидна или слово редкое"
6696,quill,quill,,time_capsule_things,candidate,hard_only,"связь верна, но неочевидна или слово редкое"
6697,oil lamp,oil lamp,,time_capsule_things,candidate,hard_only,"связь верна, но неочевидна или слово редкое"
6698,butter churn,butter churn,,time_capsule_things,candidate,hard_only,"связь верна, но неочевидна или слово редкое"
6699,washboard,washboard,,time_capsule_things,candidate,hard_only,"связь верна, но неочевидна или слово редкое"
6700,icebox,icebox,,time_capsule_things,candidate,hard_only,"связь верна, но неочевидна или слово редкое"
6701,phonograph,phonograph,,time_capsule_things,candidate,hard_only,"связь верна, но неочевидна или слово редкое"
6702,telegram,telegram,,time_capsule_things,candidate,hard_only,"связь верна, но неочевидна или слово редкое"
6703,corset,corset,,time_capsule_things,candidate,hard_only,"связь верна, но неочевидна или слово редкое"
6704,monocle,monocle,,time_capsule_things,candidate,hard_only,"связь верна, но неочевидна или слово редкое"
6705,pocket watch,pocket watch,,time_capsule_things,candidate,hard_only,"связь верна, но неочевидна или слово редкое"
6706,inkwell,inkwell,,time_capsule_things,candidate,hard_only,"связь верна, но неочевидна или слово редкое"
6707,wagon wheel,wagon wheel,,time_capsule_things,candidate,hard_only,"связь верна, но неочевидна или слово редкое"
6708,spinning wheel,spinning wheel,,time_capsule_things,candidate,hard_only,"связь верна, но неочевидна или слово редкое"
6726,matchbook,matchbook,,collecting_hobbies,candidate,hard_only,"связь верна, но неочевидна или слово редкое"
6728,yarn,yarn,,knitting_words,candidate,hard_only,"связь верна, но неочевидна или слово редкое"
6729,stitch,stitch,,knitting_words,candidate,hard_only,"связь верна, но неочевидна или слово редкое"
6730,skein,skein,,knitting_words,candidate,hard_only,"связь верна, но неочевидна или слово редкое"
6731,pattern,pattern,,knitting_words,candidate,hard_only,"связь верна, но неочевидна или слово редкое"
6732,row,row,,knitting_words,candidate,hard_only,"связь верна, но неочевидна или слово редкое"
6733,loop,loop,,knitting_words,candidate,hard_only,"связь верна, но неочевидна или слово редкое"
6734,purl,purl,,knitting_words,candidate,hard_only,"связь верна, но неочевидна или слово редкое"
6735,cast on,cast on,,knitting_words,candidate,hard_only,"связь верна, но неочевидна или слово редкое"
6736,bind off,bind off,,knitting_words,candidate,hard_only,"связь верна, но неочевидна или слово редкое"
6737,gauge,gauge,,knitting_words,candidate,hard_only,"связь верна, но неочевидна или слово редкое"
6738,ball,ball,,knitting_words,candidate,hard_only,"связь верна, но неочевидна или слово редкое"
6739,marker,marker,,knitting_words,candidate,hard_only,"связь верна, но неочевидна или слово редкое"
6767,switchback,switchback,,hiking_words,candidate,hard_only,"связь верна, но неочевидна или слово редкое"
6782,rubiks cube,rubiks cube,,puzzle_types,candidate,hard_only,"связь верна, но неочевидна или слово редкое"
6784,brainteaser,brainteaser,,puzzle_types,candidate,hard_only,"связь верна, но неочевидна или слово редкое"
6785,cryptogram,cryptogram,,puzzle_types,candidate,hard_only,"связь верна, но неочевидна или слово редкое"
6787,tangram,tangram,,puzzle_types,candidate,hard_only,"связь верна, но неочевидна или слово редкое"
6788,acrostic,acrostic,,puzzle_types,candidate,hard_only,"связь верна, но неочевидна или слово редкое"
6803,en passant,en passant,,chess_words,candidate,hard_only,"связь верна, но неочевидна или слово редкое"
6808,trowel,trowel,,gardening_hobby,candidate,approved,"редкое в текстах, но общеизвестное слово"
6815,pruner,pruner,,gardening_hobby,candidate,hard_only,"связь верна, но неочевидна или слово редкое"
6822,glue,glue,,model_building,candidate,hard_only,"связь верна, но неочевидна или слово редкое"
6823,paint,paint,,model_building,candidate,hard_only,"связь верна, но неочевидна или слово редкое"
6824,kit,kit,,model_building,candidate,hard_only,"связь верна, но неочевидна или слово редкое"
6825,decal,decal,,model_building,candidate,hard_only,"связь верна, но неочевидна или слово редкое"
6826,tweezers,tweezers,,model_building,candidate,hard_only,"связь верна, но неочевидна или слово редкое"
6827,brush,brush,,model_building,candidate,hard_only,"связь верна, но неочевидна или слово редкое"
6828,sandpaper,sandpaper,,model_building,candidate,hard_only,"связь верна, но неочевидна или слово редкое"
6829,knife,knife,,model_building,candidate,hard_only,"связь верна, но неочевидна или слово редкое"
6830,clamp,clamp,,model_building,candidate,hard_only,"связь верна, но неочевидна или слово редкое"
6831,putty,putty,,model_building,candidate,hard_only,"связь верна, но неочевидна или слово редкое"
6832,base,base,,model_building,candidate,hard_only,"связь верна, но неочевидна или слово редкое"
6833,scale,scale,,model_building,candidate,hard_only,"связь верна, но неочевидна или слово редкое"
6834,plastic,plastic,,model_building,candidate,hard_only,"связь верна, но неочевидна или слово редкое"
6835,instructions,instructions,,model_building,candidate,hard_only,"связь верна, но неочевидна или слово редкое"
6843,birdhouse,birdhouse,,birdwatching,candidate,approved,"редкое в текстах, но общеизвестное слово"
6856,waders,waders,,fishing_hobby,candidate,approved,"редкое в текстах, но общеизвестное слово"
6868,meeple,meeple,,board_game_pieces,candidate,rejected,слово практически не встречается в английском
6902,lightbox,lightbox,,photography_hobby,candidate,hard_only,"связь верна, но неочевидна или слово редкое"
6912,sifter,sifter,,cooking_hobby,candidate,approved,"редкое в текстах, но общеизвестное слово"
6945,mousepad,mousepad,,video_gaming,candidate,approved,"редкое в текстах, но общеизвестное слово"
6979,birdwatching,birdwatching,,hobby_verbs,candidate,hard_only,"связь верна, но неочевидна или слово редкое"
6984,card,card,,magic_tricks,candidate,hard_only,"связь верна, но неочевидна или слово редкое"
6985,coin,coin,,magic_tricks,candidate,hard_only,"связь верна, но неочевидна или слово редкое"
6986,rope,rope,,magic_tricks,candidate,hard_only,"связь верна, но неочевидна или слово редкое"
6987,scarf,scarf,,magic_tricks,candidate,hard_only,"связь верна, но неочевидна или слово редкое"
6988,hat,hat,,magic_tricks,candidate,hard_only,"связь верна, но неочевидна или слово редкое"
6989,wand,wand,,magic_tricks,candidate,hard_only,"связь верна, но неочевидна или слово редкое"
6990,box,box,,magic_tricks,candidate,hard_only,"связь верна, но неочевидна или слово редкое"
6991,ring,ring,,magic_tricks,candidate,hard_only,"связь верна, но неочевидна или слово редкое"
6992,ball,ball,,magic_tricks,candidate,hard_only,"связь верна, но неочевидна или слово редкое"
6993,cup,cup,,magic_tricks,candidate,hard_only,"связь верна, но неочевидна или слово редкое"
6994,handcuff,handcuff,,magic_tricks,candidate,hard_only,"связь верна, но неочевидна или слово редкое"
6995,mirror,mirror,,magic_tricks,candidate,hard_only,"связь верна, но неочевидна или слово редкое"
6996,dove,dove,,magic_tricks,candidate,hard_only,"связь верна, но неочевидна или слово редкое"
6997,thumb tip,thumb tip,,magic_tricks,candidate,hard_only,"связь верна, но неочевидна или слово редкое"
7002,peeler,peeler,,kitchen_tools,candidate,approved,"редкое в текстах, но общеизвестное слово"
7003,colander,colander,,kitchen_tools,candidate,approved,"редкое в текстах, но общеизвестное слово"
7016,masher,masher,,kitchen_tools,candidate,approved,"редкое в текстах, но общеизвестное слово"
7036,hairdryer,hairdryer,,bathroom_items,candidate,approved,"редкое в текстах, но общеизвестное слово"
7063,loveseat,loveseat,,furniture,candidate,hard_only,"связь верна, но неочевидна или слово редкое"
7080,dustpan,dustpan,,cleaning_supplies,candidate,approved,"редкое в текстах, но общеизвестное слово"
7083,scrubber,scrubber,,cleaning_supplies,candidate,hard_only,"связь верна, но неочевидна или слово редкое"
7086,squeegee,squeegee,,cleaning_supplies,candidate,approved,"редкое в текстах, но общеизвестное слово"
7162,carafe,carafe,,dishes_and_glassware,candidate,hard_only,"связь верна, но неочевидна или слово редкое"
7163,ramekin,ramekin,,dishes_and_glassware,candidate,hard_only,"связь верна, но неочевидна или слово редкое"
7178,spork,spork,,silverware,candidate,hard_only,"связь верна, но неочевидна или слово редкое"
7207,clothespin,clothespin,,laundry_things,candidate,approved,"редкое в текстах, но общеизвестное слово"
7234,sunroom,sunroom,,home_rooms,candidate,approved,"редкое в текстах, но общеизвестное слово"
7254,doorframe,doorframe,,parts_of_a_house,candidate,hard_only,"связь верна, но неочевидна или слово редкое"
7265,sconce,sconce,,things_on_a_wall,candidate,hard_only,"связь верна, но неочевидна или слово редкое"
7273,remote,remote,,things_with_buttons,candidate,hard_only,"связь верна, но неочевидна или слово редкое"
7274,phone,phone,,things_with_buttons,candidate,hard_only,"связь верна, но неочевидна или слово редкое"
7275,microwave,microwave,,things_with_buttons,candidate,hard_only,"связь верна, но неочевидна или слово редкое"
7276,calculator,calculator,,things_with_buttons,candidate,hard_only,"связь верна, но неочевидна или слово редкое"
7277,elevator,elevator,,things_with_buttons,candidate,hard_only,"связь верна, но неочевидна или слово редкое"
7278,keyboard,keyboard,,things_with_buttons,candidate,hard_only,"связь верна, но неочевидна или слово редкое"
7279,camera,camera,,things_with_buttons,candidate,hard_only,"связь верна, но неочевидна или слово редкое"
7280,blender,blender,,things_with_buttons,candidate,hard_only,"связь верна, но неочевидна или слово редкое"
7281,alarm clock,alarm clock,,things_with_buttons,candidate,hard_only,"связь верна, но неочевидна или слово редкое"
7282,game controller,game controller,,things_with_buttons,candidate,hard_only,"связь верна, но неочевидна или слово редкое"
7283,vending machine,vending machine,,things_with_buttons,candidate,hard_only,"связь верна, но неочевидна или слово редкое"
7284,doorbell,doorbell,,things_with_buttons,candidate,hard_only,"связь верна, но неочевидна или слово редкое"
7285,dishwasher,dishwasher,,things_with_buttons,candidate,hard_only,"связь верна, но неочевидна или слово редкое"
7286,printer,printer,,things_with_buttons,candidate,hard_only,"связь верна, но неочевидна или слово редкое"
7287,radio,radio,,things_with_buttons,candidate,hard_only,"связь верна, но неочевидна или слово редкое"
7288,cash register,cash register,,things_with_buttons,candidate,hard_only,"связь верна, но неочевидна или слово редкое"
7289,thermostat,thermostat,,things_with_buttons,candidate,hard_only,"связь верна, но неочевидна или слово редкое"
7290,lamp,lamp,,things_that_plug_in,candidate,hard_only,"связь верна, но неочевидна или слово редкое"
7291,toaster,toaster,,things_that_plug_in,candidate,hard_only,"связь верна, но неочевидна или слово редкое"
7292,television,television,,things_that_plug_in,candidate,hard_only,"связь верна, но неочевидна или слово редкое"
7293,computer,computer,,things_that_plug_in,candidate,hard_only,"связь верна, но неочевидна или слово редкое"
7294,vacuum,vacuum,,things_that_plug_in,candidate,hard_only,"связь верна, но неочевидна или слово редкое"
7295,blender,blender,,things_that_plug_in,candidate,hard_only,"связь верна, но неочевидна или слово редкое"
7296,Charger,charger,,things_that_plug_in,candidate,hard_only,"связь верна, но неочевидна или слово редкое"
7297,printer,printer,,things_that_plug_in,candidate,hard_only,"связь верна, но неочевидна или слово редкое"
7298,heater,heater,,things_that_plug_in,candidate,hard_only,"связь верна, но неочевидна или слово редкое"
7299,hairdryer,hairdryer,,things_that_plug_in,candidate,hard_only,"связь верна, но неочевидна или слово редкое"
7300,radio,radio,,things_that_plug_in,candidate,hard_only,"связь верна, но неочевидна или слово редкое"
7301,microwave,microwave,,things_that_plug_in,candidate,hard_only,"связь верна, но неочевидна или слово редкое"
7302,speaker,speaker,,things_that_plug_in,candidate,hard_only,"связь верна, но неочевидна или слово редкое"
7303,clock,clock,,things_that_plug_in,candidate,hard_only,"связь верна, но неочевидна или слово редкое"
7304,freezer,freezer,,things_that_plug_in,candidate,hard_only,"связь верна, но неочевидна или слово редкое"
7305,lampshade,lampshade,,things_that_plug_in,candidate,hard_only,"связь верна, но неочевидна или слово редкое"
7306,kettle,kettle,,things_that_plug_in,candidate,hard_only,"связь верна, но неочевидна или слово редкое"
7307,door,door,,things_that_open,candidate,hard_only,"связь верна, но неочевидна или слово редкое"
7308,window,window,,things_that_open,candidate,hard_only,"связь верна, но неочевидна или слово редкое"
7309,book,book,,things_that_open,candidate,hard_only,"связь верна, но неочевидна или слово редкое"
7310,drawer,drawer,,things_that_open,candidate,hard_only,"связь верна, но неочевидна или слово редкое"
7311,jar,jar,,things_that_open,candidate,hard_only,"связь верна, но неочевидна или слово редкое"
7312,umbrella,umbrella,,things_that_open,candidate,hard_only,"связь верна, но неочевидна или слово редкое"
7313,box,box,,things_that_open,candidate,hard_only,"связь верна, но неочевидна или слово редкое"
7314,gate,gate,,things_that_open,candidate,hard_only,"связь верна, но неочевидна или слово редкое"
7315,curtain,curtain,,things_that_open,candidate,hard_only,"связь верна, но неочевидна или слово редкое"
7316,laptop,laptop,,things_that_open,candidate,hard_only,"связь верна, но неочевидна или слово редкое"
7317,wallet,wallet,,things_that_open,candidate,hard_only,"связь верна, но неочевидна или слово редкое"
7318,suitcase,suitcase,,things_that_open,candidate,hard_only,"связь верна, но неочевидна или слово редкое"
7319,fridge,fridge,,things_that_open,candidate,hard_only,"связь верна, но неочевидна или слово редкое"
7320,mailbox,mailbox,,things_that_open,candidate,hard_only,"связь верна, но неочевидна или слово редкое"
7321,envelope,envelope,,things_that_open,candidate,hard_only,"связь верна, но неочевидна или слово редкое"
7322,shell,shell,,things_that_open,candidate,hard_only,"связь верна, но неочевидна или слово редкое"
7323,zipper,zipper,,things_that_open,candidate,hard_only,"связь верна, но неочевидна или слово редкое"
7324,lid,lid,,things_that_open,candidate,hard_only,"связь верна, но неочевидна или слово редкое"
7325,cabinet,cabinet,,things_that_open,candidate,hard_only,"связь верна, но неочевидна или слово редкое"
7326,bucket,bucket,,things_that_hold_water,candidate,hard_only,"связь верна, но неочевидна или слово редкое"
7327,glass,glass,,things_that_hold_water,candidate,hard_only,"связь верна, но неочевидна или слово редкое"
7328,bathtub,bathtub,,things_that_hold_water,candidate,hard_only,"связь верна, но неочевидна или слово редкое"
7329,sink,sink,,things_that_hold_water,candidate,hard_only,"связь верна, но неочевидна или слово редкое"
7330,pot,pot,,things_that_hold_water,candidate,hard_only,"связь верна, но неочевидна или слово редкое"
7331,kettle,kettle,,things_that_hold_water,candidate,hard_only,"связь верна, но неочевидна или слово редкое"
7332,bottle,bottle,,things_that_hold_water,candidate,hard_only,"связь верна, но неочевидна или слово редкое"
7333,vase,vase,,things_that_hold_water,candidate,hard_only,"связь верна, но неочевидна или слово редкое"
7334,pool,pool,,things_that_hold_water,candidate,hard_only,"связь верна, но неочевидна или слово редкое"
7335,aquarium,aquarium,,things_that_hold_water,candidate,hard_only,"связь верна, но неочевидна или слово редкое"
7336,canteen,canteen,,things_that_hold_water,candidate,hard_only,"связь верна, но неочевидна или слово редкое"
7337,barrel,barrel,,things_that_hold_water,candidate,hard_only,"связь верна, но неочевидна или слово редкое"
7338,jug,jug,,things_that_hold_water,candidate,hard_only,"связь верна, но неочевидна или слово редкое"
7339,watering can,watering can,,things_that_hold_water,candidate,hard_only,"связь верна, но неочевидна или слово редкое"
7340,basin,basin,,things_that_hold_water,candidate,hard_only,"связь верна, но неочевидна или слово редкое"
7341,cup,cup,,things_that_hold_water,candidate,hard_only,"связь верна, но неочевидна или слово редкое"
7342,trough,trough,,things_that_hold_water,candidate,hard_only,"связь верна, но неочевидна или слово редкое"
7350,caulk,caulk,,sewing_and_repair,candidate,approved,"редкое в текстах, но общеизвестное слово"
7363,sconce,sconce,,lighting,candidate,hard_only,"связь верна, но неочевидна или слово редкое"
7367,nightlight,nightlight,,lighting,candidate,approved,"редкое в текстах, но общеизвестное слово"
7369,floodlight,floodlight,,lighting,candidate,hard_only,"связь верна, но неочевидна или слово редкое"
7386,dishcloth,dishcloth,,fabrics_at_home,candidate,hard_only,"связь верна, но неочевидна или слово редкое"
7389,placemat,placemat,,fabrics_at_home,candidate,hard_only,"связь верна, но неочевидна или слово редкое"
7405,wastebasket,wastebasket,,trash_and_recycling,candidate,approved,"редкое в текстах, но общеизвестное слово"
7415,highchair,highchair,,baby_things,candidate,approved,"редкое в текстах, но общеизвестное слово"
7419,teether,teether,,baby_things,candidate,hard_only,"связь верна, но неочевидна или слово редкое"
7421,playpen,playpen,,baby_things,candidate,approved,"редкое в текстах, но общеизвестное слово"
7460,battery,battery,,things_in_a_junk_drawer,candidate,hard_only,"связь верна, но неочевидна или слово редкое"
7461,rubber band,rubber band,,things_in_a_junk_drawer,candidate,hard_only,"связь верна, но неочевидна или слово редкое"
7462,tape,tape,,things_in_a_junk_drawer,candidate,hard_only,"связь верна, но неочевидна или слово редкое"
7463,key,key,,things_in_a_junk_drawer,candidate,hard_only,"связь верна, но неочевидна или слово редкое"
7464,coin,coin,,things_in_a_junk_drawer,candidate,hard_only,"связь верна, но неочевидна или слово редкое"
7465,receipt,receipt,,things_in_a_junk_drawer,candidate,hard_only,"связь верна, но неочевидна или слово редкое"
7466,screw,screw,,things_in_a_junk_drawer,candidate,hard_only,"связь верна, но неочевидна или слово редкое"
7467,twist tie,twist tie,,things_in_a_junk_drawer,candidate,hard_only,"связь верна, но неочевидна или слово редкое"
7468,paper clip,paper clip,,things_in_a_junk_drawer,candidate,hard_only,"связь верна, но неочевидна или слово редкое"
7469,matches,matches,,things_in_a_junk_drawer,candidate,hard_only,"связь верна, но неочевидна или слово редкое"
7470,string,string,,things_in_a_junk_drawer,candidate,hard_only,"связь верна, но неочевидна или слово редкое"
7471,magnet,magnet,,things_in_a_junk_drawer,candidate,hard_only,"связь верна, но неочевидна или слово редкое"
7472,scissors,scissors,,things_in_a_junk_drawer,candidate,hard_only,"связь верна, но неочевидна или слово редкое"
7473,glue,glue,,things_in_a_junk_drawer,candidate,hard_only,"связь верна, но неочевидна или слово редкое"
7474,takeout menu,takeout menu,,things_in_a_junk_drawer,candidate,hard_only,"связь верна, но неочевидна или слово редкое"
7475,chapstick,chapstick,,things_in_a_junk_drawer,candidate,hard_only,"связь верна, но неочевидна или слово редкое"
7476,flashlight,flashlight,,things_in_a_junk_drawer,candidate,hard_only,"связь верна, но неочевидна или слово редкое"
7477,allegro,allegro,,music_tempo_terms,candidate,hard_only,"связь верна, но неочевидна или слово редкое"
7478,adagio,adagio,,music_tempo_terms,candidate,hard_only,"связь верна, но неочевидна или слово редкое"
7479,andante,andante,,music_tempo_terms,candidate,hard_only,"связь верна, но неочевидна или слово редкое"
7480,presto,presto,,music_tempo_terms,candidate,hard_only,"связь верна, но неочевидна или слово редкое"
7481,largo,largo,,music_tempo_terms,candidate,hard_only,"связь верна, но неочевидна или слово редкое"
7482,vivace,vivace,,music_tempo_terms,candidate,hard_only,"связь верна, но неочевидна или слово редкое"
7483,moderato,moderato,,music_tempo_terms,candidate,hard_only,"связь верна, но неочевидна или слово редкое"
7484,lento,lento,,music_tempo_terms,candidate,hard_only,"связь верна, но неочевидна или слово редкое"
7485,grave,grave,,music_tempo_terms,candidate,hard_only,"связь верна, но неочевидна или слово редкое"
7486,accelerando,accelerando,,music_tempo_terms,candidate,hard_only,"связь верна, но неочевидна или слово редкое"
7487,ritardando,ritardando,,music_tempo_terms,candidate,rejected,слово практически не встречается в английском
7488,forte,forte,,music_tempo_terms,candidate,hard_only,"связь верна, но неочевидна или слово редкое"
7489,piano,piano,,music_tempo_terms,candidate,hard_only,"связь верна, но неочевидна или слово редкое"
7490,crescendo,crescendo,,music_tempo_terms,candidate,hard_only,"связь верна, но неочевидна или слово редкое"
7491,staccato,staccato,,music_tempo_terms,candidate,hard_only,"связь верна, но неочевидна или слово редкое"
7492,legato,legato,,music_tempo_terms,candidate,hard_only,"связь верна, но неочевидна или слово редкое"
7493,saute,saute,,french_cooking_terms,candidate,hard_only,"связь верна, но неочевидна или слово редкое"
7494,julienne,julienne,,french_cooking_terms,candidate,hard_only,"связь верна, но неочевидна или слово редкое"
7495,blanch,blanch,,french_cooking_terms,candidate,hard_only,"связь верна, но неочевидна или слово редкое"
7496,flambe,flambe,,french_cooking_terms,candidate,rejected,слово практически не встречается в английском
7497,roux,roux,,french_cooking_terms,candidate,hard_only,"связь верна, но неочевидна или слово редкое"
7498,puree,puree,,french_cooking_terms,candidate,hard_only,"связь верна, но неочевидна или слово редкое"
7499,souffle,souffle,,french_cooking_terms,candidate,hard_only,"связь верна, но неочевидна или слово редкое"
7500,braise,braise,,french_cooking_terms,candidate,hard_only,"связь верна, но неочевидна или слово редкое"
7501,mise en place,mise en place,,french_cooking_terms,candidate,hard_only,"связь верна, но неочевидна или слово редкое"
7502,au gratin,au gratin,,french_cooking_terms,candidate,hard_only,"связь верна, но неочевидна или слово редкое"
7503,consomme,consomme,,french_cooking_terms,candidate,hard_only,"связь верна, но неочевидна или слово редкое"
7504,bouquet garni,bouquet garni,,french_cooking_terms,candidate,hard_only,"связь верна, но неочевидна или слово редкое"
7505,chiffonade,chiffonade,,french_cooking_terms,candidate,rejected,слово практически не встречается в английском
7506,deglaze,deglaze,,french_cooking_terms,candidate,hard_only,"связь верна, но неочевидна или слово редкое"
7520,callsign,callsign,,aviation_words,candidate,hard_only,"связь верна, но неочевидна или слово редкое"
7525,tack,tack,,sailing_terms,candidate,hard_only,"связь верна, но неочевидна или слово редкое"
7526,jibe,jibe,,sailing_terms,candidate,hard_only,"связь верна, но неочевидна или слово редкое"
7527,luff,luff,,sailing_terms,candidate,hard_only,"связь верна, но неочевидна или слово редкое"
7528,leeward,leeward,,sailing_terms,candidate,hard_only,"связь верна, но неочевидна или слово редкое"
7529,windward,windward,,sailing_terms,candidate,hard_only,"связь верна, но неочевидна или слово редкое"
7530,halyard,halyard,,sailing_terms,candidate,hard_only,"связь верна, но неочевидна или слово редкое"
7531,boom,boom,,sailing_terms,candidate,hard_only,"связь верна, но неочевидна или слово редкое"
7532,cleat,cleat,,sailing_terms,candidate,hard_only,"связь верна, но неочевидна или слово редкое"
7533,sheet,sheet,,sailing_terms,candidate,hard_only,"связь верна, но неочевидна или слово редкое"
7534,spinnaker,spinnaker,,sailing_terms,candidate,hard_only,"связь верна, но неочевидна или слово редкое"
7535,heel,heel,,sailing_terms,candidate,hard_only,"связь верна, но неочевидна или слово редкое"
7536,capsize,capsize,,sailing_terms,candidate,hard_only,"связь верна, но неочевидна или слово редкое"
7537,mooring,mooring,,sailing_terms,candidate,hard_only,"связь верна, но неочевидна или слово редкое"
7538,draft,draft,,sailing_terms,candidate,hard_only,"связь верна, но неочевидна или слово редкое"
7554,plea,plea,,legal_terms,candidate,hard_only,"связь верна, но неочевидна или слово редкое"
7555,motion,motion,,legal_terms,candidate,hard_only,"связь верна, но неочевидна или слово редкое"
7556,appeal,appeal,,legal_terms,candidate,hard_only,"связь верна, но неочевидна или слово редкое"
7557,hearing,hearing,,legal_terms,candidate,hard_only,"связь верна, но неочевидна или слово редкое"
7558,arraignment,arraignment,,legal_terms,candidate,hard_only,"связь верна, но неочевидна или слово редкое"
7559,indictment,indictment,,legal_terms,candidate,hard_only,"связь верна, но неочевидна или слово редкое"
7560,settlement,settlement,,legal_terms,candidate,hard_only,"связь верна, но неочевидна или слово редкое"
7561,deposition,deposition,,legal_terms,candidate,hard_only,"связь верна, но неочевидна или слово редкое"
7562,injunction,injunction,,legal_terms,candidate,hard_only,"связь верна, но неочевидна или слово редкое"
7563,verdict,verdict,,legal_terms,candidate,hard_only,"связь верна, но неочевидна или слово редкое"
7564,acquittal,acquittal,,legal_terms,candidate,hard_only,"связь верна, но неочевидна или слово редкое"
7565,testimony,testimony,,legal_terms,candidate,hard_only,"связь верна, но неочевидна или слово редкое"
7566,objection,objection,,legal_terms,candidate,hard_only,"связь верна, но неочевидна или слово редкое"
7567,recess,recess,,legal_terms,candidate,hard_only,"связь верна, но неочевидна или слово редкое"
7568,ledger,ledger,,accounting_words,candidate,hard_only,"связь верна, но неочевидна или слово редкое"
7569,debit,debit,,accounting_words,candidate,hard_only,"связь верна, но неочевидна или слово редкое"
7570,credit,credit,,accounting_words,candidate,hard_only,"связь верна, но неочевидна или слово редкое"
7571,balance,balance,,accounting_words,candidate,hard_only,"связь верна, но неочевидна или слово редкое"
7572,audit,audit,,accounting_words,candidate,hard_only,"связь верна, но неочевидна или слово редкое"
7573,invoice,invoice,,accounting_words,candidate,hard_only,"связь верна, но неочевидна или слово редкое"
7574,receipt,receipt,,accounting_words,candidate,hard_only,"связь верна, но неочевидна или слово редкое"
7575,expense,expense,,accounting_words,candidate,hard_only,"связь верна, но неочевидна или слово редкое"
7576,revenue,revenue,,accounting_words,candidate,hard_only,"связь верна, но неочевидна или слово редкое"
7577,asset,asset,,accounting_words,candidate,hard_only,"связь верна, но неочевидна или слово редкое"
7578,liability,liability,,accounting_words,candidate,hard_only,"связь верна, но неочевидна или слово редкое"
7579,payroll,payroll,,accounting_words,candidate,hard_only,"связь верна, но неочевидна или слово редкое"
7580,depreciation,depreciation,,accounting_words,candidate,hard_only,"связь верна, но неочевидна или слово редкое"
7581,statement,statement,,accounting_words,candidate,hard_only,"связь верна, но неочевидна или слово редкое"
7611,order up,order up,,kitchen_brigade,candidate,hard_only,"связь верна, но неочевидна или слово редкое"
7612,fire,fire,,kitchen_brigade,candidate,hard_only,"связь верна, но неочевидна или слово редкое"
7613,plating,plating,,kitchen_brigade,candidate,hard_only,"связь верна, но неочевидна или слово редкое"
7614,prep,prep,,kitchen_brigade,candidate,hard_only,"связь верна, но неочевидна или слово редкое"
7615,station,station,,kitchen_brigade,candidate,hard_only,"связь верна, но неочевидна или слово редкое"
7616,line,line,,kitchen_brigade,candidate,hard_only,"связь верна, но неочевидна или слово редкое"
7617,expo,expo,,kitchen_brigade,candidate,hard_only,"связь верна, но неочевидна или слово редкое"
7618,walk in,walk in,,kitchen_brigade,candidate,hard_only,"связь верна, но неочевидна или слово редкое"
7619,sous vide,sous vide,,kitchen_brigade,candidate,hard_only,"связь верна, но неочевидна или слово редкое"
7620,mise,mise,,kitchen_brigade,candidate,hard_only,"связь верна, но неочевидна или слово редкое"
7621,garnish,garnish,,kitchen_brigade,candidate,hard_only,"связь верна, но неочевидна или слово редкое"
7622,pass,pass,,kitchen_brigade,candidate,hard_only,"связь верна, но неочевидна или слово редкое"
7623,comp,comp,,kitchen_brigade,candidate,hard_only,"связь верна, но неочевидна или слово редкое"
7624,aperture,aperture,,photography_terms,candidate,hard_only,"связь верна, но неочевидна или слово редкое"
7625,shutter speed,shutter speed,,photography_terms,candidate,hard_only,"связь верна, но неочевидна или слово редкое"
7626,iso,iso,,photography_terms,candidate,hard_only,"связь верна, но неочевидна или слово редкое"
7627,focus,focus,,photography_terms,candidate,hard_only,"связь верна, но неочевидна или слово редкое"
7628,exposure,exposure,,photography_terms,candidate,hard_only,"связь верна, но неочевидна или слово редкое"
7629,white balance,white balance,,photography_terms,candidate,hard_only,"связь верна, но неочевидна или слово редкое"
7630,Zoom,zoom,,photography_terms,candidate,hard_only,"связь верна, но неочевидна или слово редкое"
7631,flash,flash,,photography_terms,candidate,hard_only,"связь верна, но неочевидна или слово редкое"
7632,timer,timer,,photography_terms,candidate,hard_only,"связь верна, но неочевидна или слово редкое"
7633,tripod mount,tripod mount,,photography_terms,candidate,hard_only,"связь верна, но неочевидна или слово редкое"
7634,viewfinder,viewfinder,,photography_terms,candidate,hard_only,"связь верна, но неочевидна или слово редкое"
7635,depth of field,depth of field,,photography_terms,candidate,hard_only,"связь верна, но неочевидна или слово редкое"
7636,metering,metering,,photography_terms,candidate,hard_only,"связь верна, но неочевидна или слово редкое"
7650,captain,captain,,nautical_ranks,candidate,hard_only,"связь верна, но неочевидна или слово редкое"
7651,first mate,first mate,,nautical_ranks,candidate,hard_only,"связь верна, но неочевидна или слово редкое"
7652,navigator,navigator,,nautical_ranks,candidate,hard_only,"связь верна, но неочевидна или слово редкое"
7653,engineer,engineer,,nautical_ranks,candidate,hard_only,"связь верна, но неочевидна или слово редкое"
7654,deckhand,deckhand,,nautical_ranks,candidate,hard_only,"связь верна, но неочевидна или слово редкое"
7655,cook,cook,,nautical_ranks,candidate,hard_only,"связь верна, но неочевидна или слово редкое"
7656,boatswain,boatswain,,nautical_ranks,candidate,hard_only,"связь верна, но неочевидна или слово редкое"
7657,purser,purser,,nautical_ranks,candidate,hard_only,"связь верна, но неочевидна или слово редкое"
7658,helmsman,helmsman,,nautical_ranks,candidate,hard_only,"связь верна, но неочевидна или слово редкое"
7659,lookout,lookout,,nautical_ranks,candidate,hard_only,"связь верна, но неочевидна или слово редкое"
7660,quartermaster,quartermaster,,nautical_ranks,candidate,hard_only,"связь верна, но неочевидна или слово редкое"
7661,steward,steward,,nautical_ranks,candidate,hard_only,"связь верна, но неочевидна или слово редкое"
7662,fingerprint,fingerprint,,detective_procedures,candidate,hard_only,"связь верна, но неочевидна или слово редкое"
7663,dna,dna,,detective_procedures,candidate,hard_only,"связь верна, но неочевидна или слово редкое"
7664,ballistics,ballistics,,detective_procedures,candidate,hard_only,"связь верна, но неочевидна или слово редкое"
7665,autopsy,autopsy,,detective_procedures,candidate,hard_only,"связь верна, но неочевидна или слово редкое"
7666,trace,trace,,detective_procedures,candidate,hard_only,"связь верна, но неочевидна или слово редкое"
7667,sample,sample,,detective_procedures,candidate,hard_only,"связь верна, но неочевидна или слово редкое"
7668,lab,lab,,detective_procedures,candidate,hard_only,"связь верна, но неочевидна или слово редкое"
7669,evidence bag,evidence bag,,detective_procedures,candidate,hard_only,"связь верна, но неочевидна или слово редкое"
7670,tape,tape,,detective_procedures,candidate,hard_only,"связь верна, но неочевидна или слово редкое"
7671,swab,swab,,detective_procedures,candidate,hard_only,"связь верна, но неочевидна или слово редкое"
7672,spatter,spatter,,detective_procedures,candidate,hard_only,"связь верна, но неочевидна или слово редкое"
7673,toxicology,toxicology,,detective_procedures,candidate,hard_only,"связь верна, но неочевидна или слово редкое"
7674,dusting,dusting,,detective_procedures,candidate,hard_only,"связь верна, но неочевидна или слово редкое"
7675,font,font,,printing_and_type,candidate,hard_only,"связь верна, но неочевидна или слово редкое"
7676,serif,serif,,printing_and_type,candidate,hard_only,"связь верна, но неочевидна или слово редкое"
7677,bold,bold,,printing_and_type,candidate,hard_only,"связь верна, но неочевидна или слово редкое"
7678,italic,italic,,printing_and_type,candidate,hard_only,"связь верна, но неочевидна или слово редкое"
7679,kerning,kerning,,printing_and_type,candidate,hard_only,"связь верна, но неочевидна или слово редкое"
7680,leading,leading,,printing_and_type,candidate,hard_only,"связь верна, но неочевидна или слово редкое"
7681,point size,point size,,printing_and_type,candidate,hard_only,"связь верна, но неочевидна или слово редкое"
7682,caps,caps,,printing_and_type,candidate,hard_only,"связь верна, но неочевидна или слово редкое"
7683,lowercase,lowercase,,printing_and_type,candidate,hard_only,"связь верна, но неочевидна или слово редкое"
7684,underline,underline,,printing_and_type,candidate,hard_only,"связь верна, но неочевидна или слово редкое"
7685,justify,justify,,printing_and_type,candidate,hard_only,"связь верна, но неочевидна или слово редкое"
7686,margin,margin,,printing_and_type,candidate,hard_only,"связь верна, но неочевидна или слово редкое"
7687,column,column,,printing_and_type,candidate,hard_only,"связь верна, но неочевидна или слово редкое"
7688,typeface,typeface,,printing_and_type,candidate,hard_only,"связь верна, но неочевидна или слово редкое"
7705,podiatrist,podiatrist,,medical_jobs,candidate,hard_only,"связь верна, но неочевидна или слово редкое"
7719,busser,busser,,kitchen_jobs,candidate,hard_only,"связь верна, но неочевидна или слово редкое"
7726,sommelier,sommelier,,kitchen_jobs,candidate,hard_only,"связь верна, но неочевидна или слово редкое"
7749,roofer,roofer,,building_trades,candidate,approved,"редкое в текстах, но общеизвестное слово"
7752,glazier,glazier,,building_trades,candidate,hard_only,"связь верна, но неочевидна или слово редкое"
7753,tiler,tiler,,building_trades,candidate,hard_only,"связь верна, но неочевидна или слово редкое"
7760,plasterer,plasterer,,building_trades,candidate,hard_only,"связь верна, но неочевидна или слово редкое"
7761,framer,framer,,building_trades,candidate,hard_only,"связь верна, но неочевидна или слово редкое"
7781,milker,milker,,farm_jobs,candidate,hard_only,"связь верна, но неочевидна или слово редкое"
7796,deckhand,deckhand,,sea_jobs,candidate,hard_only,"связь верна, но неочевидна или слово редкое"
7798,harbormaster,harbormaster,,sea_jobs,candidate,hard_only,"связь верна, но неочевидна или слово редкое"
7800,shipwright,shipwright,,sea_jobs,candidate,hard_only,"связь верна, но неочевидна или слово редкое"
7803,whaler,whaler,,sea_jobs,candidate,hard_only,"связь верна, но неочевидна или слово редкое"
7804,boatswain,boatswain,,sea_jobs,candidate,hard_only,"связь верна, но неочевидна или слово редкое"
7871,stocker,stocker,,store_jobs,candidate,hard_only,"связь верна, но неочевидна или слово редкое"
7872,greeter,greeter,,store_jobs,candidate,approved,"редкое в текстах, но общеизвестное слово"
7874,bagger,bagger,,store_jobs,candidate,approved,"редкое в текстах, но общеизвестное слово"
7876,merchandiser,merchandiser,,store_jobs,candidate,hard_only,"связь верна, но неочевидна или слово редкое"
7896,ferryman,ferryman,,transport_jobs,candidate,hard_only,"связь верна, но неочевидна или слово редкое"
7915,manicurist,manicurist,,beauty_jobs,candidate,hard_only,"связь верна, но неочевидна или слово редкое"
7916,cosmetologist,cosmetologist,,beauty_jobs,candidate,hard_only,"связь верна, но неочевидна или слово редкое"
7917,esthetician,esthetician,,beauty_jobs,candidate,hard_only,"связь верна, но неочевидна или слово редкое"
7922,colorist,colorist,,beauty_jobs,candidate,hard_only,"связь верна, но неочевидна или слово редкое"
7923,groomer,groomer,,beauty_jobs,candidate,approved,"редкое в текстах, но общеизвестное слово"
7954,groomer,groomer,,jobs_with_animals,candidate,approved,"редкое в текстах, но общеизвестное слово"
7956,zookeeper,zookeeper,,jobs_with_animals,candidate,approved,"редкое в текстах, но общеизвестное слово"
7977,upholsterer,upholsterer,,repair_jobs,candidate,hard_only,"связь верна, но неочевидна или слово редкое"
7982,blacksmith,blacksmith,,historic_jobs,candidate,hard_only,"связь верна, но неочевидна или слово редкое"
7983,cobbler,cobbler,,historic_jobs,candidate,hard_only,"связь верна, но неочевидна или слово редкое"
7984,milkman,milkman,,historic_jobs,candidate,hard_only,"связь верна, но неочевидна или слово редкое"
7985,telegraph operator,telegraph operator,,historic_jobs,candidate,hard_only,"связь верна, но неочевидна или слово редкое"
7986,lamplighter,lamplighter,,historic_jobs,candidate,hard_only,"связь верна, но неочевидна или слово редкое"
7987,cooper,cooper,,historic_jobs,candidate,hard_only,"связь верна, но неочевидна или слово редкое"
7988,chimney sweep,chimney sweep,,historic_jobs,candidate,hard_only,"связь верна, но неочевидна или слово редкое"
7989,town crier,town crier,,historic_jobs,candidate,hard_only,"связь верна, но неочевидна или слово редкое"
7990,scribe,scribe,,historic_jobs,candidate,hard_only,"связь верна, но неочевидна или слово редкое"
7991,wheelwright,wheelwright,,historic_jobs,candidate,hard_only,"связь верна, но неочевидна или слово редкое"
7992,tanner,tanner,,historic_jobs,candidate,hard_only,"связь верна, но неочевидна или слово редкое"
7993,weaver,weaver,,historic_jobs,candidate,hard_only,"связь верна, но неочевидна или слово редкое"
7994,miller,miller,,historic_jobs,candidate,hard_only,"связь верна, но неочевидна или слово редкое"
7995,ferryman,ferryman,,historic_jobs,candidate,hard_only,"связь верна, но неочевидна или слово редкое"
7996,switchboard operator,switchboard operator,,historic_jobs,candidate,hard_only,"связь верна, но неочевидна или слово редкое"
7998,ringmaster,ringmaster,,circus_and_fair_jobs,candidate,approved,"редкое в текстах, но общеизвестное слово"
8005,stilt walker,stilt walker,,circus_and_fair_jobs,candidate,hard_only,"связь верна, но неочевидна или слово редкое"
8007,contortionist,contortionist,,circus_and_fair_jobs,candidate,hard_only,"связь верна, но неочевидна или слово редкое"
8009,police officer,police officer,,jobs_that_wear_uniforms,candidate,hard_only,"связь верна, но неочевидна или слово редкое"
8010,nurse,nurse,,jobs_that_wear_uniforms,candidate,hard_only,"связь верна, но неочевидна или слово редкое"
8011,firefighter,firefighter,,jobs_that_wear_uniforms,candidate,hard_only,"связь верна, но неочевидна или слово редкое"
8012,soldier,soldier,,jobs_that_wear_uniforms,candidate,hard_only,"связь верна, но неочевидна или слово редкое"
8013,pilot,pilot,,jobs_that_wear_uniforms,candidate,hard_only,"связь верна, но неочевидна или слово редкое"
8014,chef,chef,,jobs_that_wear_uniforms,candidate,hard_only,"связь верна, но неочевидна или слово редкое"
8015,mailman,mailman,,jobs_that_wear_uniforms,candidate,hard_only,"связь верна, но неочевидна или слово редкое"
8016,security guard,security guard,,jobs_that_wear_uniforms,candidate,hard_only,"связь верна, но неочевидна или слово редкое"
8017,flight attendant,flight attendant,,jobs_that_wear_uniforms,candidate,hard_only,"связь верна, но неочевидна или слово редкое"
8018,doorman,doorman,,jobs_that_wear_uniforms,candidate,hard_only,"связь верна, но неочевидна или слово редкое"
8019,referee,referee,,jobs_that_wear_uniforms,candidate,hard_only,"связь верна, но неочевидна или слово редкое"
8020,bus driver,bus driver,,jobs_that_wear_uniforms,candidate,hard_only,"связь верна, но неочевидна или слово редкое"
8021,waiter,waiter,,jobs_that_wear_uniforms,candidate,hard_only,"связь верна, но неочевидна или слово редкое"
8022,sailor,sailor,,jobs_that_wear_uniforms,candidate,hard_only,"связь верна, но неочевидна или слово редкое"
8023,paramedic,paramedic,,jobs_that_wear_uniforms,candidate,hard_only,"связь верна, но неочевидна или слово редкое"
8024,usher,usher,,jobs_that_wear_uniforms,candidate,hard_only,"связь верна, но неочевидна или слово редкое"
8025,carpenter,carpenter,,jobs_with_tools,candidate,hard_only,"связь верна, но неочевидна или слово редкое"
8026,plumber,plumber,,jobs_with_tools,candidate,hard_only,"связь верна, но неочевидна или слово редкое"
8027,mechanic,mechanic,,jobs_with_tools,candidate,hard_only,"связь верна, но неочевидна или слово редкое"
8028,electrician,electrician,,jobs_with_tools,candidate,hard_only,"связь верна, но неочевидна или слово редкое"
8029,surgeon,surgeon,,jobs_with_tools,candidate,hard_only,"связь верна, но неочевидна или слово редкое"
8030,dentist,dentist,,jobs_with_tools,candidate,hard_only,"связь верна, но неочевидна или слово редкое"
8031,sculptor,sculptor,,jobs_with_tools,candidate,hard_only,"связь верна, но неочевидна или слово редкое"
8032,gardener,gardener,,jobs_with_tools,candidate,hard_only,"связь верна, но неочевидна или слово редкое"
8033,tailor,tailor,,jobs_with_tools,candidate,hard_only,"связь верна, но неочевидна или слово редкое"
8034,jeweler,jeweler,,jobs_with_tools,candidate,hard_only,"связь верна, но неочевидна или слово редкое"
8035,welder,welder,,jobs_with_tools,candidate,hard_only,"связь верна, но неочевидна или слово редкое"
8036,chef,chef,,jobs_with_tools,candidate,hard_only,"связь верна, но неочевидна или слово редкое"
8037,locksmith,locksmith,,jobs_with_tools,candidate,hard_only,"связь верна, но неочевидна или слово редкое"
8038,barber,barber,,jobs_with_tools,candidate,hard_only,"связь верна, но неочевидна или слово редкое"
8039,machinist,machinist,,jobs_with_tools,candidate,hard_only,"связь верна, но неочевидна или слово редкое"
8049,groundskeeper,groundskeeper,,sports_jobs,candidate,hard_only,"связь верна, но неочевидна или слово редкое"
8054,security guard,security guard,,night_shift_jobs,candidate,hard_only,"связь верна, но неочевидна или слово редкое"
8055,nurse,nurse,,night_shift_jobs,candidate,hard_only,"связь верна, но неочевидна или слово редкое"
8056,baker,baker,,night_shift_jobs,candidate,hard_only,"связь верна, но неочевидна или слово редкое"
8057,trucker,trucker,,night_shift_jobs,candidate,hard_only,"связь верна, но неочевидна или слово редкое"
8058,dispatcher,dispatcher,,night_shift_jobs,candidate,hard_only,"связь верна, но неочевидна или слово редкое"
8059,bartender,bartender,,night_shift_jobs,candidate,hard_only,"связь верна, но неочевидна или слово редкое"
8060,janitor,janitor,,night_shift_jobs,candidate,hard_only,"связь верна, но неочевидна или слово редкое"
8061,night watchman,night watchman,,night_shift_jobs,candidate,hard_only,"связь верна, но неочевидна или слово редкое"
8062,DJ,dj,,night_shift_jobs,candidate,hard_only,"связь верна, но неочевидна или слово редкое"
8063,doctor,doctor,,night_shift_jobs,candidate,hard_only,"связь верна, но неочевидна или слово редкое"
8064,police officer,police officer,,night_shift_jobs,candidate,hard_only,"связь верна, но неочевидна или слово редкое"
8065,air traffic controller,air traffic controller,,night_shift_jobs,candidate,hard_only,"связь верна, но неочевидна или слово редкое"
8066,hotel clerk,hotel clerk,,night_shift_jobs,candidate,hard_only,"связь верна, но неочевидна или слово редкое"
8067,radio host,radio host,,night_shift_jobs,candidate,hard_only,"связь верна, но неочевидна или слово редкое"
8103,Ponte Vecchio,ponte vecchio,,famous_bridges,candidate,hard_only,"связь верна, но неочевидна или слово редкое"
8105,Mackinac,mackinac,,famous_bridges,candidate,hard_only,"связь верна, но неочевидна или слово редкое"
8107,Millau,millau,,famous_bridges,candidate,hard_only,"связь верна, но неочевидна или слово редкое"
8117,Petronas,petronas,,famous_towers,candidate,hard_only,"связь верна, но неочевидна или слово редкое"
8121,Minaret,minaret,,famous_towers,candidate,hard_only,"связь верна, но неочевидна или слово редкое"
8126,Uffizi,uffizi,,famous_museums,candidate,hard_only,"связь верна, но неочевидна или слово редкое"
8132,Rijksmuseum,rijksmuseum,,famous_museums,candidate,hard_only,"связь верна, но неочевидна или слово редкое"
8140,Champs Elysees,champs elysees,,famous_streets,candidate,hard_only,"связь верна, но неочевидна или слово редкое"
8190,Gunsmoke,gunsmoke,,classic_tv_shows,candidate,hard_only,"связь верна, но неочевидна или слово редкое"
8199,Knotts Berry Farm,knotts berry farm,,theme_parks,candidate,hard_only,"связь верна, но неочевидна или слово редкое"
8206,Enola Gay,enola gay,,famous_ships_planes,candidate,hard_only,"связь верна, но неочевидна или слово редкое"
8220,Eurostar,eurostar,,famous_trains,candidate,hard_only,"связь верна, но неочевидна или слово редкое"
8221,Ghan,ghan,,famous_trains,candidate,hard_only,"связь верна, но неочевидна или слово редкое"
8224,Machu Picchu,machu picchu,,world_heritage,candidate,hard_only,"связь верна, но неочевидна или слово редкое"
8228,Chichen Itza,chichen itza,,world_heritage,candidate,hard_only,"связь верна, но неочевидна или слово редкое"
8234,Tikal,tikal,,world_heritage,candidate,hard_only,"связь верна, но неочевидна или слово редкое"
8242,Shedd,shedd,,zoos_and_aquariums,candidate,hard_only,"связь верна, но неочевидна или слово редкое"
8246,barbecue,barbecue,,words_before_sauce,candidate,hard_only,"связь верна, но неочевидна или слово редкое"
8247,soy,soy,,words_before_sauce,candidate,hard_only,"связь верна, но неочевидна или слово редкое"
8248,hot,hot,,words_before_sauce,candidate,hard_only,"связь верна, но неочевидна или слово редкое"
8249,tomato,tomato,,words_before_sauce,candidate,hard_only,"связь верна, но неочевидна или слово редкое"
8250,cranberry,cranberry,,words_before_sauce,candidate,hard_only,"связь верна, но неочевидна или слово редкое"
8251,tartar,tartar,,words_before_sauce,candidate,hard_only,"связь верна, но неочевидна или слово редкое"
8252,cheese,cheese,,words_before_sauce,candidate,hard_only,"связь верна, но неочевидна или слово редкое"
8253,white,white,,words_before_sauce,candidate,hard_only,"связь верна, но неочевидна или слово редкое"
8254,chili,chili,,words_before_sauce,candidate,hard_only,"связь верна, но неочевидна или слово редкое"
8255,steak,steak,,words_before_sauce,candidate,hard_only,"связь верна, но неочевидна или слово редкое"
8256,fish,fish,,words_before_sauce,candidate,hard_only,"связь верна, но неочевидна или слово редкое"
8257,duck,duck,,words_before_sauce,candidate,hard_only,"связь верна, но неочевидна или слово редкое"
8258,pizza,pizza,,words_before_sauce,candidate,hard_only,"связь верна, но неочевидна или слово редкое"
8259,taco,taco,,words_before_sauce,candidate,hard_only,"связь верна, но неочевидна или слово редкое"
8260,base,base,,words_before_ball,candidate,hard_only,"связь верна, но неочевидна или слово редкое"
8261,foot,foot,,words_before_ball,candidate,hard_only,"связь верна, но неочевидна или слово редкое"
8262,basket,basket,,words_before_ball,candidate,hard_only,"связь верна, но неочевидна или слово редкое"
8263,snow,snow,,words_before_ball,candidate,hard_only,"связь верна, но неочевидна или слово редкое"
8264,eye,eye,,words_before_ball,candidate,hard_only,"связь верна, но неочевидна или слово редкое"
8265,meat,meat,,words_before_ball,candidate,hard_only,"связь верна, но неочевидна или слово редкое"
8266,odd,odd,,words_before_ball,candidate,hard_only,"связь верна, но неочевидна или слово редкое"
8267,soft,soft,,words_before_ball,candidate,hard_only,"связь верна, но неочевидна или слово редкое"
8268,volley,volley,,words_before_ball,candidate,hard_only,"связь верна, но неочевидна или слово редкое"
8269,fire,fire,,words_before_ball,candidate,hard_only,"связь верна, но неочевидна или слово редкое"
8270,hard,hard,,words_before_ball,candidate,hard_only,"связь верна, но неочевидна или слово редкое"
8271,screw,screw,,words_before_ball,candidate,hard_only,"связь верна, но неочевидна или слово редкое"
8272,mother,mother,,words_before_ball,candidate,hard_only,"связь верна, но неочевидна или слово редкое"
8273,spit,spit,,words_before_ball,candidate,hard_only,"связь верна, но неочевидна или слово редкое"
8274,high,high,,words_before_ball,candidate,hard_only,"связь верна, но неочевидна или слово редкое"
8275,low,low,,words_before_ball,candidate,hard_only,"связь верна, но неочевидна или слово редкое"
8276,hair,hair,,words_before_ball,candidate,hard_only,"связь верна, но неочевидна или слово редкое"
8277,gum,gum,,words_before_ball,candidate,hard_only,"связь верна, но неочевидна или слово редкое"
8278,PIN,pin,,words_before_ball,candidate,hard_only,"связь верна, но неочевидна или слово редкое"
8279,cannon,cannon,,words_before_ball,candidate,hard_only,"связь верна, но неочевидна или слово редкое"
8280,place,place,,words_after_fire,candidate,hard_only,"связь верна, но неочевидна или слово редкое"
8281,fly,fly,,words_after_fire,candidate,hard_only,"связь верна, но неочевидна или слово редкое"
8282,works,works,,words_after_fire,candidate,hard_only,"связь верна, но неочевидна или слово редкое"
8283,wood,wood,,words_after_fire,candidate,hard_only,"связь верна, но неочевидна или слово редкое"
8284,arm,arm,,words_after_fire,candidate,hard_only,"связь верна, но неочевидна или слово редкое"
8285,truck,truck,,words_after_fire,candidate,hard_only,"связь верна, но неочевидна или слово редкое"
8286,alarm,alarm,,words_after_fire,candidate,hard_only,"связь верна, но неочевидна или слово редкое"
8287,escape,escape,,words_after_fire,candidate,hard_only,"связь верна, но неочевидна или слово редкое"
8288,house,house,,words_after_fire,candidate,hard_only,"связь верна, но неочевидна или слово редкое"
8289,man,man,,words_after_fire,candidate,hard_only,"связь верна, но неочевидна или слово редкое"
8290,hydrant,hydrant,,words_after_fire,candidate,hard_only,"связь верна, но неочевидна или слово редкое"
8291,proof,proof,,words_after_fire,candidate,hard_only,"связь верна, но неочевидна или слово редкое"
8292,side,side,,words_after_fire,candidate,hard_only,"связь верна, но неочевидна или слово редкое"
8293,storm,storm,,words_after_fire,candidate,hard_only,"связь верна, но неочевидна или слово редкое"
8294,ant,ant,,words_after_fire,candidate,hard_only,"связь верна, но неочевидна или слово редкое"
8295,ball,ball,,words_after_fire,candidate,hard_only,"связь верна, но неочевидна или слово редкое"
8296,break,break,,words_after_fire,candidate,hard_only,"связь верна, но неочевидна или слово редкое"
8297,pit,pit,,words_after_fire,candidate,hard_only,"связь верна, но неочевидна или слово редкое"
8298,mail,mail,,words_before_box,candidate,hard_only,"связь верна, но неочевидна или слово редкое"
8299,sand,sand,,words_before_box,candidate,hard_only,"связь верна, но неочевидна или слово редкое"
8300,tool,tool,,words_before_box,candidate,hard_only,"связь верна, но неочевидна или слово редкое"
8301,ice,ice,,words_before_box,candidate,hard_only,"связь верна, но неочевидна или слово редкое"
8302,lunch,lunch,,words_before_box,candidate,hard_only,"связь верна, но неочевидна или слово редкое"
8303,jack,jack,,words_before_box,candidate,hard_only,"связь верна, но неочевидна или слово редкое"
8304,match,match,,words_before_box,candidate,hard_only,"связь верна, но неочевидна или слово редкое"
8305,shoe,shoe,,words_before_box,candidate,hard_only,"связь верна, но неочевидна или слово редкое"
8306,chatter,chatter,,words_before_box,candidate,hard_only,"связь верна, но неочевидна или слово редкое"
8307,boom,boom,,words_before_box,candidate,hard_only,"связь верна, но неочевидна или слово редкое"
8308,ballot,ballot,,words_before_box,candidate,hard_only,"связь верна, но неочевидна или слово редкое"
8309,juke,juke,,words_before_box,candidate,hard_only,"связь верна, но неочевидна или слово редкое"
8310,glove,glove,,words_before_box,candidate,hard_only,"связь верна, но неочевидна или слово редкое"
8311,cash,cash,,words_before_box,candidate,hard_only,"связь верна, но неочевидна или слово редкое"
8312,black,black,,words_before_box,candidate,hard_only,"связь верна, но неочевидна или слово редкое"
8313,litter,litter,,words_before_box,candidate,hard_only,"связь верна, но неочевидна или слово редкое"
8314,gear,gear,,words_before_box,candidate,hard_only,"связь верна, но неочевидна или слово редкое"
8315,breaker,breaker,,words_before_box,candidate,hard_only,"связь верна, но неочевидна или слово редкое"
8316,day,day,,words_before_light,candidate,hard_only,"связь верна, но неочевидна или слово редкое"
8317,flash,flash,,words_before_light,candidate,hard_only,"связь верна, но неочевидна или слово редкое"
8318,high,high,,words_before_light,candidate,hard_only,"связь верна, но неочевидна или слово редкое"
8319,night,night,,words_before_light,candidate,hard_only,"связь верна, но неочевидна или слово редкое"
8320,sun,sun,,words_before_light,candidate,hard_only,"связь верна, но неочевидна или слово редкое"
8321,spot,spot,,words_before_light,candidate,hard_only,"связь верна, но неочевидна или слово редкое"
8322,head,head,,words_before_light,candidate,hard_only,"связь верна, но неочевидна или слово редкое"
8323,candle,candle,,words_before_light,candidate,hard_only,"связь верна, но неочевидна или слово редкое"
8324,twi,twi,,words_before_light,candidate,hard_only,"связь верна, но неочевидна или слово редкое"
8325,lime,lime,,words_before_light,candidate,hard_only,"связь верна, но неочевидна или слово редкое"
8326,search,search,,words_before_light,candidate,hard_only,"связь верна, но неочевидна или слово редкое"
8327,stop,stop,,words_before_light,candidate,hard_only,"связь верна, но неочевидна или слово редкое"
8328,back,back,,words_before_light,candidate,hard_only,"связь верна, но неочевидна или слово редкое"
8329,tail,tail,,words_before_light,candidate,hard_only,"связь верна, но неочевидна или слово редкое"
8330,gas,gas,,words_before_light,candidate,hard_only,"связь верна, но неочевидна или слово редкое"
8331,fire,fire,,words_before_light,candidate,hard_only,"связь верна, но неочевидна или слово редкое"
8332,side,side,,words_before_light,candidate,hard_only,"связь верна, но неочевидна или слово редкое"
8333,sky,sky,,words_before_light,candidate,hard_only,"связь верна, но неочевидна или слово редкое"
8334,dog,dog,,words_before_house,candidate,hard_only,"связь верна, но неочевидна или слово редкое"
8335,tree,tree,,words_before_house,candidate,hard_only,"связь верна, но неочевидна или слово редкое"
8336,green,green,,words_before_house,candidate,hard_only,"связь верна, но неочевидна или слово редкое"
8337,farm,farm,,words_before_house,candidate,hard_only,"связь верна, но неочевидна или слово редкое"
8338,light,light,,words_before_house,candidate,hard_only,"связь верна, но неочевидна или слово редкое"
8339,ware,ware,,words_before_house,candidate,hard_only,"связь верна, но неочевидна или слово редкое"
8340,court,court,,words_before_house,candidate,hard_only,"связь верна, но неочевидна или слово редкое"
8341,out,out,,words_before_house,candidate,hard_only,"связь верна, но неочевидна или слово редкое"
8342,bird,bird,,words_before_house,candidate,hard_only,"связь верна, но неочевидна или слово редкое"
8343,boat,boat,,words_before_house,candidate,hard_only,"связь верна, но неочевидна или слово редкое"
8344,doll,doll,,words_before_house,candidate,hard_only,"связь верна, но неочевидна или слово редкое"
8345,hen,hen,,words_before_house,candidate,hard_only,"связь верна, но неочевидна или слово редкое"
8346,guest,guest,,words_before_house,candidate,hard_only,"связь верна, но неочевидна или слово редкое"
8347,town,town,,words_before_house,candidate,hard_only,"связь верна, но неочевидна или слово редкое"
8348,safe,safe,,words_before_house,candidate,hard_only,"связь верна, но неочевидна или слово редкое"
8349,school,school,,words_before_house,candidate,hard_only,"связь верна, но неочевидна или слово редкое"
8350,steak,steak,,words_before_house,candidate,hard_only,"связь верна, но неочевидна или слово редкое"
8351,road,road,,words_before_house,candidate,hard_only,"связь верна, но неочевидна или слово редкое"
8352,club,club,,words_before_house,candidate,hard_only,"связь верна, но неочевидна или слово редкое"
8353,ranch,ranch,,words_before_house,candidate,hard_only,"связь верна, но неочевидна или слово редкое"
8354,note,note,,words_before_book,candidate,hard_only,"связь верна, но неочевидна или слово редкое"
8355,cook,cook,,words_before_book,candidate,hard_only,"связь верна, но неочевидна или слово редкое"
8356,text,text,,words_before_book,candidate,hard_only,"связь верна, но неочевидна или слово редкое"
8357,hand,hand,,words_before_book,candidate,hard_only,"связь верна, но неочевидна или слово редкое"
8358,year,year,,words_before_book,candidate,hard_only,"связь верна, но неочевидна или слово редкое"
8359,guide,guide,,words_before_book,candidate,hard_only,"связь верна, но неочевидна или слово редкое"
8360,match,match,,words_before_book,candidate,hard_only,"связь верна, но неочевидна или слово редкое"
8361,scrap,scrap,,words_before_book,candidate,hard_only,"связь верна, но неочевидна или слово редкое"
8362,phone,phone,,words_before_book,candidate,hard_only,"связь верна, но неочевидна или слово редкое"
8363,log,log,,words_before_book,candidate,hard_only,"связь верна, но неочевидна или слово редкое"
8364,check,check,,words_before_book,candidate,hard_only,"связь верна, но неочевидна или слово редкое"
8365,story,story,,words_before_book,candidate,hard_only,"связь верна, но неочевидна или слово редкое"
8366,work,work,,words_before_book,candidate,hard_only,"связь верна, но неочевидна или слово редкое"
8367,play,play,,words_before_book,candidate,hard_only,"связь верна, но неочевидна или слово редкое"
8368,face,face,,words_before_book,candidate,hard_only,"связь верна, но неочевидна или слово редкое"
8369,pass,pass,,words_before_book,candidate,hard_only,"связь верна, но неочевидна или слово редкое"
8370,comic,comic,,words_before_book,candidate,hard_only,"связь верна, но неочевидна или слово редкое"
8371,pocket,pocket,,words_before_book,candidate,hard_only,"связь верна, но неочевидна или слово редкое"
8372,sketch,sketch,,words_before_book,candidate,hard_only,"связь верна, но неочевидна или слово редкое"
8373,hymn,hymn,,words_before_book,candidate,hard_only,"связь верна, но неочевидна или слово редкое"
8374,fall,fall,,words_after_water,candidate,hard_only,"связь верна, но неочевидна или слово редкое"
8375,melon,melon,,words_after_water,candidate,hard_only,"связь верна, но неочевидна или слово редкое"
8376,proof,proof,,words_after_water,candidate,hard_only,"связь верна, но неочевидна или слово редкое"
8377,way,way,,words_after_water,candidate,hard_only,"связь верна, но неочевидна или слово редкое"
8378,front,front,,words_after_water,candidate,hard_only,"связь верна, но неочевидна или слово редкое"
8379,mark,mark,,words_after_water,candidate,hard_only,"связь верна, но неочевидна или слово редкое"
8380,color,color,,words_after_water,candidate,hard_only,"связь верна, но неочевидна или слово редкое"
8381,shed,shed,,words_after_water,candidate,hard_only,"связь верна, но неочевидна или слово редкое"
8382,works,works,,words_after_water,candidate,hard_only,"связь верна, но неочевидна или слово редкое"
8383,cress,cress,,words_after_water,candidate,hard_only,"связь верна, но неочевидна или слово редкое"
8384,line,line,,words_after_water,candidate,hard_only,"связь верна, но неочевидна или слово редкое"
8385,bed,bed,,words_after_water,candidate,hard_only,"связь верна, но неочевидна или слово редкое"
8386,tower,tower,,words_after_water,candidate,hard_only,"связь верна, но неочевидна или слово редкое"
8387,gun,gun,,words_after_water,candidate,hard_only,"связь верна, но неочевидна или слово редкое"
8388,mill,mill,,words_after_water,candidate,hard_only,"связь верна, но неочевидна или слово редкое"
8389,spout,spout,,words_after_water,candidate,hard_only,"связь верна, но неочевидна или слово редкое"
8390,logged,logged,,words_after_water,candidate,hard_only,"связь верна, но неочевидна или слово редкое"
8391,cat,cat,,words_before_fish,candidate,hard_only,"связь верна, но неочевидна или слово редкое"
8392,gold,gold,,words_before_fish,candidate,hard_only,"связь верна, но неочевидна или слово редкое"
8393,jelly,jelly,,words_before_fish,candidate,hard_only,"связь верна, но неочевидна или слово редкое"
8394,sword,sword,,words_before_fish,candidate,hard_only,"связь верна, но неочевидна или слово редкое"
8395,star,star,,words_before_fish,candidate,hard_only,"связь верна, но неочевидна или слово редкое"
8396,sun,sun,,words_before_fish,candidate,hard_only,"связь верна, но неочевидна или слово редкое"
8397,cray,cray,,words_before_fish,candidate,hard_only,"связь верна, но неочевидна или слово редкое"
8398,shell,shell,,words_before_fish,candidate,hard_only,"связь верна, но неочевидна или слово редкое"
8399,blow,blow,,words_before_fish,candidate,hard_only,"связь верна, но неочевидна или слово редкое"
8400,angel,angel,,words_before_fish,candidate,hard_only,"связь верна, но неочевидна или слово редкое"
8401,clown,clown,,words_before_fish,candidate,hard_only,"связь верна, но неочевидна или слово редкое"
8402,sail,sail,,words_before_fish,candidate,hard_only,"связь верна, но неочевидна или слово редкое"
8403,silver,silver,,words_before_fish,candidate,hard_only,"связь верна, но неочевидна или слово редкое"
8404,king,king,,words_before_fish,candidate,hard_only,"связь верна, но неочевидна или слово редкое"
8405,dog,dog,,words_before_fish,candidate,hard_only,"связь верна, но неочевидна или слово редкое"
8406,cuttle,cuttle,,words_before_fish,candidate,hard_only,"связь верна, но неочевидна или слово редкое"
8407,lion,lion,,words_before_fish,candidate,hard_only,"связь верна, но неочевидна или слово редкое"
8408,sword tail,sword tail,,words_before_fish,candidate,hard_only,"связь верна, но неочевидна или слово редкое"
8409,fire,fire,,words_before_man,candidate,hard_only,"связь верна, но неочевидна или слово редкое"
8410,police,police,,words_before_man,candidate,hard_only,"связь верна, но неочевидна или слово редкое"
8411,mail,mail,,words_before_man,candidate,hard_only,"связь верна, но неочевидна или слово редкое"
8412,snow,snow,,words_before_man,candidate,hard_only,"связь верна, но неочевидна или слово редкое"
8413,ice,ice,,words_before_man,candidate,hard_only,"связь верна, но неочевидна или слово редкое"
8414,super,super,,words_before_man,candidate,hard_only,"связь верна, но неочевидна или слово редкое"
8415,spider,spider,,words_before_man,candidate,hard_only,"связь верна, но неочевидна или слово редкое"
8416,business,business,,words_before_man,candidate,hard_only,"связь верна, но неочевидна или слово редкое"
8417,chair,chair,,words_before_man,candidate,hard_only,"связь верна, но неочевидна или слово редкое"
8418,gentle,gentle,,words_before_man,candidate,hard_only,"связь верна, но неочевидна или слово редкое"
8419,sales,sales,,words_before_man,candidate,hard_only,"связь верна, но неочевидна или слово редкое"
8420,work,work,,words_before_man,candidate,hard_only,"связь верна, но неочевидна или слово редкое"
8421,crafts,crafts,,words_before_man,candidate,hard_only,"связь верна, но неочевидна или слово редкое"
8422,hu,hu,,words_before_man,candidate,hard_only,"связь верна, но неочевидна или слово редкое"
8423,door,door,,words_before_man,candidate,hard_only,"связь верна, но неочевидна или слово редкое"
8424,milk,milk,,words_before_man,candidate,hard_only,"связь верна, но неочевидна или слово редкое"
8425,garbage,garbage,,words_before_man,candidate,hard_only,"связь верна, но неочевидна или слово редкое"
8426,states,states,,words_before_man,candidate,hard_only,"связь верна, но неочевидна или слово редкое"
8427,sports,sports,,words_before_man,candidate,hard_only,"связь верна, но неочевидна или слово редкое"
8428,weather,weather,,words_before_man,candidate,hard_only,"связь верна, но неочевидна или слово редкое"
8429,home,home,,words_before_work,candidate,hard_only,"связь верна, но неочевидна или слово редкое"
8430,net,net,,words_before_work,candidate,hard_only,"связь верна, но неочевидна или слово редкое"
8431,fire,fire,,words_before_work,candidate,hard_only,"связь верна, но неочевидна или слово редкое"
8432,art,art,,words_before_work,candidate,hard_only,"связь верна, но неочевидна или слово редкое"
8433,team,team,,words_before_work,candidate,hard_only,"связь верна, но неочевидна или слово редкое"
8434,house,house,,words_before_work,candidate,hard_only,"связь верна, но неочевидна или слово редкое"
8435,frame,frame,,words_before_work,candidate,hard_only,"связь верна, но неочевидна или слово редкое"
8436,wood,wood,,words_before_work,candidate,hard_only,"связь верна, но неочевидна или слово редкое"
8437,paper,paper,,words_before_work,candidate,hard_only,"связь верна, но неочевидна или слово редкое"
8438,guess,guess,,words_before_work,candidate,hard_only,"связь верна, но неочевидна или слово редкое"
8439,foot,foot,,words_before_work,candidate,hard_only,"связь верна, но неочевидна или слово редкое"
8440,clock,clock,,words_before_work,candidate,hard_only,"связь верна, но неочевидна или слово редкое"
8441,hand,hand,,words_before_work,candidate,hard_only,"связь верна, но неочевидна или слово редкое"
8442,patch,patch,,words_before_work,candidate,hard_only,"связь верна, но неочевидна или слово редкое"
8443,ground,ground,,words_before_work,candidate,hard_only,"связь верна, но неочевидна или слово редкое"
8444,brick,brick,,words_before_work,candidate,hard_only,"связь верна, но неочевидна или слово редкое"
8445,metal,metal,,words_before_work,candidate,hard_only,"связь верна, но неочевидна или слово редкое"
8446,road,road,,words_before_work,candidate,hard_only,"связь верна, но неочевидна или слово редкое"
8447,back,back,,words_before_ground,candidate,hard_only,"связь верна, но неочевидна или слово редкое"
8448,play,play,,words_before_ground,candidate,hard_only,"связь верна, но неочевидна или слово редкое"
8449,under,under,,words_before_ground,candidate,hard_only,"связь верна, но неочевидна или слово редкое"
8450,camp,camp,,words_before_ground,candidate,hard_only,"связь верна, но неочевидна или слово редкое"
8451,fair,fair,,words_before_ground,candidate,hard_only,"связь верна, но неочевидна или слово редкое"
8452,battle,battle,,words_before_ground,candidate,hard_only,"связь верна, но неочевидна или слово редкое"
8453,fore,fore,,words_before_ground,candidate,hard_only,"связь верна, но неочевидна или слово редкое"
8454,common,common,,words_before_ground,candidate,hard_only,"связь верна, но неочевидна или слово редкое"
8455,high,high,,words_before_ground,candidate,hard_only,"связь верна, но неочевидна или слово редкое"
8456,home,home,,words_before_ground,candidate,hard_only,"связь верна, но неочевидна или слово редкое"
8457,burial,burial,,words_before_ground,candidate,hard_only,"связь верна, но неочевидна или слово редкое"
8458,breeding,breeding,,words_before_ground,candidate,hard_only,"связь верна, но неочевидна или слово редкое"
8459,stamping,stamping,,words_before_ground,candidate,hard_only,"связь верна, но неочевидна или слово редкое"
8460,proving,proving,,words_before_ground,candidate,hard_only,"связь верна, но неочевидна или слово редкое"
8461,out,out,,words_before_side,candidate,hard_only,"связь верна, но неочевидна или слово редкое"
8462,in,in,,words_before_side,candidate,hard_only,"связь верна, но неочевидна или слово редкое"
8463,be,be,,words_before_side,candidate,hard_only,"связь верна, но неочевидна или слово редкое"
8464,road,road,,words_before_side,candidate,hard_only,"связь верна, но неочевидна или слово редкое"
8465,sea,sea,,words_before_side,candidate,hard_only,"связь верна, но неочевидна или слово редкое"
8466,country,country,,words_before_side,candidate,hard_only,"связь верна, но неочевидна или слово редкое"
8467,hill,hill,,words_before_side,candidate,hard_only,"связь верна, но неочевидна или слово редкое"
8468,bed,bed,,words_before_side,candidate,hard_only,"связь верна, но неочевидна или слово редкое"
8469,fire,fire,,words_before_side,candidate,hard_only,"связь верна, но неочевидна или слово редкое"
8470,way,way,,words_before_side,candidate,hard_only,"связь верна, но неочевидна или слово редкое"
8471,up,up,,words_before_side,candidate,hard_only,"связь верна, но неочевидна или слово редкое"
8472,down,down,,words_before_side,candidate,hard_only,"связь верна, но неочевидна или слово редкое"
8473,ring,ring,,words_before_side,candidate,hard_only,"связь верна, но неочевидна или слово редкое"
8474,broad,broad,,words_before_side,candidate,hard_only,"связь верна, но неочевидна или слово редкое"
8475,river,river,,words_before_side,candidate,hard_only,"связь верна, но неочевидна или слово редкое"
8476,curb,curb,,words_before_side,candidate,hard_only,"связь верна, но неочевидна или слово редкое"
8477,dark,dark,,words_before_side,candidate,hard_only,"связь верна, но неочевидна или слово редкое"
8478,top,top,,words_before_side,candidate,hard_only,"связь верна, но неочевидна или слово редкое"
8479,cup,cup,,words_before_cake,candidate,hard_only,"связь верна, но неочевидна или слово редкое"
8480,pan,pan,,words_before_cake,candidate,hard_only,"связь верна, но неочевидна или слово редкое"
8481,birth,birth,,words_before_cake,candidate,hard_only,"связь верна, но неочевидна или слово редкое"
8482,short,short,,words_before_cake,candidate,hard_only,"связь верна, но неочевидна или слово редкое"
8483,pound,pound,,words_before_cake,candidate,hard_only,"связь верна, но неочевидна или слово редкое"
8484,fruit,fruit,,words_before_cake,candidate,hard_only,"связь верна, но неочевидна или слово редкое"
8485,cheese,cheese,,words_before_cake,candidate,hard_only,"связь верна, но неочевидна или слово редкое"
8486,hot,hot,,words_before_cake,candidate,hard_only,"связь верна, но неочевидна или слово редкое"
8487,oat,oat,,words_before_cake,candidate,hard_only,"связь верна, но неочевидна или слово редкое"
8488,crab,crab,,words_before_cake,candidate,hard_only,"связь верна, но неочевидна или слово редкое"
8489,rice,rice,,words_before_cake,candidate,hard_only,"связь верна, но неочевидна или слово редкое"
8490,corn,corn,,words_before_cake,candidate,hard_only,"связь верна, но неочевидна или слово редкое"
8491,tea,tea,,words_before_cake,candidate,hard_only,"связь верна, но неочевидна или слово редкое"
8492,carrot,carrot,,words_before_cake,candidate,hard_only,"связь верна, но неочевидна или слово редкое"
8493,coffee,coffee,,words_before_cake,candidate,hard_only,"связь верна, но неочевидна или слово редкое"
8494,sheet,sheet,,words_before_cake,candidate,hard_only,"связь верна, но неочевидна или слово редкое"
8495,wedding,wedding,,words_before_cake,candidate,hard_only,"связь верна, но неочевидна или слово редкое"
8496,key,key,,words_before_board,candidate,hard_only,"связь верна, но неочевидна или слово редкое"
8497,card,card,,words_before_board,candidate,hard_only,"связь верна, но неочевидна или слово редкое"
8498,black,black,,words_before_board,candidate,hard_only,"связь верна, но неочевидна или слово редкое"
8499,white,white,,words_before_board,candidate,hard_only,"связь верна, но неочевидна или слово редкое"
8500,chalk,chalk,,words_before_board,candidate,hard_only,"связь верна, но неочевидна или слово редкое"
8501,dash,dash,,words_before_board,candidate,hard_only,"связь верна, но неочевидна или слово редкое"
8502,sea,sea,,words_before_board,candidate,hard_only,"связь верна, но неочевидна или слово редкое"
8503,sign,sign,,words_before_board,candidate,hard_only,"связь верна, но неочевидна или слово редкое"
8504,skate,skate,,words_before_board,candidate,hard_only,"связь верна, но неочевидна или слово редкое"
8505,snow,snow,,words_before_board,candidate,hard_only,"связь верна, но неочевидна или слово редкое"
8506,surf,surf,,words_before_board,candidate,hard_only,"связь верна, но неочевидна или слово редкое"
8507,cup,cup,,words_before_board,candidate,hard_only,"связь верна, но неочевидна или слово редкое"
8508,head,head,,words_before_board,candidate,hard_only,"связь верна, но неочевидна или слово редкое"
8509,score,score,,words_before_board,candidate,hard_only,"связь верна, но неочевидна или слово редкое"
8510,bill,bill,,words_before_board,candidate,hard_only,"связь верна, но неочевидна или слово редкое"
8511,clip,clip,,words_before_board,candidate,hard_only,"связь верна, но неочевидна или слово редкое"
8512,switch,switch,,words_before_board,candidate,hard_only,"связь верна, но неочевидна или слово редкое"
8513,spring,spring,,words_before_board,candidate,hard_only,"связь верна, но неочевидна или слово редкое"
8514,side,side,,words_before_board,candidate,hard_only,"связь верна, но неочевидна или слово редкое"
8515,star,star,,words_before_board,candidate,hard_only,"связь верна, но неочевидна или слово редкое"
8516,hand,hand,,words_before_bag,candidate,hard_only,"связь верна, но неочевидна или слово редкое"
8517,sleeping,sleeping,,words_before_bag,candidate,hard_only,"связь верна, но неочевидна или слово редкое"
8518,tea,tea,,words_before_bag,candidate,hard_only,"связь верна, но неочевидна или слово редкое"
8519,air,air,,words_before_bag,candidate,hard_only,"связь верна, но неочевидна или слово редкое"
8520,sand,sand,,words_before_bag,candidate,hard_only,"связь верна, но неочевидна или слово редкое"
8521,punching,punching,,words_before_bag,candidate,hard_only,"связь верна, но неочевидна или слово редкое"
8522,gym,gym,,words_before_bag,candidate,hard_only,"связь верна, но неочевидна или слово редкое"
8523,book,book,,words_before_bag,candidate,hard_only,"связь верна, но неочевидна или слово редкое"
8524,mail,mail,,words_before_bag,candidate,hard_only,"связь верна, но неочевидна или слово редкое"
8525,trash,trash,,words_before_bag,candidate,hard_only,"связь верна, но неочевидна или слово редкое"
8526,duffel,duffel,,words_before_bag,candidate,hard_only,"связь верна, но неочевидна или слово редкое"
8527,garbage,garbage,,words_before_bag,candidate,hard_only,"связь верна, но неочевидна или слово редкое"
8528,grab,grab,,words_before_bag,candidate,hard_only,"связь верна, но неочевидна или слово редкое"
8529,saddle,saddle,,words_before_bag,candidate,hard_only,"связь верна, но неочевидна или слово редкое"
8530,doggy,doggy,,words_before_bag,candidate,hard_only,"связь верна, но неочевидна или слово редкое"
8531,gift,gift,,words_before_bag,candidate,hard_only,"связь верна, но неочевидна или слово редкое"
8532,ice,ice,,words_before_bag,candidate,hard_only,"связь верна, но неочевидна или слово редкое"
8533,body,body,,words_before_bag,candidate,hard_only,"связь верна, но неочевидна или слово редкое"
8534,news,news,,words_before_paper,candidate,hard_only,"связь верна, но неочевидна или слово редкое"
8535,wall,wall,,words_before_paper,candidate,hard_only,"связь верна, но неочевидна или слово редкое"
8536,sand,sand,,words_before_paper,candidate,hard_only,"связь верна, но неочевидна или слово редкое"
8537,note,note,,words_before_paper,candidate,hard_only,"связь верна, но неочевидна или слово редкое"
8538,toilet,toilet,,words_before_paper,candidate,hard_only,"связь верна, но неочевидна или слово редкое"
8539,graph,graph,,words_before_paper,candidate,hard_only,"связь верна, но неочевидна или слово редкое"
8540,tracing,tracing,,words_before_paper,candidate,hard_only,"связь верна, но неочевидна или слово редкое"
8541,term,term,,words_before_paper,candidate,hard_only,"связь верна, но неочевидна или слово редкое"
8542,filter,filter,,words_before_paper,candidate,hard_only,"связь верна, но неочевидна или слово редкое"
8543,crepe,crepe,,words_before_paper,candidate,hard_only,"связь верна, но неочевидна или слово редкое"
8544,construction,construction,,words_before_paper,candidate,hard_only,"связь верна, но неочевидна или слово редкое"
8545,wrapping,wrapping,,words_before_paper,candidate,hard_only,"связь верна, но неочевидна или слово редкое"
8546,flypaper,flypaper,,words_before_paper,candidate,hard_only,"связь верна, но неочевидна или слово редкое"
8547,parchment,parchment,,words_before_paper,candidate,hard_only,"связь верна, но неочевидна или слово редкое"
8548,air,air,,words_before_line,candidate,hard_only,"связь верна, но неочевидна или слово редкое"
8549,base,base,,words_before_line,candidate,hard_only,"связь верна, но неочевидна или слово редкое"
8550,coast,coast,,words_before_line,candidate,hard_only,"связь верна, но неочевидна или слово редкое"
8551,dead,dead,,words_before_line,candidate,hard_only,"связь верна, но неочевидна или слово редкое"
8552,head,head,,words_before_line,candidate,hard_only,"связь верна, но неочевидна или слово редкое"
8553,Life,life,,words_before_line,candidate,hard_only,"связь верна, но неочевидна или слово редкое"
8554,out,out,,words_before_line,candidate,hard_only,"связь верна, но неочевидна или слово редкое"
8555,side,side,,words_before_line,candidate,hard_only,"связь верна, но неочевидна или слово редкое"
8556,time,time,,words_before_line,candidate,hard_only,"связь верна, но неочевидна или слово редкое"
8557,tree,tree,,words_before_line,candidate,hard_only,"связь верна, но неочевидна или слово редкое"
8558,shore,shore,,words_before_line,candidate,hard_only,"связь верна, но неочевидна или слово редкое"
8559,hair,hair,,words_before_line,candidate,hard_only,"связь верна, но неочевидна или слово редкое"
8560,hot,hot,,words_before_line,candidate,hard_only,"связь верна, но неочевидна или слово редкое"
8561,pipe,pipe,,words_before_line,candidate,hard_only,"связь верна, но неочевидна или слово редкое"
8562,sky,sky,,words_before_line,candidate,hard_only,"связь верна, но неочевидна или слово редкое"
8563,punch,punch,,words_before_line,candidate,hard_only,"связь верна, но неочевидна или слово редкое"
8564,guide,guide,,words_before_line,candidate,hard_only,"связь верна, но неочевидна или слово редкое"
8565,waist,waist,,words_before_line,candidate,hard_only,"связь верна, но неочевидна или слово редкое"
8566,clothes,clothes,,words_before_line,candidate,hard_only,"связь верна, но неочевидна или слово редкое"
8567,front,front,,words_before_line,candidate,hard_only,"связь верна, но неочевидна или слово редкое"
8568,lime,lime,,words_before_stone,candidate,hard_only,"связь верна, но неочевидна или слово редкое"
8569,brim,brim,,words_before_stone,candidate,hard_only,"связь верна, но неочевидна или слово редкое"
8570,corner,corner,,words_before_stone,candidate,hard_only,"связь верна, но неочевидна или слово редкое"
8571,curb,curb,,words_before_stone,candidate,hard_only,"связь верна, но неочевидна или слово редкое"
8572,grave,grave,,words_before_stone,candidate,hard_only,"связь верна, но неочевидна или слово редкое"
8573,hail,hail,,words_before_stone,candidate,hard_only,"связь верна, но неочевидна или слово редкое"
8574,key,key,,words_before_stone,candidate,hard_only,"связь верна, но неочевидна или слово редкое"
8575,mile,mile,,words_before_stone,candidate,hard_only,"связь верна, но неочевидна или слово редкое"
8576,sand,sand,,words_before_stone,candidate,hard_only,"связь верна, но неочевидна или слово редкое"
8577,birth,birth,,words_before_stone,candidate,hard_only,"связь верна, но неочевидна или слово редкое"
8578,gall,gall,,words_before_stone,candidate,hard_only,"связь верна, но неочевидна или слово редкое"
8579,flag,flag,,words_before_stone,candidate,hard_only,"связь верна, но неочевидна или слово редкое"
8580,moon,moon,,words_before_stone,candidate,hard_only,"связь верна, но неочевидна или слово редкое"
8581,tomb,tomb,,words_before_stone,candidate,hard_only,"связь верна, но неочевидна или слово редкое"
8582,stepping,stepping,,words_before_stone,candidate,hard_only,"связь верна, но неочевидна или слово редкое"
8583,rolling,rolling,,words_before_stone,candidate,hard_only,"связь верна, но неочевидна или слово редкое"
8584,bath,bath,,words_before_room,candidate,hard_only,"связь верна, но неочевидна или слово редкое"
8585,bed,bed,,words_before_room,candidate,hard_only,"связь верна, но неочевидна или слово редкое"
8586,class,class,,words_before_room,candidate,hard_only,"связь верна, но неочевидна или слово редкое"
8587,court,court,,words_before_room,candidate,hard_only,"связь верна, но неочевидна или слово редкое"
8588,dining,dining,,words_before_room,candidate,hard_only,"связь верна, но неочевидна или слово редкое"
8589,living,living,,words_before_room,candidate,hard_only,"связь верна, но неочевидна или слово редкое"
8590,lock,lock,,words_before_room,candidate,hard_only,"связь верна, но неочевидна или слово редкое"
8591,mush,mush,,words_before_room,candidate,hard_only,"связь верна, но неочевидна или слово редкое"
8592,rest,rest,,words_before_room,candidate,hard_only,"связь верна, но неочевидна или слово редкое"
8593,show,show,,words_before_room,candidate,hard_only,"связь верна, но неочевидна или слово редкое"
8594,wait,wait,,words_before_room,candidate,hard_only,"связь верна, но неочевидна или слово редкое"
8595,store,store,,words_before_room,candidate,hard_only,"связь верна, но неочевидна или слово редкое"
8596,ball,ball,,words_before_room,candidate,hard_only,"связь верна, но неочевидна или слово редкое"
8597,guest,guest,,words_before_room,candidate,hard_only,"связь верна, но неочевидна или слово редкое"
8598,sun,sun,,words_before_room,candidate,hard_only,"связь верна, но неочевидна или слово редкое"
8599,dark,dark,,words_before_room,candidate,hard_only,"связь верна, но неочевидна или слово редкое"
8600,board,board,,words_before_room,candidate,hard_only,"связь верна, но неочевидна или слово редкое"
8601,elbow,elbow,,words_before_room,candidate,hard_only,"связь верна, но неочевидна или слово редкое"
8602,ball,ball,,words_after_snow,candidate,hard_only,"связь верна, но неочевидна или слово редкое"
8603,man,man,,words_after_snow,candidate,hard_only,"связь верна, но неочевидна или слово редкое"
8604,flake,flake,,words_after_snow,candidate,hard_only,"связь верна, но неочевидна или слово редкое"
8605,storm,storm,,words_after_snow,candidate,hard_only,"связь верна, но неочевидна или слово редкое"
8606,plow,plow,,words_after_snow,candidate,hard_only,"связь верна, но неочевидна или слово редкое"
8607,shoe,shoe,,words_after_snow,candidate,hard_only,"связь верна, но неочевидна или слово редкое"
8608,board,board,,words_after_snow,candidate,hard_only,"связь верна, но неочевидна или слово редкое"
8609,fall,fall,,words_after_snow,candidate,hard_only,"связь верна, но неочевидна или слово редкое"
8610,bank,bank,,words_after_snow,candidate,hard_only,"связь верна, но неочевидна или слово редкое"
8611,drift,drift,,words_after_snow,candidate,hard_only,"связь верна, но неочевидна или слово редкое"
8612,mobile,mobile,,words_after_snow,candidate,hard_only,"связь верна, но неочевидна или слово редкое"
8613,cone,cone,,words_after_snow,candidate,hard_only,"связь верна, но неочевидна или слово редкое"
8614,blind,blind,,words_after_snow,candidate,hard_only,"связь верна, но неочевидна или слово редкое"
8615,cap,cap,,words_after_snow,candidate,hard_only,"связь верна, но неочевидна или слово редкое"
8616,tire,tire,,words_after_snow,candidate,hard_only,"связь верна, но неочевидна или слово редкое"
8617,angel,angel,,words_after_snow,candidate,hard_only,"связь верна, но неочевидна или слово редкое"
8618,day,day,,words_after_snow,candidate,hard_only,"связь верна, но неочевидна или слово редкое"
8619,shine,shine,,words_after_sun,candidate,hard_only,"связь верна, но неочевидна или слово редкое"
8620,flower,flower,,words_after_sun,candidate,hard_only,"связь верна, но неочевидна или слово редкое"
8621,light,light,,words_after_sun,candidate,hard_only,"связь верна, но неочевидна или слово редкое"
8622,burn,burn,,words_after_sun,candidate,hard_only,"связь верна, но неочевидна или слово редкое"
8623,set,set,,words_after_sun,candidate,hard_only,"связь верна, но неочевидна или слово редкое"
8624,rise,rise,,words_after_sun,candidate,hard_only,"связь верна, но неочевидна или слово редкое"
8625,glasses,glasses,,words_after_sun,candidate,hard_only,"связь верна, но неочевидна или слово редкое"
8626,spot,spot,,words_after_sun,candidate,hard_only,"связь верна, но неочевидна или слово редкое"
8627,dial,dial,,words_after_sun,candidate,hard_only,"связь верна, но неочевидна или слово редкое"
8628,bathe,bathe,,words_after_sun,candidate,hard_only,"связь верна, но неочевидна или слово редкое"
8629,day,day,,words_after_sun,candidate,hard_only,"связь верна, но неочевидна или слово редкое"
8630,roof,roof,,words_after_sun,candidate,hard_only,"связь верна, но неочевидна или слово редкое"
8631,tan,tan,,words_after_sun,candidate,hard_only,"связь верна, но неочевидна или слово редкое"
8632,block,block,,words_after_sun,candidate,hard_only,"связь верна, но неочевидна или слово редкое"
8633,beam,beam,,words_after_sun,candidate,hard_only,"связь верна, но неочевидна или слово редкое"
8634,dress,dress,,words_after_sun,candidate,hard_only,"связь верна, но неочевидна или слово редкое"
8635,stroke,stroke,,words_after_sun,candidate,hard_only,"связь верна, но неочевидна или слово редкое"
8636,room,room,,words_after_sun,candidate,hard_only,"связь верна, но неочевидна или слово редкое"
8637,fish,fish,,words_after_sun,candidate,hard_only,"связь верна, но неочевидна или слово редкое"
8638,coat,coat,,words_after_rain,candidate,hard_only,"связь верна, но неочевидна или слово редкое"
8639,drop,drop,,words_after_rain,candidate,hard_only,"связь верна, но неочевидна или слово редкое"
8640,fall,fall,,words_after_rain,candidate,hard_only,"связь верна, но неочевидна или слово редкое"
8641,forest,forest,,words_after_rain,candidate,hard_only,"связь верна, но неочевидна или слово редкое"
8642,storm,storm,,words_after_rain,candidate,hard_only,"связь верна, но неочевидна или слово редкое"
8643,water,water,,words_after_rain,candidate,hard_only,"связь верна, но неочевидна или слово редкое"
8644,check,check,,words_after_rain,candidate,hard_only,"связь верна, но неочевидна или слово редкое"
8645,maker,maker,,words_after_rain,candidate,hard_only,"связь верна, но неочевидна или слово редкое"
8646,cloud,cloud,,words_after_rain,candidate,hard_only,"связь верна, но неочевидна или слово редкое"
8647,gutter,gutter,,words_after_rain,candidate,hard_only,"связь верна, но неочевидна или слово редкое"
8648,barrel,barrel,,words_after_rain,candidate,hard_only,"связь верна, но неочевидна или слово редкое"
8649,dance,dance,,words_after_rain,candidate,hard_only,"связь верна, но неочевидна или слово редкое"
8650,shoe,shoe,,words_after_horse,candidate,hard_only,"связь верна, но неочевидна или слово редкое"
8651,back,back,,words_after_horse,candidate,hard_only,"связь верна, но неочевидна или слово редкое"
8652,power,power,,words_after_horse,candidate,hard_only,"связь верна, но неочевидна или слово редкое"
8653,play,play,,words_after_horse,candidate,hard_only,"связь верна, но неочевидна или слово редкое"
8654,radish,radish,,words_after_horse,candidate,hard_only,"связь верна, но неочевидна или слово редкое"
8655,fly,fly,,words_after_horse,candidate,hard_only,"связь верна, но неочевидна или слово редкое"
8656,hair,hair,,words_after_horse,candidate,hard_only,"связь верна, но неочевидна или слово редкое"
8657,man,man,,words_after_horse,candidate,hard_only,"связь верна, но неочевидна или слово редкое"
8658,race,race,,words_after_horse,candidate,hard_only,"связь верна, но неочевидна или слово редкое"
8659,whip,whip,,words_after_horse,candidate,hard_only,"связь верна, но неочевидна или слово редкое"
8660,cart,cart,,words_after_horse,candidate,hard_only,"связь верна, но неочевидна или слово редкое"
8661,trailer,trailer,,words_after_horse,candidate,hard_only,"связь верна, но неочевидна или слово редкое"
8662,sense,sense,,words_after_horse,candidate,hard_only,"связь верна, но неочевидна или слово редкое"
8663,drawn,drawn,,words_after_horse,candidate,hard_only,"связь верна, но неочевидна или слово редкое"
8664,store,store,,words_after_book,candidate,hard_only,"связь верна, но неочевидна или слово редкое"
8665,case,case,,words_after_book,candidate,hard_only,"связь верна, но неочевидна или слово редкое"
8666,mark,mark,,words_after_book,candidate,hard_only,"связь верна, но неочевидна или слово редкое"
8667,worm,worm,,words_after_book,candidate,hard_only,"связь верна, но неочевидна или слово редкое"
8668,keeper,keeper,,words_after_book,candidate,hard_only,"связь верна, но неочевидна или слово редкое"
8669,let,let,,words_after_book,candidate,hard_only,"связь верна, но неочевидна или слово редкое"
8670,end,end,,words_after_book,candidate,hard_only,"связь верна, но неочевидна или слово редкое"
8671,club,club,,words_after_book,candidate,hard_only,"связь верна, но неочевидна или слово редкое"
8672,bag,bag,,words_after_book,candidate,hard_only,"связь верна, но неочевидна или слово редкое"
8673,binding,binding,,words_after_book,candidate,hard_only,"связь верна, но неочевидна или слово редкое"
8674,seller,seller,,words_after_book,candidate,hard_only,"связь верна, но неочевидна или слово редкое"
8675,review,review,,words_after_book,candidate,hard_only,"связь верна, но неочевидна или слово редкое"
8676,report,report,,words_after_book,candidate,hard_only,"связь верна, но неочевидна или слово редкое"
8677,bed,bed,,words_before_time,candidate,hard_only,"связь верна, но неочевидна или слово редкое"
8678,day,day,,words_before_time,candidate,hard_only,"связь верна, но неочевидна или слово редкое"
8679,night,night,,words_before_time,candidate,hard_only,"связь верна, но неочевидна или слово редкое"
8680,over,over,,words_before_time,candidate,hard_only,"связь верна, но неочевидна или слово редкое"
8681,part,part,,words_before_time,candidate,hard_only,"связь верна, но неочевидна или слово редкое"
8682,some,some,,words_before_time,candidate,hard_only,"связь верна, но неочевидна или слово редкое"
8683,spring,spring,,words_before_time,candidate,hard_only,"связь верна, но неочевидна или слово редкое"
8684,summer,summer,,words_before_time,candidate,hard_only,"связь верна, но неочевидна или слово редкое"
8685,half,half,,words_before_time,candidate,hard_only,"связь верна, но неочевидна или слово редкое"
8686,Life,life,,words_before_time,candidate,hard_only,"связь верна, но неочевидна или слово редкое"
8687,meal,meal,,words_before_time,candidate,hard_only,"связь верна, но неочевидна или слово редкое"
8688,play,play,,words_before_time,candidate,hard_only,"связь верна, но неочевидна или слово редкое"
8689,show,show,,words_before_time,candidate,hard_only,"связь верна, но неочевидна или слово редкое"
8690,tea,tea,,words_before_time,candidate,hard_only,"связь верна, но неочевидна или слово редкое"
8691,war,war,,words_before_time,candidate,hard_only,"связь верна, но неочевидна или слово редкое"
8692,prime,prime,,words_before_time,candidate,hard_only,"связь верна, но неочевидна или слово редкое"
8693,big,big,,words_before_time,candidate,hard_only,"связь верна, но неочевидна или слово редкое"
8694,lunch,lunch,,words_before_time,candidate,hard_only,"связь верна, но неочевидна или слово редкое"
8695,story,story,,words_before_time,candidate,hard_only,"связь верна, но неочевидна или слово редкое"
8696,full,full,,words_before_time,candidate,hard_only,"связь верна, но неочевидна или слово редкое"
8697,head,head,,words_before_master,candidate,hard_only,"связь верна, но неочевидна или слово редкое"
8698,quarter,quarter,,words_before_master,candidate,hard_only,"связь верна, но неочевидна или слово редкое"
8699,post,post,,words_before_master,candidate,hard_only,"связь верна, но неочевидна или слово редкое"
8700,school,school,,words_before_master,candidate,hard_only,"связь верна, но неочевидна или слово редкое"
8701,task,task,,words_before_master,candidate,hard_only,"связь верна, но неочевидна или слово редкое"
8702,web,web,,words_before_master,candidate,hard_only,"связь верна, но неочевидна или слово редкое"
8703,ring,ring,,words_before_master,candidate,hard_only,"связь верна, но неочевидна или слово редкое"
8704,grand,grand,,words_before_master,candidate,hard_only,"связь верна, но неочевидна или слово редкое"
8705,pay,pay,,words_before_master,candidate,hard_only,"связь верна, но неочевидна или слово редкое"
8706,band,band,,words_before_master,candidate,hard_only,"связь верна, но неочевидна или слово редкое"
8707,spy,spy,,words_before_master,candidate,hard_only,"связь верна, но неочевидна или слово редкое"
8708,station,station,,words_before_master,candidate,hard_only,"связь верна, но неочевидна или слово редкое"
8709,harbor,harbor,,words_before_master,candidate,hard_only,"связь верна, но неочевидна или слово редкое"
8710,choir,choir,,words_before_master,candidate,hard_only,"связь верна, но неочевидна или слово редкое"
8711,blue,blue,,words_before_berry,candidate,hard_only,"связь верна, но неочевидна или слово редкое"
8712,straw,straw,,words_before_berry,candidate,hard_only,"связь верна, но неочевидна или слово редкое"
8713,black,black,,words_before_berry,candidate,hard_only,"связь верна, но неочевидна или слово редкое"
8714,rasp,rasp,,words_before_berry,candidate,hard_only,"связь верна, но неочевидна или слово редкое"
8715,cran,cran,,words_before_berry,candidate,hard_only,"связь верна, но неочевидна или слово редкое"
8716,goose,goose,,words_before_berry,candidate,hard_only,"связь верна, но неочевидна или слово редкое"
8717,mul,mul,,words_before_berry,candidate,hard_only,"связь верна, но неочевидна или слово редкое"
8718,elder,elder,,words_before_berry,candidate,hard_only,"связь верна, но неочевидна или слово редкое"
8719,boysen,boysen,,words_before_berry,candidate,hard_only,"связь верна, но неочевидна или слово редкое"
8720,huckle,huckle,,words_before_berry,candidate,hard_only,"связь верна, но неочевидна или слово редкое"
8721,bar,bar,,words_before_berry,candidate,hard_only,"связь верна, но неочевидна или слово редкое"
8722,dew,dew,,words_before_berry,candidate,hard_only,"связь верна, но неочевидна или слово редкое"
8723,logan,logan,,words_before_berry,candidate,hard_only,"связь верна, но неочевидна или слово редкое"
8724,choke,choke,,words_before_berry,candidate,hard_only,"связь верна, но неочевидна или слово редкое"
8725,black,black,,words_before_bird,candidate,hard_only,"связь верна, но неочевидна или слово редкое"
8726,blue,blue,,words_before_bird,candidate,hard_only,"связь верна, но неочевидна или слово редкое"
8727,song,song,,words_before_bird,candidate,hard_only,"связь верна, но неочевидна или слово редкое"
8728,lady,lady,,words_before_bird,candidate,hard_only,"связь верна, но неочевидна или слово редкое"
8729,jail,jail,,words_before_bird,candidate,hard_only,"связь верна, но неочевидна или слово редкое"
8730,mocking,mocking,,words_before_bird,candidate,hard_only,"связь верна, но неочевидна или слово редкое"
8731,snow,snow,,words_before_bird,candidate,hard_only,"связь верна, но неочевидна или слово редкое"
8732,humming,humming,,words_before_bird,candidate,hard_only,"связь верна, но неочевидна или слово редкое"
8733,sea,sea,,words_before_bird,candidate,hard_only,"связь верна, но неочевидна или слово редкое"
8734,cat,cat,,words_before_bird,candidate,hard_only,"связь верна, но неочевидна или слово редкое"
8735,early,early,,words_before_bird,candidate,hard_only,"связь верна, но неочевидна или слово редкое"
8736,love,love,,words_before_bird,candidate,hard_only,"связь верна, но неочевидна или слово редкое"
8737,thunder,thunder,,words_before_bird,candidate,hard_only,"связь верна, но неочевидна или слово редкое"
8738,ground,ground,,words_before_bird,candidate,hard_only,"связь верна, но неочевидна или слово редкое"
8739,ache,ache,,words_after_head,candidate,hard_only,"связь верна, но неочевидна или слово редкое"
8740,light,light,,words_after_head,candidate,hard_only,"связь верна, но неочевидна или слово редкое"
8741,band,band,,words_after_head,candidate,hard_only,"связь верна, но неочевидна или слово редкое"
8742,phone,phone,,words_after_head,candidate,hard_only,"связь верна, но неочевидна или слово редкое"
8743,line,line,,words_after_head,candidate,hard_only,"связь верна, но неочевидна или слово редкое"
8744,quarters,quarters,,words_after_head,candidate,hard_only,"связь верна, но неочевидна или слово редкое"
8745,master,master,,words_after_head,candidate,hard_only,"связь верна, но неочевидна или слово редкое"
8746,first,first,,words_after_head,candidate,hard_only,"связь верна, но неочевидна или слово редкое"
8747,rest,rest,,words_after_head,candidate,hard_only,"связь верна, но неочевидна или слово редкое"
8748,stone,stone,,words_after_head,candidate,hard_only,"связь верна, но неочевидна или слово редкое"
8749,way,way,,words_after_head,candidate,hard_only,"связь верна, но неочевидна или слово редкое"
8750,dress,dress,,words_after_head,candidate,hard_only,"связь верна, но неочевидна или слово редкое"
8751,count,count,,words_after_head,candidate,hard_only,"связь верна, но неочевидна или слово редкое"
8752,gear,gear,,words_after_head,candidate,hard_only,"связь верна, но неочевидна или слово редкое"
8753,board,board,,words_after_head,candidate,hard_only,"связь верна, но неочевидна или слово редкое"
8754,strong,strong,,words_after_head,candidate,hard_only,"связь верна, но неочевидна или слово редкое"
8755,ball,ball,,words_after_foot,candidate,hard_only,"связь верна, но неочевидна или слово редкое"
8756,print,print,,words_after_foot,candidate,hard_only,"связь верна, но неочевидна или слово редкое"
8757,step,step,,words_after_foot,candidate,hard_only,"связь верна, но неочевидна или слово редкое"
8758,note,note,,words_after_foot,candidate,hard_only,"связь верна, но неочевидна или слово редкое"
8759,hill,hill,,words_after_foot,candidate,hard_only,"связь верна, но неочевидна или слово редкое"
8760,path,path,,words_after_foot,candidate,hard_only,"связь верна, но неочевидна или слово редкое"
8761,stool,stool,,words_after_foot,candidate,hard_only,"связь верна, но неочевидна или слово редкое"
8762,work,work,,words_after_foot,candidate,hard_only,"связь верна, но неочевидна или слово редкое"
8763,wear,wear,,words_after_foot,candidate,hard_only,"связь верна, но неочевидна или слово редкое"
8764,age,age,,words_after_foot,candidate,hard_only,"связь верна, но неочевидна или слово редкое"
8765,lights,lights,,words_after_foot,candidate,hard_only,"связь верна, но неочевидна или слово редкое"
8766,loose,loose,,words_after_foot,candidate,hard_only,"связь верна, но неочевидна или слово редкое"
8767,rest,rest,,words_after_foot,candidate,hard_only,"связь верна, но неочевидна или слово редкое"
8768,locker,locker,,words_after_foot,candidate,hard_only,"связь верна, но неочевидна или слово редкое"
8769,bag,bag,,words_after_hand,candidate,hard_only,"связь верна, но неочевидна или слово редкое"
8770,shake,shake,,words_after_hand,candidate,hard_only,"связь верна, но неочевидна или слово редкое"
8771,book,book,,words_after_hand,candidate,hard_only,"связь верна, но неочевидна или слово редкое"
8772,made,made,,words_after_hand,candidate,hard_only,"связь верна, но неочевидна или слово редкое"
8773,writing,writing,,words_after_hand,candidate,hard_only,"связь верна, но неочевидна или слово редкое"
8774,cuff,cuff,,words_after_hand,candidate,hard_only,"связь верна, но неочевидна или слово редкое"
8775,out,out,,words_after_hand,candidate,hard_only,"связь верна, но неочевидна или слово редкое"
8776,ful,ful,,words_after_hand,candidate,hard_only,"связь верна, но неочевидна или слово редкое"
8777,rail,rail,,words_after_hand,candidate,hard_only,"связь верна, но неочевидна или слово редкое"
8778,stand,stand,,words_after_hand,candidate,hard_only,"связь верна, но неочевидна или слово редкое"
8779,kerchief,kerchief,,words_after_hand,candidate,hard_only,"связь верна, но неочевидна или слово редкое"
8780,ball,ball,,words_after_hand,candidate,hard_only,"связь верна, но неочевидна или слово редкое"
8781,held,held,,words_after_hand,candidate,hard_only,"связь верна, но неочевидна или слово редкое"
8782,picked,picked,,words_after_hand,candidate,hard_only,"связь верна, но неочевидна или слово редкое"
8783,print,print,,words_after_hand,candidate,hard_only,"связь верна, но неочевидна или слово редкое"
8784,saw,saw,,words_after_hand,candidate,hard_only,"связь верна, но неочевидна или слово редкое"
8785,gun,gun,,words_after_hand,candidate,hard_only,"связь верна, но неочевидна или слово редкое"
8786,pack,pack,,words_after_back,candidate,hard_only,"связь верна, но неочевидна или слово редкое"
8787,ground,ground,,words_after_back,candidate,hard_only,"связь верна, но неочевидна или слово редкое"
8788,yard,yard,,words_after_back,candidate,hard_only,"связь верна, но неочевидна или слово редкое"
8789,bone,bone,,words_after_back,candidate,hard_only,"связь верна, но неочевидна или слово редкое"
8790,board,board,,words_after_back,candidate,hard_only,"связь верна, но неочевидна или слово редкое"
8791,fire,fire,,words_after_back,candidate,hard_only,"связь верна, но неочевидна или слово редкое"
8792,hand,hand,,words_after_back,candidate,hard_only,"связь верна, но неочевидна или слово редкое"
8793,stage,stage,,words_after_back,candidate,hard_only,"связь верна, но неочевидна или слово редкое"
8794,up,up,,words_after_back,candidate,hard_only,"связь верна, но неочевидна или слово редкое"
8795,ward,ward,,words_after_back,candidate,hard_only,"связь верна, но неочевидна или слово редкое"
8796,log,log,,words_after_back,candidate,hard_only,"связь верна, но неочевидна или слово редкое"
8797,drop,drop,,words_after_back,candidate,hard_only,"связь верна, но неочевидна или слово редкое"
8798,lash,lash,,words_after_back,candidate,hard_only,"связь верна, но неочевидна или слово редкое"
8799,seat,seat,,words_after_back,candidate,hard_only,"связь верна, но неочевидна или слово редкое"
8800,bend,bend,,words_after_back,candidate,hard_only,"связь верна, но неочевидна или слово редкое"
8801,splash,splash,,words_after_back,candidate,hard_only,"связь верна, но неочевидна или слово редкое"
8802,door,door,,words_after_back,candidate,hard_only,"связь верна, но неочевидна или слово редкое"
8803,track,track,,words_after_back,candidate,hard_only,"связь верна, но неочевидна или слово редкое"
8804,water,water,,words_before_proof,candidate,hard_only,"связь верна, но неочевидна или слово редкое"
8805,fire,fire,,words_before_proof,candidate,hard_only,"связь верна, но неочевидна или слово редкое"
8806,bullet,bullet,,words_before_proof,candidate,hard_only,"связь верна, но неочевидна или слово редкое"
8807,child,child,,words_before_proof,candidate,hard_only,"связь верна, но неочевидна или слово редкое"
8808,sound,sound,,words_before_proof,candidate,hard_only,"связь верна, но неочевидна или слово редкое"
8809,fool,fool,,words_before_proof,candidate,hard_only,"связь верна, но неочевидна или слово редкое"
8810,weather,weather,,words_before_proof,candidate,hard_only,"связь верна, но неочевидна или слово редкое"
8811,rust,rust,,words_before_proof,candidate,hard_only,"связь верна, но неочевидна или слово редкое"
8812,shock,shock,,words_before_proof,candidate,hard_only,"связь верна, но неочевидна или слово редкое"
8813,tamper,tamper,,words_before_proof,candidate,hard_only,"связь верна, но неочевидна или слово редкое"
8814,oven,oven,,words_before_proof,candidate,hard_only,"связь верна, но неочевидна или слово редкое"
8815,wrinkle,wrinkle,,words_before_proof,candidate,hard_only,"связь верна, но неочевидна или слово редкое"
8816,leak,leak,,words_before_proof,candidate,hard_only,"связь верна, но неочевидна или слово редкое"
8817,mistake,mistake,,words_before_proof,candidate,hard_only,"связь верна, но неочевидна или слово редкое"
8818,port,port,,words_after_air,candidate,hard_only,"связь верна, но неочевидна или слово редкое"
8819,plane,plane,,words_after_air,candidate,hard_only,"связь верна, но неочевидна или слово редкое"
8820,line,line,,words_after_air,candidate,hard_only,"связь верна, но неочевидна или слово редкое"
8821,craft,craft,,words_after_air,candidate,hard_only,"связь верна, но неочевидна или слово редкое"
8822,bag,bag,,words_after_air,candidate,hard_only,"связь верна, но неочевидна или слово редкое"
8823,way,way,,words_after_air,candidate,hard_only,"связь верна, но неочевидна или слово редкое"
8824,field,field,,words_after_air,candidate,hard_only,"связь верна, но неочевидна или слово редкое"
8825,borne,borne,,words_after_air,candidate,hard_only,"связь верна, но неочевидна или слово редкое"
8826,tight,tight,,words_after_air,candidate,hard_only,"связь верна, но неочевидна или слово редкое"
8827,fare,fare,,words_after_air,candidate,hard_only,"связь верна, но неочевидна или слово редкое"
8828,mail,mail,,words_after_air,candidate,hard_only,"связь верна, но неочевидна или слово редкое"
8829,space,space,,words_after_air,candidate,hard_only,"связь верна, но неочевидна или слово редкое"
8830,show,show,,words_after_air,candidate,hard_only,"связь верна, но неочевидна или слово редкое"
8831,strip,strip,,words_after_air,candidate,hard_only,"связь верна, но неочевидна или слово редкое"
8832,brush,brush,,words_after_air,candidate,hard_only,"связь верна, но неочевидна или слово редкое"
8833,conditioner,conditioner,,words_after_air,candidate,hard_only,"связь верна, но неочевидна или слово редкое"
8834,force,force,,words_after_air,candidate,hard_only,"связь верна, но неочевидна или слово редкое"
8835,time,time,,words_after_air,candidate,hard_only,"связь верна, но неочевидна или слово редкое"
8839,semicolon,semicolon,,punctuation,candidate,approved,"редкое в текстах, но общеизвестное слово"
8848,ellipsis,ellipsis,,punctuation,candidate,approved,"редкое в текстах, но общеизвестное слово"
8858,interjection,interjection,,parts_of_speech,candidate,hard_only,"связь верна, но неочевидна или слово редкое"
8861,gerund,gerund,,parts_of_speech,candidate,hard_only,"связь верна, но неочевидна или слово редкое"
8862,determiner,determiner,,parts_of_speech,candidate,hard_only,"связь верна, но неочевидна или слово редкое"
8919,alpha,alpha,,alphabet_code,candidate,hard_only,"связь верна, но неочевидна или слово редкое"
8920,Bravo,bravo,,alphabet_code,candidate,hard_only,"связь верна, но неочевидна или слово редкое"
8921,Charlie,charlie,,alphabet_code,candidate,hard_only,"связь верна, но неочевидна или слово редкое"
8922,Delta,delta,,alphabet_code,candidate,hard_only,"связь верна, но неочевидна или слово редкое"
8923,Echo,echo,,alphabet_code,candidate,hard_only,"связь верна, но неочевидна или слово редкое"
8924,foxtrot,foxtrot,,alphabet_code,candidate,hard_only,"связь верна, но неочевидна или слово редкое"
8925,Golf,golf,,alphabet_code,candidate,hard_only,"связь верна, но неочевидна или слово редкое"
8926,Hotel,hotel,,alphabet_code,candidate,hard_only,"связь верна, но неочевидна или слово редкое"
8927,India,india,,alphabet_code,candidate,hard_only,"связь верна, но неочевидна или слово редкое"
8928,Juliet,juliet,,alphabet_code,candidate,hard_only,"связь верна, но неочевидна или слово редкое"
8929,Kilo,kilo,,alphabet_code,candidate,hard_only,"связь верна, но неочевидна или слово редкое"
8930,Lima,lima,,alphabet_code,candidate,hard_only,"связь верна, но неочевидна или слово редкое"
8931,Mike,mike,,alphabet_code,candidate,hard_only,"связь верна, но неочевидна или слово редкое"
8932,November,november,,alphabet_code,candidate,hard_only,"связь верна, но неочевидна или слово редкое"
8933,Oscar,oscar,,alphabet_code,candidate,hard_only,"связь верна, но неочевидна или слово редкое"
8934,Papa,papa,,alphabet_code,candidate,hard_only,"связь верна, но неочевидна или слово редкое"
8935,Quebec,quebec,,alphabet_code,candidate,hard_only,"связь верна, но неочевидна или слово редкое"
8936,Romeo,romeo,,alphabet_code,candidate,hard_only,"связь верна, но неочевидна или слово редкое"
8937,Sierra,sierra,,alphabet_code,candidate,hard_only,"связь верна, но неочевидна или слово редкое"
8938,tango,tango,,alphabet_code,candidate,hard_only,"связь верна, но неочевидна или слово редкое"
8939,Victor,victor,,alphabet_code,candidate,hard_only,"связь верна, но неочевидна или слово редкое"
8940,Whiskey,whiskey,,alphabet_code,candidate,hard_only,"связь верна, но неочевидна или слово редкое"
8941,Yankee,yankee,,alphabet_code,candidate,hard_only,"связь верна, но неочевидна или слово редкое"
8942,Zulu,zulu,,alphabet_code,candidate,hard_only,"связь верна, но неочевидна или слово редкое"
9083,cellmate,cellmate,,prison_words,candidate,hard_only,"связь верна, но неочевидна или слово редкое"
9162,reveille,reveille,,military_words,candidate,hard_only,"связь верна, но неочевидна или слово редкое"
9230,stakeout,stakeout,,detective_words,candidate,hard_only,"связь верна, но неочевидна или слово редкое"
9274,bromine,bromine,,elements_more,candidate,hard_only,"связь верна, но неочевидна или слово редкое"
9307,akita,akita,,dog_breeds_more,candidate,hard_only,"связь верна, но неочевидна или слово редкое"
9308,basenji,basenji,,dog_breeds_more,candidate,hard_only,"связь верна, но неочевидна или слово редкое"
9310,borzoi,borzoi,,dog_breeds_more,candidate,hard_only,"связь верна, но неочевидна или слово редкое"
9313,malamute,malamute,,dog_breeds_more,candidate,hard_only,"связь верна, но неочевидна или слово редкое"
9318,saluki,saluki,,dog_breeds_more,candidate,hard_only,"связь верна, но неочевидна или слово редкое"
9319,samoyed,samoyed,,dog_breeds_more,candidate,hard_only,"связь верна, но неочевидна или слово редкое"
9320,schnauzer,schnauzer,,dog_breeds_more,candidate,hard_only,"связь верна, но неочевидна или слово редкое"
9323,vizsla,vizsla,,dog_breeds_more,candidate,hard_only,"связь верна, но неочевидна или слово редкое"
9324,weimaraner,weimaraner,,dog_breeds_more,candidate,hard_only,"связь верна, но неочевидна или слово редкое"
9325,whippet,whippet,,dog_breeds_more,candidate,hard_only,"связь верна, но неочевидна или слово редкое"
9326,bichon,bichon,,dog_breeds_more,candidate,hard_only,"связь верна, но неочевидна или слово редкое"
9331,cornflower,cornflower,,flowers_more,candidate,hard_only,"связь верна, но неочевидна или слово редкое"
9332,delphinium,delphinium,,flowers_more,candidate,hard_only,"связь верна, но неочевидна или слово редкое"
9333,foxglove,foxglove,,flowers_more,candidate,hard_only,"связь верна, но неочевидна или слово редкое"
9334,freesia,freesia,,flowers_more,candidate,hard_only,"связь верна, но неочевидна или слово редкое"
9335,gardenia,gardenia,,flowers_more,candidate,hard_only,"связь верна, но неочевидна или слово редкое"
9336,gladiolus,gladiolus,,flowers_more,candidate,hard_only,"связь верна, но неочевидна или слово редкое"
9337,larkspur,larkspur,,flowers_more,candidate,hard_only,"связь верна, но неочевидна или слово редкое"
9338,lupine,lupine,,flowers_more,candidate,hard_only,"связь верна, но неочевидна или слово редкое"
9341,ranunculus,ranunculus,,flowers_more,candidate,hard_only,"связь верна, но неочевидна или слово редкое"
9346,amaryllis,amaryllis,,flowers_more,candidate,hard_only,"связь верна, но неочевидна или слово редкое"
9349,baobab,baobab,,trees_more,candidate,hard_only,"связь верна, но неочевидна или слово редкое"
9350,catalpa,catalpa,,trees_more,candidate,hard_only,"связь верна, но неочевидна или слово редкое"
9353,ginkgo,ginkgo,,trees_more,candidate,hard_only,"связь верна, но неочевидна или слово редкое"
9361,pawpaw,pawpaw,,trees_more,candidate,hard_only,"связь верна, но неочевидна или слово редкое"
9364,sumac,sumac,,trees_more,candidate,hard_only,"связь верна, но неочевидна или слово редкое"
9366,tamarack,tamarack,,trees_more,candidate,hard_only,"связь верна, но неочевидна или слово редкое"
9372,ampersand,ampersand,,vitamins_letters,candidate,approved,"редкое в текстах, но общеизвестное слово"
9379,caret,caret,,vitamins_letters,candidate,hard_only,"связь верна, но неочевидна или слово редкое"
9380,tilde,tilde,,vitamins_letters,candidate,approved,"редкое в текстах, но общеизвестное слово"
9381,backslash,backslash,,vitamins_letters,candidate,approved,"редкое в текстах, но общеизвестное слово"
9394,birdbath,birdbath,,body_of_water_types,candidate,hard_only,"связь верна, но неочевидна или слово редкое"
9399,anemometer,anemometer,,weather_instruments,candidate,hard_only,"связь верна, но неочевидна или слово редкое"
9401,hygrometer,hygrometer,,weather_instruments,candidate,hard_only,"связь верна, но неочевидна или слово редкое"
9406,seismograph,seismograph,,weather_instruments,candidate,hard_only,"связь верна, но неочевидна или слово редкое"
9407,sundial,sundial,,weather_instruments,candidate,approved,"редкое в текстах, но общеизвестное слово"
9408,windsock,windsock,,weather_instruments,candidate,hard_only,"связь верна, но неочевидна или слово редкое"
9409,carat,carat,,gem_cuts,candidate,hard_only,"связь верна, но неочевидна или слово редкое"
9410,cut,cut,,gem_cuts,candidate,hard_only,"связь верна, но неочевидна или слово редкое"
9411,facet,facet,,gem_cuts,candidate,hard_only,"связь верна, но неочевидна или слово редкое"
9412,setting,setting,,gem_cuts,candidate,hard_only,"связь верна, но неочевидна или слово редкое"
9413,band,band,,gem_cuts,candidate,hard_only,"связь верна, но неочевидна или слово редкое"
9414,prong,prong,,gem_cuts,candidate,hard_only,"связь верна, но неочевидна или слово редкое"
9415,bezel,bezel,,gem_cuts,candidate,hard_only,"связь верна, но неочевидна или слово редкое"
9416,Solitaire,solitaire,,gem_cuts,candidate,hard_only,"связь верна, но неочевидна или слово редкое"
9417,brilliant,brilliant,,gem_cuts,candidate,hard_only,"связь верна, но неочевидна или слово редкое"
9418,emerald cut,emerald cut,,gem_cuts,candidate,hard_only,"связь верна, но неочевидна или слово редкое"
9419,princess cut,princess cut,,gem_cuts,candidate,hard_only,"связь верна, но неочевидна или слово редкое"
9420,cabochon,cabochon,,gem_cuts,candidate,hard_only,"связь верна, но неочевидна или слово редкое"
9421,clarity,clarity,,gem_cuts,candidate,hard_only,"связь верна, но неочевидна или слово редкое"
9442,table,table,,things_made_of_wood,candidate,hard_only,"связь верна, но неочевидна или слово редкое"
9443,chair,chair,,things_made_of_wood,candidate,hard_only,"связь верна, но неочевидна или слово редкое"
9444,pencil,pencil,,things_made_of_wood,candidate,hard_only,"связь верна, но неочевидна или слово редкое"
9445,door,door,,things_made_of_wood,candidate,hard_only,"связь верна, но неочевидна или слово редкое"
9446,fence,fence,,things_made_of_wood,candidate,hard_only,"связь верна, но неочевидна или слово редкое"
9447,bat,bat,,things_made_of_wood,candidate,hard_only,"связь верна, но неочевидна или слово редкое"
9448,spoon,spoon,,things_made_of_wood,candidate,hard_only,"связь верна, но неочевидна или слово редкое"
9449,broom handle,broom handle,,things_made_of_wood,candidate,hard_only,"связь верна, но неочевидна или слово редкое"
9450,ladder,ladder,,things_made_of_wood,candidate,hard_only,"связь верна, но неочевидна или слово редкое"
9451,canoe,canoe,,things_made_of_wood,candidate,hard_only,"связь верна, но неочевидна или слово редкое"
9452,guitar,guitar,,things_made_of_wood,candidate,hard_only,"связь верна, но неочевидна или слово редкое"
9453,deck,deck,,things_made_of_wood,candidate,hard_only,"связь верна, но неочевидна или слово редкое"
9454,crate,crate,,things_made_of_wood,candidate,hard_only,"связь верна, но неочевидна или слово редкое"
9455,barrel,barrel,,things_made_of_wood,candidate,hard_only,"связь верна, но неочевидна или слово редкое"
9456,toothpick,toothpick,,things_made_of_wood,candidate,hard_only,"связь верна, но неочевидна или слово редкое"
9457,cabinet,cabinet,,things_made_of_wood,candidate,hard_only,"связь верна, но неочевидна или слово редкое"
9458,drum,drum,,things_made_of_wood,candidate,hard_only,"связь верна, но неочевидна или слово редкое"
9459,window,window,,things_made_of_glass,candidate,hard_only,"связь верна, но неочевидна или слово редкое"
9460,bottle,bottle,,things_made_of_glass,candidate,hard_only,"связь верна, но неочевидна или слово редкое"
9461,mirror,mirror,,things_made_of_glass,candidate,hard_only,"связь верна, но неочевидна или слово редкое"
9462,jar,jar,,things_made_of_glass,candidate,hard_only,"связь верна, но неочевидна или слово редкое"
9463,lens,lens,,things_made_of_glass,candidate,hard_only,"связь верна, но неочевидна или слово редкое"
9464,bulb,bulb,,things_made_of_glass,candidate,hard_only,"связь верна, но неочевидна или слово редкое"
9465,vase,vase,,things_made_of_glass,candidate,hard_only,"связь верна, но неочевидна или слово редкое"
9466,aquarium,aquarium,,things_made_of_glass,candidate,hard_only,"связь верна, но неочевидна или слово редкое"
9467,marble,marble,,things_made_of_glass,candidate,hard_only,"связь верна, но неочевидна или слово редкое"
9468,thermometer,thermometer,,things_made_of_glass,candidate,hard_only,"связь верна, но неочевидна или слово редкое"
9469,prism,prism,,things_made_of_glass,candidate,hard_only,"связь верна, но неочевидна или слово редкое"
9470,greenhouse,greenhouse,,things_made_of_glass,candidate,hard_only,"связь верна, но неочевидна или слово редкое"
9471,tumbler,tumbler,,things_made_of_glass,candidate,hard_only,"связь верна, но неочевидна или слово редкое"
9472,ornament,ornament,,things_made_of_glass,candidate,hard_only,"связь верна, но неочевидна или слово редкое"
9473,key,key,,things_made_of_metal,candidate,hard_only,"связь верна, но неочевидна или слово редкое"
9474,coin,coin,,things_made_of_metal,candidate,hard_only,"связь верна, но неочевидна или слово редкое"
9475,spoon,spoon,,things_made_of_metal,candidate,hard_only,"связь верна, но неочевидна или слово редкое"
9476,wrench,wrench,,things_made_of_metal,candidate,hard_only,"связь верна, но неочевидна или слово редкое"
9477,pipe,pipe,,things_made_of_metal,candidate,hard_only,"связь верна, но неочевидна или слово редкое"
9478,chain,chain,,things_made_of_metal,candidate,hard_only,"связь верна, но неочевидна или слово редкое"
9479,can,can,,things_made_of_metal,candidate,hard_only,"связь верна, но неочевидна или слово редкое"
9480,sword,sword,,things_made_of_metal,candidate,hard_only,"связь верна, но неочевидна или слово редкое"
9481,anchor,anchor,,things_made_of_metal,candidate,hard_only,"связь верна, но неочевидна или слово редкое"
9482,wire,wire,,things_made_of_metal,candidate,hard_only,"связь верна, но неочевидна или слово редкое"
9483,faucet,faucet,,things_made_of_metal,candidate,hard_only,"связь верна, но неочевидна или слово редкое"
9484,hinge,hinge,,things_made_of_metal,candidate,hard_only,"связь верна, но неочевидна или слово редкое"
9485,bell,bell,,things_made_of_metal,candidate,hard_only,"связь верна, но неочевидна или слово редкое"
9486,armor,armor,,things_made_of_metal,candidate,hard_only,"связь верна, но неочевидна или слово редкое"
9487,kettle,kettle,,things_made_of_metal,candidate,hard_only,"связь верна, но неочевидна или слово редкое"
9488,safe,safe,,things_made_of_metal,candidate,hard_only,"связь верна, но неочевидна или слово редкое"
9489,ladder,ladder,,things_made_of_metal,candidate,hard_only,"связь верна, но неочевидна или слово редкое"
9490,book,book,,things_made_of_paper,candidate,hard_only,"связь верна, но неочевидна или слово редкое"
9491,newspaper,newspaper,,things_made_of_paper,candidate,hard_only,"связь верна, но неочевидна или слово редкое"
9492,envelope,envelope,,things_made_of_paper,candidate,hard_only,"связь верна, но неочевидна или слово редкое"
9493,napkin,napkin,,things_made_of_paper,candidate,hard_only,"связь верна, но неочевидна или слово редкое"
9494,map,map,,things_made_of_paper,candidate,hard_only,"связь верна, но неочевидна или слово редкое"
9495,card,card,,things_made_of_paper,candidate,hard_only,"связь верна, но неочевидна или слово редкое"
9496,poster,poster,,things_made_of_paper,candidate,hard_only,"связь верна, но неочевидна или слово редкое"
9497,receipt,receipt,,things_made_of_paper,candidate,hard_only,"связь верна, но неочевидна или слово редкое"
9498,calendar,calendar,,things_made_of_paper,candidate,hard_only,"связь верна, но неочевидна или слово редкое"
9499,kite,kite,,things_made_of_paper,candidate,hard_only,"связь верна, но неочевидна или слово редкое"
9500,origami,origami,,things_made_of_paper,candidate,hard_only,"связь верна, но неочевидна или слово редкое"
9501,wallpaper,wallpaper,,things_made_of_paper,candidate,hard_only,"связь верна, но неочевидна или слово редкое"
9502,carton,carton,,things_made_of_paper,candidate,hard_only,"связь верна, но неочевидна или слово редкое"
9503,bag,bag,,things_made_of_paper,candidate,hard_only,"связь верна, но неочевидна или слово редкое"
9504,bottle,bottle,,things_made_of_plastic,candidate,hard_only,"связь верна, но неочевидна или слово редкое"
9505,straw,straw,,things_made_of_plastic,candidate,hard_only,"связь верна, но неочевидна или слово редкое"
9506,bag,bag,,things_made_of_plastic,candidate,hard_only,"связь верна, но неочевидна или слово редкое"
9507,toy,toy,,things_made_of_plastic,candidate,hard_only,"связь верна, но неочевидна или слово редкое"
9508,comb,comb,,things_made_of_plastic,candidate,hard_only,"связь верна, но неочевидна или слово редкое"
9509,ruler,ruler,,things_made_of_plastic,candidate,hard_only,"связь верна, но неочевидна или слово редкое"
9510,container,container,,things_made_of_plastic,candidate,hard_only,"связь верна, но неочевидна или слово редкое"
9511,crate,crate,,things_made_of_plastic,candidate,hard_only,"связь верна, но неочевидна или слово редкое"
9512,chair,chair,,things_made_of_plastic,candidate,hard_only,"связь верна, но неочевидна или слово редкое"
9513,pipe,pipe,,things_made_of_plastic,candidate,hard_only,"связь верна, но неочевидна или слово редкое"
9514,card,card,,things_made_of_plastic,candidate,hard_only,"связь верна, но неочевидна или слово редкое"
9515,keyboard,keyboard,,things_made_of_plastic,candidate,hard_only,"связь верна, но неочевидна или слово редкое"
9516,cup,cup,,things_made_of_plastic,candidate,hard_only,"связь верна, но неочевидна или слово редкое"
9517,hanger,hanger,,things_made_of_plastic,candidate,hard_only,"связь верна, но неочевидна или слово редкое"
9518,bucket,bucket,,things_made_of_plastic,candidate,hard_only,"связь верна, но неочевидна или слово редкое"
9519,helmet,helmet,,things_made_of_plastic,candidate,hard_only,"связь верна, но неочевидна или слово редкое"
9520,belt,belt,,things_made_of_leather,candidate,hard_only,"связь верна, но неочевидна или слово редкое"
9521,wallet,wallet,,things_made_of_leather,candidate,hard_only,"связь верна, но неочевидна или слово редкое"
9522,shoe,shoe,,things_made_of_leather,candidate,hard_only,"связь верна, но неочевидна или слово редкое"
9523,jacket,jacket,,things_made_of_leather,candidate,hard_only,"связь верна, но неочевидна или слово редкое"
9524,glove,glove,,things_made_of_leather,candidate,hard_only,"связь верна, но неочевидна или слово редкое"
9525,saddle,saddle,,things_made_of_leather,candidate,hard_only,"связь верна, но неочевидна или слово редкое"
9526,briefcase,briefcase,,things_made_of_leather,candidate,hard_only,"связь верна, но неочевидна или слово редкое"
9527,purse,purse,,things_made_of_leather,candidate,hard_only,"связь верна, но неочевидна или слово редкое"
9528,holster,holster,,things_made_of_leather,candidate,hard_only,"связь верна, но неочевидна или слово редкое"
9529,strap,strap,,things_made_of_leather,candidate,hard_only,"связь верна, но неочевидна или слово редкое"
9530,ball,ball,,things_made_of_leather,candidate,hard_only,"связь верна, но неочевидна или слово редкое"
9531,couch,couch,,things_made_of_leather,candidate,hard_only,"связь верна, но неочевидна или слово редкое"
9532,bookmark,bookmark,,things_made_of_leather,candidate,hard_only,"связь верна, но неочевидна или слово редкое"
9533,tire,tire,,things_made_of_rubber,candidate,hard_only,"связь верна, но неочевидна или слово редкое"
9534,band,band,,things_made_of_rubber,candidate,hard_only,"связь верна, но неочевидна или слово редкое"
9535,eraser,eraser,,things_made_of_rubber,candidate,hard_only,"связь верна, но неочевидна или слово редкое"
9536,glove,glove,,things_made_of_rubber,candidate,hard_only,"связь верна, но неочевидна или слово редкое"
9537,hose,hose,,things_made_of_rubber,candidate,hard_only,"связь верна, но неочевидна или слово редкое"
9538,ball,ball,,things_made_of_rubber,candidate,hard_only,"связь верна, но неочевидна или слово редкое"
9539,mat,mat,,things_made_of_rubber,candidate,hard_only,"связь верна, но неочевидна или слово редкое"
9540,duck,duck,,things_made_of_rubber,candidate,hard_only,"связь верна, но неочевидна или слово редкое"
9541,tube,tube,,things_made_of_rubber,candidate,hard_only,"связь верна, но неочевидна или слово редкое"
9542,bumper,bumper,,things_made_of_rubber,candidate,hard_only,"связь верна, но неочевидна или слово редкое"
9543,gasket,gasket,,things_made_of_rubber,candidate,hard_only,"связь верна, но неочевидна или слово редкое"
9562,gingham,gingham,,fabric_types,candidate,approved,"редкое в текстах, но общеизвестное слово"
9563,taffeta,taffeta,,fabric_types,candidate,hard_only,"связь верна, но неочевидна или слово редкое"
9566,feldspar,feldspar,,minerals,candidate,hard_only,"связь верна, но неочевидна или слово редкое"
9571,hematite,hematite,,minerals,candidate,hard_only,"связь верна, но неочевидна или слово редкое"
9574,halite,halite,,minerals,candidate,hard_only,"связь верна, но неочевидна или слово редкое"
9576,fluorite,fluorite,,minerals,candidate,hard_only,"связь верна, но неочевидна или слово редкое"
9577,azurite,azurite,,minerals,candidate,hard_only,"связь верна, но неочевидна или слово редкое"
9593,paper,paper,,recycled_materials,candidate,hard_only,"связь верна, но неочевидна или слово редкое"
9594,glass,glass,,recycled_materials,candidate,hard_only,"связь верна, но неочевидна или слово редкое"
9595,plastic,plastic,,recycled_materials,candidate,hard_only,"связь верна, но неочевидна или слово редкое"
9596,aluminum,aluminum,,recycled_materials,candidate,hard_only,"связь верна, но неочевидна или слово редкое"
9597,cardboard,cardboard,,recycled_materials,candidate,hard_only,"связь верна, но неочевидна или слово редкое"
9598,steel,steel,,recycled_materials,candidate,hard_only,"связь верна, но неочевидна или слово редкое"
9599,tin,tin,,recycled_materials,candidate,hard_only,"связь верна, но неочевидна или слово редкое"
9600,battery,battery,,recycled_materials,candidate,hard_only,"связь верна, но неочевидна или слово редкое"
9601,electronics,electronics,,recycled_materials,candidate,hard_only,"связь верна, но неочевидна или слово редкое"
9602,cloth,cloth,,recycled_materials,candidate,hard_only,"связь верна, но неочевидна или слово редкое"
9603,rubber,rubber,,recycled_materials,candidate,hard_only,"связь верна, но неочевидна или слово редкое"
9604,compost,compost,,recycled_materials,candidate,hard_only,"связь верна, но неочевидна или слово редкое"
9605,newspaper,newspaper,,recycled_materials,candidate,hard_only,"связь верна, но неочевидна или слово редкое"
9606,carton,carton,,recycled_materials,candidate,hard_only,"связь верна, но неочевидна или слово редкое"
9626,flour,flour,,powders,candidate,hard_only,"связь верна, но неочевидна или слово редкое"
9627,sugar,sugar,,powders,candidate,hard_only,"связь верна, но неочевидна или слово редкое"
9628,salt,salt,,powders,candidate,hard_only,"связь верна, но неочевидна или слово редкое"
9629,baking soda,baking soda,,powders,candidate,hard_only,"связь верна, но неочевидна или слово редкое"
9630,cocoa,cocoa,,powders,candidate,hard_only,"связь верна, но неочевидна или слово редкое"
9631,cinnamon,cinnamon,,powders,candidate,hard_only,"связь верна, но неочевидна или слово редкое"
9632,detergent,detergent,,powders,candidate,hard_only,"связь верна, но неочевидна или слово редкое"
9633,chalk,chalk,,powders,candidate,hard_only,"связь верна, но неочевидна или слово редкое"
9634,talcum,talcum,,powders,candidate,hard_only,"связь верна, но неочевидна или слово редкое"
9635,cement,cement,,powders,candidate,hard_only,"связь верна, но неочевидна или слово редкое"
9636,sand,sand,,powders,candidate,hard_only,"связь верна, но неочевидна или слово редкое"
9637,dust,dust,,powders,candidate,hard_only,"связь верна, но неочевидна или слово редкое"
9638,powdered milk,powdered milk,,powders,candidate,hard_only,"связь верна, но неочевидна или слово редкое"
9639,protein powder,protein powder,,powders,candidate,hard_only,"связь верна, но неочевидна или слово редкое"
9640,spice,spice,,powders,candidate,hard_only,"связь верна, но неочевидна или слово редкое"
9654,foam,foam,,insulating_materials,candidate,hard_only,"связь верна, но неочевидна или слово редкое"
9655,fiberglass,fiberglass,,insulating_materials,candidate,hard_only,"связь верна, но неочевидна или слово редкое"
9656,wool,wool,,insulating_materials,candidate,hard_only,"связь верна, но неочевидна или слово редкое"
9657,cork,cork,,insulating_materials,candidate,hard_only,"связь верна, но неочевидна или слово редкое"
9658,rubber,rubber,,insulating_materials,candidate,hard_only,"связь верна, но неочевидна или слово редкое"
9659,styrofoam,styrofoam,,insulating_materials,candidate,hard_only,"связь верна, но неочевидна или слово редкое"
9660,felt,felt,,insulating_materials,candidate,hard_only,"связь верна, но неочевидна или слово редкое"
9661,plastic,plastic,,insulating_materials,candidate,hard_only,"связь верна, но неочевидна или слово редкое"
9662,straw,straw,,insulating_materials,candidate,hard_only,"связь верна, но неочевидна или слово редкое"
9663,cotton,cotton,,insulating_materials,candidate,hard_only,"связь верна, но неочевидна или слово редкое"
9664,air,air,,insulating_materials,candidate,hard_only,"связь верна, но неочевидна или слово редкое"
9665,cellulose,cellulose,,insulating_materials,candidate,hard_only,"связь верна, но неочевидна или слово редкое"
9666,drywall,drywall,,insulating_materials,candidate,hard_only,"связь верна, но неочевидна или слово редкое"
9698,Tweety,tweety,,cartoon_characters,candidate,hard_only,"связь верна, но неочевидна или слово редкое"
9714,Tinkerbell,tinkerbell,,disney_characters,candidate,hard_only,"связь верна, но неочевидна или слово редкое"
9726,Rumpelstiltskin,rumpelstiltskin,,fairy_tales,candidate,hard_only,"связь верна, но неочевидна или слово редкое"
9727,Hansel and Gretel,hansel and gretel,,fairy_tales,candidate,hard_only,"связь верна, но неочевидна или слово редкое"
9733,Jack and the Beanstalk,jack and the beanstalk,,fairy_tales,candidate,hard_only,"связь верна, но неочевидна или слово редкое"
9736,Thumbelina,thumbelina,,fairy_tales,candidate,hard_only,"связь верна, но неочевидна или слово редкое"
9738,Humpty Dumpty,humpty dumpty,,nursery_rhymes,candidate,hard_only,"связь верна, но неочевидна или слово редкое"
9744,Hickory Dickory Dock,hickory dickory dock,,nursery_rhymes,candidate,hard_only,"связь верна, но неочевидна или слово редкое"
9749,Itsy Bitsy Spider,itsy bitsy spider,,nursery_rhymes,candidate,hard_only,"связь верна, но неочевидна или слово редкое"
9881,airwave,airwave,,radio_words,candidate,hard_only,"связь верна, но неочевидна или слово редкое"
9931,panel,panel,,comic_words,candidate,hard_only,"связь верна, но неочевидна или слово редкое"
9932,speech bubble,speech bubble,,comic_words,candidate,hard_only,"связь верна, но неочевидна или слово редкое"
9933,issue,issue,,comic_words,candidate,hard_only,"связь верна, но неочевидна или слово редкое"
9934,hero,hero,,comic_words,candidate,hard_only,"связь верна, но неочевидна или слово редкое"
9935,villain,villain,,comic_words,candidate,hard_only,"связь верна, но неочевидна или слово редкое"
9936,origin,origin,,comic_words,candidate,hard_only,"связь верна, но неочевидна или слово редкое"
9937,cape,cape,,comic_words,candidate,hard_only,"связь верна, но неочевидна или слово редкое"
9938,sidekick,sidekick,,comic_words,candidate,hard_only,"связь верна, но неочевидна или слово редкое"
9939,series,series,,comic_words,candidate,hard_only,"связь верна, но неочевидна или слово редкое"
9940,artist,artist,,comic_words,candidate,hard_only,"связь верна, но неочевидна или слово редкое"
9941,inker,inker,,comic_words,candidate,hard_only,"связь верна, но неочевидна или слово редкое"
9942,cover,cover,,comic_words,candidate,hard_only,"связь верна, но неочевидна или слово редкое"
9943,strip,strip,,comic_words,candidate,hard_only,"связь верна, но неочевидна или слово редкое"
9944,graphic novel,graphic novel,,comic_words,candidate,hard_only,"связь верна, но неочевидна или слово редкое"
9951,otoscope,otoscope,,medical_tools,candidate,rejected,слово практически не встречается в английском
9954,speculum,speculum,,medical_tools,candidate,hard_only,"связь верна, но неочевидна или слово редкое"
9991,lozenge,lozenge,,medicine_forms,candidate,approved,"редкое в текстах, но общеизвестное слово"
9993,suppository,suppository,,medicine_forms,candidate,hard_only,"связь верна, но неочевидна или слово редкое"
10006,thiamine,thiamine,,vitamins_and_minerals,candidate,hard_only,"связь верна, но неочевидна или слово редкое"
10007,riboflavin,riboflavin,,vitamins_and_minerals,candidate,hard_only,"связь верна, но неочевидна или слово редкое"
10017,orthopedics,orthopedics,,medical_specialties,candidate,hard_only,"связь верна, но неочевидна или слово редкое"
10023,geriatrics,geriatrics,,medical_specialties,candidate,hard_only,"связь верна, но неочевидна или слово редкое"
10060,chickenpox,chickenpox,,diseases,candidate,approved,"редкое в текстах, но общеизвестное слово"
10077,blood,blood,,body_fluids,candidate,hard_only,"связь верна, но неочевидна или слово редкое"
10078,sweat,sweat,,body_fluids,candidate,hard_only,"связь верна, но неочевидна или слово редкое"
10079,tear,tear,,body_fluids,candidate,hard_only,"связь верна, но неочевидна или слово редкое"
10080,saliva,saliva,,body_fluids,candidate,hard_only,"связь верна, но неочевидна или слово редкое"
10081,mucus,mucus,,body_fluids,candidate,hard_only,"связь верна, но неочевидна или слово редкое"
10082,plasma,plasma,,body_fluids,candidate,hard_only,"связь верна, но неочевидна или слово редкое"
10083,bile,bile,,body_fluids,candidate,hard_only,"связь верна, но неочевидна или слово редкое"
10084,urine,urine,,body_fluids,candidate,hard_only,"связь верна, но неочевидна или слово редкое"
10085,lymph,lymph,,body_fluids,candidate,hard_only,"связь верна, но неочевидна или слово редкое"
10086,milk,milk,,body_fluids,candidate,hard_only,"связь верна, но неочевидна или слово редкое"
10087,serum,serum,,body_fluids,candidate,hard_only,"связь верна, но неочевидна или слово редкое"
10088,sputum,sputum,,body_fluids,candidate,hard_only,"связь верна, но неочевидна или слово редкое"
10097,incisor,incisor,,dental_words,candidate,approved,"редкое в текстах, но общеизвестное слово"
10111,nearsighted,nearsighted,,vision_words,candidate,approved,"редкое в текстах, но общеизвестное слово"
10112,farsighted,farsighted,,vision_words,candidate,approved,"редкое в текстах, но общеизвестное слово"
10113,astigmatism,astigmatism,,vision_words,candidate,approved,"редкое в текстах, но общеизвестное слово"
10119,bifocal,bifocal,,vision_words,candidate,hard_only,"связь верна, но неочевидна или слово редкое"
10121,session,session,,therapy_words,candidate,hard_only,"связь верна, но неочевидна или слово редкое"
10122,exercise,exercise,,therapy_words,candidate,hard_only,"связь верна, но неочевидна или слово редкое"
10123,stretch,stretch,,therapy_words,candidate,hard_only,"связь верна, но неочевидна или слово редкое"
10124,rehab,rehab,,therapy_words,candidate,hard_only,"связь верна, но неочевидна или слово редкое"
10125,counselor,counselor,,therapy_words,candidate,hard_only,"связь верна, но неочевидна или слово редкое"
10126,progress,progress,,therapy_words,candidate,hard_only,"связь верна, но неочевидна или слово редкое"
10127,recovery,recovery,,therapy_words,candidate,hard_only,"связь верна, но неочевидна или слово редкое"
10128,brace,brace,,therapy_words,candidate,hard_only,"связь верна, но неочевидна или слово редкое"
10129,crutch,crutch,,therapy_words,candidate,hard_only,"связь верна, но неочевидна или слово редкое"
10130,walker,walker,,therapy_words,candidate,hard_only,"связь верна, но неочевидна или слово редкое"
10131,massage,massage,,therapy_words,candidate,hard_only,"связь верна, но неочевидна или слово редкое"
10132,treatment,treatment,,therapy_words,candidate,hard_only,"связь верна, но неочевидна или слово редкое"
10133,appointment,appointment,,therapy_words,candidate,hard_only,"связь верна, но неочевидна или слово редкое"
10134,goal,goal,,therapy_words,candidate,hard_only,"связь верна, но неочевидна или слово редкое"
10158,jetlag,jetlag,,sleep_and_rest,candidate,approved,"редкое в текстах, но общеизвестное слово"
10161,sleepwalk,sleepwalk,,sleep_and_rest,candidate,approved,"редкое в текстах, но общеизвестное слово"
10207,washcloth,washcloth,,hygiene,candidate,approved,"редкое в текстах, но общеизвестное слово"
10223,key,key,,things_on_a_keychain,candidate,hard_only,"связь верна, но неочевидна или слово редкое"
10224,fob,fob,,things_on_a_keychain,candidate,hard_only,"связь верна, но неочевидна или слово редкое"
10225,tag,tag,,things_on_a_keychain,candidate,hard_only,"связь верна, но неочевидна или слово редкое"
10226,charm,charm,,things_on_a_keychain,candidate,hard_only,"связь верна, но неочевидна или слово редкое"
10227,bottle opener,bottle opener,,things_on_a_keychain,candidate,hard_only,"связь верна, но неочевидна или слово редкое"
10228,flashlight,flashlight,,things_on_a_keychain,candidate,hard_only,"связь верна, но неочевидна или слово редкое"
10229,whistle,whistle,,things_on_a_keychain,candidate,hard_only,"связь верна, но неочевидна или слово редкое"
10230,ring,ring,,things_on_a_keychain,candidate,hard_only,"связь верна, но неочевидна или слово редкое"
10231,souvenir,souvenir,,things_on_a_keychain,candidate,hard_only,"связь верна, но неочевидна или слово редкое"
10232,usb drive,usb drive,,things_on_a_keychain,candidate,hard_only,"связь верна, но неочевидна или слово редкое"
10233,carabiner,carabiner,,things_on_a_keychain,candidate,hard_only,"связь верна, но неочевидна или слово редкое"
10234,lanyard,lanyard,,things_on_a_keychain,candidate,hard_only,"связь верна, но неочевидна или слово редкое"
10235,mini tool,mini tool,,things_on_a_keychain,candidate,hard_only,"связь верна, но неочевидна или слово редкое"
10243,hairbrush,hairbrush,,things_in_a_purse,candidate,approved,"редкое в текстах, но общеизвестное слово"
10262,shoes,shoes,,things_that_come_in_pairs,candidate,hard_only,"связь верна, но неочевидна или слово редкое"
10263,socks,socks,,things_that_come_in_pairs,candidate,hard_only,"связь верна, но неочевидна или слово редкое"
10264,gloves,gloves,,things_that_come_in_pairs,candidate,hard_only,"связь верна, но неочевидна или слово редкое"
10265,earrings,earrings,,things_that_come_in_pairs,candidate,hard_only,"связь верна, но неочевидна или слово редкое"
10266,eyes,eyes,,things_that_come_in_pairs,candidate,hard_only,"связь верна, но неочевидна или слово редкое"
10267,ears,ears,,things_that_come_in_pairs,candidate,hard_only,"связь верна, но неочевидна или слово редкое"
10268,hands,hands,,things_that_come_in_pairs,candidate,hard_only,"связь верна, но неочевидна или слово редкое"
10269,chopsticks,chopsticks,,things_that_come_in_pairs,candidate,hard_only,"связь верна, но неочевидна или слово редкое"
10270,scissors,scissors,,things_that_come_in_pairs,candidate,hard_only,"связь верна, но неочевидна или слово редкое"
10271,dice,dice,,things_that_come_in_pairs,candidate,hard_only,"связь верна, но неочевидна или слово редкое"
10272,skis,skis,,things_that_come_in_pairs,candidate,hard_only,"связь верна, но неочевидна или слово редкое"
10273,cufflinks,cufflinks,,things_that_come_in_pairs,candidate,hard_only,"связь верна, но неочевидна или слово редкое"
10274,twins,twins,,things_that_come_in_pairs,candidate,hard_only,"связь верна, но неочевидна или слово редкое"
10275,wings,wings,,things_that_come_in_pairs,candidate,hard_only,"связь верна, но неочевидна или слово редкое"
10276,lungs,lungs,,things_that_come_in_pairs,candidate,hard_only,"связь верна, но неочевидна или слово редкое"
10277,headphones,headphones,,things_that_come_in_pairs,candidate,hard_only,"связь верна, но неочевидна или слово редкое"
10292,manual,manual,,things_in_a_glove_box,candidate,hard_only,"связь верна, но неочевидна или слово редкое"
10293,registration,registration,,things_in_a_glove_box,candidate,hard_only,"связь верна, но неочевидна или слово редкое"
10294,insurance,insurance,,things_in_a_glove_box,candidate,hard_only,"связь верна, но неочевидна или слово редкое"
10295,napkins,napkins,,things_in_a_glove_box,candidate,hard_only,"связь верна, но неочевидна или слово редкое"
10296,tire gauge,tire gauge,,things_in_a_glove_box,candidate,hard_only,"связь верна, но неочевидна или слово редкое"
10297,flashlight,flashlight,,things_in_a_glove_box,candidate,hard_only,"связь верна, но неочевидна или слово редкое"
10298,sunglasses,sunglasses,,things_in_a_glove_box,candidate,hard_only,"связь верна, но неочевидна или слово редкое"
10299,map,map,,things_in_a_glove_box,candidate,hard_only,"связь верна, но неочевидна или слово редкое"
10300,Charger,charger,,things_in_a_glove_box,candidate,hard_only,"связь верна, но неочевидна или слово редкое"
10301,ice scraper,ice scraper,,things_in_a_glove_box,candidate,hard_only,"связь верна, но неочевидна или слово редкое"
10302,gum,gum,,things_in_a_glove_box,candidate,hard_only,"связь верна, но неочевидна или слово редкое"
10303,tissues,tissues,,things_in_a_glove_box,candidate,hard_only,"связь верна, но неочевидна или слово редкое"
10304,wrapper,wrapper,,things_you_recycle,candidate,hard_only,"связь верна, но неочевидна или слово редкое"
10305,bottle,bottle,,things_you_recycle,candidate,hard_only,"связь верна, но неочевидна или слово редкое"
10306,can,can,,things_you_recycle,candidate,hard_only,"связь верна, но неочевидна или слово редкое"
10307,box,box,,things_you_recycle,candidate,hard_only,"связь верна, но неочевидна или слово редкое"
10308,newspaper,newspaper,,things_you_recycle,candidate,hard_only,"связь верна, но неочевидна или слово редкое"
10309,receipt,receipt,,things_you_recycle,candidate,hard_only,"связь верна, но неочевидна или слово редкое"
10310,peel,peel,,things_you_recycle,candidate,hard_only,"связь верна, но неочевидна или слово редкое"
10311,bag,bag,,things_you_recycle,candidate,hard_only,"связь верна, но неочевидна или слово редкое"
10312,carton,carton,,things_you_recycle,candidate,hard_only,"связь верна, но неочевидна или слово редкое"
10313,jar,jar,,things_you_recycle,candidate,hard_only,"связь верна, но неочевидна или слово редкое"
10314,envelope,envelope,,things_you_recycle,candidate,hard_only,"связь верна, но неочевидна или слово редкое"
10315,core,core,,things_you_recycle,candidate,hard_only,"связь верна, но неочевидна или слово редкое"
10316,packaging,packaging,,things_you_recycle,candidate,hard_only,"связь верна, но неочевидна или слово редкое"
10317,phone,phone,,things_that_ring,candidate,hard_only,"связь верна, но неочевидна или слово редкое"
10318,bell,bell,,things_that_ring,candidate,hard_only,"связь верна, но неочевидна или слово редкое"
10319,alarm,alarm,,things_that_ring,candidate,hard_only,"связь верна, но неочевидна или слово редкое"
10320,doorbell,doorbell,,things_that_ring,candidate,hard_only,"связь верна, но неочевидна или слово редкое"
10321,timer,timer,,things_that_ring,candidate,hard_only,"связь верна, но неочевидна или слово редкое"
10322,clock,clock,,things_that_ring,candidate,hard_only,"связь верна, но неочевидна или слово редкое"
10323,buzzer,buzzer,,things_that_ring,candidate,hard_only,"связь верна, но неочевидна или слово редкое"
10324,chime,chime,,things_that_ring,candidate,hard_only,"связь верна, но неочевидна или слово редкое"
10325,cash register,cash register,,things_that_ring,candidate,hard_only,"связь верна, но неочевидна или слово редкое"
10326,church bell,church bell,,things_that_ring,candidate,hard_only,"связь верна, но неочевидна или слово редкое"
10327,bicycle bell,bicycle bell,,things_that_ring,candidate,hard_only,"связь верна, но неочевидна или слово редкое"
10328,dinner bell,dinner bell,,things_that_ring,candidate,hard_only,"связь верна, но неочевидна или слово редкое"
10329,clock,clock,,things_that_have_a_face,candidate,hard_only,"связь верна, но неочевидна или слово редкое"
10330,coin,coin,,things_that_have_a_face,candidate,hard_only,"связь верна, но неочевидна или слово редкое"
10331,playing card,playing card,,things_that_have_a_face,candidate,hard_only,"связь верна, но неочевидна или слово редкое"
10332,mountain,mountain,,things_that_have_a_face,candidate,hard_only,"связь верна, но неочевидна или слово редкое"
10333,cliff,cliff,,things_that_have_a_face,candidate,hard_only,"связь верна, но неочевидна или слово редкое"
10334,building,building,,things_that_have_a_face,candidate,hard_only,"связь верна, но неочевидна или слово редкое"
10335,doll,doll,,things_that_have_a_face,candidate,hard_only,"связь верна, но неочевидна или слово редкое"
10336,mask,mask,,things_that_have_a_face,candidate,hard_only,"связь верна, но неочевидна или слово редкое"
10337,puppet,puppet,,things_that_have_a_face,candidate,hard_only,"связь верна, но неочевидна или слово редкое"
10338,snowman,snowman,,things_that_have_a_face,candidate,hard_only,"связь верна, но неочевидна или слово редкое"
10339,jack o lantern,jack o lantern,,things_that_have_a_face,candidate,hard_only,"связь верна, но неочевидна или слово редкое"
10340,poster,poster,,things_that_have_a_face,candidate,hard_only,"связь верна, но неочевидна или слово редкое"
10341,dice,dice,,things_that_have_a_face,candidate,hard_only,"связь верна, но неочевидна или слово редкое"
10352,Demeter,demeter,,greek_gods,candidate,hard_only,"связь верна, но неочевидна или слово редкое"
10353,Hephaestus,hephaestus,,greek_gods,candidate,hard_only,"связь верна, но неочевидна или слово редкое"
10356,Hestia,hestia,,greek_gods,candidate,hard_only,"связь верна, но неочевидна или слово редкое"
10375,Frigg,frigg,,norse_gods,candidate,hard_only,"связь верна, но неочевидна или слово редкое"
10376,Balder,balder,,norse_gods,candidate,hard_only,"связь верна, но неочевидна или слово редкое"
10377,Heimdall,heimdall,,norse_gods,candidate,hard_only,"связь верна, но неочевидна или слово редкое"
10379,Njord,njord,,norse_gods,candidate,hard_only,"связь верна, но неочевидна или слово редкое"
10380,Idun,idun,,norse_gods,candidate,rejected,слово практически не встречается в английском
10382,Vidar,vidar,,norse_gods,candidate,hard_only,"связь верна, но неочевидна или слово редкое"
10406,basilisk,basilisk,,mythical_monsters,candidate,hard_only,"связь верна, но неочевидна или слово редкое"
10407,manticore,manticore,,mythical_monsters,candidate,hard_only,"связь верна, но неочевидна или слово редкое"
10448,broomstick,broomstick,,magic_objects,candidate,approved,"редкое в текстах, но общеизвестное слово"
10449,spellbook,spellbook,,magic_objects,candidate,hard_only,"связь верна, но неочевидна или слово редкое"
10469,Johnny Appleseed,johnny appleseed,,american_legends,candidate,hard_only,"связь верна, но неочевидна или слово редкое"
10477,crystal ball,crystal ball,,fortune_telling,candidate,hard_only,"связь верна, но неочевидна или слово редкое"
10478,tarot,tarot,,fortune_telling,candidate,hard_only,"связь верна, но неочевидна или слово редкое"
10479,palm,palm,,fortune_telling,candidate,hard_only,"связь верна, но неочевидна или слово редкое"
10480,tea leaves,tea leaves,,fortune_telling,candidate,hard_only,"связь верна, но неочевидна или слово редкое"
10481,horoscope,horoscope,,fortune_telling,candidate,hard_only,"связь верна, но неочевидна или слово редкое"
10482,rune,rune,,fortune_telling,candidate,hard_only,"связь верна, но неочевидна или слово редкое"
10483,pendulum,pendulum,,fortune_telling,candidate,hard_only,"связь верна, но неочевидна или слово редкое"
10484,cards,cards,,fortune_telling,candidate,hard_only,"связь верна, но неочевидна или слово редкое"
10485,stars,stars,,fortune_telling,candidate,hard_only,"связь верна, но неочевидна или слово редкое"
10486,dice,dice,,fortune_telling,candidate,hard_only,"связь верна, но неочевидна или слово редкое"
10487,omen,omen,,fortune_telling,candidate,hard_only,"связь верна, но неочевидна или слово редкое"
10488,Oracle,oracle,,fortune_telling,candidate,hard_only,"связь верна, но неочевидна или слово редкое"
10489,dream,dream,,fortune_telling,candidate,hard_only,"связь верна, но неочевидна или слово редкое"
10502,black cat,black cat,,superstitions,candidate,hard_only,"связь верна, но неочевидна или слово редкое"
10503,ladder,ladder,,superstitions,candidate,hard_only,"связь верна, но неочевидна или слово редкое"
10504,mirror,mirror,,superstitions,candidate,hard_only,"связь верна, но неочевидна или слово редкое"
10505,horseshoe,horseshoe,,superstitions,candidate,hard_only,"связь верна, но неочевидна или слово редкое"
10506,four leaf clover,four leaf clover,,superstitions,candidate,hard_only,"связь верна, но неочевидна или слово редкое"
10507,rabbit foot,rabbit foot,,superstitions,candidate,hard_only,"связь верна, но неочевидна или слово редкое"
10508,wishbone,wishbone,,superstitions,candidate,hard_only,"связь верна, но неочевидна или слово редкое"
10509,salt,salt,,superstitions,candidate,hard_only,"связь верна, но неочевидна или слово редкое"
10510,penny,penny,,superstitions,candidate,hard_only,"связь верна, но неочевидна или слово редкое"
10511,umbrella,umbrella,,superstitions,candidate,hard_only,"связь верна, но неочевидна или слово редкое"
10512,cross,cross,,superstitions,candidate,hard_only,"связь верна, но неочевидна или слово редкое"
10513,knock on wood,knock on wood,,superstitions,candidate,hard_only,"связь верна, но неочевидна или слово редкое"
10514,broken mirror,broken mirror,,superstitions,candidate,hard_only,"связь верна, но неочевидна или слово редкое"
10531,beanstalk,beanstalk,,fairy_tale_things,candidate,approved,"редкое в текстах, но общеизвестное слово"
10537,breadcrumb,breadcrumb,,fairy_tale_things,candidate,hard_only,"связь верна, но неочевидна или слово редкое"
10624,jack,jack,,short_names,candidate,hard_only,"связь верна, но неочевидна или слово редкое"
10625,John,john,,short_names,candidate,hard_only,"связь верна, но неочевидна или слово редкое"
10626,Kate,kate,,short_names,candidate,hard_only,"связь верна, но неочевидна или слово редкое"
10627,Paul,paul,,short_names,candidate,hard_only,"связь верна, но неочевидна или слово редкое"
10628,Ann,ann,,short_names,candidate,hard_only,"связь верна, но неочевидна или слово редкое"
10629,Jane,jane,,short_names,candidate,hard_only,"связь верна, но неочевидна или слово редкое"
10630,mark,mark,,short_names,candidate,hard_only,"связь верна, но неочевидна или слово редкое"
10631,Grace,grace,,short_names,candidate,hard_only,"связь верна, но неочевидна или слово редкое"
10632,James,james,,short_names,candidate,hard_only,"связь верна, но неочевидна или слово редкое"
10633,Blake,blake,,short_names,candidate,hard_only,"связь верна, но неочевидна или слово редкое"
10634,Bruce,bruce,,short_names,candidate,hard_only,"связь верна, но неочевидна или слово редкое"
10635,Claire,claire,,short_names,candidate,hard_only,"связь верна, но неочевидна или слово редкое"
10636,dean,dean,,short_names,candidate,hard_only,"связь верна, но неочевидна или слово редкое"
10637,Faith,faith,,short_names,candidate,hard_only,"связь верна, но неочевидна или слово редкое"
10638,George,george,,short_names,candidate,hard_only,"связь верна, но неочевидна или слово редкое"
10639,Hope,hope,,short_names,candidate,hard_only,"связь верна, но неочевидна или слово редкое"
10640,Joyce,joyce,,short_names,candidate,hard_only,"связь верна, но неочевидна или слово редкое"
10641,Luke,luke,,short_names,candidate,hard_only,"связь верна, но неочевидна или слово редкое"
10642,rose,rose,,short_names,candidate,hard_only,"связь верна, но неочевидна или слово редкое"
10643,Scott,scott,,short_names,candidate,hard_only,"связь верна, но неочевидна или слово редкое"
10710,Austin,austin,,place_names_as_names,candidate,hard_only,"связь верна, но неочевидна или слово редкое"
10711,Dakota,dakota,,place_names_as_names,candidate,hard_only,"связь верна, но неочевидна или слово редкое"
10712,Georgia,georgia,,place_names_as_names,candidate,hard_only,"связь верна, но неочевидна или слово редкое"
10713,Jordan,jordan,,place_names_as_names,candidate,hard_only,"связь верна, но неочевидна или слово редкое"
10714,Paris,paris,,place_names_as_names,candidate,hard_only,"связь верна, но неочевидна или слово редкое"
10715,Sydney,sydney,,place_names_as_names,candidate,hard_only,"связь верна, но неочевидна или слово редкое"
10716,Brooklyn,brooklyn,,place_names_as_names,candidate,hard_only,"связь верна, но неочевидна или слово редкое"
10717,Cheyenne,cheyenne,,place_names_as_names,candidate,hard_only,"связь верна, но неочевидна или слово редкое"
10718,Aspen,aspen,,place_names_as_names,candidate,hard_only,"связь верна, но неочевидна или слово редкое"
10719,phoenix,phoenix,,place_names_as_names,candidate,hard_only,"связь верна, но неочевидна или слово редкое"
10720,Madison,madison,,place_names_as_names,candidate,hard_only,"связь верна, но неочевидна или слово редкое"
10721,Kenya,kenya,,place_names_as_names,candidate,hard_only,"связь верна, но неочевидна или слово редкое"
10722,Israel,israel,,place_names_as_names,candidate,hard_only,"связь верна, но неочевидна или слово редкое"
10723,Devon,devon,,place_names_as_names,candidate,hard_only,"связь верна, но неочевидна или слово редкое"
10724,Savannah,savannah,,place_names_as_names,candidate,hard_only,"связь верна, но неочевидна или слово редкое"
10725,Trenton,trenton,,place_names_as_names,candidate,hard_only,"связь верна, но неочевидна или слово редкое"
10816,Haruto,haruto,,japanese_names,candidate,hard_only,"связь верна, но неочевидна или слово редкое"
10818,Daichi,daichi,,japanese_names,candidate,hard_only,"связь верна, но неочевидна или слово редкое"
10824,Kaito,kaito,,japanese_names,candidate,hard_only,"связь верна, но неочевидна или слово редкое"
10845,Freja,freja,,scandinavian_names,candidate,hard_only,"связь верна, но неочевидна или слово редкое"
10847,Sigrid,sigrid,,scandinavian_names,candidate,hard_only,"связь верна, но неочевидна или слово редкое"
10851,Solveig,solveig,,scandinavian_names,candidate,hard_only,"связь верна, но неочевидна или слово редкое"
10853,Linnea,linnea,,scandinavian_names,candidate,hard_only,"связь верна, но неочевидна или слово редкое"
10945,petunia,petunia,,flowers,candidate,approved,"редкое в текстах, но общеизвестное слово"
10949,begonia,begonia,,flowers,candidate,hard_only,"связь верна, но неочевидна или слово редкое"
10951,zinnia,zinnia,,flowers,candidate,hard_only,"связь верна, но неочевидна или слово редкое"
10962,stamen,stamen,,flower_parts,candidate,hard_only,"связь верна, но неочевидна или слово редкое"
10964,sepal,sepal,,flower_parts,candidate,hard_only,"связь верна, но неочевидна или слово редкое"
10966,pistil,pistil,,flower_parts,candidate,hard_only,"связь верна, но неочевидна или слово редкое"
11002,hailstorm,hailstorm,,storms,candidate,hard_only,"связь верна, но неочевидна или слово редкое"
11029,watermelon,watermelon,,things_with_seeds,candidate,hard_only,"связь верна, но неочевидна или слово редкое"
11030,sunflower,sunflower,,things_with_seeds,candidate,hard_only,"связь верна, но неочевидна или слово редкое"
11031,pumpkin,pumpkin,,things_with_seeds,candidate,hard_only,"связь верна, но неочевидна или слово редкое"
11032,tomato,tomato,,things_with_seeds,candidate,hard_only,"связь верна, но неочевидна или слово редкое"
11033,grape,grape,,things_with_seeds,candidate,hard_only,"связь верна, но неочевидна или слово редкое"
11034,pepper,pepper,,things_with_seeds,candidate,hard_only,"связь верна, но неочевидна или слово редкое"
11035,cucumber,cucumber,,things_with_seeds,candidate,hard_only,"связь верна, но неочевидна или слово редкое"
11036,pear,pear,,things_with_seeds,candidate,hard_only,"связь верна, но неочевидна или слово редкое"
11037,pomegranate,pomegranate,,things_with_seeds,candidate,hard_only,"связь верна, но неочевидна или слово редкое"
11038,squash,squash,,things_with_seeds,candidate,hard_only,"связь верна, но неочевидна или слово редкое"
11039,melon,melon,,things_with_seeds,candidate,hard_only,"связь верна, но неочевидна или слово редкое"
11040,fig,fig,,things_with_seeds,candidate,hard_only,"связь верна, но неочевидна или слово редкое"
11041,kiwi,kiwi,,things_with_seeds,candidate,hard_only,"связь верна, но неочевидна или слово редкое"
11042,avocado,avocado,,things_with_seeds,candidate,hard_only,"связь верна, но неочевидна или слово редкое"
11043,peach,peach,,things_with_seeds,candidate,hard_only,"связь верна, но неочевидна или слово редкое"
11044,plum,plum,,things_with_seeds,candidate,hard_only,"связь верна, но неочевидна или слово редкое"
11045,cherry,cherry,,things_with_seeds,candidate,hard_only,"связь верна, но неочевидна или слово редкое"
11046,sesame,sesame,,things_with_seeds,candidate,hard_only,"связь верна, но неочевидна или слово редкое"
11047,pinecone,pinecone,,things_with_seeds,candidate,hard_only,"связь верна, но неочевидна или слово редкое"
11048,bean,bean,,things_with_seeds,candidate,hard_only,"связь верна, но неочевидна или слово редкое"
11049,corn,corn,,things_with_seeds,candidate,hard_only,"связь верна, но неочевидна или слово редкое"
11050,poppy,poppy,,things_with_seeds,candidate,hard_only,"связь верна, но неочевидна или слово редкое"
11051,strawberry,strawberry,,things_with_seeds,candidate,hard_only,"связь верна, но неочевидна или слово редкое"
11076,Delta,delta,,river_features,candidate,hard_only,"связь верна, но неочевидна или слово редкое"
11077,rapids,rapids,,river_features,candidate,hard_only,"связь верна, но неочевидна или слово редкое"
11078,bend,bend,,river_features,candidate,hard_only,"связь верна, но неочевидна или слово редкое"
11079,channel,channel,,river_features,candidate,hard_only,"связь верна, но неочевидна или слово редкое"
11080,source,source,,river_features,candidate,hard_only,"связь верна, но неочевидна или слово редкое"
11081,tributary,tributary,,river_features,candidate,hard_only,"связь верна, но неочевидна или слово редкое"
11082,shore,shore,,river_features,candidate,hard_only,"связь верна, но неочевидна или слово редкое"
11083,Ford,ford,,river_features,candidate,hard_only,"связь верна, но неочевидна или слово редкое"
11084,basin,basin,,river_features,candidate,hard_only,"связь верна, но неочевидна или слово редкое"
11085,waterfall,waterfall,,river_features,candidate,hard_only,"связь верна, но неочевидна или слово редкое"
11086,sandbar,sandbar,,river_features,candidate,hard_only,"связь верна, но неочевидна или слово редкое"
11087,levee,levee,,river_features,candidate,hard_only,"связь верна, но неочевидна или слово редкое"
11088,gorge,gorge,,river_features,candidate,hard_only,"связь верна, но неочевидна или слово редкое"
11089,floodplain,floodplain,,river_features,candidate,hard_only,"связь верна, но неочевидна или слово редкое"
11090,eddy,eddy,,river_features,candidate,hard_only,"связь верна, но неочевидна или слово редкое"
11091,headwater,headwater,,river_features,candidate,hard_only,"связь верна, но неочевидна или слово редкое"
11092,bed,bed,,river_features,candidate,hard_only,"связь верна, но неочевидна или слово редкое"
11149,molt,molt,,seasons_and_nature,candidate,hard_only,"связь верна, но неочевидна или слово редкое"
11165,hosta,hosta,,garden_plants,candidate,hard_only,"связь верна, но неочевидна или слово редкое"
11169,moss,moss,,wild_plants,candidate,hard_only,"связь верна, но неочевидна или слово редкое"
11170,Fern,fern,,wild_plants,candidate,hard_only,"связь верна, но неочевидна или слово редкое"
11171,weed,weed,,wild_plants,candidate,hard_only,"связь верна, но неочевидна или слово редкое"
11172,thistle,thistle,,wild_plants,candidate,hard_only,"связь верна, но неочевидна или слово редкое"
11173,clover,clover,,wild_plants,candidate,hard_only,"связь верна, но неочевидна или слово редкое"
11174,dandelion,dandelion,,wild_plants,candidate,hard_only,"связь верна, но неочевидна или слово редкое"
11175,nettle,nettle,,wild_plants,candidate,hard_only,"связь верна, но неочевидна или слово редкое"
11176,Ivy,ivy,,wild_plants,candidate,hard_only,"связь верна, но неочевидна или слово редкое"
11177,vine,vine,,wild_plants,candidate,hard_only,"связь верна, но неочевидна или слово редкое"
11178,bramble,bramble,,wild_plants,candidate,hard_only,"связь верна, но неочевидна или слово редкое"
11179,cattail,cattail,,wild_plants,candidate,hard_only,"связь верна, но неочевидна или слово редкое"
11180,milkweed,milkweed,,wild_plants,candidate,hard_only,"связь верна, но неочевидна или слово редкое"
11181,goldenrod,goldenrod,,wild_plants,candidate,hard_only,"связь верна, но неочевидна или слово редкое"
11182,ragweed,ragweed,,wild_plants,candidate,hard_only,"связь верна, но неочевидна или слово редкое"
11183,bracken,bracken,,wild_plants,candidate,hard_only,"связь верна, но неочевидна или слово редкое"
11184,lichen,lichen,,wild_plants,candidate,hard_only,"связь верна, но неочевидна или слово редкое"
11185,reed,reed,,wild_plants,candidate,hard_only,"связь верна, но неочевидна или слово редкое"
11186,sedge,sedge,,wild_plants,candidate,hard_only,"связь верна, но неочевидна или слово редкое"
11187,mushroom,mushroom,,mushrooms_and_fungi,candidate,hard_only,"связь верна, но неочевидна или слово редкое"
11188,toadstool,toadstool,,mushrooms_and_fungi,candidate,hard_only,"связь верна, но неочевидна или слово редкое"
11189,mold,mold,,mushrooms_and_fungi,candidate,hard_only,"связь верна, но неочевидна или слово редкое"
11190,yeast,yeast,,mushrooms_and_fungi,candidate,hard_only,"связь верна, но неочевидна или слово редкое"
11191,truffle,truffle,,mushrooms_and_fungi,candidate,hard_only,"связь верна, но неочевидна или слово редкое"
11192,shiitake,shiitake,,mushrooms_and_fungi,candidate,hard_only,"связь верна, но неочевидна или слово редкое"
11193,portobello,portobello,,mushrooms_and_fungi,candidate,hard_only,"связь верна, но неочевидна или слово редкое"
11194,morel,morel,,mushrooms_and_fungi,candidate,hard_only,"связь верна, но неочевидна или слово редкое"
11195,chanterelle,chanterelle,,mushrooms_and_fungi,candidate,hard_only,"связь верна, но неочевидна или слово редкое"
11196,puffball,puffball,,mushrooms_and_fungi,candidate,hard_only,"связь верна, но неочевидна или слово редкое"
11197,mildew,mildew,,mushrooms_and_fungi,candidate,hard_only,"связь верна, но неочевидна или слово редкое"
11198,button mushroom,button mushroom,,mushrooms_and_fungi,candidate,hard_only,"связь верна, но неочевидна или слово редкое"
11212,mudslide,mudslide,,natural_disasters,candidate,hard_only,"связь верна, но неочевидна или слово редкое"
11224,pinecone,pinecone,,things_in_the_forest,candidate,approved,"редкое в текстах, но общеизвестное слово"
11253,ice,ice,,water_states,candidate,hard_only,"связь верна, но неочевидна или слово редкое"
11254,snow,snow,,water_states,candidate,hard_only,"связь верна, но неочевидна или слово редкое"
11255,steam,steam,,water_states,candidate,hard_only,"связь верна, но неочевидна или слово редкое"
11256,rain,rain,,water_states,candidate,hard_only,"связь верна, но неочевидна или слово редкое"
11257,hail,hail,,water_states,candidate,hard_only,"связь верна, но неочевидна или слово редкое"
11258,frost,frost,,water_states,candidate,hard_only,"связь верна, но неочевидна или слово редкое"
11259,dew,dew,,water_states,candidate,hard_only,"связь верна, но неочевидна или слово редкое"
11260,fog,fog,,water_states,candidate,hard_only,"связь верна, но неочевидна или слово редкое"
11261,mist,mist,,water_states,candidate,hard_only,"связь верна, но неочевидна или слово редкое"
11262,sleet,sleet,,water_states,candidate,hard_only,"связь верна, но неочевидна или слово редкое"
11263,vapor,vapor,,water_states,candidate,hard_only,"связь верна, но неочевидна или слово редкое"
11264,slush,slush,,water_states,candidate,hard_only,"связь верна, но неочевидна или слово редкое"
11265,icicle,icicle,,water_states,candidate,hard_only,"связь верна, но неочевидна или слово редкое"
11266,glacier,glacier,,water_states,candidate,hard_only,"связь верна, но неочевидна или слово редкое"
11267,cloud,cloud,,water_states,candidate,hard_only,"связь верна, но неочевидна или слово редкое"
11268,puddle,puddle,,water_states,candidate,hard_only,"связь верна, но неочевидна или слово редкое"
11269,drizzle,drizzle,,water_states,candidate,hard_only,"связь верна, но неочевидна или слово редкое"
11270,humidity,humidity,,water_states,candidate,hard_only,"связь верна, но неочевидна или слово редкое"
11288,glowstick,glowstick,,light_sources,candidate,hard_only,"связь верна, но неочевидна или слово редкое"
11289,streetlight,streetlight,,light_sources,candidate,approved,"редкое в текстах, но общеизвестное слово"
11290,tree,tree,,things_that_grow,candidate,hard_only,"связь верна, но неочевидна или слово редкое"
11291,plant,plant,,things_that_grow,candidate,hard_only,"связь верна, но неочевидна или слово редкое"
11292,flower,flower,,things_that_grow,candidate,hard_only,"связь верна, но неочевидна или слово редкое"
11293,grass,grass,,things_that_grow,candidate,hard_only,"связь верна, но неочевидна или слово редкое"
11294,child,child,,things_that_grow,candidate,hard_only,"связь верна, но неочевидна или слово редкое"
11295,hair,hair,,things_that_grow,candidate,hard_only,"связь верна, но неочевидна или слово редкое"
11296,crystal,crystal,,things_that_grow,candidate,hard_only,"связь верна, но неочевидна или слово редкое"
11297,seedling,seedling,,things_that_grow,candidate,hard_only,"связь верна, но неочевидна или слово редкое"
11298,sapling,sapling,,things_that_grow,candidate,hard_only,"связь верна, но неочевидна или слово редкое"
11299,vine,vine,,things_that_grow,candidate,hard_only,"связь верна, но неочевидна или слово редкое"
11300,weed,weed,,things_that_grow,candidate,hard_only,"связь верна, но неочевидна или слово редкое"
11301,moss,moss,,things_that_grow,candidate,hard_only,"связь верна, но неочевидна или слово редкое"
11302,crop,crop,,things_that_grow,candidate,hard_only,"связь верна, но неочевидна или слово редкое"
11303,bud,bud,,things_that_grow,candidate,hard_only,"связь верна, но неочевидна или слово редкое"
11304,root,root,,things_that_grow,candidate,hard_only,"связь верна, но неочевидна или слово редкое"
11305,leaf,leaf,,things_that_grow,candidate,hard_only,"связь верна, но неочевидна или слово редкое"
11306,mushroom,mushroom,,things_that_grow,candidate,hard_only,"связь верна, но неочевидна или слово редкое"
11307,root,root,,underground_things,candidate,hard_only,"связь верна, но неочевидна или слово редкое"
11308,worm,worm,,underground_things,candidate,hard_only,"связь верна, но неочевидна или слово редкое"
11309,tunnel,tunnel,,underground_things,candidate,hard_only,"связь верна, но неочевидна или слово редкое"
11310,cave,cave,,underground_things,candidate,hard_only,"связь верна, но неочевидна или слово редкое"
11311,pipe,pipe,,underground_things,candidate,hard_only,"связь верна, но неочевидна или слово редкое"
11312,ore,ore,,underground_things,candidate,hard_only,"связь верна, но неочевидна или слово редкое"
11313,fossil,fossil,,underground_things,candidate,hard_only,"связь верна, но неочевидна или слово редкое"
11314,seed,seed,,underground_things,candidate,hard_only,"связь верна, но неочевидна или слово редкое"
11315,burrow,burrow,,underground_things,candidate,hard_only,"связь верна, но неочевидна или слово редкое"
11316,Subway,subway,,underground_things,candidate,hard_only,"связь верна, но неочевидна или слово редкое"
11317,aquifer,aquifer,,underground_things,candidate,hard_only,"связь верна, но неочевидна или слово редкое"
11318,bulb,bulb,,underground_things,candidate,hard_only,"связь верна, но неочевидна или слово редкое"
11319,mine,mine,,underground_things,candidate,hard_only,"связь верна, но неочевидна или слово редкое"
11320,treasure,treasure,,underground_things,candidate,hard_only,"связь верна, но неочевидна или слово редкое"
11321,sewer,sewer,,underground_things,candidate,hard_only,"связь верна, но неочевидна или слово редкое"
11322,coal,coal,,underground_things,candidate,hard_only,"связь верна, но неочевидна или слово редкое"
11323,ant nest,ant nest,,underground_things,candidate,hard_only,"связь верна, но неочевидна или слово редкое"
11335,sandcastle,sandcastle,,sea_shore_things,candidate,approved,"редкое в текстах, но общеизвестное слово"
11362,timberline,timberline,,mountain_things,candidate,hard_only,"связь верна, но неочевидна или слово редкое"
11363,footprint,footprint,,animal_tracks_and_signs,candidate,hard_only,"связь верна, но неочевидна или слово редкое"
11364,track,track,,animal_tracks_and_signs,candidate,hard_only,"связь верна, но неочевидна или слово редкое"
11365,hole,hole,,animal_tracks_and_signs,candidate,hard_only,"связь верна, но неочевидна или слово редкое"
11366,worm,worm,,animal_tracks_and_signs,candidate,hard_only,"связь верна, но неочевидна или слово редкое"
11367,root,root,,animal_tracks_and_signs,candidate,hard_only,"связь верна, но неочевидна или слово редкое"
11368,pebble,pebble,,animal_tracks_and_signs,candidate,hard_only,"связь верна, но неочевидна или слово редкое"
11369,tire mark,tire mark,,animal_tracks_and_signs,candidate,hard_only,"связь верна, но неочевидна или слово редкое"
11370,ant,ant,,animal_tracks_and_signs,candidate,hard_only,"связь верна, но неочевидна или слово редкое"
11371,puddle,puddle,,animal_tracks_and_signs,candidate,hard_only,"связь верна, но неочевидна или слово редкое"
11372,mud,mud,,animal_tracks_and_signs,candidate,hard_only,"связь верна, но неочевидна или слово редкое"
11373,gravel,gravel,,animal_tracks_and_signs,candidate,hard_only,"связь верна, но неочевидна или слово редкое"
11374,seed,seed,,animal_tracks_and_signs,candidate,hard_only,"связь верна, но неочевидна или слово редкое"
11375,stone,stone,,animal_tracks_and_signs,candidate,hard_only,"связь верна, но неочевидна или слово редкое"
11376,dust,dust,,animal_tracks_and_signs,candidate,hard_only,"связь верна, но неочевидна или слово редкое"
11377,twig,twig,,animal_tracks_and_signs,candidate,hard_only,"связь верна, но неочевидна или слово редкое"
11380,Krakatoa,krakatoa,,volcanoes,candidate,hard_only,"связь верна, но неочевидна или слово редкое"
11382,Kilauea,kilauea,,volcanoes,candidate,hard_only,"связь верна, но неочевидна или слово редкое"
11383,Mauna Loa,mauna loa,,volcanoes,candidate,hard_only,"связь верна, но неочевидна или слово редкое"
11385,Pinatubo,pinatubo,,volcanoes,candidate,hard_only,"связь верна, но неочевидна или слово редкое"
11386,Popocatepetl,popocatepetl,,volcanoes,candidate,hard_only,"связь верна, но неочевидна или слово редкое"
11387,Stromboli,stromboli,,volcanoes,candidate,hard_only,"связь верна, но неочевидна или слово редкое"
11388,Cotopaxi,cotopaxi,,volcanoes,candidate,hard_only,"связь верна, но неочевидна или слово редкое"
11393,Iguazu,iguazu,,waterfalls,candidate,hard_only,"связь верна, но неочевидна или слово редкое"
11395,Multnomah,multnomah,,waterfalls,candidate,hard_only,"связь верна, но неочевидна или слово редкое"
11396,Havasu,havasu,,waterfalls,candidate,hard_only,"связь верна, но неочевидна или слово редкое"
11397,Shoshone,shoshone,,waterfalls,candidate,hard_only,"связь верна, но неочевидна или слово редкое"
11398,Gullfoss,gullfoss,,waterfalls,candidate,rejected,слово практически не встречается в английском
11402,Baikal,baikal,,world_lakes,candidate,hard_only,"связь верна, но неочевидна или слово редкое"
11405,Titicaca,titicaca,,world_lakes,candidate,hard_only,"связь верна, но неочевидна или слово редкое"
11439,rainforest,rainforest,,forest_types,candidate,hard_only,"связь верна, но неочевидна или слово редкое"
11440,pine forest,pine forest,,forest_types,candidate,hard_only,"связь верна, но неочевидна или слово редкое"
11441,deciduous,deciduous,,forest_types,candidate,hard_only,"связь верна, но неочевидна или слово редкое"
11442,boreal,boreal,,forest_types,candidate,hard_only,"связь верна, но неочевидна или слово редкое"
11443,mangrove,mangrove,,forest_types,candidate,hard_only,"связь верна, но неочевидна или слово редкое"
11444,cloud forest,cloud forest,,forest_types,candidate,hard_only,"связь верна, но неочевидна или слово редкое"
11445,jungle,jungle,,forest_types,candidate,hard_only,"связь верна, но неочевидна или слово редкое"
11446,grove,grove,,forest_types,candidate,hard_only,"связь верна, но неочевидна или слово редкое"
11447,woodland,woodland,,forest_types,candidate,hard_only,"связь верна, но неочевидна или слово редкое"
11448,thicket,thicket,,forest_types,candidate,hard_only,"связь верна, но неочевидна или слово редкое"
11449,old growth,old growth,,forest_types,candidate,hard_only,"связь верна, но неочевидна или слово редкое"
11450,taiga,taiga,,forest_types,candidate,hard_only,"связь верна, но неочевидна или слово редкое"
11479,stalactite,stalactite,,cave_things,candidate,hard_only,"связь верна, но неочевидна или слово редкое"
11480,stalagmite,stalagmite,,cave_things,candidate,hard_only,"связь верна, но неочевидна или слово редкое"
11543,hayride,hayride,,seasons_fall,candidate,approved,"редкое в текстах, но общеизвестное слово"
11547,cornstalk,cornstalk,,seasons_fall,candidate,hard_only,"связь верна, но неочевидна или слово редкое"
11553,mitten,mitten,,seasons_winter,candidate,approved,"редкое в текстах, но общеизвестное слово"
11554,icicle,icicle,,seasons_winter,candidate,approved,"редкое в текстах, но общеизвестное слово"
11570,gibbous,gibbous,,tide_and_moon,candidate,hard_only,"связь верна, но неочевидна или слово редкое"
11577,supermoon,supermoon,,tide_and_moon,candidate,hard_only,"связь верна, но неочевидна или слово редкое"
11578,erosion,erosion,,erosion_words,candidate,hard_only,"связь верна, но неочевидна или слово редкое"
11579,flood,flood,,erosion_words,candidate,hard_only,"связь верна, но неочевидна или слово редкое"
11580,carve,carve,,erosion_words,candidate,hard_only,"связь верна, но неочевидна или слово редкое"
11581,deposit,deposit,,erosion_words,candidate,hard_only,"связь верна, но неочевидна или слово редкое"
11582,sediment,sediment,,erosion_words,candidate,hard_only,"связь верна, но неочевидна или слово редкое"
11583,Delta,delta,,erosion_words,candidate,hard_only,"связь верна, но неочевидна или слово редкое"
11584,canyon,canyon,,erosion_words,candidate,hard_only,"связь верна, но неочевидна или слово редкое"
11585,gully,gully,,erosion_words,candidate,hard_only,"связь верна, но неочевидна или слово редкое"
11586,meander,meander,,erosion_words,candidate,hard_only,"связь верна, но неочевидна или слово редкое"
11587,silt,silt,,erosion_words,candidate,hard_only,"связь верна, но неочевидна или слово редкое"
11588,runoff,runoff,,erosion_words,candidate,hard_only,"связь верна, но неочевидна или слово редкое"
11589,weathering,weathering,,erosion_words,candidate,hard_only,"связь верна, но неочевидна или слово редкое"
11590,undercut,undercut,,erosion_words,candidate,hard_only,"связь верна, но неочевидна или слово редкое"
11597,headwind,headwind,,wind_words,candidate,hard_only,"связь верна, но неочевидна или слово редкое"
11598,tailwind,tailwind,,wind_words,candidate,hard_only,"связь верна, но неочевидна или слово редкое"
11599,crosswind,crosswind,,wind_words,candidate,hard_only,"связь верна, но неочевидна или слово редкое"
11603,downdraft,downdraft,,wind_words,candidate,hard_only,"связь верна, но неочевидна или слово редкое"
11605,ladybug,ladybug,,beetles,candidate,hard_only,"связь верна, но неочевидна или слово редкое"
11606,june bug,june bug,,beetles,candidate,hard_only,"связь верна, но неочевидна или слово редкое"
11607,dung beetle,dung beetle,,beetles,candidate,hard_only,"связь верна, но неочевидна или слово редкое"
11608,stag beetle,stag beetle,,beetles,candidate,hard_only,"связь верна, но неочевидна или слово редкое"
11609,weevil,weevil,,beetles,candidate,hard_only,"связь верна, но неочевидна или слово редкое"
11610,firefly,firefly,,beetles,candidate,hard_only,"связь верна, но неочевидна или слово редкое"
11611,scarab,scarab,,beetles,candidate,hard_only,"связь верна, но неочевидна или слово редкое"
11612,click beetle,click beetle,,beetles,candidate,hard_only,"связь верна, но неочевидна или слово редкое"
11613,rhinoceros beetle,rhinoceros beetle,,beetles,candidate,hard_only,"связь верна, но неочевидна или слово редкое"
11614,boll weevil,boll weevil,,beetles,candidate,hard_only,"связь верна, но неочевидна или слово редкое"
11615,water beetle,water beetle,,beetles,candidate,hard_only,"связь верна, но неочевидна или слово редкое"
11616,carpet beetle,carpet beetle,,beetles,candidate,hard_only,"связь верна, но неочевидна или слово редкое"
11617,bluebonnet,bluebonnet,,wildflowers,candidate,hard_only,"связь верна, но неочевидна или слово редкое"
11619,queen annes lace,queen annes lace,,wildflowers,candidate,hard_only,"связь верна, но неочевидна или слово редкое"
11620,goldenrod,goldenrod,,wildflowers,candidate,hard_only,"связь верна, но неочевидна или слово редкое"
11621,chicory,chicory,,wildflowers,candidate,hard_only,"связь верна, но неочевидна или слово редкое"
11625,milkweed,milkweed,,wildflowers,candidate,approved,"редкое в текстах, но общеизвестное слово"
11626,coneflower,coneflower,,wildflowers,candidate,hard_only,"связь верна, но неочевидна или слово редкое"
11627,trillium,trillium,,wildflowers,candidate,hard_only,"связь верна, но неочевидна или слово редкое"
11628,bloodroot,bloodroot,,wildflowers,candidate,hard_only,"связь верна, но неочевидна или слово редкое"
11631,moss,moss,,mosses_and_lichens,candidate,hard_only,"связь верна, но неочевидна или слово редкое"
11632,lichen,lichen,,mosses_and_lichens,candidate,hard_only,"связь верна, но неочевидна или слово редкое"
11633,algae,algae,,mosses_and_lichens,candidate,hard_only,"связь верна, но неочевидна или слово редкое"
11634,fungus,fungus,,mosses_and_lichens,candidate,hard_only,"связь верна, но неочевидна или слово редкое"
11635,liverwort,liverwort,,mosses_and_lichens,candidate,rejected,слово практически не встречается в английском
11636,sphagnum,sphagnum,,mosses_and_lichens,candidate,hard_only,"связь верна, но неочевидна или слово редкое"
11637,reindeer moss,reindeer moss,,mosses_and_lichens,candidate,hard_only,"связь верна, но неочевидна или слово редкое"
11638,crustose,crustose,,mosses_and_lichens,candidate,rejected,слово практически не встречается в английском
11639,foliose,foliose,,mosses_and_lichens,candidate,rejected,слово практически не встречается в английском
11640,hornwort,hornwort,,mosses_and_lichens,candidate,rejected,слово практически не встречается в английском
11646,mahi mahi,mahi mahi,,saltwater_fish,candidate,hard_only,"связь верна, но неочевидна или слово редкое"
11648,pompano,pompano,,saltwater_fish,candidate,hard_only,"связь верна, но неочевидна или слово редкое"
11650,bluefish,bluefish,,saltwater_fish,candidate,hard_only,"связь верна, но неочевидна или слово редкое"
11652,hake,hake,,saltwater_fish,candidate,hard_only,"связь верна, но неочевидна или слово редкое"
11653,amberjack,amberjack,,saltwater_fish,candidate,hard_only,"связь верна, но неочевидна или слово редкое"
11654,tarpon,tarpon,,saltwater_fish,candidate,hard_only,"связь верна, но неочевидна или слово редкое"
11656,earthworm,earthworm,,garden_bugs,candidate,approved,"редкое в текстах, но общеизвестное слово"
11662,aphid,aphid,,garden_bugs,candidate,approved,"редкое в текстах, но общеизвестное слово"
11666,roly poly,roly poly,,garden_bugs,candidate,hard_only,"связь верна, но неочевидна или слово редкое"
11671,earwig,earwig,,garden_bugs,candidate,hard_only,"связь верна, но неочевидна или слово редкое"
11672,cone,cone,,pine_and_cones,candidate,hard_only,"связь верна, но неочевидна или слово редкое"
11673,resin,resin,,pine_and_cones,candidate,hard_only,"связь верна, но неочевидна или слово редкое"
11674,sap,sap,,pine_and_cones,candidate,hard_only,"связь верна, но неочевидна или слово редкое"
11675,bough,bough,,pine_and_cones,candidate,hard_only,"связь верна, но неочевидна или слово редкое"
11676,evergreen,evergreen,,pine_and_cones,candidate,hard_only,"связь верна, но неочевидна или слово редкое"
11677,pitch,pitch,,pine_and_cones,candidate,hard_only,"связь верна, но неочевидна или слово редкое"
11678,cluster,cluster,,pine_and_cones,candidate,hard_only,"связь верна, но неочевидна или слово редкое"
11679,seed,seed,,pine_and_cones,candidate,hard_only,"связь верна, но неочевидна или слово редкое"
11680,bark,bark,,pine_and_cones,candidate,hard_only,"связь верна, но неочевидна или слово редкое"
11681,spruce,spruce,,pine_and_cones,candidate,hard_only,"связь верна, но неочевидна или слово редкое"
11682,fir,fir,,pine_and_cones,candidate,hard_only,"связь верна, но неочевидна или слово редкое"
11683,timber,timber,,pine_and_cones,candidate,hard_only,"связь верна, но неочевидна или слово редкое"
11684,scent,scent,,pine_and_cones,candidate,hard_only,"связь верна, но неочевидна или слово редкое"
11701,guppy,guppy,,fish_species,candidate,approved,"редкое в текстах, но общеизвестное слово"
11720,whelk,whelk,,shellfish,candidate,hard_only,"связь верна, но неочевидна или слово редкое"
11721,cockle,cockle,,shellfish,candidate,hard_only,"связь верна, но неочевидна или слово редкое"
11731,narwhal,narwhal,,sea_mammals,candidate,approved,"редкое в текстах, но общеизвестное слово"
11733,dugong,dugong,,sea_mammals,candidate,hard_only,"связь верна, но неочевидна или слово редкое"
11746,thresher,thresher,,sharks_and_rays,candidate,hard_only,"связь верна, но неочевидна или слово редкое"
11747,sawfish,sawfish,,sharks_and_rays,candidate,hard_only,"связь верна, но неочевидна или слово редкое"
11749,conch,conch,,shells,candidate,hard_only,"связь верна, но неочевидна или слово редкое"
11750,scallop,scallop,,shells,candidate,hard_only,"связь верна, но неочевидна или слово редкое"
11751,clam,clam,,shells,candidate,hard_only,"связь верна, но неочевидна или слово редкое"
11752,cowrie,cowrie,,shells,candidate,hard_only,"связь верна, но неочевидна или слово редкое"
11753,nautilus,nautilus,,shells,candidate,hard_only,"связь верна, но неочевидна или слово редкое"
11754,whelk,whelk,,shells,candidate,hard_only,"связь верна, но неочевидна или слово редкое"
11755,abalone,abalone,,shells,candidate,hard_only,"связь верна, но неочевидна или слово редкое"
11756,sand dollar,sand dollar,,shells,candidate,hard_only,"связь верна, но неочевидна или слово редкое"
11757,cockle,cockle,,shells,candidate,hard_only,"связь верна, но неочевидна или слово редкое"
11758,oyster,oyster,,shells,candidate,hard_only,"связь верна, но неочевидна или слово редкое"
11759,mussel,mussel,,shells,candidate,hard_only,"связь верна, но неочевидна или слово редкое"
11760,auger,auger,,shells,candidate,hard_only,"связь верна, но неочевидна или слово редкое"
11761,olive shell,olive shell,,shells,candidate,hard_only,"связь верна, но неочевидна или слово редкое"
11764,clownfish,clownfish,,coral_reef,candidate,hard_only,"связь верна, но неочевидна или слово редкое"
11766,parrotfish,parrotfish,,coral_reef,candidate,hard_only,"связь верна, но неочевидна или слово редкое"
11771,angelfish,angelfish,,coral_reef,candidate,hard_only,"связь верна, но неочевидна или слово редкое"
11776,anglerfish,anglerfish,,deep_sea,candidate,hard_only,"связь верна, но неочевидна или слово редкое"
11777,squid,squid,,deep_sea,candidate,hard_only,"связь верна, но неочевидна или слово редкое"
11778,trench,trench,,deep_sea,candidate,hard_only,"связь верна, но неочевидна или слово редкое"
11779,vent,vent,,deep_sea,candidate,hard_only,"связь верна, но неочевидна или слово редкое"
11780,submarine,submarine,,deep_sea,candidate,hard_only,"связь верна, но неочевидна или слово редкое"
11781,pressure,pressure,,deep_sea,candidate,hard_only,"связь верна, но неочевидна или слово редкое"
11782,darkness,darkness,,deep_sea,candidate,hard_only,"связь верна, но неочевидна или слово редкое"
11783,whale fall,whale fall,,deep_sea,candidate,hard_only,"связь верна, но неочевидна или слово редкое"
11784,tube worm,tube worm,,deep_sea,candidate,hard_only,"связь верна, но неочевидна или слово редкое"
11785,lantern fish,lantern fish,,deep_sea,candidate,hard_only,"связь верна, но неочевидна или слово редкое"
11786,abyss,abyss,,deep_sea,candidate,hard_only,"связь верна, но неочевидна или слово редкое"
11787,sediment,sediment,,deep_sea,candidate,hard_only,"связь верна, но неочевидна или слово редкое"
11788,viperfish,viperfish,,deep_sea,candidate,hard_only,"связь верна, но неочевидна или слово редкое"
11796,sandbar,sandbar,,ocean_zones,candidate,approved,"редкое в текстах, но общеизвестное слово"
11803,undertow,undertow,,ocean_zones,candidate,hard_only,"связь верна, но неочевидна или слово редкое"
11809,cormorant,cormorant,,seabirds,candidate,hard_only,"связь верна, но неочевидна или слово редкое"
11810,gannet,gannet,,seabirds,candidate,hard_only,"связь верна, но неочевидна или слово редкое"
11811,petrel,petrel,,seabirds,candidate,hard_only,"связь верна, но неочевидна или слово редкое"
11812,sandpiper,sandpiper,,seabirds,candidate,hard_only,"связь верна, но неочевидна или слово редкое"
11815,frigatebird,frigatebird,,seabirds,candidate,rejected,слово практически не встречается в английском
11817,skua,skua,,seabirds,candidate,hard_only,"связь верна, но неочевидна или слово редкое"
11847,calm,calm,,sea_weather,candidate,hard_only,"связь верна, но неочевидна или слово редкое"
11848,choppy,choppy,,sea_weather,candidate,hard_only,"связь верна, но неочевидна или слово редкое"
11849,rough,rough,,sea_weather,candidate,hard_only,"связь верна, но неочевидна или слово редкое"
11850,swell,swell,,sea_weather,candidate,hard_only,"связь верна, но неочевидна или слово редкое"
11851,squall,squall,,sea_weather,candidate,hard_only,"связь верна, но неочевидна или слово редкое"
11852,fog,fog,,sea_weather,candidate,hard_only,"связь верна, но неочевидна или слово редкое"
11853,gale,gale,,sea_weather,candidate,hard_only,"связь верна, но неочевидна или слово редкое"
11854,tide,tide,,sea_weather,candidate,hard_only,"связь верна, но неочевидна или слово редкое"
11855,whitecap,whitecap,,sea_weather,candidate,hard_only,"связь верна, но неочевидна или слово редкое"
11856,breaker,breaker,,sea_weather,candidate,hard_only,"связь верна, но неочевидна или слово редкое"
11857,doldrums,doldrums,,sea_weather,candidate,hard_only,"связь верна, но неочевидна или слово редкое"
11858,spray,spray,,sea_weather,candidate,hard_only,"связь верна, но неочевидна или слово редкое"
11859,chop,chop,,sea_weather,candidate,hard_only,"связь верна, но неочевидна или слово редкое"
11863,sextant,sextant,,navigation_tools,candidate,hard_only,"связь верна, но неочевидна или слово редкое"
11873,astrolabe,astrolabe,,navigation_tools,candidate,hard_only,"связь верна, но неочевидна или слово редкое"
11874,net,net,,whaling_and_fishing,candidate,hard_only,"связь верна, но неочевидна или слово редкое"
11875,trawler,trawler,,whaling_and_fishing,candidate,hard_only,"связь верна, но неочевидна или слово редкое"
11876,harpoon,harpoon,,whaling_and_fishing,candidate,hard_only,"связь верна, но неочевидна или слово редкое"
11877,line,line,,whaling_and_fishing,candidate,hard_only,"связь верна, но неочевидна или слово редкое"
11878,trap,trap,,whaling_and_fishing,candidate,hard_only,"связь верна, но неочевидна или слово редкое"
11879,buoy,buoy,,whaling_and_fishing,candidate,hard_only,"связь верна, но неочевидна или слово редкое"
11880,hold,hold,,whaling_and_fishing,candidate,hard_only,"связь верна, но неочевидна или слово редкое"
11881,crate,crate,,whaling_and_fishing,candidate,hard_only,"связь верна, но неочевидна или слово редкое"
11882,winch,winch,,whaling_and_fishing,candidate,hard_only,"связь верна, но неочевидна или слово редкое"
11883,gaff,gaff,,whaling_and_fishing,candidate,hard_only,"связь верна, но неочевидна или слово редкое"
11884,Seine,seine,,whaling_and_fishing,candidate,hard_only,"связь верна, но неочевидна или слово редкое"
11885,dredge,dredge,,whaling_and_fishing,candidate,hard_only,"связь верна, но неочевидна или слово редкое"
11886,pot,pot,,whaling_and_fishing,candidate,hard_only,"связь верна, но неочевидна или слово редкое"
11887,salt,salt,,ocean_products,candidate,hard_only,"связь верна, но неочевидна или слово редкое"
11888,pearl,pearl,,ocean_products,candidate,hard_only,"связь верна, но неочевидна или слово редкое"
11889,seaweed,seaweed,,ocean_products,candidate,hard_only,"связь верна, но неочевидна или слово редкое"
11890,coral,coral,,ocean_products,candidate,hard_only,"связь верна, но неочевидна или слово редкое"
11891,fish,fish,,ocean_products,candidate,hard_only,"связь верна, но неочевидна или слово редкое"
11892,oil,oil,,ocean_products,candidate,hard_only,"связь верна, но неочевидна или слово редкое"
11893,kelp,kelp,,ocean_products,candidate,hard_only,"связь верна, но неочевидна или слово редкое"
11894,shell,shell,,ocean_products,candidate,hard_only,"связь верна, но неочевидна или слово редкое"
11895,amber,amber,,ocean_products,candidate,hard_only,"связь верна, но неочевидна или слово редкое"
11896,sand,sand,,ocean_products,candidate,hard_only,"связь верна, но неочевидна или слово редкое"
11897,plankton,plankton,,ocean_products,candidate,hard_only,"связь верна, но неочевидна или слово редкое"
11898,ambergris,ambergris,,ocean_products,candidate,hard_only,"связь верна, но неочевидна или слово редкое"
11899,mermaid,mermaid,,sea_myths,candidate,hard_only,"связь верна, но неочевидна или слово редкое"
11900,kraken,kraken,,sea_myths,candidate,hard_only,"связь верна, но неочевидна или слово редкое"
11901,siren,siren,,sea_myths,candidate,hard_only,"связь верна, но неочевидна или слово редкое"
11902,sea serpent,sea serpent,,sea_myths,candidate,hard_only,"связь верна, но неочевидна или слово редкое"
11903,leviathan,leviathan,,sea_myths,candidate,hard_only,"связь верна, но неочевидна или слово редкое"
11904,ghost ship,ghost ship,,sea_myths,candidate,hard_only,"связь верна, но неочевидна или слово редкое"
11905,Whirlpool,whirlpool,,sea_myths,candidate,hard_only,"связь верна, но неочевидна или слово редкое"
11906,davy jones,davy jones,,sea_myths,candidate,hard_only,"связь верна, но неочевидна или слово редкое"
11907,sea monster,sea monster,,sea_myths,candidate,hard_only,"связь верна, но неочевидна или слово редкое"
11908,flying dutchman,flying dutchman,,sea_myths,candidate,hard_only,"связь верна, но неочевидна или слово редкое"
11909,triton,triton,,sea_myths,candidate,hard_only,"связь верна, но неочевидна или слово редкое"
12055,preschooler,preschooler,,life_stages,candidate,hard_only,"связь верна, но неочевидна или слово редкое"
12097,nod,nod,,body_language,candidate,hard_only,"связь верна, но неочевидна или слово редкое"
12098,shrug,shrug,,body_language,candidate,hard_only,"связь верна, но неочевидна или слово редкое"
12099,point,point,,body_language,candidate,hard_only,"связь верна, но неочевидна или слово редкое"
12100,salute,salute,,body_language,candidate,hard_only,"связь верна, но неочевидна или слово редкое"
12101,handshake,handshake,,body_language,candidate,hard_only,"связь верна, но неочевидна или слово редкое"
12102,hug,hug,,body_language,candidate,hard_only,"связь верна, но неочевидна или слово редкое"
12103,thumbs up,thumbs up,,body_language,candidate,hard_only,"связь верна, но неочевидна или слово редкое"
12104,high five,high five,,body_language,candidate,hard_only,"связь верна, но неочевидна или слово редкое"
12105,clap,clap,,body_language,candidate,hard_only,"связь верна, но неочевидна или слово редкое"
12106,curtsy,curtsy,,body_language,candidate,hard_only,"связь верна, но неочевидна или слово редкое"
12107,fist bump,fist bump,,body_language,candidate,hard_only,"связь верна, но неочевидна или слово редкое"
12108,shake head,shake head,,body_language,candidate,hard_only,"связь верна, но неочевидна или слово редкое"
12109,cross arms,cross arms,,body_language,candidate,hard_only,"связь верна, но неочевидна или слово редкое"
12173,Amundsen,amundsen,,explorers,candidate,hard_only,"связь верна, но неочевидна или слово редкое"
12175,Vespucci,vespucci,,explorers,candidate,hard_only,"связь верна, но неочевидна или слово редкое"
12190,Daguerre,daguerre,,inventors,candidate,hard_only,"связь верна, но неочевидна или слово редкое"
12217,Cezanne,cezanne,,artists,candidate,hard_only,"связь верна, но неочевидна или слово редкое"
12260,officiant,officiant,,people_at_a_wedding,candidate,hard_only,"связь верна, но неочевидна или слово редкое"
12282,spectator,spectator,,crowd_words,candidate,hard_only,"связь верна, но неочевидна или слово редкое"
12283,viewer,viewer,,crowd_words,candidate,hard_only,"связь верна, но неочевидна или слово редкое"
12284,listener,listener,,crowd_words,candidate,hard_only,"связь верна, но неочевидна или слово редкое"
12285,guest,guest,,crowd_words,candidate,hard_only,"связь верна, но неочевидна или слово редкое"
12286,witness,witness,,crowd_words,candidate,hard_only,"связь верна, но неочевидна или слово редкое"
12287,bystander,bystander,,crowd_words,candidate,hard_only,"связь верна, но неочевидна или слово редкое"
12288,onlooker,onlooker,,crowd_words,candidate,hard_only,"связь верна, но неочевидна или слово редкое"
12289,attendee,attendee,,crowd_words,candidate,hard_only,"связь верна, но неочевидна или слово редкое"
12290,crowd,crowd,,crowd_words,candidate,hard_only,"связь верна, но неочевидна или слово редкое"
12291,audience,audience,,crowd_words,candidate,hard_only,"связь верна, но неочевидна или слово редкое"
12292,patron,patron,,crowd_words,candidate,hard_only,"связь верна, но неочевидна или слово редкое"
12293,subscriber,subscriber,,crowd_words,candidate,hard_only,"связь верна, но неочевидна или слово редкое"
12351,Okeechobee,okeechobee,,great_lakes_and_us_water,candidate,hard_only,"связь верна, но неочевидна или слово редкое"
12411,Matterhorn,matterhorn,,world_mountains,candidate,hard_only,"связь верна, но неочевидна или слово редкое"
12417,Ararat,ararat,,world_mountains,candidate,hard_only,"связь верна, но неочевидна или слово редкое"
12418,Elbrus,elbrus,,world_mountains,candidate,hard_only,"связь верна, но неочевидна или слово редкое"
12419,Aconcagua,aconcagua,,world_mountains,candidate,hard_only,"связь верна, но неочевидна или слово редкое"
12462,Curacao,curacao,,caribbean_places,candidate,hard_only,"связь верна, но неочевидна или слово редкое"
12498,Sagrada Familia,sagrada familia,,famous_buildings,candidate,hard_only,"связь верна, но неочевидна или слово редкое"
12505,Petronas Towers,petronas towers,,famous_buildings,candidate,hard_only,"связь верна, но неочевидна или слово редкое"
12562,byway,byway,,streets_and_roads,candidate,hard_only,"связь верна, но неочевидна или слово редкое"
12565,Hotel,hotel,,places_you_sleep,candidate,hard_only,"связь верна, но неочевидна или слово редкое"
12566,motel,motel,,places_you_sleep,candidate,hard_only,"связь верна, но неочевидна или слово редкое"
12567,tent,tent,,places_you_sleep,candidate,hard_only,"связь верна, но неочевидна или слово редкое"
12568,cabin,cabin,,places_you_sleep,candidate,hard_only,"связь верна, но неочевидна или слово редкое"
12569,hostel,hostel,,places_you_sleep,candidate,hard_only,"связь верна, но неочевидна или слово редкое"
12570,inn,inn,,places_you_sleep,candidate,hard_only,"связь верна, но неочевидна или слово редкое"
12571,lodge,lodge,,places_you_sleep,candidate,hard_only,"связь верна, но неочевидна или слово редкое"
12572,camper,camper,,places_you_sleep,candidate,hard_only,"связь верна, но неочевидна или слово редкое"
12573,bunkhouse,bunkhouse,,places_you_sleep,candidate,hard_only,"связь верна, но неочевидна или слово редкое"
12574,dorm,dorm,,places_you_sleep,candidate,hard_only,"связь верна, но неочевидна или слово редкое"
12575,guest room,guest room,,places_you_sleep,candidate,hard_only,"связь верна, но неочевидна или слово редкое"
12576,sleeper car,sleeper car,,places_you_sleep,candidate,hard_only,"связь верна, но неочевидна или слово редкое"
12577,yurt,yurt,,places_you_sleep,candidate,hard_only,"связь верна, но неочевидна или слово редкое"
12578,cottage,cottage,,places_you_sleep,candidate,hard_only,"связь верна, но неочевидна или слово редкое"
12608,aviary,aviary,,places_with_animals,candidate,approved,"редкое в текстах, но общеизвестное слово"
12611,basement,basement,,underground_places,candidate,hard_only,"связь верна, но неочевидна или слово редкое"
12612,cellar,cellar,,underground_places,candidate,hard_only,"связь верна, но неочевидна или слово редкое"
12613,Subway,subway,,underground_places,candidate,hard_only,"связь верна, но неочевидна или слово редкое"
12614,tunnel,tunnel,,underground_places,candidate,hard_only,"связь верна, но неочевидна или слово редкое"
12615,cave,cave,,underground_places,candidate,hard_only,"связь верна, но неочевидна или слово редкое"
12616,mine,mine,,underground_places,candidate,hard_only,"связь верна, но неочевидна или слово редкое"
12617,bunker,bunker,,underground_places,candidate,hard_only,"связь верна, но неочевидна или слово редкое"
12618,crypt,crypt,,underground_places,candidate,hard_only,"связь верна, но неочевидна или слово редкое"
12619,catacomb,catacomb,,underground_places,candidate,hard_only,"связь верна, но неочевидна или слово редкое"
12620,parking garage,parking garage,,underground_places,candidate,hard_only,"связь верна, но неочевидна или слово редкое"
12621,sewer,sewer,,underground_places,candidate,hard_only,"связь верна, но неочевидна или слово редкое"
12622,root cellar,root cellar,,underground_places,candidate,hard_only,"связь верна, но неочевидна или слово редкое"
12623,dungeon,dungeon,,underground_places,candidate,hard_only,"связь верна, но неочевидна или слово редкое"
12624,burrow,burrow,,underground_places,candidate,hard_only,"связь верна, но неочевидна или слово редкое"
12625,attic,attic,,high_places,candidate,hard_only,"связь верна, но неочевидна или слово редкое"
12626,roof,roof,,high_places,candidate,hard_only,"связь верна, но неочевидна или слово редкое"
12627,tower,tower,,high_places,candidate,hard_only,"связь верна, но неочевидна или слово редкое"
12628,mountain,mountain,,high_places,candidate,hard_only,"связь верна, но неочевидна или слово редкое"
12629,cliff,cliff,,high_places,candidate,hard_only,"связь верна, но неочевидна или слово редкое"
12630,balcony,balcony,,high_places,candidate,hard_only,"связь верна, но неочевидна или слово редкое"
12631,treehouse,treehouse,,high_places,candidate,hard_only,"связь верна, но неочевидна или слово редкое"
12632,skyscraper,skyscraper,,high_places,candidate,hard_only,"связь верна, но неочевидна или слово редкое"
12633,ladder,ladder,,high_places,candidate,hard_only,"связь верна, но неочевидна или слово редкое"
12634,crane,crane,,high_places,candidate,hard_only,"связь верна, но неочевидна или слово редкое"
12635,hilltop,hilltop,,high_places,candidate,hard_only,"связь верна, но неочевидна или слово редкое"
12636,penthouse,penthouse,,high_places,candidate,hard_only,"связь верна, но неочевидна или слово редкое"
12637,summit,summit,,high_places,candidate,hard_only,"связь верна, но неочевидна или слово редкое"
12638,steeple,steeple,,high_places,candidate,hard_only,"связь верна, но неочевидна или слово редкое"
12646,philodendron,philodendron,,houseplants,candidate,hard_only,"связь верна, но неочевидна или слово редкое"
12652,pothos,pothos,,houseplants,candidate,hard_only,"связь верна, но неочевидна или слово редкое"
12653,begonia,begonia,,houseplants,candidate,hard_only,"связь верна, но неочевидна или слово редкое"
12665,chive,chive,,herbs,candidate,hard_only,"связь верна, но неочевидна или слово редкое"
12666,tarragon,tarragon,,herbs,candidate,approved,"редкое в текстах, но общеизвестное слово"
12668,marjoram,marjoram,,herbs,candidate,hard_only,"связь верна, но неочевидна или слово редкое"
12670,lemongrass,lemongrass,,herbs,candidate,hard_only,"связь верна, но неочевидна или слово редкое"
12672,crabgrass,crabgrass,,weeds,candidate,hard_only,"связь верна, но неочевидна или слово редкое"
12676,ragweed,ragweed,,weeds,candidate,hard_only,"связь верна, но неочевидна или слово редкое"
12677,bindweed,bindweed,,weeds,candidate,hard_only,"связь верна, но неочевидна или слово редкое"
12678,chickweed,chickweed,,weeds,candidate,hard_only,"связь верна, но неочевидна или слово редкое"
12683,purslane,purslane,,weeds,candidate,hard_only,"связь верна, но неочевидна или слово редкое"
12684,foxtail,foxtail,,weeds,candidate,hard_only,"связь верна, но неочевидна или слово редкое"
12685,cactus,cactus,,cactus_and_succulents,candidate,hard_only,"связь верна, но неочевидна или слово редкое"
12686,aloe,aloe,,cactus_and_succulents,candidate,hard_only,"связь верна, но неочевидна или слово редкое"
12687,agave,agave,,cactus_and_succulents,candidate,hard_only,"связь верна, но неочевидна или слово редкое"
12688,jade,jade,,cactus_and_succulents,candidate,hard_only,"связь верна, но неочевидна или слово редкое"
12689,saguaro,saguaro,,cactus_and_succulents,candidate,hard_only,"связь верна, но неочевидна или слово редкое"
12690,prickly pear,prickly pear,,cactus_and_succulents,candidate,hard_only,"связь верна, но неочевидна или слово редкое"
12691,barrel cactus,barrel cactus,,cactus_and_succulents,candidate,hard_only,"связь верна, но неочевидна или слово редкое"
12692,echeveria,echeveria,,cactus_and_succulents,candidate,hard_only,"связь верна, но неочевидна или слово редкое"
12693,sedum,sedum,,cactus_and_succulents,candidate,hard_only,"связь верна, но неочевидна или слово редкое"
12694,yucca,yucca,,cactus_and_succulents,candidate,hard_only,"связь верна, но неочевидна или слово редкое"
12695,hens and chicks,hens and chicks,,cactus_and_succulents,candidate,hard_only,"связь верна, но неочевидна или слово редкое"
12696,cholla,cholla,,cactus_and_succulents,candidate,hard_only,"связь верна, но неочевидна или слово редкое"
12697,Ivy,ivy,,vines,candidate,hard_only,"связь верна, но неочевидна или слово редкое"
12698,grape,grape,,vines,candidate,hard_only,"связь верна, но неочевидна или слово редкое"
12699,honeysuckle,honeysuckle,,vines,candidate,hard_only,"связь верна, но неочевидна или слово редкое"
12700,wisteria,wisteria,,vines,candidate,hard_only,"связь верна, но неочевидна или слово редкое"
12701,clematis,clematis,,vines,candidate,hard_only,"связь верна, но неочевидна или слово редкое"
12702,morning glory,morning glory,,vines,candidate,hard_only,"связь верна, но неочевидна или слово редкое"
12703,pea,pea,,vines,candidate,hard_only,"связь верна, но неочевидна или слово редкое"
12704,bean,bean,,vines,candidate,hard_only,"связь верна, но неочевидна или слово редкое"
12705,cucumber,cucumber,,vines,candidate,hard_only,"связь верна, но неочевидна или слово редкое"
12706,pumpkin,pumpkin,,vines,candidate,hard_only,"связь верна, но неочевидна или слово редкое"
12707,Jasmine,jasmine,,vines,candidate,hard_only,"связь верна, но неочевидна или слово редкое"
12708,kudzu,kudzu,,vines,candidate,hard_only,"связь верна, но неочевидна или слово редкое"
12709,hops,hops,,vines,candidate,hard_only,"связь верна, но неочевидна или слово редкое"
12710,passion flower,passion flower,,vines,candidate,hard_only,"связь верна, но неочевидна или слово редкое"
12759,arborvitae,arborvitae,,evergreens,candidate,hard_only,"связь верна, но неочевидна или слово редкое"
12763,crocus,crocus,,garden_flowers_spring,candidate,approved,"редкое в текстах, но общеизвестное слово"
12771,forsythia,forsythia,,garden_flowers_spring,candidate,hard_only,"связь верна, но неочевидна или слово редкое"
12772,snowdrop,snowdrop,,garden_flowers_spring,candidate,hard_only,"связь верна, но неочевидна или слово редкое"
12778,zinnia,zinnia,,garden_flowers_summer,candidate,hard_only,"связь верна, но неочевидна или слово редкое"
12780,petunia,petunia,,garden_flowers_summer,candidate,approved,"редкое в текстах, но общеизвестное слово"
12783,hydrangea,hydrangea,,garden_flowers_summer,candidate,approved,"редкое в текстах, но общеизвестное слово"
12789,rose,rose,,shrubs,candidate,hard_only,"связь верна, но неочевидна или слово редкое"
12790,hedge,hedge,,shrubs,candidate,hard_only,"связь верна, но неочевидна или слово редкое"
12791,azalea,azalea,,shrubs,candidate,hard_only,"связь верна, но неочевидна или слово редкое"
12792,boxwood,boxwood,,shrubs,candidate,hard_only,"связь верна, но неочевидна или слово редкое"
12793,holly,holly,,shrubs,candidate,hard_only,"связь верна, но неочевидна или слово редкое"
12794,lilac,lilac,,shrubs,candidate,hard_only,"связь верна, но неочевидна или слово редкое"
12795,hydrangea,hydrangea,,shrubs,candidate,hard_only,"связь верна, но неочевидна или слово редкое"
12796,juniper,juniper,,shrubs,candidate,hard_only,"связь верна, но неочевидна или слово редкое"
12797,forsythia,forsythia,,shrubs,candidate,hard_only,"связь верна, но неочевидна или слово редкое"
12798,rhododendron,rhododendron,,shrubs,candidate,hard_only,"связь верна, но неочевидна или слово редкое"
12799,barberry,barberry,,shrubs,candidate,hard_only,"связь верна, но неочевидна или слово редкое"
12800,privet,privet,,shrubs,candidate,hard_only,"связь верна, но неочевидна или слово редкое"
12801,viburnum,viburnum,,shrubs,candidate,hard_only,"связь верна, но неочевидна или слово редкое"
12802,spirea,spirea,,shrubs,candidate,hard_only,"связь верна, но неочевидна или слово редкое"
12812,rhizome,rhizome,,seeds_and_bulbs,candidate,hard_only,"связь верна, но неочевидна или слово редкое"
12814,sapling,sapling,,seeds_and_bulbs,candidate,approved,"редкое в текстах, но общеизвестное слово"
12816,corm,corm,,seeds_and_bulbs,candidate,hard_only,"связь верна, но неочевидна или слово редкое"
12831,tendril,tendril,,plant_parts,candidate,hard_only,"связь верна, но неочевидна или слово редкое"
12833,poison ivy,poison ivy,,poisonous_plants,candidate,hard_only,"связь верна, но неочевидна или слово редкое"
12834,poison oak,poison oak,,poisonous_plants,candidate,hard_only,"связь верна, но неочевидна или слово редкое"
12835,nightshade,nightshade,,poisonous_plants,candidate,hard_only,"связь верна, но неочевидна или слово редкое"
12836,hemlock,hemlock,,poisonous_plants,candidate,hard_only,"связь верна, но неочевидна или слово редкое"
12837,oleander,oleander,,poisonous_plants,candidate,hard_only,"связь верна, но неочевидна или слово редкое"
12838,foxglove,foxglove,,poisonous_plants,candidate,hard_only,"связь верна, но неочевидна или слово редкое"
12839,mistletoe,mistletoe,,poisonous_plants,candidate,hard_only,"связь верна, но неочевидна или слово редкое"
12840,holly berry,holly berry,,poisonous_plants,candidate,hard_only,"связь верна, но неочевидна или слово редкое"
12841,castor bean,castor bean,,poisonous_plants,candidate,hard_only,"связь верна, но неочевидна или слово редкое"
12842,sumac,sumac,,poisonous_plants,candidate,hard_only,"связь верна, но неочевидна или слово редкое"
12843,monkshood,monkshood,,poisonous_plants,candidate,hard_only,"связь верна, но неочевидна или слово редкое"
12844,yew,yew,,poisonous_plants,candidate,hard_only,"связь верна, но неочевидна или слово редкое"
12852,bromeliad,bromeliad,,tropical_plants,candidate,hard_only,"связь верна, но неочевидна или слово редкое"
12858,plumeria,plumeria,,tropical_plants,candidate,hard_only,"связь верна, но неочевидна или слово редкое"
12861,cattail,cattail,,water_plants,candidate,approved,"редкое в текстах, но общеизвестное слово"
12864,duckweed,duckweed,,water_plants,candidate,hard_only,"связь верна, но неочевидна или слово редкое"
12867,watercress,watercress,,water_plants,candidate,approved,"редкое в текстах, но общеизвестное слово"
12871,eelgrass,eelgrass,,water_plants,candidate,hard_only,"связь верна, но неочевидна или слово редкое"
12872,bluegrass,bluegrass,,grasses,candidate,hard_only,"связь верна, но неочевидна или слово редкое"
12873,fescue,fescue,,grasses,candidate,hard_only,"связь верна, но неочевидна или слово редкое"
12874,bamboo,bamboo,,grasses,candidate,hard_only,"связь верна, но неочевидна или слово редкое"
12875,wheat,wheat,,grasses,candidate,hard_only,"связь верна, но неочевидна или слово редкое"
12876,rye,rye,,grasses,candidate,hard_only,"связь верна, но неочевидна или слово редкое"
12877,oat,oat,,grasses,candidate,hard_only,"связь верна, но неочевидна или слово редкое"
12878,barley,barley,,grasses,candidate,hard_only,"связь верна, но неочевидна или слово редкое"
12879,corn,corn,,grasses,candidate,hard_only,"связь верна, но неочевидна или слово редкое"
12880,rice,rice,,grasses,candidate,hard_only,"связь верна, но неочевидна или слово редкое"
12881,sugarcane,sugarcane,,grasses,candidate,hard_only,"связь верна, но неочевидна или слово редкое"
12882,ryegrass,ryegrass,,grasses,candidate,hard_only,"связь верна, но неочевидна или слово редкое"
12883,Bermuda,bermuda,,grasses,candidate,hard_only,"связь верна, но неочевидна или слово редкое"
12884,crabgrass,crabgrass,,grasses,candidate,hard_only,"связь верна, но неочевидна или слово редкое"
12885,reed,reed,,grasses,candidate,hard_only,"связь верна, но неочевидна или слово редкое"
12886,button,button,,mushroom_types,candidate,hard_only,"связь верна, но неочевидна или слово редкое"
12887,portobello,portobello,,mushroom_types,candidate,hard_only,"связь верна, но неочевидна или слово редкое"
12888,shiitake,shiitake,,mushroom_types,candidate,hard_only,"связь верна, но неочевидна или слово редкое"
12889,oyster,oyster,,mushroom_types,candidate,hard_only,"связь верна, но неочевидна или слово редкое"
12890,morel,morel,,mushroom_types,candidate,hard_only,"связь верна, но неочевидна или слово редкое"
12891,chanterelle,chanterelle,,mushroom_types,candidate,hard_only,"связь верна, но неочевидна или слово редкое"
12892,truffle,truffle,,mushroom_types,candidate,hard_only,"связь верна, но неочевидна или слово редкое"
12893,cremini,cremini,,mushroom_types,candidate,rejected,слово практически не встречается в английском
12894,enoki,enoki,,mushroom_types,candidate,hard_only,"связь верна, но неочевидна или слово редкое"
12895,porcini,porcini,,mushroom_types,candidate,hard_only,"связь верна, но неочевидна или слово редкое"
12896,puffball,puffball,,mushroom_types,candidate,hard_only,"связь верна, но неочевидна или слово редкое"
12897,toadstool,toadstool,,mushroom_types,candidate,hard_only,"связь верна, но неочевидна или слово редкое"
12898,blade,blade,,leaf_shapes,candidate,hard_only,"связь верна, но неочевидна или слово редкое"
12899,frond,frond,,leaf_shapes,candidate,hard_only,"связь верна, но неочевидна или слово редкое"
12900,lobe,lobe,,leaf_shapes,candidate,hard_only,"связь верна, но неочевидна или слово редкое"
12901,vein,vein,,leaf_shapes,candidate,hard_only,"связь верна, но неочевидна или слово редкое"
12902,stalk,stalk,,leaf_shapes,candidate,hard_only,"связь верна, но неочевидна или слово редкое"
12903,sprout,sprout,,leaf_shapes,candidate,hard_only,"связь верна, но неочевидна или слово редкое"
12904,foliage,foliage,,leaf_shapes,candidate,hard_only,"связь верна, но неочевидна или слово редкое"
12905,canopy,canopy,,leaf_shapes,candidate,hard_only,"связь верна, но неочевидна или слово редкое"
12906,deciduous,deciduous,,leaf_shapes,candidate,hard_only,"связь верна, но неочевидна или слово редкое"
12907,evergreen,evergreen,,leaf_shapes,candidate,hard_only,"связь верна, но неочевидна или слово редкое"
12908,broadleaf,broadleaf,,leaf_shapes,candidate,hard_only,"связь верна, но неочевидна или слово редкое"
12909,bud,bud,,leaf_shapes,candidate,hard_only,"связь верна, но неочевидна или слово редкое"
12910,stem,stem,,leaf_shapes,candidate,hard_only,"связь верна, но неочевидна или слово редкое"
12929,ball,ball,,round_things,candidate,hard_only,"связь верна, но неочевидна или слово редкое"
12930,coin,coin,,round_things,candidate,hard_only,"связь верна, но неочевидна или слово редкое"
12931,wheel,wheel,,round_things,candidate,hard_only,"связь верна, но неочевидна или слово редкое"
12932,pizza,pizza,,round_things,candidate,hard_only,"связь верна, но неочевидна или слово редкое"
12933,button,button,,round_things,candidate,hard_only,"связь верна, но неочевидна или слово редкое"
12934,clock,clock,,round_things,candidate,hard_only,"связь верна, но неочевидна или слово редкое"
12935,donut,donut,,round_things,candidate,hard_only,"связь верна, но неочевидна или слово редкое"
12936,tire,tire,,round_things,candidate,hard_only,"связь верна, но неочевидна или слово редкое"
12937,marble,marble,,round_things,candidate,hard_only,"связь верна, но неочевидна или слово редкое"
12938,globe,globe,,round_things,candidate,hard_only,"связь верна, но неочевидна или слово редкое"
12939,bubble,bubble,,round_things,candidate,hard_only,"связь верна, но неочевидна или слово редкое"
12940,ring,ring,,round_things,candidate,hard_only,"связь верна, но неочевидна или слово редкое"
12941,pancake,pancake,,round_things,candidate,hard_only,"связь верна, но неочевидна или слово редкое"
12942,cookie,cookie,,round_things,candidate,hard_only,"связь верна, но неочевидна или слово редкое"
12943,wreath,wreath,,round_things,candidate,hard_only,"связь верна, но неочевидна или слово редкое"
12944,hoop,hoop,,round_things,candidate,hard_only,"связь верна, но неочевидна или слово редкое"
12945,dial,dial,,round_things,candidate,hard_only,"связь верна, но неочевидна или слово редкое"
12946,lens,lens,,round_things,candidate,hard_only,"связь верна, но неочевидна или слово редкое"
12947,bagel,bagel,,round_things,candidate,hard_only,"связь верна, но неочевидна или слово редкое"
12948,coaster,coaster,,round_things,candidate,hard_only,"связь верна, но неочевидна или слово редкое"
12949,pearl,pearl,,round_things,candidate,hard_only,"связь верна, но неочевидна или слово редкое"
12950,balloon,balloon,,round_things,candidate,hard_only,"связь верна, но неочевидна или слово редкое"
12951,blood,blood,,red_things,candidate,hard_only,"связь верна, но неочевидна или слово редкое"
12952,brick,brick,,red_things,candidate,hard_only,"связь верна, но неочевидна или слово редкое"
12953,cherry,cherry,,red_things,candidate,hard_only,"связь верна, но неочевидна или слово редкое"
12954,ruby,ruby,,red_things,candidate,hard_only,"связь верна, но неочевидна или слово редкое"
12955,stop sign,stop sign,,red_things,candidate,hard_only,"связь верна, но неочевидна или слово редкое"
12956,lobster,lobster,,red_things,candidate,hard_only,"связь верна, но неочевидна или слово редкое"
12957,strawberry,strawberry,,red_things,candidate,hard_only,"связь верна, но неочевидна или слово редкое"
12958,cardinal,cardinal,,red_things,candidate,hard_only,"связь верна, но неочевидна или слово редкое"
12959,fire truck,fire truck,,red_things,candidate,hard_only,"связь верна, но неочевидна или слово редкое"
12960,tomato,tomato,,red_things,candidate,hard_only,"связь верна, но неочевидна или слово редкое"
12961,rose,rose,,red_things,candidate,hard_only,"связь верна, но неочевидна или слово редкое"
12962,ketchup,ketchup,,red_things,candidate,hard_only,"связь верна, но неочевидна или слово редкое"
12963,radish,radish,,red_things,candidate,hard_only,"связь верна, но неочевидна или слово редкое"
12964,chili,chili,,red_things,candidate,hard_only,"связь верна, но неочевидна или слово редкое"
12965,valentine,valentine,,red_things,candidate,hard_only,"связь верна, но неочевидна или слово редкое"
12966,beet,beet,,red_things,candidate,hard_only,"связь верна, но неочевидна или слово редкое"
12967,flame,flame,,red_things,candidate,hard_only,"связь верна, но неочевидна или слово редкое"
12968,lipstick,lipstick,,red_things,candidate,hard_only,"связь верна, но неочевидна или слово редкое"
12969,barn,barn,,red_things,candidate,hard_only,"связь верна, но неочевидна или слово редкое"
12970,banana,banana,,yellow_things,candidate,hard_only,"связь верна, но неочевидна или слово редкое"
12971,lemon,lemon,,yellow_things,candidate,hard_only,"связь верна, но неочевидна или слово редкое"
12972,sun,sun,,yellow_things,candidate,hard_only,"связь верна, но неочевидна или слово редкое"
12973,corn,corn,,yellow_things,candidate,hard_only,"связь верна, но неочевидна или слово редкое"
12974,butter,butter,,yellow_things,candidate,hard_only,"связь верна, но неочевидна или слово редкое"
12975,cheese,cheese,,yellow_things,candidate,hard_only,"связь верна, но неочевидна или слово редкое"
12976,taxi,taxi,,yellow_things,candidate,hard_only,"связь верна, но неочевидна или слово редкое"
12977,school bus,school bus,,yellow_things,candidate,hard_only,"связь верна, но неочевидна или слово редкое"
12978,duckling,duckling,,yellow_things,candidate,hard_only,"связь верна, но неочевидна или слово редкое"
12979,mustard,mustard,,yellow_things,candidate,hard_only,"связь верна, но неочевидна или слово редкое"
12980,daffodil,daffodil,,yellow_things,candidate,hard_only,"связь верна, но неочевидна или слово редкое"
12981,honey,honey,,yellow_things,candidate,hard_only,"связь верна, но неочевидна или слово редкое"
12982,gold,gold,,yellow_things,candidate,hard_only,"связь верна, но неочевидна или слово редкое"
12983,canary,canary,,yellow_things,candidate,hard_only,"связь верна, но неочевидна или слово редкое"
12984,pineapple,pineapple,,yellow_things,candidate,hard_only,"связь верна, но неочевидна или слово редкое"
12985,sunflower,sunflower,,yellow_things,candidate,hard_only,"связь верна, но неочевидна или слово редкое"
12986,yolk,yolk,,yellow_things,candidate,hard_only,"связь верна, но неочевидна или слово редкое"
12987,raincoat,raincoat,,yellow_things,candidate,hard_only,"связь верна, но неочевидна или слово редкое"
12988,highlighter,highlighter,,yellow_things,candidate,hard_only,"связь верна, но неочевидна или слово редкое"
12989,bee,bee,,yellow_things,candidate,hard_only,"связь верна, но неочевидна или слово редкое"
12990,grass,grass,,green_things,candidate,hard_only,"связь верна, но неочевидна или слово редкое"
12991,leaf,leaf,,green_things,candidate,hard_only,"связь верна, но неочевидна или слово редкое"
12992,lime,lime,,green_things,candidate,hard_only,"связь верна, но неочевидна или слово редкое"
12993,frog,frog,,green_things,candidate,hard_only,"связь верна, но неочевидна или слово редкое"
12994,pickle,pickle,,green_things,candidate,hard_only,"связь верна, но неочевидна или слово редкое"
12995,pea,pea,,green_things,candidate,hard_only,"связь верна, но неочевидна или слово редкое"
12996,emerald,emerald,,green_things,candidate,hard_only,"связь верна, но неочевидна или слово редкое"
12997,cucumber,cucumber,,green_things,candidate,hard_only,"связь верна, но неочевидна или слово редкое"
12998,broccoli,broccoli,,green_things,candidate,hard_only,"связь верна, но неочевидна или слово редкое"
12999,lettuce,lettuce,,green_things,candidate,hard_only,"связь верна, но неочевидна или слово редкое"
13000,moss,moss,,green_things,candidate,hard_only,"связь верна, но неочевидна или слово редкое"
13001,clover,clover,,green_things,candidate,hard_only,"связь верна, но неочевидна или слово редкое"
13002,cactus,cactus,,green_things,candidate,hard_only,"связь верна, но неочевидна или слово редкое"
13003,turtle,turtle,,green_things,candidate,hard_only,"связь верна, но неочевидна или слово редкое"
13004,spinach,spinach,,green_things,candidate,hard_only,"связь верна, но неочевидна или слово редкое"
13005,avocado,avocado,,green_things,candidate,hard_only,"связь верна, но неочевидна или слово редкое"
13006,Fern,fern,,green_things,candidate,hard_only,"связь верна, но неочевидна или слово редкое"
13007,kiwi,kiwi,,green_things,candidate,hard_only,"связь верна, но неочевидна или слово редкое"
13008,shamrock,shamrock,,green_things,candidate,hard_only,"связь верна, но неочевидна или слово редкое"
13009,snow,snow,,white_things,candidate,hard_only,"связь верна, но неочевидна или слово редкое"
13010,milk,milk,,white_things,candidate,hard_only,"связь верна, но неочевидна или слово редкое"
13011,cloud,cloud,,white_things,candidate,hard_only,"связь верна, но неочевидна или слово редкое"
13012,paper,paper,,white_things,candidate,hard_only,"связь верна, но неочевидна или слово редкое"
13013,salt,salt,,white_things,candidate,hard_only,"связь верна, но неочевидна или слово редкое"
13014,sugar,sugar,,white_things,candidate,hard_only,"связь верна, но неочевидна или слово редкое"
13015,rice,rice,,white_things,candidate,hard_only,"связь верна, но неочевидна или слово редкое"
13016,chalk,chalk,,white_things,candidate,hard_only,"связь верна, но неочевидна или слово редкое"
13017,tooth,tooth,,white_things,candidate,hard_only,"связь верна, но неочевидна или слово редкое"
13018,swan,swan,,white_things,candidate,hard_only,"связь верна, но неочевидна или слово редкое"
13019,bone,bone,,white_things,candidate,hard_only,"связь верна, но неочевидна или слово редкое"
13020,cotton,cotton,,white_things,candidate,hard_only,"связь верна, но неочевидна или слово редкое"
13021,flour,flour,,white_things,candidate,hard_only,"связь верна, но неочевидна или слово редкое"
13022,ghost,ghost,,white_things,candidate,hard_only,"связь верна, но неочевидна или слово редкое"
13023,dove,dove,,white_things,candidate,hard_only,"связь верна, но неочевидна или слово редкое"
13024,sheet,sheet,,white_things,candidate,hard_only,"связь верна, но неочевидна или слово редкое"
13025,pearl,pearl,,white_things,candidate,hard_only,"связь верна, но неочевидна или слово редкое"
13026,marshmallow,marshmallow,,white_things,candidate,hard_only,"связь верна, но неочевидна или слово редкое"
13027,sail,sail,,white_things,candidate,hard_only,"связь верна, но неочевидна или слово редкое"
13028,ivory,ivory,,white_things,candidate,hard_only,"связь верна, но неочевидна или слово редкое"
13029,coal,coal,,black_things,candidate,hard_only,"связь верна, но неочевидна или слово редкое"
13030,night,night,,black_things,candidate,hard_only,"связь верна, но неочевидна или слово редкое"
13031,crow,crow,,black_things,candidate,hard_only,"связь верна, но неочевидна или слово редкое"
13032,tire,tire,,black_things,candidate,hard_only,"связь верна, но неочевидна или слово редкое"
13033,tuxedo,tuxedo,,black_things,candidate,hard_only,"связь верна, но неочевидна или слово редкое"
13034,olive,olive,,black_things,candidate,hard_only,"связь верна, но неочевидна или слово редкое"
13035,ink,ink,,black_things,candidate,hard_only,"связь верна, но неочевидна или слово редкое"
13036,Shadow,shadow,,black_things,candidate,hard_only,"связь верна, но неочевидна или слово редкое"
13037,panther,panther,,black_things,candidate,hard_only,"связь верна, но неочевидна или слово редкое"
13038,licorice,licorice,,black_things,candidate,hard_only,"связь верна, но неочевидна или слово редкое"
13039,asphalt,asphalt,,black_things,candidate,hard_only,"связь верна, но неочевидна или слово редкое"
13040,bat,bat,,black_things,candidate,hard_only,"связь верна, но неочевидна или слово редкое"
13041,oil,oil,,black_things,candidate,hard_only,"связь верна, но неочевидна или слово редкое"
13042,chalkboard,chalkboard,,black_things,candidate,hard_only,"связь верна, но неочевидна или слово редкое"
13043,raven,raven,,black_things,candidate,hard_only,"связь верна, но неочевидна или слово редкое"
13044,soot,soot,,black_things,candidate,hard_only,"связь верна, но неочевидна или слово редкое"
13045,pupil,pupil,,black_things,candidate,hard_only,"связь верна, но неочевидна или слово редкое"
13046,piano key,piano key,,black_things,candidate,hard_only,"связь верна, но неочевидна или слово редкое"
13047,honey,honey,,sticky_things,candidate,hard_only,"связь верна, но неочевидна или слово редкое"
13048,glue,glue,,sticky_things,candidate,hard_only,"связь верна, но неочевидна или слово редкое"
13049,tape,tape,,sticky_things,candidate,hard_only,"связь верна, но неочевидна или слово редкое"
13050,syrup,syrup,,sticky_things,candidate,hard_only,"связь верна, но неочевидна или слово редкое"
13051,gum,gum,,sticky_things,candidate,hard_only,"связь верна, но неочевидна или слово редкое"
13052,tar,tar,,sticky_things,candidate,hard_only,"связь верна, но неочевидна или слово редкое"
13053,jam,jam,,sticky_things,candidate,hard_only,"связь верна, но неочевидна или слово редкое"
13054,sap,sap,,sticky_things,candidate,hard_only,"связь верна, но неочевидна или слово редкое"
13055,caramel,caramel,,sticky_things,candidate,hard_only,"связь верна, но неочевидна или слово редкое"
13056,molasses,molasses,,sticky_things,candidate,hard_only,"связь верна, но неочевидна или слово редкое"
13057,marshmallow,marshmallow,,sticky_things,candidate,hard_only,"связь верна, но неочевидна или слово редкое"
13058,taffy,taffy,,sticky_things,candidate,hard_only,"связь верна, но неочевидна или слово редкое"
13059,paste,paste,,sticky_things,candidate,hard_only,"связь верна, но неочевидна или слово редкое"
13060,resin,resin,,sticky_things,candidate,hard_only,"связь верна, но неочевидна или слово редкое"
13061,slime,slime,,sticky_things,candidate,hard_only,"связь верна, но неочевидна или слово редкое"
13062,frosting,frosting,,sticky_things,candidate,hard_only,"связь верна, но неочевидна или слово редкое"
13063,ice,ice,,cold_things,candidate,hard_only,"связь верна, но неочевидна или слово редкое"
13064,snow,snow,,cold_things,candidate,hard_only,"связь верна, но неочевидна или слово редкое"
13065,freezer,freezer,,cold_things,candidate,hard_only,"связь верна, но неочевидна или слово редкое"
13066,Popsicle,popsicle,,cold_things,candidate,hard_only,"связь верна, но неочевидна или слово редкое"
13067,iceberg,iceberg,,cold_things,candidate,hard_only,"связь верна, но неочевидна или слово редкое"
13068,frost,frost,,cold_things,candidate,hard_only,"связь верна, но неочевидна или слово редкое"
13069,sleet,sleet,,cold_things,candidate,hard_only,"связь верна, но неочевидна или слово редкое"
13070,glacier,glacier,,cold_things,candidate,hard_only,"связь верна, но неочевидна или слово редкое"
13071,refrigerator,refrigerator,,cold_things,candidate,hard_only,"связь верна, но неочевидна или слово редкое"
13072,icicle,icicle,,cold_things,candidate,hard_only,"связь верна, но неочевидна или слово редкое"
13073,hail,hail,,cold_things,candidate,hard_only,"связь верна, но неочевидна или слово редкое"
13074,slush,slush,,cold_things,candidate,hard_only,"связь верна, но неочевидна или слово редкое"
13075,ice cream,ice cream,,cold_things,candidate,hard_only,"связь верна, но неочевидна или слово редкое"
13076,snowball,snowball,,cold_things,candidate,hard_only,"связь верна, но неочевидна или слово редкое"
13077,permafrost,permafrost,,cold_things,candidate,hard_only,"связь верна, но неочевидна или слово редкое"
13078,ice cube,ice cube,,cold_things,candidate,hard_only,"связь верна, но неочевидна или слово редкое"
13079,chill,chill,,cold_things,candidate,hard_only,"связь верна, но неочевидна или слово редкое"
13080,sorbet,sorbet,,cold_things,candidate,hard_only,"связь верна, но неочевидна или слово редкое"
13081,fire,fire,,hot_things,candidate,hard_only,"связь верна, но неочевидна или слово редкое"
13082,lava,lava,,hot_things,candidate,hard_only,"связь верна, но неочевидна или слово редкое"
13083,steam,steam,,hot_things,candidate,hard_only,"связь верна, но неочевидна или слово редкое"
13084,sun,sun,,hot_things,candidate,hard_only,"связь верна, но неочевидна или слово редкое"
13085,oven,oven,,hot_things,candidate,hard_only,"связь верна, но неочевидна или слово редкое"
13086,coal,coal,,hot_things,candidate,hard_only,"связь верна, но неочевидна или слово редкое"
13087,stove,stove,,hot_things,candidate,hard_only,"связь верна, но неочевидна или слово редкое"
13088,boiling water,boiling water,,hot_things,candidate,hard_only,"связь верна, но неочевидна или слово редкое"
13089,candle,candle,,hot_things,candidate,hard_only,"связь верна, но неочевидна или слово редкое"
13090,furnace,furnace,,hot_things,candidate,hard_only,"связь верна, но неочевидна или слово редкое"
13091,ember,ember,,hot_things,candidate,hard_only,"связь верна, но неочевидна или слово редкое"
13092,radiator,radiator,,hot_things,candidate,hard_only,"связь верна, но неочевидна или слово редкое"
13093,campfire,campfire,,hot_things,candidate,hard_only,"связь верна, но неочевидна или слово редкое"
13094,engine,engine,,hot_things,candidate,hard_only,"связь верна, но неочевидна или слово редкое"
13095,sauna,sauna,,hot_things,candidate,hard_only,"связь верна, но неочевидна или слово редкое"
13096,torch,torch,,hot_things,candidate,hard_only,"связь верна, но неочевидна или слово редкое"
13097,magma,magma,,hot_things,candidate,hard_only,"связь верна, но неочевидна или слово редкое"
13122,pillow,pillow,,soft_things,candidate,hard_only,"связь верна, но неочевидна или слово редкое"
13123,cotton,cotton,,soft_things,candidate,hard_only,"связь верна, но неочевидна или слово редкое"
13124,feather,feather,,soft_things,candidate,hard_only,"связь верна, но неочевидна или слово редкое"
13125,fur,fur,,soft_things,candidate,hard_only,"связь верна, но неочевидна или слово редкое"
13126,silk,silk,,soft_things,candidate,hard_only,"связь верна, но неочевидна или слово редкое"
13127,cloud,cloud,,soft_things,candidate,hard_only,"связь верна, но неочевидна или слово редкое"
13128,marshmallow,marshmallow,,soft_things,candidate,hard_only,"связь верна, но неочевидна или слово редкое"
13129,wool,wool,,soft_things,candidate,hard_only,"связь верна, но неочевидна или слово редкое"
13130,velvet,velvet,,soft_things,candidate,hard_only,"связь верна, но неочевидна или слово редкое"
13131,kitten,kitten,,soft_things,candidate,hard_only,"связь верна, но неочевидна или слово редкое"
13132,dough,dough,,soft_things,candidate,hard_only,"связь верна, но неочевидна или слово редкое"
13133,moss,moss,,soft_things,candidate,hard_only,"связь верна, но неочевидна или слово редкое"
13134,blanket,blanket,,soft_things,candidate,hard_only,"связь верна, но неочевидна или слово редкое"
13135,teddy bear,teddy bear,,soft_things,candidate,hard_only,"связь верна, но неочевидна или слово редкое"
13136,cushion,cushion,,soft_things,candidate,hard_only,"связь верна, но неочевидна или слово редкое"
13137,foam,foam,,soft_things,candidate,hard_only,"связь верна, но неочевидна или слово редкое"
13138,sand,sand,,soft_things,candidate,hard_only,"связь верна, но неочевидна или слово редкое"
13139,rock,rock,,hard_things,candidate,hard_only,"связь верна, но неочевидна или слово редкое"
13140,diamond,diamond,,hard_things,candidate,hard_only,"связь верна, но неочевидна или слово редкое"
13141,steel,steel,,hard_things,candidate,hard_only,"связь верна, но неочевидна или слово редкое"
13142,bone,bone,,hard_things,candidate,hard_only,"связь верна, но неочевидна или слово редкое"
13143,brick,brick,,hard_things,candidate,hard_only,"связь верна, но неочевидна или слово редкое"
13144,glass,glass,,hard_things,candidate,hard_only,"связь верна, но неочевидна или слово редкое"
13145,ice,ice,,hard_things,candidate,hard_only,"связь верна, но неочевидна или слово редкое"
13146,concrete,concrete,,hard_things,candidate,hard_only,"связь верна, но неочевидна или слово редкое"
13147,wood,wood,,hard_things,candidate,hard_only,"связь верна, но неочевидна или слово редкое"
13148,nut,nut,,hard_things,candidate,hard_only,"связь верна, но неочевидна или слово редкое"
13149,shell,shell,,hard_things,candidate,hard_only,"связь верна, но неочевидна или слово редкое"
13150,marble,marble,,hard_things,candidate,hard_only,"связь верна, но неочевидна или слово редкое"
13151,tooth,tooth,,hard_things,candidate,hard_only,"связь верна, но неочевидна или слово редкое"
13152,metal,metal,,hard_things,candidate,hard_only,"связь верна, но неочевидна или слово редкое"
13153,granite,granite,,hard_things,candidate,hard_only,"связь верна, но неочевидна или слово редкое"
13154,tile,tile,,hard_things,candidate,hard_only,"связь верна, но неочевидна или слово редкое"
13155,anvil,anvil,,heavy_things,candidate,hard_only,"связь верна, но неочевидна или слово редкое"
13156,boulder,boulder,,heavy_things,candidate,hard_only,"связь верна, но неочевидна или слово редкое"
13157,elephant,elephant,,heavy_things,candidate,hard_only,"связь верна, но неочевидна или слово редкое"
13158,piano,piano,,heavy_things,candidate,hard_only,"связь верна, но неочевидна или слово редкое"
13159,safe,safe,,heavy_things,candidate,hard_only,"связь верна, но неочевидна или слово редкое"
13160,truck,truck,,heavy_things,candidate,hard_only,"связь верна, но неочевидна или слово редкое"
13161,refrigerator,refrigerator,,heavy_things,candidate,hard_only,"связь верна, но неочевидна или слово редкое"
13162,cannon,cannon,,heavy_things,candidate,hard_only,"связь верна, но неочевидна или слово редкое"
13163,engine,engine,,heavy_things,candidate,hard_only,"связь верна, но неочевидна или слово редкое"
13164,barbell,barbell,,heavy_things,candidate,hard_only,"связь верна, но неочевидна или слово редкое"
13165,cinderblock,cinderblock,,heavy_things,candidate,hard_only,"связь верна, но неочевидна или слово редкое"
13166,whale,whale,,heavy_things,candidate,hard_only,"связь верна, но неочевидна или слово редкое"
13167,tractor,tractor,,heavy_things,candidate,hard_only,"связь верна, но неочевидна или слово редкое"
13168,bathtub,bathtub,,heavy_things,candidate,hard_only,"связь верна, но неочевидна или слово редкое"
13169,statue,statue,,heavy_things,candidate,hard_only,"связь верна, но неочевидна или слово редкое"
13170,anchor,anchor,,heavy_things,candidate,hard_only,"связь верна, но неочевидна или слово редкое"
13171,feather,feather,,light_things,candidate,hard_only,"связь верна, но неочевидна или слово редкое"
13172,balloon,balloon,,light_things,candidate,hard_only,"связь верна, но неочевидна или слово редкое"
13173,paper,paper,,light_things,candidate,hard_only,"связь верна, но неочевидна или слово редкое"
13174,leaf,leaf,,light_things,candidate,hard_only,"связь верна, но неочевидна или слово редкое"
13175,bubble,bubble,,light_things,candidate,hard_only,"связь верна, но неочевидна или слово редкое"
13176,cotton,cotton,,light_things,candidate,hard_only,"связь верна, но неочевидна или слово редкое"
13177,snowflake,snowflake,,light_things,candidate,hard_only,"связь верна, но неочевидна или слово редкое"
13178,dust,dust,,light_things,candidate,hard_only,"связь верна, но неочевидна или слово редкое"
13179,straw,straw,,light_things,candidate,hard_only,"связь верна, но неочевидна или слово редкое"
13180,hair,hair,,light_things,candidate,hard_only,"связь верна, но неочевидна или слово редкое"
13181,seed,seed,,light_things,candidate,hard_only,"связь верна, но неочевидна или слово редкое"
13182,foam,foam,,light_things,candidate,hard_only,"связь верна, но неочевидна или слово редкое"
13183,confetti,confetti,,light_things,candidate,hard_only,"связь верна, но неочевидна или слово редкое"
13184,petal,petal,,light_things,candidate,hard_only,"связь верна, но неочевидна или слово редкое"
13185,thread,thread,,light_things,candidate,hard_only,"связь верна, но неочевидна или слово редкое"
13186,thunder,thunder,,loud_things,candidate,hard_only,"связь верна, но неочевидна или слово редкое"
13187,siren,siren,,loud_things,candidate,hard_only,"связь верна, но неочевидна или слово редкое"
13188,drum,drum,,loud_things,candidate,hard_only,"связь верна, но неочевидна или слово редкое"
13189,jackhammer,jackhammer,,loud_things,candidate,hard_only,"связь верна, но неочевидна или слово редкое"
13190,alarm,alarm,,loud_things,candidate,hard_only,"связь верна, но неочевидна или слово редкое"
13191,jet,jet,,loud_things,candidate,hard_only,"связь верна, но неочевидна или слово редкое"
13192,firework,firework,,loud_things,candidate,hard_only,"связь верна, но неочевидна или слово редкое"
13193,horn,horn,,loud_things,candidate,hard_only,"связь верна, но неочевидна или слово редкое"
13194,explosion,explosion,,loud_things,candidate,hard_only,"связь верна, но неочевидна или слово редкое"
13195,whistle,whistle,,loud_things,candidate,hard_only,"связь верна, но неочевидна или слово редкое"
13196,crowd,crowd,,loud_things,candidate,hard_only,"связь верна, но неочевидна или слово редкое"
13197,chainsaw,chainsaw,,loud_things,candidate,hard_only,"связь верна, но неочевидна или слово редкое"
13198,gunshot,gunshot,,loud_things,candidate,hard_only,"связь верна, но неочевидна или слово редкое"
13199,bell,bell,,loud_things,candidate,hard_only,"связь верна, но неочевидна или слово редкое"
13200,speaker,speaker,,loud_things,candidate,hard_only,"связь верна, но неочевидна или слово редкое"
13201,motorcycle,motorcycle,,loud_things,candidate,hard_only,"связь верна, но неочевидна или слово редкое"
13202,whisper,whisper,,quiet_things,candidate,hard_only,"связь верна, но неочевидна или слово редкое"
13203,snow,snow,,quiet_things,candidate,hard_only,"связь верна, но неочевидна или слово редкое"
13204,feather,feather,,quiet_things,candidate,hard_only,"связь верна, но неочевидна или слово редкое"
13205,mouse,mouse,,quiet_things,candidate,hard_only,"связь верна, но неочевидна или слово редкое"
13206,library,library,,quiet_things,candidate,hard_only,"связь верна, но неочевидна или слово редкое"
13207,cat,cat,,quiet_things,candidate,hard_only,"связь верна, но неочевидна или слово редкое"
13208,Shadow,shadow,,quiet_things,candidate,hard_only,"связь верна, но неочевидна или слово редкое"
13209,cloud,cloud,,quiet_things,candidate,hard_only,"связь верна, но неочевидна или слово редкое"
13210,sleep,sleep,,quiet_things,candidate,hard_only,"связь верна, но неочевидна или слово редкое"
13211,breeze,breeze,,quiet_things,candidate,hard_only,"связь верна, но неочевидна или слово редкое"
13212,silk,silk,,quiet_things,candidate,hard_only,"связь верна, но неочевидна или слово редкое"
13213,moth,moth,,quiet_things,candidate,hard_only,"связь верна, но неочевидна или слово редкое"
13214,tiptoe,tiptoe,,quiet_things,candidate,hard_only,"связь верна, но неочевидна или слово редкое"
13215,breath,breath,,quiet_things,candidate,hard_only,"связь верна, но неочевидна или слово редкое"
13216,mirror,mirror,,shiny_things,candidate,hard_only,"связь верна, но неочевидна или слово редкое"
13217,diamond,diamond,,shiny_things,candidate,hard_only,"связь верна, но неочевидна или слово редкое"
13218,gold,gold,,shiny_things,candidate,hard_only,"связь верна, но неочевидна или слово редкое"
13219,silver,silver,,shiny_things,candidate,hard_only,"связь верна, но неочевидна или слово редкое"
13220,coin,coin,,shiny_things,candidate,hard_only,"связь верна, но неочевидна или слово редкое"
13221,glass,glass,,shiny_things,candidate,hard_only,"связь верна, но неочевидна или слово редкое"
13222,chrome,chrome,,shiny_things,candidate,hard_only,"связь верна, но неочевидна или слово редкое"
13223,star,star,,shiny_things,candidate,hard_only,"связь верна, но неочевидна или слово редкое"
13224,foil,foil,,shiny_things,candidate,hard_only,"связь верна, но неочевидна или слово редкое"
13225,sequin,sequin,,shiny_things,candidate,hard_only,"связь верна, но неочевидна или слово редкое"
13226,glitter,glitter,,shiny_things,candidate,hard_only,"связь верна, но неочевидна или слово редкое"
13227,ice,ice,,shiny_things,candidate,hard_only,"связь верна, но неочевидна или слово редкое"
13228,blade,blade,,shiny_things,candidate,hard_only,"связь верна, но неочевидна или слово редкое"
13229,jewel,jewel,,shiny_things,candidate,hard_only,"связь верна, но неочевидна или слово редкое"
13230,lacquer,lacquer,,shiny_things,candidate,hard_only,"связь верна, но неочевидна или слово редкое"
13231,satin,satin,,shiny_things,candidate,hard_only,"связь верна, но неочевидна или слово редкое"
13232,bumper,bumper,,shiny_things,candidate,hard_only,"связь верна, но неочевидна или слово редкое"
13233,glass,glass,,transparent_things,candidate,hard_only,"связь верна, но неочевидна или слово редкое"
13234,window,window,,transparent_things,candidate,hard_only,"связь верна, но неочевидна или слово редкое"
13235,water,water,,transparent_things,candidate,hard_only,"связь верна, но неочевидна или слово редкое"
13236,ice,ice,,transparent_things,candidate,hard_only,"связь верна, но неочевидна или слово редкое"
13237,bubble,bubble,,transparent_things,candidate,hard_only,"связь верна, но неочевидна или слово редкое"
13238,plastic wrap,plastic wrap,,transparent_things,candidate,hard_only,"связь верна, но неочевидна или слово редкое"
13239,lens,lens,,transparent_things,candidate,hard_only,"связь верна, но неочевидна или слово редкое"
13240,air,air,,transparent_things,candidate,hard_only,"связь верна, но неочевидна или слово редкое"
13241,cellophane,cellophane,,transparent_things,candidate,hard_only,"связь верна, но неочевидна или слово редкое"
13242,jellyfish,jellyfish,,transparent_things,candidate,hard_only,"связь верна, но неочевидна или слово редкое"
13243,veil,veil,,transparent_things,candidate,hard_only,"связь верна, но неочевидна или слово редкое"
13244,crystal,crystal,,transparent_things,candidate,hard_only,"связь верна, но неочевидна или слово редкое"
13245,aquarium,aquarium,,transparent_things,candidate,hard_only,"связь верна, но неочевидна или слово редкое"
13246,boat,boat,,things_that_float,candidate,hard_only,"связь верна, но неочевидна или слово редкое"
13247,cork,cork,,things_that_float,candidate,hard_only,"связь верна, но неочевидна или слово редкое"
13248,leaf,leaf,,things_that_float,candidate,hard_only,"связь верна, но неочевидна или слово редкое"
13249,duck,duck,,things_that_float,candidate,hard_only,"связь верна, но неочевидна или слово редкое"
13250,balloon,balloon,,things_that_float,candidate,hard_only,"связь верна, но неочевидна или слово редкое"
13251,raft,raft,,things_that_float,candidate,hard_only,"связь верна, но неочевидна или слово редкое"
13252,ice,ice,,things_that_float,candidate,hard_only,"связь верна, но неочевидна или слово редкое"
13253,wood,wood,,things_that_float,candidate,hard_only,"связь верна, но неочевидна или слово редкое"
13254,buoy,buoy,,things_that_float,candidate,hard_only,"связь верна, но неочевидна или слово редкое"
13255,feather,feather,,things_that_float,candidate,hard_only,"связь верна, но неочевидна или слово редкое"
13256,oil,oil,,things_that_float,candidate,hard_only,"связь верна, но неочевидна или слово редкое"
13257,bubble,bubble,,things_that_float,candidate,hard_only,"связь верна, но неочевидна или слово редкое"
13258,foam,foam,,things_that_float,candidate,hard_only,"связь верна, но неочевидна или слово редкое"
13259,life vest,life vest,,things_that_float,candidate,hard_only,"связь верна, но неочевидна или слово редкое"
13260,pool noodle,pool noodle,,things_that_float,candidate,hard_only,"связь верна, но неочевидна или слово редкое"
13261,lily pad,lily pad,,things_that_float,candidate,hard_only,"связь верна, но неочевидна или слово редкое"
13262,driftwood,driftwood,,things_that_float,candidate,hard_only,"связь верна, но неочевидна или слово редкое"
13263,rubber band,rubber band,,things_that_stretch,candidate,hard_only,"связь верна, но неочевидна или слово редкое"
13264,gum,gum,,things_that_stretch,candidate,hard_only,"связь верна, но неочевидна или слово редкое"
13265,dough,dough,,things_that_stretch,candidate,hard_only,"связь верна, но неочевидна или слово редкое"
13266,spandex,spandex,,things_that_stretch,candidate,hard_only,"связь верна, но неочевидна или слово редкое"
13267,sock,sock,,things_that_stretch,candidate,hard_only,"связь верна, но неочевидна или слово редкое"
13268,balloon,balloon,,things_that_stretch,candidate,hard_only,"связь верна, но неочевидна или слово редкое"
13269,Slinky,slinky,,things_that_stretch,candidate,hard_only,"связь верна, но неочевидна или слово редкое"
13270,bungee cord,bungee cord,,things_that_stretch,candidate,hard_only,"связь верна, но неочевидна или слово редкое"
13271,taffy,taffy,,things_that_stretch,candidate,hard_only,"связь верна, но неочевидна или слово редкое"
13272,elastic,elastic,,things_that_stretch,candidate,hard_only,"связь верна, но неочевидна или слово редкое"
13273,muscle,muscle,,things_that_stretch,candidate,hard_only,"связь верна, но неочевидна или слово редкое"
13274,skin,skin,,things_that_stretch,candidate,hard_only,"связь верна, но неочевидна или слово редкое"
13275,spring,spring,,things_that_stretch,candidate,hard_only,"связь верна, но неочевидна или слово редкое"
13276,waistband,waistband,,things_that_stretch,candidate,hard_only,"связь верна, но неочевидна или слово редкое"
13277,glass,glass,,things_that_break,candidate,hard_only,"связь верна, но неочевидна или слово редкое"
13278,egg,egg,,things_that_break,candidate,hard_only,"связь верна, но неочевидна или слово редкое"
13279,mirror,mirror,,things_that_break,candidate,hard_only,"связь верна, но неочевидна или слово редкое"
13280,vase,vase,,things_that_break,candidate,hard_only,"связь верна, но неочевидна или слово редкое"
13281,China,china,,things_that_break,candidate,hard_only,"связь верна, но неочевидна или слово редкое"
13282,bulb,bulb,,things_that_break,candidate,hard_only,"связь верна, но неочевидна или слово редкое"
13283,ornament,ornament,,things_that_break,candidate,hard_only,"связь верна, но неочевидна или слово редкое"
13284,chalk,chalk,,things_that_break,candidate,hard_only,"связь верна, но неочевидна или слово редкое"
13285,pottery,pottery,,things_that_break,candidate,hard_only,"связь верна, но неочевидна или слово редкое"
13286,ice,ice,,things_that_break,candidate,hard_only,"связь верна, но неочевидна или слово редкое"
13287,shell,shell,,things_that_break,candidate,hard_only,"связь верна, но неочевидна или слово редкое"
13288,lightbulb,lightbulb,,things_that_break,candidate,hard_only,"связь верна, но неочевидна или слово редкое"
13289,porcelain,porcelain,,things_that_break,candidate,hard_only,"связь верна, но неочевидна или слово редкое"
13290,cheetah,cheetah,,fast_things,candidate,hard_only,"связь верна, но неочевидна или слово редкое"
13291,rocket,rocket,,fast_things,candidate,hard_only,"связь верна, но неочевидна или слово редкое"
13292,bullet,bullet,,fast_things,candidate,hard_only,"связь верна, но неочевидна или слово редкое"
13293,jet,jet,,fast_things,candidate,hard_only,"связь верна, но неочевидна или слово редкое"
13294,lightning,lightning,,fast_things,candidate,hard_only,"связь верна, но неочевидна или слово редкое"
13295,race car,race car,,fast_things,candidate,hard_only,"связь верна, но неочевидна или слово редкое"
13296,falcon,falcon,,fast_things,candidate,hard_only,"связь верна, но неочевидна или слово редкое"
13297,arrow,arrow,,fast_things,candidate,hard_only,"связь верна, но неочевидна или слово редкое"
13298,sprinter,sprinter,,fast_things,candidate,hard_only,"связь верна, но неочевидна или слово редкое"
13299,motorcycle,motorcycle,,fast_things,candidate,hard_only,"связь верна, но неочевидна или слово редкое"
13300,wind,wind,,fast_things,candidate,hard_only,"связь верна, но неочевидна или слово редкое"
13301,comet,comet,,fast_things,candidate,hard_only,"связь верна, но неочевидна или слово редкое"
13302,hare,hare,,fast_things,candidate,hard_only,"связь верна, но неочевидна или слово редкое"
13303,torpedo,torpedo,,fast_things,candidate,hard_only,"связь верна, но неочевидна или слово редкое"
13304,snail,snail,,slow_things,candidate,hard_only,"связь верна, но неочевидна или слово редкое"
13305,turtle,turtle,,slow_things,candidate,hard_only,"связь верна, но неочевидна или слово редкое"
13306,sloth,sloth,,slow_things,candidate,hard_only,"связь верна, но неочевидна или слово редкое"
13307,glacier,glacier,,slow_things,candidate,hard_only,"связь верна, но неочевидна или слово редкое"
13308,traffic,traffic,,slow_things,candidate,hard_only,"связь верна, но неочевидна или слово редкое"
13309,molasses,molasses,,slow_things,candidate,hard_only,"связь верна, но неочевидна или слово редкое"
13310,tortoise,tortoise,,slow_things,candidate,hard_only,"связь верна, но неочевидна или слово редкое"
13311,caterpillar,caterpillar,,slow_things,candidate,hard_only,"связь верна, но неочевидна или слово редкое"
13312,worm,worm,,slow_things,candidate,hard_only,"связь верна, но неочевидна или слово редкое"
13313,slug,slug,,slow_things,candidate,hard_only,"связь верна, но неочевидна или слово редкое"
13314,tractor,tractor,,slow_things,candidate,hard_only,"связь верна, но неочевидна или слово редкое"
13315,parade,parade,,slow_things,candidate,hard_only,"связь верна, но неочевидна или слово редкое"
13316,skunk,skunk,,smelly_things,candidate,hard_only,"связь верна, но неочевидна или слово редкое"
13317,garlic,garlic,,smelly_things,candidate,hard_only,"связь верна, но неочевидна или слово редкое"
13318,onion,onion,,smelly_things,candidate,hard_only,"связь верна, но неочевидна или слово редкое"
13319,perfume,perfume,,smelly_things,candidate,hard_only,"связь верна, но неочевидна или слово редкое"
13320,gasoline,gasoline,,smelly_things,candidate,hard_only,"связь верна, но неочевидна или слово редкое"
13321,cheese,cheese,,smelly_things,candidate,hard_only,"связь верна, но неочевидна или слово редкое"
13322,vinegar,vinegar,,smelly_things,candidate,hard_only,"связь верна, но неочевидна или слово редкое"
13323,smoke,smoke,,smelly_things,candidate,hard_only,"связь верна, но неочевидна или слово редкое"
13324,fish,fish,,smelly_things,candidate,hard_only,"связь верна, но неочевидна или слово редкое"
13325,ammonia,ammonia,,smelly_things,candidate,hard_only,"связь верна, но неочевидна или слово редкое"
13326,mothball,mothball,,smelly_things,candidate,hard_only,"связь верна, но неочевидна или слово редкое"
13327,manure,manure,,smelly_things,candidate,hard_only,"связь верна, но неочевидна или слово редкое"
13328,bleach,bleach,,smelly_things,candidate,hard_only,"связь верна, но неочевидна или слово редкое"
13329,incense,incense,,smelly_things,candidate,hard_only,"связь верна, но неочевидна или слово редкое"
13330,durian,durian,,smelly_things,candidate,hard_only,"связь верна, но неочевидна или слово редкое"
13331,donut,donut,,things_with_holes,candidate,hard_only,"связь верна, но неочевидна или слово редкое"
13332,colander,colander,,things_with_holes,candidate,hard_only,"связь верна, но неочевидна или слово редкое"
13333,button,button,,things_with_holes,candidate,hard_only,"связь верна, но неочевидна или слово редкое"
13334,net,net,,things_with_holes,candidate,hard_only,"связь верна, но неочевидна или слово редкое"
13335,swiss cheese,swiss cheese,,things_with_holes,candidate,hard_only,"связь верна, но неочевидна или слово редкое"
13336,belt,belt,,things_with_holes,candidate,hard_only,"связь верна, но неочевидна или слово редкое"
13337,sieve,sieve,,things_with_holes,candidate,hard_only,"связь верна, но неочевидна или слово редкое"
13338,golf course,golf course,,things_with_holes,candidate,hard_only,"связь верна, но неочевидна или слово редкое"
13339,straw,straw,,things_with_holes,candidate,hard_only,"связь верна, но неочевидна или слово редкое"
13340,whistle,whistle,,things_with_holes,candidate,hard_only,"связь верна, но неочевидна или слово редкое"
13341,flute,flute,,things_with_holes,candidate,hard_only,"связь верна, но неочевидна или слово редкое"
13342,cheese grater,cheese grater,,things_with_holes,candidate,hard_only,"связь верна, но неочевидна или слово редкое"
13343,sock,sock,,things_with_holes,candidate,hard_only,"связь верна, но неочевидна или слово редкое"
13344,waffle,waffle,,things_with_holes,candidate,hard_only,"связь верна, но неочевидна или слово редкое"
13345,pencil,pencil,,things_that_are_sharp,candidate,hard_only,"связь верна, но неочевидна или слово редкое"
13346,arrow,arrow,,things_that_are_sharp,candidate,hard_only,"связь верна, но неочевидна или слово редкое"
13347,thorn,thorn,,things_that_are_sharp,candidate,hard_only,"связь верна, но неочевидна или слово редкое"
13348,PIN,pin,,things_that_are_sharp,candidate,hard_only,"связь верна, но неочевидна или слово редкое"
13349,dart,dart,,things_that_are_sharp,candidate,hard_only,"связь верна, но неочевидна или слово редкое"
13350,spear,spear,,things_that_are_sharp,candidate,hard_only,"связь верна, но неочевидна или слово редкое"
13351,icicle,icicle,,things_that_are_sharp,candidate,hard_only,"связь верна, но неочевидна или слово редкое"
13352,fang,fang,,things_that_are_sharp,candidate,hard_only,"связь верна, но неочевидна или слово редкое"
13353,horn,horn,,things_that_are_sharp,candidate,hard_only,"связь верна, но неочевидна или слово редкое"
13354,cone,cone,,things_that_are_sharp,candidate,hard_only,"связь верна, но неочевидна или слово редкое"
13355,sword,sword,,things_that_are_sharp,candidate,hard_only,"связь верна, но неочевидна или слово редкое"
13356,tack,tack,,things_that_are_sharp,candidate,hard_only,"связь верна, но неочевидна или слово редкое"
13357,spike,spike,,things_that_are_sharp,candidate,hard_only,"связь верна, но неочевидна или слово редкое"
13358,claw,claw,,things_that_are_sharp,candidate,hard_only,"связь верна, но неочевидна или слово редкое"
13359,zebra,zebra,,striped_things,candidate,hard_only,"связь верна, но неочевидна или слово редкое"
13360,tiger,tiger,,striped_things,candidate,hard_only,"связь верна, но неочевидна или слово редкое"
13361,candy cane,candy cane,,striped_things,candidate,hard_only,"связь верна, но неочевидна или слово редкое"
13362,flag,flag,,striped_things,candidate,hard_only,"связь верна, но неочевидна или слово редкое"
13363,barber pole,barber pole,,striped_things,candidate,hard_only,"связь верна, но неочевидна или слово редкое"
13364,crosswalk,crosswalk,,striped_things,candidate,hard_only,"связь верна, но неочевидна или слово редкое"
13365,referee shirt,referee shirt,,striped_things,candidate,hard_only,"связь верна, но неочевидна или слово редкое"
13366,bee,bee,,striped_things,candidate,hard_only,"связь верна, но неочевидна или слово редкое"
13367,prison uniform,prison uniform,,striped_things,candidate,hard_only,"связь верна, но неочевидна или слово редкое"
13368,road,road,,striped_things,candidate,hard_only,"связь верна, но неочевидна или слово редкое"
13369,awning,awning,,striped_things,candidate,hard_only,"связь верна, но неочевидна или слово редкое"
13370,skunk,skunk,,striped_things,candidate,hard_only,"связь верна, но неочевидна или слово редкое"
13371,ribbon,ribbon,,striped_things,candidate,hard_only,"связь верна, но неочевидна или слово редкое"
13372,box,box,,square_things,candidate,hard_only,"связь верна, но неочевидна или слово редкое"
13373,checkerboard,checkerboard,,square_things,candidate,hard_only,"связь верна, но неочевидна или слово редкое"
13374,waffle,waffle,,square_things,candidate,hard_only,"связь верна, но неочевидна или слово редкое"
13375,tile,tile,,square_things,candidate,hard_only,"связь верна, но неочевидна или слово редкое"
13376,window,window,,square_things,candidate,hard_only,"связь верна, но неочевидна или слово редкое"
13377,dice,dice,,square_things,candidate,hard_only,"связь верна, но неочевидна или слово редкое"
13378,napkin,napkin,,square_things,candidate,hard_only,"связь верна, но неочевидна или слово редкое"
13379,brick,brick,,square_things,candidate,hard_only,"связь верна, но неочевидна или слово редкое"
13380,envelope,envelope,,square_things,candidate,hard_only,"связь верна, но неочевидна или слово редкое"
13381,picture frame,picture frame,,square_things,candidate,hard_only,"связь верна, но неочевидна или слово редкое"
13382,sticky note,sticky note,,square_things,candidate,hard_only,"связь верна, но неочевидна или слово редкое"
13383,keyboard key,keyboard key,,square_things,candidate,hard_only,"связь верна, но неочевидна или слово редкое"
13384,pencil,pencil,,long_thin_things,candidate,hard_only,"связь верна, но неочевидна или слово редкое"
13385,straw,straw,,long_thin_things,candidate,hard_only,"связь верна, но неочевидна или слово редкое"
13386,noodle,noodle,,long_thin_things,candidate,hard_only,"связь верна, но неочевидна или слово редкое"
13387,snake,snake,,long_thin_things,candidate,hard_only,"связь верна, но неочевидна или слово редкое"
13388,rope,rope,,long_thin_things,candidate,hard_only,"связь верна, но неочевидна или слово редкое"
13389,wire,wire,,long_thin_things,candidate,hard_only,"связь верна, но неочевидна или слово редкое"
13390,ruler,ruler,,long_thin_things,candidate,hard_only,"связь верна, но неочевидна или слово редкое"
13391,chopstick,chopstick,,long_thin_things,candidate,hard_only,"связь верна, но неочевидна или слово редкое"
13392,hair,hair,,long_thin_things,candidate,hard_only,"связь верна, но неочевидна или слово редкое"
13393,spaghetti,spaghetti,,long_thin_things,candidate,hard_only,"связь верна, но неочевидна или слово редкое"
13394,cane,cane,,long_thin_things,candidate,hard_only,"связь верна, но неочевидна или слово редкое"
13395,pole,pole,,long_thin_things,candidate,hard_only,"связь верна, но неочевидна или слово редкое"
13396,ribbon,ribbon,,long_thin_things,candidate,hard_only,"связь верна, но неочевидна или слово редкое"
13397,worm,worm,,long_thin_things,candidate,hard_only,"связь верна, но неочевидна или слово редкое"
13398,arrow,arrow,,long_thin_things,candidate,hard_only,"связь верна, но неочевидна или слово редкое"
13399,ice,ice,,things_that_shrink,candidate,hard_only,"связь верна, но неочевидна или слово редкое"
13400,candle,candle,,things_that_shrink,candidate,hard_only,"связь верна, но неочевидна или слово редкое"
13401,sweater,sweater,,things_that_shrink,candidate,hard_only,"связь верна, но неочевидна или слово редкое"
13402,balloon,balloon,,things_that_shrink,candidate,hard_only,"связь верна, но неочевидна или слово редкое"
13403,puddle,puddle,,things_that_shrink,candidate,hard_only,"связь верна, но неочевидна или слово редкое"
13404,soap,soap,,things_that_shrink,candidate,hard_only,"связь верна, но неочевидна или слово редкое"
13405,snowman,snowman,,things_that_shrink,candidate,hard_only,"связь верна, но неочевидна или слово редкое"
13406,battery,battery,,things_that_shrink,candidate,hard_only,"связь верна, но неочевидна или слово редкое"
13407,pencil,pencil,,things_that_shrink,candidate,hard_only,"связь верна, но неочевидна или слово редкое"
13408,savings,savings,,things_that_shrink,candidate,hard_only,"связь верна, но неочевидна или слово редкое"
13409,Shadow,shadow,,things_that_shrink,candidate,hard_only,"связь верна, но неочевидна или слово редкое"
13410,glacier,glacier,,things_that_shrink,candidate,hard_only,"связь верна, но неочевидна или слово редкое"
13416,Sikhism,sikhism,,world_religions,candidate,hard_only,"связь верна, но неочевидна или слово редкое"
13418,Taoism,taoism,,world_religions,candidate,hard_only,"связь верна, но неочевидна или слово редкое"
13419,Jainism,jainism,,world_religions,candidate,hard_only,"связь верна, но неочевидна или слово редкое"
13421,Zoroastrianism,zoroastrianism,,world_religions,candidate,hard_only,"связь верна, но неочевидна или слово редкое"
13422,Bahá'í,bahá'í,,world_religions,candidate,hard_only,"связь верна, но неочевидна или слово редкое"
13464,Tripitaka,tripitaka,,religious_books,candidate,hard_only,"связь верна, но неочевидна или слово редкое"
13465,Avesta,avesta,,religious_books,candidate,hard_only,"связь верна, но неочевидна или слово редкое"
13472,hymnal,hymnal,,church_things,candidate,approved,"редкое в текстах, но общеизвестное слово"
13490,Yom Kippur,yom kippur,,religious_holidays,candidate,hard_only,"связь верна, но неочевидна или слово редкое"
13495,Purim,purim,,religious_holidays,candidate,hard_only,"связь верна, но неочевидна или слово редкое"
13496,Rosh Hashanah,rosh hashanah,,religious_holidays,candidate,hard_only,"связь верна, но неочевидна или слово редкое"
13518,menorah,menorah,,religious_symbols,candidate,approved,"редкое в текстах, но общеизвестное слово"
13523,ankh,ankh,,religious_symbols,candidate,hard_only,"связь верна, но неочевидна или слово редкое"
13560,benediction,benediction,,prayer_words,candidate,hard_only,"связь верна, но неочевидна или слово редкое"
13561,heaven,heaven,,heaven_and_afterlife,candidate,hard_only,"связь верна, но неочевидна или слово редкое"
13562,paradise,paradise,,heaven_and_afterlife,candidate,hard_only,"связь верна, но неочевидна или слово редкое"
13563,soul,soul,,heaven_and_afterlife,candidate,hard_only,"связь верна, но неочевидна или слово редкое"
13564,Spirit,spirit,,heaven_and_afterlife,candidate,hard_only,"связь верна, но неочевидна или слово редкое"
13565,eternity,eternity,,heaven_and_afterlife,candidate,hard_only,"связь верна, но неочевидна или слово редкое"
13566,resurrection,resurrection,,heaven_and_afterlife,candidate,hard_only,"связь верна, но неочевидна или слово редкое"
13567,reincarnation,reincarnation,,heaven_and_afterlife,candidate,hard_only,"связь верна, но неочевидна или слово редкое"
13568,ancestor,ancestor,,heaven_and_afterlife,candidate,hard_only,"связь верна, но неочевидна или слово редкое"
13569,angel,angel,,heaven_and_afterlife,candidate,hard_only,"связь верна, но неочевидна или слово редкое"
13570,judgment,judgment,,heaven_and_afterlife,candidate,hard_only,"связь верна, но неочевидна или слово редкое"
13571,immortality,immortality,,heaven_and_afterlife,candidate,hard_only,"связь верна, но неочевидна или слово редкое"
13572,nirvana,nirvana,,heaven_and_afterlife,candidate,hard_only,"связь верна, но неочевидна или слово редкое"
13573,salvation,salvation,,heaven_and_afterlife,candidate,hard_only,"связь верна, но неочевидна или слово редкое"
13574,cell,cell,,monastery_life,candidate,hard_only,"связь верна, но неочевидна или слово редкое"
13575,cloister,cloister,,monastery_life,candidate,hard_only,"связь верна, но неочевидна или слово редкое"
13576,robe,robe,,monastery_life,candidate,hard_only,"связь верна, но неочевидна или слово редкое"
13577,bell,bell,,monastery_life,candidate,hard_only,"связь верна, но неочевидна или слово редкое"
13578,garden,garden,,monastery_life,candidate,hard_only,"связь верна, но неочевидна или слово редкое"
13579,library,library,,monastery_life,candidate,hard_only,"связь верна, но неочевидна или слово редкое"
13580,scriptorium,scriptorium,,monastery_life,candidate,hard_only,"связь верна, но неочевидна или слово редкое"
13581,refectory,refectory,,monastery_life,candidate,hard_only,"связь верна, но неочевидна или слово редкое"
13582,chapel,chapel,,monastery_life,candidate,hard_only,"связь верна, но неочевидна или слово редкое"
13583,vow,vow,,monastery_life,candidate,hard_only,"связь верна, но неочевидна или слово редкое"
13584,silence,silence,,monastery_life,candidate,hard_only,"связь верна, но неочевидна или слово редкое"
13585,abbot,abbot,,monastery_life,candidate,hard_only,"связь верна, но неочевидна или слово редкое"
13586,manuscript,manuscript,,monastery_life,candidate,hard_only,"связь верна, но неочевидна или слово редкое"
13587,courtyard,courtyard,,monastery_life,candidate,hard_only,"связь верна, но неочевидна или слово редкое"
13598,quasar,quasar,,space_objects,candidate,hard_only,"связь верна, но неочевидна или слово редкое"
13638,pipette,pipette,,lab_equipment,candidate,hard_only,"связь верна, но неочевидна или слово редкое"
13647,magnifier,magnifier,,lab_equipment,candidate,hard_only,"связь верна, но неочевидна или слово редкое"
13668,trapezoid,trapezoid,,shapes,candidate,approved,"редкое в текстах, но общеизвестное слово"
13728,isobar,isobar,,weather_science,candidate,hard_only,"связь верна, но неочевидна или слово редкое"
13731,updraft,updraft,,weather_science,candidate,hard_only,"связь верна, но неочевидна или слово редкое"
13747,cell,cell,,body_science,candidate,hard_only,"связь верна, но неочевидна или слово редкое"
13748,gene,gene,,body_science,candidate,hard_only,"связь верна, но неочевидна или слово редкое"
13749,dna,dna,,body_science,candidate,hard_only,"связь верна, но неочевидна или слово редкое"
13750,protein,protein,,body_science,candidate,hard_only,"связь верна, но неочевидна или слово редкое"
13751,enzyme,enzyme,,body_science,candidate,hard_only,"связь верна, но неочевидна или слово редкое"
13752,hormone,hormone,,body_science,candidate,hard_only,"связь верна, но неочевидна или слово редкое"
13753,nerve,nerve,,body_science,candidate,hard_only,"связь верна, но неочевидна или слово редкое"
13754,blood,blood,,body_science,candidate,hard_only,"связь верна, но неочевидна или слово редкое"
13755,muscle,muscle,,body_science,candidate,hard_only,"связь верна, но неочевидна или слово редкое"
13756,bone,bone,,body_science,candidate,hard_only,"связь верна, но неочевидна или слово редкое"
13757,plasma,plasma,,body_science,candidate,hard_only,"связь верна, но неочевидна или слово редкое"
13758,oxygen,oxygen,,body_science,candidate,hard_only,"связь верна, но неочевидна или слово редкое"
13759,immunity,immunity,,body_science,candidate,hard_only,"связь верна, но неочевидна или слово редкое"
13760,metabolism,metabolism,,body_science,candidate,hard_only,"связь верна, но неочевидна или слово редкое"
13761,artery,artery,,body_science,candidate,hard_only,"связь верна, но неочевидна или слово редкое"
13762,membrane,membrane,,body_science,candidate,hard_only,"связь верна, но неочевидна или слово редкое"
13829,gravity,gravity,,magnets_and_forces,candidate,hard_only,"связь верна, но неочевидна или слово редкое"
13830,friction,friction,,magnets_and_forces,candidate,hard_only,"связь верна, но неочевидна или слово редкое"
13831,magnetism,magnetism,,magnets_and_forces,candidate,hard_only,"связь верна, но неочевидна или слово редкое"
13832,pressure,pressure,,magnets_and_forces,candidate,hard_only,"связь верна, но неочевидна или слово редкое"
13833,tension,tension,,magnets_and_forces,candidate,hard_only,"связь верна, но неочевидна или слово редкое"
13834,lift,lift,,magnets_and_forces,candidate,hard_only,"связь верна, но неочевидна или слово редкое"
13835,thrust,thrust,,magnets_and_forces,candidate,hard_only,"связь верна, но неочевидна или слово редкое"
13836,drag,drag,,magnets_and_forces,candidate,hard_only,"связь верна, но неочевидна или слово редкое"
13837,pull,pull,,magnets_and_forces,candidate,hard_only,"связь верна, но неочевидна или слово редкое"
13838,push,push,,magnets_and_forces,candidate,hard_only,"связь верна, но неочевидна или слово редкое"
13839,torque,torque,,magnets_and_forces,candidate,hard_only,"связь верна, но неочевидна или слово редкое"
13840,inertia,inertia,,magnets_and_forces,candidate,hard_only,"связь верна, но неочевидна или слово редкое"
13841,buoyancy,buoyancy,,magnets_and_forces,candidate,hard_only,"связь верна, но неочевидна или слово редкое"
13842,atom,atom,,chemistry_words,candidate,hard_only,"связь верна, но неочевидна или слово редкое"
13843,molecule,molecule,,chemistry_words,candidate,hard_only,"связь верна, но неочевидна или слово редкое"
13844,element,element,,chemistry_words,candidate,hard_only,"связь верна, но неочевидна или слово редкое"
13845,compound,compound,,chemistry_words,candidate,hard_only,"связь верна, но неочевидна или слово редкое"
13846,acid,acid,,chemistry_words,candidate,hard_only,"связь верна, но неочевидна или слово редкое"
13847,base,base,,chemistry_words,candidate,hard_only,"связь верна, но неочевидна или слово редкое"
13848,reaction,reaction,,chemistry_words,candidate,hard_only,"связь верна, но неочевидна или слово редкое"
13849,solution,solution,,chemistry_words,candidate,hard_only,"связь верна, но неочевидна или слово редкое"
13850,bond,bond,,chemistry_words,candidate,hard_only,"связь верна, но неочевидна или слово редкое"
13851,catalyst,catalyst,,chemistry_words,candidate,hard_only,"связь верна, но неочевидна или слово редкое"
13852,ion,ion,,chemistry_words,candidate,hard_only,"связь верна, но неочевидна или слово редкое"
13853,salt,salt,,chemistry_words,candidate,hard_only,"связь верна, но неочевидна или слово редкое"
13854,mixture,mixture,,chemistry_words,candidate,hard_only,"связь верна, но неочевидна или слово редкое"
13855,formula,formula,,chemistry_words,candidate,hard_only,"связь верна, но неочевидна или слово редкое"
13856,isotope,isotope,,chemistry_words,candidate,hard_only,"связь верна, но неочевидна или слово редкое"
13857,valence,valence,,chemistry_words,candidate,hard_only,"связь верна, но неочевидна или слово редкое"
13878,triceratops,triceratops,,dinosaurs,candidate,hard_only,"связь верна, но неочевидна или слово редкое"
13879,stegosaurus,stegosaurus,,dinosaurs,candidate,hard_only,"связь верна, но неочевидна или слово редкое"
13880,velociraptor,velociraptor,,dinosaurs,candidate,hard_only,"связь верна, но неочевидна или слово редкое"
13881,brontosaurus,brontosaurus,,dinosaurs,candidate,hard_only,"связь верна, но неочевидна или слово редкое"
13882,brachiosaurus,brachiosaurus,,dinosaurs,candidate,hard_only,"связь верна, но неочевидна или слово редкое"
13883,pterodactyl,pterodactyl,,dinosaurs,candidate,hard_only,"связь верна, но неочевидна или слово редкое"
13884,ankylosaurus,ankylosaurus,,dinosaurs,candidate,rejected,слово практически не встречается в английском
13885,allosaurus,allosaurus,,dinosaurs,candidate,hard_only,"связь верна, но неочевидна или слово редкое"
13887,diplodocus,diplodocus,,dinosaurs,candidate,hard_only,"связь верна, но неочевидна или слово редкое"
13888,spinosaurus,spinosaurus,,dinosaurs,candidate,hard_only,"связь верна, но неочевидна или слово редкое"
13889,atom,atom,,microscope_things,candidate,hard_only,"связь верна, но неочевидна или слово редкое"
13890,cell,cell,,microscope_things,candidate,hard_only,"связь верна, но неочевидна или слово редкое"
13891,germ,germ,,microscope_things,candidate,hard_only,"связь верна, но неочевидна или слово редкое"
13892,virus,virus,,microscope_things,candidate,hard_only,"связь верна, но неочевидна или слово редкое"
13893,bacteria,bacteria,,microscope_things,candidate,hard_only,"связь верна, но неочевидна или слово редкое"
13894,molecule,molecule,,microscope_things,candidate,hard_only,"связь верна, но неочевидна или слово редкое"
13895,pollen,pollen,,microscope_things,candidate,hard_only,"связь верна, но неочевидна или слово редкое"
13896,mite,mite,,microscope_things,candidate,hard_only,"связь верна, но неочевидна или слово редкое"
13897,spore,spore,,microscope_things,candidate,hard_only,"связь верна, но неочевидна или слово редкое"
13898,electron,electron,,microscope_things,candidate,hard_only,"связь верна, но неочевидна или слово редкое"
13899,dna,dna,,microscope_things,candidate,hard_only,"связь верна, но неочевидна или слово редкое"
13900,microbe,microbe,,microscope_things,candidate,hard_only,"связь верна, но неочевидна или слово редкое"
13901,particle,particle,,microscope_things,candidate,hard_only,"связь верна, но неочевидна или слово редкое"
13902,dust mite,dust mite,,microscope_things,candidate,hard_only,"связь верна, но неочевидна или слово редкое"
13935,erosion,erosion,,rock_cycle_words,candidate,hard_only,"связь верна, но неочевидна или слово редкое"
13936,sediment,sediment,,rock_cycle_words,candidate,hard_only,"связь верна, но неочевидна или слово редкое"
13937,fossil,fossil,,rock_cycle_words,candidate,hard_only,"связь верна, но неочевидна или слово редкое"
13938,lava,lava,,rock_cycle_words,candidate,hard_only,"связь верна, но неочевидна или слово редкое"
13939,magma,magma,,rock_cycle_words,candidate,hard_only,"связь верна, но неочевидна или слово редкое"
13940,crust,crust,,rock_cycle_words,candidate,hard_only,"связь верна, но неочевидна или слово редкое"
13941,mantle,mantle,,rock_cycle_words,candidate,hard_only,"связь верна, но неочевидна или слово редкое"
13942,core,core,,rock_cycle_words,candidate,hard_only,"связь верна, но неочевидна или слово редкое"
13943,fault,fault,,rock_cycle_words,candidate,hard_only,"связь верна, но неочевидна или слово редкое"
13944,plate,plate,,rock_cycle_words,candidate,hard_only,"связь верна, но неочевидна или слово редкое"
13945,quarry,quarry,,rock_cycle_words,candidate,hard_only,"связь верна, но неочевидна или слово редкое"
13946,strata,strata,,rock_cycle_words,candidate,hard_only,"связь верна, но неочевидна или слово редкое"
13947,mineral,mineral,,rock_cycle_words,candidate,hard_only,"связь верна, но неочевидна или слово редкое"
13948,volcano,volcano,,rock_cycle_words,candidate,hard_only,"связь верна, но неочевидна или слово редкое"
13949,tectonic,tectonic,,rock_cycle_words,candidate,hard_only,"связь верна, но неочевидна или слово редкое"
13950,glacier,glacier,,rock_cycle_words,candidate,hard_only,"связь верна, но неочевидна или слово редкое"
13951,salt,salt,,experiments,candidate,hard_only,"связь верна, но неочевидна или слово редкое"
13952,sugar,sugar,,experiments,candidate,hard_only,"связь верна, но неочевидна или слово редкое"
13953,soap,soap,,experiments,candidate,hard_only,"связь верна, но неочевидна или слово редкое"
13954,powder,powder,,experiments,candidate,hard_only,"связь верна, но неочевидна или слово редкое"
13955,coffee,coffee,,experiments,candidate,hard_only,"связь верна, но неочевидна или слово редкое"
13956,tablet,tablet,,experiments,candidate,hard_only,"связь верна, но неочевидна или слово редкое"
13957,gelatin,gelatin,,experiments,candidate,hard_only,"связь верна, но неочевидна или слово редкое"
13958,baking soda,baking soda,,experiments,candidate,hard_only,"связь верна, но неочевидна или слово редкое"
13959,honey,honey,,experiments,candidate,hard_only,"связь верна, но неочевидна или слово редкое"
13960,syrup,syrup,,experiments,candidate,hard_only,"связь верна, но неочевидна или слово редкое"
13961,kool aid,kool aid,,experiments,candidate,hard_only,"связь верна, но неочевидна или слово редкое"
13962,candy,candy,,experiments,candidate,hard_only,"связь верна, но неочевидна или слово редкое"
13963,ink,ink,,experiments,candidate,hard_only,"связь верна, но неочевидна или слово редкое"
13964,chalk,chalk,,experiments,candidate,hard_only,"связь верна, но неочевидна или слово редкое"
13965,bowline,bowline,,knots,candidate,hard_only,"связь верна, но неочевидна или слово редкое"
13966,square knot,square knot,,knots,candidate,hard_only,"связь верна, но неочевидна или слово редкое"
13967,clove hitch,clove hitch,,knots,candidate,hard_only,"связь верна, но неочевидна или слово редкое"
13968,half hitch,half hitch,,knots,candidate,hard_only,"связь верна, но неочевидна или слово редкое"
13969,sheet bend,sheet bend,,knots,candidate,hard_only,"связь верна, но неочевидна или слово редкое"
13970,figure eight,figure eight,,knots,candidate,hard_only,"связь верна, но неочевидна или слово редкое"
13971,slip knot,slip knot,,knots,candidate,hard_only,"связь верна, но неочевидна или слово редкое"
13972,granny knot,granny knot,,knots,candidate,hard_only,"связь верна, но неочевидна или слово редкое"
13973,timber hitch,timber hitch,,knots,candidate,hard_only,"связь верна, но неочевидна или слово редкое"
13974,taut line,taut line,,knots,candidate,hard_only,"связь верна, но неочевидна или слово редкое"
13975,overhand,overhand,,knots,candidate,hard_only,"связь верна, но неочевидна или слово редкое"
13976,trucker hitch,trucker hitch,,knots,candidate,hard_only,"связь верна, но неочевидна или слово редкое"
13977,fisherman knot,fisherman knot,,knots,candidate,hard_only,"связь верна, но неочевидна или слово редкое"
13991,daiquiri,daiquiri,,cocktails,candidate,hard_only,"связь верна, но неочевидна или слово редкое"
13996,pina colada,pina colada,,cocktails,candidate,hard_only,"связь верна, но неочевидна или слово редкое"
13998,negroni,negroni,,cocktails,candidate,hard_only,"связь верна, но неочевидна или слово редкое"
14004,downward dog,downward dog,,yoga_poses,candidate,hard_only,"связь верна, но неочевидна или слово редкое"
14005,warrior,warrior,,yoga_poses,candidate,hard_only,"связь верна, но неочевидна или слово редкое"
14006,tree,tree,,yoga_poses,candidate,hard_only,"связь верна, но неочевидна или слово редкое"
14007,child,child,,yoga_poses,candidate,hard_only,"связь верна, но неочевидна или слово редкое"
14008,cobra,cobra,,yoga_poses,candidate,hard_only,"связь верна, но неочевидна или слово редкое"
14009,plank,plank,,yoga_poses,candidate,hard_only,"связь верна, но неочевидна или слово редкое"
14010,lotus,lotus,,yoga_poses,candidate,hard_only,"связь верна, но неочевидна или слово редкое"
14011,triangle,triangle,,yoga_poses,candidate,hard_only,"связь верна, но неочевидна или слово редкое"
14012,mountain,mountain,,yoga_poses,candidate,hard_only,"связь верна, но неочевидна или слово редкое"
14013,pigeon,pigeon,,yoga_poses,candidate,hard_only,"связь верна, но неочевидна или слово редкое"
14014,crow,crow,,yoga_poses,candidate,hard_only,"связь верна, но неочевидна или слово редкое"
14015,boat,boat,,yoga_poses,candidate,hard_only,"связь верна, но неочевидна или слово редкое"
14016,half moon,half moon,,yoga_poses,candidate,hard_only,"связь верна, но неочевидна или слово редкое"
14025,flatbread,flatbread,,pizza_styles,candidate,hard_only,"связь верна, но неочевидна или слово редкое"
14026,calzone,calzone,,pizza_styles,candidate,hard_only,"связь верна, но неочевидна или слово редкое"
14027,focaccia,focaccia,,pizza_styles,candidate,hard_only,"связь верна, но неочевидна или слово редкое"
14030,moonwalk,moonwalk,,dance_moves,candidate,approved,"редкое в текстах, но общеизвестное слово"
14042,force,force,,card_tricks,candidate,hard_only,"связь верна, но неочевидна или слово редкое"
14043,palm,palm,,card_tricks,candidate,hard_only,"связь верна, но неочевидна или слово редкое"
14044,shuffle,shuffle,,card_tricks,candidate,hard_only,"связь верна, но неочевидна или слово редкое"
14045,cut,cut,,card_tricks,candidate,hard_only,"связь верна, но неочевидна или слово редкое"
14046,reveal,reveal,,card_tricks,candidate,hard_only,"связь верна, но неочевидна или слово редкое"
14047,double lift,double lift,,card_tricks,candidate,hard_only,"связь верна, но неочевидна или слово редкое"
14048,sleight,sleight,,card_tricks,candidate,hard_only,"связь верна, но неочевидна или слово редкое"
14049,pass,pass,,card_tricks,candidate,hard_only,"связь верна, но неочевидна или слово редкое"
14050,false shuffle,false shuffle,,card_tricks,candidate,hard_only,"связь верна, но неочевидна или слово редкое"
14051,flourish,flourish,,card_tricks,candidate,hard_only,"связь верна, но неочевидна или слово редкое"
14052,spread,spread,,card_tricks,candidate,hard_only,"связь верна, но неочевидна или слово редкое"
14053,control,control,,card_tricks,candidate,hard_only,"связь верна, но неочевидна или слово редкое"
14054,cascade,cascade,,juggling_words,candidate,hard_only,"связь верна, но неочевидна или слово редкое"
14055,shower,shower,,juggling_words,candidate,hard_only,"связь верна, но неочевидна или слово редкое"
14056,ball,ball,,juggling_words,candidate,hard_only,"связь верна, но неочевидна или слово редкое"
14057,club,club,,juggling_words,candidate,hard_only,"связь верна, но неочевидна или слово редкое"
14058,ring,ring,,juggling_words,candidate,hard_only,"связь верна, но неочевидна или слово редкое"
14059,catch,catch,,juggling_words,candidate,hard_only,"связь верна, но неочевидна или слово редкое"
14060,throw,throw,,juggling_words,candidate,hard_only,"связь верна, но неочевидна или слово редкое"
14061,pattern,pattern,,juggling_words,candidate,hard_only,"связь верна, но неочевидна или слово редкое"
14062,drop,drop,,juggling_words,candidate,hard_only,"связь верна, но неочевидна или слово редкое"
14063,toss,toss,,juggling_words,candidate,hard_only,"связь верна, но неочевидна или слово редкое"
14064,flash,flash,,juggling_words,candidate,hard_only,"связь верна, но неочевидна или слово редкое"
14065,scarf,scarf,,juggling_words,candidate,hard_only,"связь верна, но неочевидна или слово редкое"
14066,diabolo,diabolo,,juggling_words,candidate,hard_only,"связь верна, но неочевидна или слово редкое"
14078,immobilize,immobilize,,first_aid_actions,candidate,approved,"редкое в текстах, но общеизвестное слово"
14091,orienteering,orienteering,,survival_skills,candidate,hard_only,"связь верна, но неочевидна или слово редкое"
14092,block,block,,self_defense_moves,candidate,hard_only,"связь верна, но неочевидна или слово редкое"
14093,strike,strike,,self_defense_moves,candidate,hard_only,"связь верна, но неочевидна или слово редкое"
14094,kick,kick,,self_defense_moves,candidate,hard_only,"связь верна, но неочевидна или слово редкое"
14095,throw,throw,,self_defense_moves,candidate,hard_only,"связь верна, но неочевидна или слово редкое"
14096,escape,escape,,self_defense_moves,candidate,hard_only,"связь верна, но неочевидна или слово редкое"
14097,grab release,grab release,,self_defense_moves,candidate,hard_only,"связь верна, но неочевидна или слово редкое"
14098,elbow,elbow,,self_defense_moves,candidate,hard_only,"связь верна, но неочевидна или слово редкое"
14099,knee,knee,,self_defense_moves,candidate,hard_only,"связь верна, но неочевидна или слово редкое"
14100,stomp,stomp,,self_defense_moves,candidate,hard_only,"связь верна, но неочевидна или слово редкое"
14101,palm strike,palm strike,,self_defense_moves,candidate,hard_only,"связь верна, но неочевидна или слово редкое"
14102,roll,roll,,self_defense_moves,candidate,hard_only,"связь верна, но неочевидна или слово редкое"
14103,stance,stance,,self_defense_moves,candidate,hard_only,"связь верна, но неочевидна или слово редкое"
14144,kneading,kneading,,kitchen_skills,candidate,approved,"редкое в текстах, но общеизвестное слово"
14145,whisking,whisking,,kitchen_skills,candidate,hard_only,"связь верна, но неочевидна или слово редкое"
14146,filleting,filleting,,kitchen_skills,candidate,hard_only,"связь верна, но неочевидна или слово редкое"
14149,basting,basting,,kitchen_skills,candidate,hard_only,"связь верна, но неочевидна или слово редкое"
14150,garnishing,garnishing,,kitchen_skills,candidate,hard_only,"связь верна, но неочевидна или слово редкое"
14152,portioning,portioning,,kitchen_skills,candidate,hard_only,"связь верна, но неочевидна или слово редкое"
14178,hum,hum,,machine_sounds,candidate,hard_only,"связь верна, но неочевидна или слово редкое"
14179,whir,whir,,machine_sounds,candidate,hard_only,"связь верна, но неочевидна или слово редкое"
14180,rattle,rattle,,machine_sounds,candidate,hard_only,"связь верна, но неочевидна или слово редкое"
14181,grind,grind,,machine_sounds,candidate,hard_only,"связь верна, но неочевидна или слово редкое"
14182,roar,roar,,machine_sounds,candidate,hard_only,"связь верна, но неочевидна или слово редкое"
14183,click,click,,machine_sounds,candidate,hard_only,"связь верна, но неочевидна или слово редкое"
14184,beep,beep,,machine_sounds,candidate,hard_only,"связь верна, но неочевидна или слово редкое"
14185,buzz,buzz,,machine_sounds,candidate,hard_only,"связь верна, но неочевидна или слово редкое"
14186,clank,clank,,machine_sounds,candidate,hard_only,"связь верна, но неочевидна или слово редкое"
14187,chug,chug,,machine_sounds,candidate,hard_only,"связь верна, но неочевидна или слово редкое"
14188,purr,purr,,machine_sounds,candidate,hard_only,"связь верна, но неочевидна или слово редкое"
14189,screech,screech,,machine_sounds,candidate,hard_only,"связь верна, но неочевидна или слово редкое"
14190,rev,rev,,machine_sounds,candidate,hard_only,"связь верна, но неочевидна или слово редкое"
14191,ding,ding,,machine_sounds,candidate,hard_only,"связь верна, но неочевидна или слово редкое"
14192,whine,whine,,machine_sounds,candidate,hard_only,"связь верна, но неочевидна или слово редкое"
14193,sputter,sputter,,machine_sounds,candidate,hard_only,"связь верна, но неочевидна или слово редкое"
14194,splash,splash,,water_sounds,candidate,hard_only,"связь верна, но неочевидна или слово редкое"
14195,drip,drip,,water_sounds,candidate,hard_only,"связь верна, но неочевидна или слово редкое"
14196,gurgle,gurgle,,water_sounds,candidate,hard_only,"связь верна, но неочевидна или слово редкое"
14197,trickle,trickle,,water_sounds,candidate,hard_only,"связь верна, но неочевидна или слово редкое"
14198,roar,roar,,water_sounds,candidate,hard_only,"связь верна, но неочевидна или слово редкое"
14199,patter,patter,,water_sounds,candidate,hard_only,"связь верна, но неочевидна или слово редкое"
14200,slosh,slosh,,water_sounds,candidate,hard_only,"связь верна, но неочевидна или слово редкое"
14201,babble,babble,,water_sounds,candidate,hard_only,"связь верна, но неочевидна или слово редкое"
14202,spray,spray,,water_sounds,candidate,hard_only,"связь верна, но неочевидна или слово редкое"
14203,ripple,ripple,,water_sounds,candidate,hard_only,"связь верна, но неочевидна или слово редкое"
14204,plop,plop,,water_sounds,candidate,hard_only,"связь верна, но неочевидна или слово редкое"
14205,whoosh,whoosh,,water_sounds,candidate,hard_only,"связь верна, но неочевидна или слово редкое"
14206,hiss,hiss,,water_sounds,candidate,hard_only,"связь верна, но неочевидна или слово редкое"
14207,lap,lap,,water_sounds,candidate,hard_only,"связь верна, но неочевидна или слово редкое"
14208,sizzle,sizzle,,kitchen_sounds,candidate,hard_only,"связь верна, но неочевидна или слово редкое"
14209,boil,boil,,kitchen_sounds,candidate,hard_only,"связь верна, но неочевидна или слово редкое"
14210,chop,chop,,kitchen_sounds,candidate,hard_only,"связь верна, но неочевидна или слово редкое"
14211,clatter,clatter,,kitchen_sounds,candidate,hard_only,"связь верна, но неочевидна или слово редкое"
14212,whisk,whisk,,kitchen_sounds,candidate,hard_only,"связь верна, но неочевидна или слово редкое"
14213,ding,ding,,kitchen_sounds,candidate,hard_only,"связь верна, но неочевидна или слово редкое"
14214,pop,pop,,kitchen_sounds,candidate,hard_only,"связь верна, но неочевидна или слово редкое"
14215,crunch,crunch,,kitchen_sounds,candidate,hard_only,"связь верна, но неочевидна или слово редкое"
14216,bubble,bubble,,kitchen_sounds,candidate,hard_only,"связь верна, но неочевидна или слово редкое"
14217,hiss,hiss,,kitchen_sounds,candidate,hard_only,"связь верна, но неочевидна или слово редкое"
14218,slam,slam,,kitchen_sounds,candidate,hard_only,"связь верна, но неочевидна или слово редкое"
14219,clink,clink,,kitchen_sounds,candidate,hard_only,"связь верна, но неочевидна или слово редкое"
14220,grind,grind,,kitchen_sounds,candidate,hard_only,"связь верна, но неочевидна или слово редкое"
14221,whir,whir,,kitchen_sounds,candidate,hard_only,"связь верна, но неочевидна или слово редкое"
14222,rustle,rustle,,nature_sounds,candidate,hard_only,"связь верна, но неочевидна или слово редкое"
14223,chirp,chirp,,nature_sounds,candidate,hard_only,"связь верна, но неочевидна или слово редкое"
14224,howl,howl,,nature_sounds,candidate,hard_only,"связь верна, но неочевидна или слово редкое"
14225,thunder,thunder,,nature_sounds,candidate,hard_only,"связь верна, но неочевидна или слово редкое"
14226,whistle,whistle,,nature_sounds,candidate,hard_only,"связь верна, но неочевидна или слово редкое"
14227,buzz,buzz,,nature_sounds,candidate,hard_only,"связь верна, но неочевидна или слово редкое"
14228,croak,croak,,nature_sounds,candidate,hard_only,"связь верна, но неочевидна или слово редкое"
14229,crackle,crackle,,nature_sounds,candidate,hard_only,"связь верна, но неочевидна или слово редкое"
14230,splash,splash,,nature_sounds,candidate,hard_only,"связь верна, но неочевидна или слово редкое"
14231,hoot,hoot,,nature_sounds,candidate,hard_only,"связь верна, но неочевидна или слово редкое"
14232,roar,roar,,nature_sounds,candidate,hard_only,"связь верна, но неочевидна или слово редкое"
14233,patter,patter,,nature_sounds,candidate,hard_only,"связь верна, но неочевидна или слово редкое"
14234,hum,hum,,nature_sounds,candidate,hard_only,"связь верна, но неочевидна или слово редкое"
14235,whisper,whisper,,nature_sounds,candidate,hard_only,"связь верна, но неочевидна или слово редкое"
14236,crunch,crunch,,nature_sounds,candidate,hard_only,"связь верна, но неочевидна или слово редкое"
14237,creak,creak,,scary_sounds,candidate,hard_only,"связь верна, но неочевидна или слово редкое"
14238,howl,howl,,scary_sounds,candidate,hard_only,"связь верна, но неочевидна или слово редкое"
14239,scream,scream,,scary_sounds,candidate,hard_only,"связь верна, но неочевидна или слово редкое"
14240,whisper,whisper,,scary_sounds,candidate,hard_only,"связь верна, но неочевидна или слово редкое"
14241,groan,groan,,scary_sounds,candidate,hard_only,"связь верна, но неочевидна или слово редкое"
14242,thud,thud,,scary_sounds,candidate,hard_only,"связь верна, но неочевидна или слово редкое"
14243,scratch,scratch,,scary_sounds,candidate,hard_only,"связь верна, но неочевидна или слово редкое"
14244,rattle,rattle,,scary_sounds,candidate,hard_only,"связь верна, но неочевидна или слово редкое"
14245,moan,moan,,scary_sounds,candidate,hard_only,"связь верна, но неочевидна или слово редкое"
14246,shriek,shriek,,scary_sounds,candidate,hard_only,"связь верна, но неочевидна или слово редкое"
14247,wail,wail,,scary_sounds,candidate,hard_only,"связь верна, но неочевидна или слово редкое"
14248,footstep,footstep,,scary_sounds,candidate,hard_only,"связь верна, но неочевидна или слово редкое"
14249,growl,growl,,scary_sounds,candidate,hard_only,"связь верна, но неочевидна или слово редкое"
14250,snap,snap,,scary_sounds,candidate,hard_only,"связь верна, но неочевидна или слово редкое"
14251,strum,strum,,musical_sounds,candidate,approved,"редкое в текстах, но общеизвестное слово"
14256,blare,blare,,musical_sounds,candidate,approved,"редкое в текстах, но общеизвестное слово"
14264,drumroll,drumroll,,musical_sounds,candidate,hard_only,"связь верна, но неочевидна или слово редкое"
14265,honk,honk,,city_sounds,candidate,hard_only,"связь верна, но неочевидна или слово редкое"
14266,siren,siren,,city_sounds,candidate,hard_only,"связь верна, но неочевидна или слово редкое"
14267,chatter,chatter,,city_sounds,candidate,hard_only,"связь верна, но неочевидна или слово редкое"
14268,rumble,rumble,,city_sounds,candidate,hard_only,"связь верна, но неочевидна или слово редкое"
14269,screech,screech,,city_sounds,candidate,hard_only,"связь верна, но неочевидна или слово редкое"
14270,jackhammer,jackhammer,,city_sounds,candidate,hard_only,"связь верна, но неочевидна или слово редкое"
14271,footsteps,footsteps,,city_sounds,candidate,hard_only,"связь верна, но неочевидна или слово редкое"
14272,engine,engine,,city_sounds,candidate,hard_only,"связь верна, но неочевидна или слово редкое"
14273,whistle,whistle,,city_sounds,candidate,hard_only,"связь верна, но неочевидна или слово редкое"
14274,bell,bell,,city_sounds,candidate,hard_only,"связь верна, но неочевидна или слово редкое"
14275,shout,shout,,city_sounds,candidate,hard_only,"связь верна, но неочевидна или слово редкое"
14276,brakes,brakes,,city_sounds,candidate,hard_only,"связь верна, но неочевидна или слово редкое"
14277,traffic,traffic,,city_sounds,candidate,hard_only,"связь верна, но неочевидна или слово редкое"
14278,alarm,alarm,,city_sounds,candidate,hard_only,"связь верна, но неочевидна или слово редкое"
14279,bang,bang,,loud_noises,candidate,hard_only,"связь верна, но неочевидна или слово редкое"
14280,boom,boom,,loud_noises,candidate,hard_only,"связь верна, но неочевидна или слово редкое"
14281,crash,crash,,loud_noises,candidate,hard_only,"связь верна, но неочевидна или слово редкое"
14282,blast,blast,,loud_noises,candidate,hard_only,"связь верна, но неочевидна или слово редкое"
14283,roar,roar,,loud_noises,candidate,hard_only,"связь верна, но неочевидна или слово редкое"
14284,thunder,thunder,,loud_noises,candidate,hard_only,"связь верна, но неочевидна или слово редкое"
14285,explosion,explosion,,loud_noises,candidate,hard_only,"связь верна, но неочевидна или слово редкое"
14286,slam,slam,,loud_noises,candidate,hard_only,"связь верна, но неочевидна или слово редкое"
14287,clash,clash,,loud_noises,candidate,hard_only,"связь верна, но неочевидна или слово редкое"
14288,screech,screech,,loud_noises,candidate,hard_only,"связь верна, но неочевидна или слово редкое"
14289,blare,blare,,loud_noises,candidate,hard_only,"связь верна, но неочевидна или слово редкое"
14290,wail,wail,,loud_noises,candidate,hard_only,"связь верна, но неочевидна или слово редкое"
14291,rumble,rumble,,loud_noises,candidate,hard_only,"связь верна, но неочевидна или слово редкое"
14292,shatter,shatter,,loud_noises,candidate,hard_only,"связь верна, но неочевидна или слово редкое"
14293,whisper,whisper,,quiet_sounds,candidate,hard_only,"связь верна, но неочевидна или слово редкое"
14294,rustle,rustle,,quiet_sounds,candidate,hard_only,"связь верна, но неочевидна или слово редкое"
14295,murmur,murmur,,quiet_sounds,candidate,hard_only,"связь верна, но неочевидна или слово редкое"
14296,hum,hum,,quiet_sounds,candidate,hard_only,"связь верна, но неочевидна или слово редкое"
14297,patter,patter,,quiet_sounds,candidate,hard_only,"связь верна, но неочевидна или слово редкое"
14298,sigh,sigh,,quiet_sounds,candidate,hard_only,"связь верна, но неочевидна или слово редкое"
14299,tick,tick,,quiet_sounds,candidate,hard_only,"связь верна, но неочевидна или слово редкое"
14300,purr,purr,,quiet_sounds,candidate,hard_only,"связь верна, но неочевидна или слово редкое"
14301,shuffle,shuffle,,quiet_sounds,candidate,hard_only,"связь верна, но неочевидна или слово редкое"
14302,creak,creak,,quiet_sounds,candidate,hard_only,"связь верна, но неочевидна или слово редкое"
14303,tinkle,tinkle,,quiet_sounds,candidate,hard_only,"связь верна, но неочевидна или слово редкое"
14304,breath,breath,,quiet_sounds,candidate,hard_only,"связь верна, но неочевидна или слово редкое"
14305,drip,drip,,quiet_sounds,candidate,hard_only,"связь верна, но неочевидна или слово редкое"
14322,ring,ring,,bell_and_alarm,candidate,hard_only,"связь верна, но неочевидна или слово редкое"
14323,buzz,buzz,,bell_and_alarm,candidate,hard_only,"связь верна, но неочевидна или слово редкое"
14324,beep,beep,,bell_and_alarm,candidate,hard_only,"связь верна, но неочевидна или слово редкое"
14325,siren,siren,,bell_and_alarm,candidate,hard_only,"связь верна, но неочевидна или слово редкое"
14326,chime,chime,,bell_and_alarm,candidate,hard_only,"связь верна, но неочевидна или слово редкое"
14327,ding,ding,,bell_and_alarm,candidate,hard_only,"связь верна, но неочевидна или слово редкое"
14328,bell,bell,,bell_and_alarm,candidate,hard_only,"связь верна, но неочевидна или слово редкое"
14329,horn,horn,,bell_and_alarm,candidate,hard_only,"связь верна, но неочевидна или слово редкое"
14330,whistle,whistle,,bell_and_alarm,candidate,hard_only,"связь верна, но неочевидна или слово редкое"
14331,klaxon,klaxon,,bell_and_alarm,candidate,hard_only,"связь верна, но неочевидна или слово редкое"
14332,alert,alert,,bell_and_alarm,candidate,hard_only,"связь верна, но неочевидна или слово редкое"
14333,gong,gong,,bell_and_alarm,candidate,hard_only,"связь верна, но неочевидна или слово редкое"
14334,tone,tone,,bell_and_alarm,candidate,hard_only,"связь верна, но неочевидна или слово редкое"
14335,blare,blare,,bell_and_alarm,candidate,hard_only,"связь верна, но неочевидна или слово редкое"
14339,Cassiopeia,cassiopeia,,constellations,candidate,hard_only,"связь верна, но неочевидна или слово редкое"
14349,Centaurus,centaurus,,constellations,candidate,hard_only,"связь верна, но неочевидна или слово редкое"
14354,Betelgeuse,betelgeuse,,bright_stars,candidate,hard_only,"связь верна, но неочевидна или слово редкое"
14355,Rigel,rigel,,bright_stars,candidate,hard_only,"связь верна, но неочевидна или слово редкое"
14356,Arcturus,arcturus,,bright_stars,candidate,hard_only,"связь верна, но неочевидна или слово редкое"
14357,Antares,antares,,bright_stars,candidate,hard_only,"связь верна, но неочевидна или слово редкое"
14358,Altair,altair,,bright_stars,candidate,hard_only,"связь верна, но неочевидна или слово редкое"
14359,Aldebaran,aldebaran,,bright_stars,candidate,hard_only,"связь верна, но неочевидна или слово редкое"
14361,Deneb,deneb,,bright_stars,candidate,hard_only,"связь верна, но неочевидна или слово редкое"
14362,Spica,spica,,bright_stars,candidate,hard_only,"связь верна, но неочевидна или слово редкое"
14363,Procyon,procyon,,bright_stars,candidate,hard_only,"связь верна, но неочевидна или слово редкое"
14365,Pollux,pollux,,bright_stars,candidate,hard_only,"связь верна, но неочевидна или слово редкое"
14370,Callisto,callisto,,moons,candidate,hard_only,"связь верна, но неочевидна или слово редкое"
14372,Phobos,phobos,,moons,candidate,hard_only,"связь верна, но неочевидна или слово редкое"
14373,Deimos,deimos,,moons,candidate,hard_only,"связь верна, но неочевидна или слово редкое"
14374,Enceladus,enceladus,,moons,candidate,hard_only,"связь верна, но неочевидна или слово редкое"
14376,Charon,charon,,moons,candidate,hard_only,"связь верна, но неочевидна или слово редкое"
14379,Iapetus,iapetus,,moons,candidate,hard_only,"связь верна, но неочевидна или слово редкое"
14398,Baikonur,baikonur,,space_agencies_and_places,candidate,hard_only,"связь верна, но неочевидна или слово редкое"
14402,Roscosmos,roscosmos,,space_agencies_and_places,candidate,hard_only,"связь верна, но неочевидна или слово редкое"
14406,spacesuit,spacesuit,,astronaut_gear,candidate,hard_only,"связь верна, но неочевидна или слово редкое"
14430,kuiper belt,kuiper belt,,solar_system_words,candidate,hard_only,"связь верна, но неочевидна или слово редкое"
14432,lens,lens,,telescope_words,candidate,hard_only,"связь верна, но неочевидна или слово редкое"
14433,mirror,mirror,,telescope_words,candidate,hard_only,"связь верна, но неочевидна или слово редкое"
14434,eyepiece,eyepiece,,telescope_words,candidate,hard_only,"связь верна, но неочевидна или слово редкое"
14435,tripod,tripod,,telescope_words,candidate,hard_only,"связь верна, но неочевидна или слово редкое"
14436,aperture,aperture,,telescope_words,candidate,hard_only,"связь верна, но неочевидна или слово редкое"
14437,focus,focus,,telescope_words,candidate,hard_only,"связь верна, но неочевидна или слово редкое"
14438,mount,mount,,telescope_words,candidate,hard_only,"связь верна, но неочевидна или слово редкое"
14439,finder,finder,,telescope_words,candidate,hard_only,"связь верна, но неочевидна или слово редкое"
14440,magnification,magnification,,telescope_words,candidate,hard_only,"связь верна, но неочевидна или слово редкое"
14441,observatory,observatory,,telescope_words,candidate,hard_only,"связь верна, но неочевидна или слово редкое"
14442,dome,dome,,telescope_words,candidate,hard_only,"связь верна, но неочевидна или слово редкое"
14443,filter,filter,,telescope_words,candidate,hard_only,"связь верна, но неочевидна или слово редкое"
14444,reflector,reflector,,telescope_words,candidate,hard_only,"связь верна, но неочевидна или слово редкое"
14445,refractor,refractor,,telescope_words,candidate,hard_only,"связь верна, но неочевидна или слово редкое"
14457,quasar,quasar,,space_phenomena,candidate,hard_only,"связь верна, но неочевидна или слово редкое"
14470,light year,light year,,space_measurements,candidate,hard_only,"связь верна, но неочевидна или слово редкое"
14471,parsec,parsec,,space_measurements,candidate,hard_only,"связь верна, но неочевидна или слово редкое"
14472,astronomical unit,astronomical unit,,space_measurements,candidate,hard_only,"связь верна, но неочевидна или слово редкое"
14473,orbit,orbit,,space_measurements,candidate,hard_only,"связь верна, но неочевидна или слово редкое"
14474,rotation,rotation,,space_measurements,candidate,hard_only,"связь верна, но неочевидна или слово редкое"
14475,revolution,revolution,,space_measurements,candidate,hard_only,"связь верна, но неочевидна или слово редкое"
14476,magnitude,magnitude,,space_measurements,candidate,hard_only,"связь верна, но неочевидна или слово редкое"
14477,gravity,gravity,,space_measurements,candidate,hard_only,"связь верна, но неочевидна или слово редкое"
14478,kilometer,kilometer,,space_measurements,candidate,hard_only,"связь верна, но неочевидна или слово редкое"
14479,mile,mile,,space_measurements,candidate,hard_only,"связь верна, но неочевидна или слово редкое"
14480,degree,degree,,space_measurements,candidate,hard_only,"связь верна, но неочевидна или слово редкое"
14481,warp,warp,,science_fiction_space,candidate,hard_only,"связь верна, но неочевидна или слово редкое"
14482,laser,laser,,science_fiction_space,candidate,hard_only,"связь верна, но неочевидна или слово редкое"
14483,Alien,alien,,science_fiction_space,candidate,hard_only,"связь верна, но неочевидна или слово редкое"
14484,android,android,,science_fiction_space,candidate,hard_only,"связь верна, но неочевидна или слово редкое"
14485,starship,starship,,science_fiction_space,candidate,hard_only,"связь верна, но неочевидна или слово редкое"
14486,hyperdrive,hyperdrive,,science_fiction_space,candidate,hard_only,"связь верна, но неочевидна или слово редкое"
14487,galaxy,galaxy,,science_fiction_space,candidate,hard_only,"связь верна, но неочевидна или слово редкое"
14488,colony,colony,,science_fiction_space,candidate,hard_only,"связь верна, но неочевидна или слово редкое"
14489,teleport,teleport,,science_fiction_space,candidate,hard_only,"связь верна, но неочевидна или слово редкое"
14490,force field,force field,,science_fiction_space,candidate,hard_only,"связь верна, но неочевидна или слово редкое"
14491,cyborg,cyborg,,science_fiction_space,candidate,hard_only,"связь верна, но неочевидна или слово редкое"
14492,mothership,mothership,,science_fiction_space,candidate,hard_only,"связь верна, но неочевидна или слово редкое"
14493,wormhole,wormhole,,science_fiction_space,candidate,hard_only,"связь верна, но неочевидна или слово редкое"
14494,ray gun,ray gun,,science_fiction_space,candidate,hard_only,"связь верна, но неочевидна или слово редкое"
14500,sphynx,sphynx,,cat_breeds,candidate,hard_only,"связь верна, но неочевидна или слово редкое"
14501,ragdoll,ragdoll,,cat_breeds,candidate,hard_only,"связь верна, но неочевидна или слово редкое"
14507,abyssinian,abyssinian,,cat_breeds,candidate,hard_only,"связь верна, но неочевидна или слово редкое"
14509,birman,birman,,cat_breeds,candidate,hard_only,"связь верна, но неочевидна или слово редкое"
14512,clydesdale,clydesdale,,horse_breeds,candidate,hard_only,"связь верна, но неочевидна или слово редкое"
14514,appaloosa,appaloosa,,horse_breeds,candidate,hard_only,"связь верна, но неочевидна или слово редкое"
14515,palomino,palomino,,horse_breeds,candidate,hard_only,"связь верна, но неочевидна или слово редкое"
14520,percheron,percheron,,horse_breeds,candidate,hard_only,"связь верна, но неочевидна или слово редкое"
14521,andalusian,andalusian,,horse_breeds,candidate,hard_only,"связь верна, но неочевидна или слово редкое"
14523,friesian,friesian,,horse_breeds,candidate,hard_only,"связь верна, но неочевидна или слово редкое"
14524,holstein,holstein,,cattle_and_farm_breeds,candidate,hard_only,"связь верна, но неочевидна или слово редкое"
14525,angus,angus,,cattle_and_farm_breeds,candidate,hard_only,"связь верна, но неочевидна или слово редкое"
14526,hereford,hereford,,cattle_and_farm_breeds,candidate,hard_only,"связь верна, но неочевидна или слово редкое"
14527,jersey,jersey,,cattle_and_farm_breeds,candidate,hard_only,"связь верна, но неочевидна или слово редкое"
14528,guernsey,guernsey,,cattle_and_farm_breeds,candidate,hard_only,"связь верна, но неочевидна или слово редкое"
14529,merino,merino,,cattle_and_farm_breeds,candidate,hard_only,"связь верна, но неочевидна или слово редкое"
14530,dorset,dorset,,cattle_and_farm_breeds,candidate,hard_only,"связь верна, но неочевидна или слово редкое"
14531,suffolk,suffolk,,cattle_and_farm_breeds,candidate,hard_only,"связь верна, но неочевидна или слово редкое"
14532,berkshire,berkshire,,cattle_and_farm_breeds,candidate,hard_only,"связь верна, но неочевидна или слово редкое"
14533,duroc,duroc,,cattle_and_farm_breeds,candidate,hard_only,"связь верна, но неочевидна или слово редкое"
14534,brahman,brahman,,cattle_and_farm_breeds,candidate,hard_only,"связь верна, но неочевидна или слово редкое"
14535,longhorn,longhorn,,cattle_and_farm_breeds,candidate,hard_only,"связь верна, но неочевидна или слово редкое"
14536,shorthorn,shorthorn,,cattle_and_farm_breeds,candidate,hard_only,"связь верна, но неочевидна или слово редкое"
14545,chickadee,chickadee,,songbirds,candidate,approved,"редкое в текстах, но общеизвестное слово"
14546,nuthatch,nuthatch,,songbirds,candidate,hard_only,"связь верна, но неочевидна или слово редкое"
14547,oriole,oriole,,songbirds,candidate,hard_only,"связь верна, но неочевидна или слово редкое"
14553,junco,junco,,songbirds,candidate,hard_only,"связь верна, но неочевидна или слово редкое"
14563,kestrel,kestrel,,birds_of_prey,candidate,hard_only,"связь верна, но неочевидна или слово редкое"
14566,goshawk,goshawk,,birds_of_prey,candidate,hard_only,"связь верна, но неочевидна или слово редкое"
14568,swallowtail,swallowtail,,butterflies_and_moths,candidate,hard_only,"связь верна, но неочевидна или слово редкое"
14572,fritillary,fritillary,,butterflies_and_moths,candidate,hard_only,"связь верна, но неочевидна или слово редкое"
14588,copperhead,copperhead,,snakes,candidate,hard_only,"связь верна, но неочевидна или слово редкое"
14591,sidewinder,sidewinder,,snakes,candidate,hard_only,"связь верна, но неочевидна или слово редкое"
14593,bullfrog,bullfrog,,frogs_and_toads,candidate,hard_only,"связь верна, но неочевидна или слово редкое"
14594,tree frog,tree frog,,frogs_and_toads,candidate,hard_only,"связь верна, но неочевидна или слово редкое"
14595,poison dart,poison dart,,frogs_and_toads,candidate,hard_only,"связь верна, но неочевидна или слово редкое"
14596,leopard frog,leopard frog,,frogs_and_toads,candidate,hard_only,"связь верна, но неочевидна или слово редкое"
14597,toad,toad,,frogs_and_toads,candidate,hard_only,"связь верна, но неочевидна или слово редкое"
14598,spring peeper,spring peeper,,frogs_and_toads,candidate,hard_only,"связь верна, но неочевидна или слово редкое"
14599,wood frog,wood frog,,frogs_and_toads,candidate,hard_only,"связь верна, но неочевидна или слово редкое"
14600,green frog,green frog,,frogs_and_toads,candidate,hard_only,"связь верна, но неочевидна или слово редкое"
14601,cane toad,cane toad,,frogs_and_toads,candidate,hard_only,"связь верна, но неочевидна или слово редкое"
14602,pickerel frog,pickerel frog,,frogs_and_toads,candidate,hard_only,"связь верна, но неочевидна или слово редкое"
14611,spectacled bear,spectacled bear,,bears_and_big_animals,candidate,hard_only,"связь верна, но неочевидна или слово редкое"
14626,muntjac,muntjac,,deer_family,candidate,hard_only,"связь верна, но неочевидна или слово редкое"
14632,macaque,macaque,,monkeys_and_apes,candidate,hard_only,"связь верна, но неочевидна или слово редкое"
14633,marmoset,marmoset,,monkeys_and_apes,candidate,hard_only,"связь верна, но неочевидна или слово редкое"
14635,capuchin,capuchin,,monkeys_and_apes,candidate,hard_only,"связь верна, но неочевидна или слово редкое"
14636,mandrill,mandrill,,monkeys_and_apes,candidate,hard_only,"связь верна, но неочевидна или слово редкое"
14639,bonobo,bonobo,,monkeys_and_apes,candidate,hard_only,"связь верна, но неочевидна или слово редкое"
14640,tamarin,tamarin,,monkeys_and_apes,candidate,hard_only,"связь верна, но неочевидна или слово редкое"
14650,fennec,fennec,,wild_dogs,candidate,hard_only,"связь верна, но неочевидна или слово редкое"
14651,maned wolf,maned wolf,,wild_dogs,candidate,hard_only,"связь верна, но неочевидна или слово редкое"
14658,narwhal,narwhal,,whale_types,candidate,approved,"редкое в текстах, но общеизвестное слово"
14659,minke,minke,,whale_types,candidate,hard_only,"связь верна, но неочевидна или слово редкое"
14663,bowhead,bowhead,,whale_types,candidate,hard_only,"связь верна, но неочевидна или слово редкое"
14667,skink,skink,,lizards,candidate,hard_only,"связь верна, но неочевидна или слово редкое"
14669,anole,anole,,lizards,candidate,hard_only,"связь верна, но неочевидна или слово редкое"
14680,millipede,millipede,,spiders_and_crawlers,candidate,hard_only,"связь верна, но неочевидна или слово редкое"
14681,daddy longlegs,daddy longlegs,,spiders_and_crawlers,candidate,hard_only,"связь верна, но неочевидна или слово редкое"
14684,harvestman,harvestman,,spiders_and_crawlers,candidate,rejected,слово практически не встречается в английском
14703,capybara,capybara,,rodent_species,candidate,hard_only,"связь верна, но неочевидна или слово редкое"
14705,lemming,lemming,,rodent_species,candidate,hard_only,"связь верна, но неочевидна или слово редкое"
14706,jerboa,jerboa,,rodent_species,candidate,hard_only,"связь верна, но неочевидна или слово редкое"
14707,dormouse,dormouse,,rodent_species,candidate,hard_only,"связь верна, но неочевидна или слово редкое"
14709,leghorn,leghorn,,farm_poultry_breeds,candidate,hard_only,"связь верна, но неочевидна или слово редкое"
14710,rhode island red,rhode island red,,farm_poultry_breeds,candidate,hard_only,"связь верна, но неочевидна или слово редкое"
14711,plymouth rock,plymouth rock,,farm_poultry_breeds,candidate,hard_only,"связь верна, но неочевидна или слово редкое"
14712,orpington,orpington,,farm_poultry_breeds,candidate,hard_only,"связь верна, но неочевидна или слово редкое"
14713,wyandotte,wyandotte,,farm_poultry_breeds,candidate,hard_only,"связь верна, но неочевидна или слово редкое"
14714,silkie,silkie,,farm_poultry_breeds,candidate,hard_only,"связь верна, но неочевидна или слово редкое"
14715,bantam,bantam,,farm_poultry_breeds,candidate,hard_only,"связь верна, но неочевидна или слово редкое"
14716,sussex,sussex,,farm_poultry_breeds,candidate,hard_only,"связь верна, но неочевидна или слово редкое"
14717,brahma,brahma,,farm_poultry_breeds,candidate,hard_only,"связь верна, но неочевидна или слово редкое"
14718,australorp,australorp,,farm_poultry_breeds,candidate,hard_only,"связь верна, но неочевидна или слово редкое"
14725,bluegill,bluegill,,pond_fish,candidate,hard_only,"связь верна, но неочевидна или слово редкое"
14727,sunfish,sunfish,,pond_fish,candidate,hard_only,"связь верна, но неочевидна или слово редкое"
14728,crappie,crappie,,pond_fish,candidate,hard_only,"связь верна, но неочевидна или слово редкое"
14730,muskie,muskie,,pond_fish,candidate,hard_only,"связь верна, но неочевидна или слово редкое"
14737,trilobite,trilobite,,extinct_and_prehistoric,candidate,hard_only,"связь верна, но неочевидна или слово редкое"
14738,megalodon,megalodon,,extinct_and_prehistoric,candidate,hard_only,"связь верна, но неочевидна или слово редкое"
14743,pterosaur,pterosaur,,extinct_and_prehistoric,candidate,hard_only,"связь верна, но неочевидна или слово редкое"
14744,ammonite,ammonite,,extinct_and_prehistoric,candidate,hard_only,"связь верна, но неочевидна или слово редкое"
14798,kickball,kickball,,team_sports,candidate,approved,"редкое в текстах, но общеизвестное слово"
14820,bobsled,bobsled,,olympic_sports,candidate,approved,"редкое в текстах, но общеизвестное слово"
14831,kettlebell,kettlebell,,gym_equipment,candidate,approved,"редкое в текстах, но общеизвестное слово"
14905,slapshot,slapshot,,hockey_words,candidate,hard_only,"связь верна, но неочевидна или слово редкое"
14916,zamboni,zamboni,,hockey_words,candidate,approved,"редкое в текстах, но общеизвестное слово"
14936,tiebreak,tiebreak,,tennis_words,candidate,hard_only,"связь верна, но неочевидна или слово редкое"
14963,wakeboarding,wakeboarding,,water_sports,candidate,hard_only,"связь верна, но неочевидна или слово редкое"
14965,windsurfing,windsurfing,,water_sports,candidate,hard_only,"связь верна, но неочевидна или слово редкое"
14967,paddleboarding,paddleboarding,,water_sports,candidate,hard_only,"связь верна, но неочевидна или слово редкое"
14975,bobsled,bobsled,,winter_sports,candidate,approved,"редкое в текстах, но общеизвестное слово"
14977,snowshoeing,snowshoeing,,winter_sports,candidate,hard_only,"связь верна, но неочевидна или слово редкое"
14982,tobogganing,tobogganing,,winter_sports,candidate,hard_only,"связь верна, но неочевидна или слово редкое"
14989,jujitsu,jujitsu,,martial_arts,candidate,hard_only,"связь верна, но неочевидна или слово редкое"
14995,capoeira,capoeira,,martial_arts,candidate,hard_only,"связь верна, но неочевидна или слово редкое"
14996,kendo,kendo,,martial_arts,candidate,hard_only,"связь верна, но неочевидна или слово редкое"
15036,timekeeper,timekeeper,,sports_officials,candidate,hard_only,"связь верна, но неочевидна или слово редкое"
15070,birdwatching,birdwatching,,camping_and_outdoors,candidate,hard_only,"связь верна, но неочевидна или слово редкое"
15071,picnicking,picnicking,,camping_and_outdoors,candidate,hard_only,"связь верна, но неочевидна или слово редкое"
15074,geocaching,geocaching,,camping_and_outdoors,candidate,hard_only,"связь верна, но неочевидна или слово редкое"
15094,mouthguard,mouthguard,,sports_gear_worn,candidate,approved,"редкое в текстах, но общеизвестное слово"
15113,bobber,bobber,,fishing_things,candidate,approved,"редкое в текстах, но общеизвестное слово"
15117,waders,waders,,fishing_things,candidate,approved,"редкое в текстах, но общеизвестное слово"
15146,foosball,foosball,,board_and_card_games,candidate,approved,"редкое в текстах, но общеизвестное слово"
15148,shuffleboard,shuffleboard,,board_and_card_games,candidate,approved,"редкое в текстах, но общеизвестное слово"
15149,backgammon,backgammon,,board_and_card_games,candidate,approved,"редкое в текстах, но общеизвестное слово"
15151,cornhole,cornhole,,board_and_card_games,candidate,approved,"редкое в текстах, но общеизвестное слово"
15159,Navratilova,navratilova,,sports_legends,candidate,hard_only,"связь верна, но неочевидна или слово редкое"
15166,Comaneci,comaneci,,sports_legends,candidate,hard_only,"связь верна, но неочевидна или слово редкое"
15225,pommel horse,pommel horse,,gymnastics_events,candidate,hard_only,"связь верна, но неочевидна или слово редкое"
15226,handstand,handstand,,gymnastics_events,candidate,approved,"редкое в текстах, но общеизвестное слово"
15227,cartwheel,cartwheel,,gymnastics_events,candidate,approved,"редкое в текстах, но общеизвестное слово"
15228,somersault,somersault,,gymnastics_events,candidate,approved,"редкое в текстах, но общеизвестное слово"
15246,cutman,cutman,,boxing_words,candidate,rejected,слово практически не встречается в английском
15274,snowplow,snowplow,,skiing_words,candidate,hard_only,"связь верна, но неочевидна или слово редкое"
15276,apres ski,apres ski,,skiing_words,candidate,hard_only,"связь верна, но неочевидна или слово редкое"
15291,deck,deck,,skateboarding,candidate,hard_only,"связь верна, но неочевидна или слово редкое"
15292,trucks,trucks,,skateboarding,candidate,hard_only,"связь верна, но неочевидна или слово редкое"
15293,wheels,wheels,,skateboarding,candidate,hard_only,"связь верна, но неочевидна или слово редкое"
15294,grip tape,grip tape,,skateboarding,candidate,hard_only,"связь верна, но неочевидна или слово редкое"
15295,ollie,ollie,,skateboarding,candidate,hard_only,"связь верна, но неочевидна или слово редкое"
15296,kickflip,kickflip,,skateboarding,candidate,hard_only,"связь верна, но неочевидна или слово редкое"
15297,ramp,ramp,,skateboarding,candidate,hard_only,"связь верна, но неочевидна или слово редкое"
15298,halfpipe,halfpipe,,skateboarding,candidate,hard_only,"связь верна, но неочевидна или слово редкое"
15299,grind,grind,,skateboarding,candidate,hard_only,"связь верна, но неочевидна или слово редкое"
15300,rail,rail,,skateboarding,candidate,hard_only,"связь верна, но неочевидна или слово редкое"
15301,bearing,bearing,,skateboarding,candidate,hard_only,"связь верна, но неочевидна или слово редкое"
15302,helmet,helmet,,skateboarding,candidate,hard_only,"связь верна, но неочевидна или слово редкое"
15303,bowl,bowl,,skateboarding,candidate,hard_only,"связь верна, но неочевидна или слово редкое"
15304,nose,nose,,skateboarding,candidate,hard_only,"связь верна, но неочевидна или слово редкое"
15309,fletching,fletching,,archery_words,candidate,hard_only,"связь верна, но неочевидна или слово редкое"
15310,nock,nock,,archery_words,candidate,hard_only,"связь верна, но неочевидна или слово редкое"
15323,stirrup,stirrup,,equestrian_words,candidate,approved,"редкое в текстах, но общеизвестное слово"
15368,cowbell,cowbell,,fan_things,candidate,approved,"редкое в текстах, но общеизвестное слово"
15374,cooldown,cooldown,,training_words,candidate,hard_only,"связь верна, но неочевидна или слово редкое"
15397,touchpad,touchpad,,computer_parts,candidate,hard_only,"связь верна, но неочевидна или слово редкое"
15508,code,code,,programming_words,candidate,hard_only,"связь верна, но неочевидна или слово редкое"
15509,bug,bug,,programming_words,candidate,hard_only,"связь верна, но неочевидна или слово редкое"
15510,loop,loop,,programming_words,candidate,hard_only,"связь верна, но неочевидна или слово редкое"
15511,function,function,,programming_words,candidate,hard_only,"связь верна, но неочевидна или слово редкое"
15512,variable,variable,,programming_words,candidate,hard_only,"связь верна, но неочевидна или слово редкое"
15513,array,array,,programming_words,candidate,hard_only,"связь верна, но неочевидна или слово редкое"
15514,script,script,,programming_words,candidate,hard_only,"связь верна, но неочевидна или слово редкое"
15515,compile,compile,,programming_words,candidate,hard_only,"связь верна, но неочевидна или слово редкое"
15516,debug,debug,,programming_words,candidate,hard_only,"связь верна, но неочевидна или слово редкое"
15517,syntax,syntax,,programming_words,candidate,hard_only,"связь верна, но неочевидна или слово редкое"
15518,library,library,,programming_words,candidate,hard_only,"связь верна, но неочевидна или слово редкое"
15519,database,database,,programming_words,candidate,hard_only,"связь верна, но неочевидна или слово редкое"
15520,query,query,,programming_words,candidate,hard_only,"связь верна, но неочевидна или слово редкое"
15521,algorithm,algorithm,,programming_words,candidate,hard_only,"связь верна, но неочевидна или слово редкое"
15522,class,class,,programming_words,candidate,hard_only,"связь верна, но неочевидна или слово редкое"
15523,module,module,,programming_words,candidate,hard_only,"связь верна, но неочевидна или слово редкое"
15524,string,string,,programming_words,candidate,hard_only,"связь верна, но неочевидна или слово редкое"
15525,output,output,,programming_words,candidate,hard_only,"связь верна, но неочевидна или слово редкое"
15538,outbox,outbox,,email_words,candidate,hard_only,"связь верна, но неочевидна или слово редкое"
15572,humidifier,humidifier,,home_electronics,candidate,approved,"редкое в текстах, но общеизвестное слово"
15591,phone,phone,,screens,candidate,hard_only,"связь верна, но неочевидна или слово редкое"
15592,laptop,laptop,,screens,candidate,hard_only,"связь верна, но неочевидна или слово редкое"
15593,television,television,,screens,candidate,hard_only,"связь верна, но неочевидна или слово редкое"
15594,tablet,tablet,,screens,candidate,hard_only,"связь верна, но неочевидна или слово редкое"
15595,camera,camera,,screens,candidate,hard_only,"связь верна, но неочевидна или слово редкое"
15596,ATM,atm,,screens,candidate,hard_only,"связь верна, но неочевидна или слово редкое"
15597,calculator,calculator,,screens,candidate,hard_only,"связь верна, но неочевидна или слово редкое"
15598,gps,gps,,screens,candidate,hard_only,"связь верна, но неочевидна или слово редкое"
15599,e-reader,e-reader,,screens,candidate,hard_only,"связь верна, но неочевидна или слово редкое"
15600,kiosk,kiosk,,screens,candidate,hard_only,"связь верна, но неочевидна или слово редкое"
15601,dashboard,dashboard,,screens,candidate,hard_only,"связь верна, но неочевидна или слово редкое"
15602,console,console,,screens,candidate,hard_only,"связь верна, но неочевидна или слово редкое"
15603,microwave,microwave,,screens,candidate,hard_only,"связь верна, но неочевидна или слово редкое"
15604,treadmill,treadmill,,screens,candidate,hard_only,"связь верна, но неочевидна или слово редкое"
15605,robot,robot,,robot_words,candidate,hard_only,"связь верна, но неочевидна или слово редкое"
15606,android,android,,robot_words,candidate,hard_only,"связь верна, но неочевидна или слово редкое"
15607,sensor,sensor,,robot_words,candidate,hard_only,"связь верна, но неочевидна или слово редкое"
15608,circuit,circuit,,robot_words,candidate,hard_only,"связь верна, но неочевидна или слово редкое"
15609,motor,motor,,robot_words,candidate,hard_only,"связь верна, но неочевидна или слово редкое"
15610,arm,arm,,robot_words,candidate,hard_only,"связь верна, но неочевидна или слово редкое"
15611,program,program,,robot_words,candidate,hard_only,"связь верна, но неочевидна или слово редкое"
15612,automation,automation,,robot_words,candidate,hard_only,"связь верна, но неочевидна или слово редкое"
15613,drone,drone,,robot_words,candidate,hard_only,"связь верна, но неочевидна или слово редкое"
15614,gear,gear,,robot_words,candidate,hard_only,"связь верна, но неочевидна или слово редкое"
15615,remote,remote,,robot_words,candidate,hard_only,"связь верна, но неочевидна или слово редкое"
15616,algorithm,algorithm,,robot_words,candidate,hard_only,"связь верна, но неочевидна или слово редкое"
15617,servo,servo,,robot_words,candidate,hard_only,"связь верна, но неочевидна или слово редкое"
15618,chassis,chassis,,robot_words,candidate,hard_only,"связь верна, но неочевидна или слово редкое"
15619,joint,joint,,robot_words,candidate,hard_only,"связь верна, но неочевидна или слово редкое"
15627,boombox,boombox,,sound_devices,candidate,approved,"редкое в текстах, но общеизвестное слово"
15629,earbud,earbud,,sound_devices,candidate,hard_only,"связь верна, но неочевидна или слово редкое"
15633,soundbar,soundbar,,sound_devices,candidate,hard_only,"связь верна, но неочевидна или слово редкое"
15641,floodlight,floodlight,,security_tech,candidate,hard_only,"связь верна, но неочевидна или слово редкое"
15645,deadbolt,deadbolt,,security_tech,candidate,approved,"редкое в текстах, но общеизвестное слово"
15652,laminator,laminator,,office_machines,candidate,hard_only,"связь верна, но неочевидна или слово редкое"
15663,odometer,odometer,,measurement_devices,candidate,approved,"редкое в текстах, но общеизвестное слово"
15669,altimeter,altimeter,,measurement_devices,candidate,hard_only,"связь верна, но неочевидна или слово редкое"
15671,seismograph,seismograph,,measurement_devices,candidate,hard_only,"связь верна, но неочевидна или слово редкое"
15672,voltmeter,voltmeter,,measurement_devices,candidate,hard_only,"связь верна, но неочевидна или слово редкое"
15673,sundial,sundial,,measurement_devices,candidate,approved,"редкое в текстах, но общеизвестное слово"
15674,tachometer,tachometer,,measurement_devices,candidate,hard_only,"связь верна, но неочевидна или слово редкое"
15675,typewriter,typewriter,,things_with_screens_history,candidate,hard_only,"связь верна, но неочевидна или слово редкое"
15676,pager,pager,,things_with_screens_history,candidate,hard_only,"связь верна, но неочевидна или слово редкое"
15677,fax,fax,,things_with_screens_history,candidate,hard_only,"связь верна, но неочевидна или слово редкое"
15678,floppy disk,floppy disk,,things_with_screens_history,candidate,hard_only,"связь верна, но неочевидна или слово редкое"
15679,vhs,vhs,,things_with_screens_history,candidate,hard_only,"связь верна, но неочевидна или слово редкое"
15680,cassette,cassette,,things_with_screens_history,candidate,hard_only,"связь верна, но неочевидна или слово редкое"
15681,rotary phone,rotary phone,,things_with_screens_history,candidate,hard_only,"связь верна, но неочевидна или слово редкое"
15682,telegram,telegram,,things_with_screens_history,candidate,hard_only,"связь верна, но неочевидна или слово редкое"
15683,phonograph,phonograph,,things_with_screens_history,candidate,hard_only,"связь верна, но неочевидна или слово редкое"
15684,dial up,dial up,,things_with_screens_history,candidate,hard_only,"связь верна, но неочевидна или слово редкое"
15685,film camera,film camera,,things_with_screens_history,candidate,hard_only,"связь верна, но неочевидна или слово редкое"
15686,walkman,walkman,,things_with_screens_history,candidate,hard_only,"связь верна, но неочевидна или слово редкое"
15687,payphone,payphone,,things_with_screens_history,candidate,hard_only,"связь верна, но неочевидна или слово редкое"
15688,overhead projector,overhead projector,,things_with_screens_history,candidate,hard_only,"связь верна, но неочевидна или слово редкое"
15689,morse code,morse code,,signals_and_codes,candidate,hard_only,"связь верна, но неочевидна или слово редкое"
15690,braille,braille,,signals_and_codes,candidate,hard_only,"связь верна, но неочевидна или слово редкое"
15691,semaphore,semaphore,,signals_and_codes,candidate,hard_only,"связь верна, но неочевидна или слово редкое"
15692,smoke signal,smoke signal,,signals_and_codes,candidate,hard_only,"связь верна, но неочевидна или слово редкое"
15693,barcode,barcode,,signals_and_codes,candidate,hard_only,"связь верна, но неочевидна или слово редкое"
15694,qr code,qr code,,signals_and_codes,candidate,hard_only,"связь верна, но неочевидна или слово редкое"
15695,sign language,sign language,,signals_and_codes,candidate,hard_only,"связь верна, но неочевидна или слово редкое"
15696,cipher,cipher,,signals_and_codes,candidate,hard_only,"связь верна, но неочевидна или слово редкое"
15697,flag signal,flag signal,,signals_and_codes,candidate,hard_only,"связь верна, но неочевидна или слово редкое"
15698,beacon,beacon,,signals_and_codes,candidate,hard_only,"связь верна, но неочевидна или слово редкое"
15699,telegraph,telegraph,,signals_and_codes,candidate,hard_only,"связь верна, но неочевидна или слово редкое"
15765,Kwanzaa,kwanzaa,,holidays,candidate,hard_only,"связь верна, но неочевидна или слово редкое"
15766,Juneteenth,juneteenth,,holidays,candidate,hard_only,"связь верна, но неочевидна или слово редкое"
15801,sundial,sundial,,clock_words,candidate,approved,"редкое в текстах, но общеизвестное слово"
15823,eggnog,eggnog,,christmas_things,candidate,approved,"редкое в текстах, но общеизвестное слово"
15834,cobweb,cobweb,,halloween_things,candidate,approved,"редкое в текстах, но общеизвестное слово"
15892,noisemaker,noisemaker,,new_year_things,candidate,hard_only,"связь верна, но неочевидна или слово редкое"
15895,sparkler,sparkler,,new_year_things,candidate,approved,"редкое в текстах, но общеизвестное слово"
15928,instantly,instantly,,speed_of_time,candidate,hard_only,"связь верна, но неочевидна или слово редкое"
15929,immediately,immediately,,speed_of_time,candidate,hard_only,"связь верна, но неочевидна или слово редкое"
15930,promptly,promptly,,speed_of_time,candidate,hard_only,"связь верна, но неочевидна или слово редкое"
15931,suddenly,suddenly,,speed_of_time,candidate,hard_only,"связь верна, но неочевидна или слово редкое"
15932,quickly,quickly,,speed_of_time,candidate,hard_only,"связь верна, но неочевидна или слово редкое"
15933,at once,at once,,speed_of_time,candidate,hard_only,"связь верна, но неочевидна или слово редкое"
15934,right away,right away,,speed_of_time,candidate,hard_only,"связь верна, но неочевидна или слово редкое"
15935,swiftly,swiftly,,speed_of_time,candidate,hard_only,"связь верна, но неочевидна или слово редкое"
15936,abruptly,abruptly,,speed_of_time,candidate,hard_only,"связь верна, но неочевидна или слово редкое"
15937,shortly,shortly,,speed_of_time,candidate,hard_only,"связь верна, но неочевидна или слово редкое"
15938,momentarily,momentarily,,speed_of_time,candidate,hard_only,"связь верна, но неочевидна или слово редкое"
15939,hastily,hastily,,speed_of_time,candidate,hard_only,"связь верна, но неочевидна или слово редкое"
15952,awl,awl,,hand_tools,candidate,approved,"редкое в текстах, но общеизвестное слово"
15967,trowel,trowel,,garden_tools,candidate,approved,"редкое в текстах, но общеизвестное слово"
15968,pruner,pruner,,garden_tools,candidate,hard_only,"связь верна, но неочевидна или слово редкое"
15975,edger,edger,,garden_tools,candidate,hard_only,"связь верна, но неочевидна или слово редкое"
15976,weeder,weeder,,garden_tools,candidate,hard_only,"связь верна, но неочевидна или слово редкое"
15977,cultivator,cultivator,,garden_tools,candidate,hard_only,"связь верна, но неочевидна или слово редкое"
15982,seeder,seeder,,garden_tools,candidate,hard_only,"связь верна, но неочевидна или слово редкое"
16001,whiteout,whiteout,,office_supplies,candidate,hard_only,"связь верна, но неочевидна или слово редкое"
16002,paperclip,paperclip,,office_supplies,candidate,approved,"редкое в текстах, но общеизвестное слово"
16019,pincushion,pincushion,,sewing_supplies,candidate,hard_only,"связь верна, но неочевидна или слово редкое"
16030,planer,planer,,power_tools,candidate,hard_only,"связь верна, но неочевидна или слово редкое"
16033,jackhammer,jackhammer,,power_tools,candidate,approved,"редкое в текстах, но общеизвестное слово"
16042,protractor,protractor,,measuring_tools,candidate,approved,"редкое в текстах, но общеизвестное слово"
16045,odometer,odometer,,measuring_tools,candidate,approved,"редкое в текстах, но общеизвестное слово"
16090,caulk,caulk,,adhesives,candidate,approved,"редкое в текстах, но общеизвестное слово"
16128,pegboard,pegboard,,workshop_things,candidate,approved,"редкое в текстах, но общеизвестное слово"
16141,ear muffs,ear muffs,,safety_gear,candidate,approved,"редкое в текстах, но общеизвестное слово"
16144,peeler,peeler,,kitchen_gadgets,candidate,approved,"редкое в текстах, но общеизвестное слово"
16145,zester,zester,,kitchen_gadgets,candidate,rejected,слово практически не встречается в английском
16150,sifter,sifter,,kitchen_gadgets,candidate,approved,"редкое в текстах, но общеизвестное слово"
16151,baster,baster,,kitchen_gadgets,candidate,hard_only,"связь верна, но неочевидна или слово редкое"
16154,tenderizer,tenderizer,,kitchen_gadgets,candidate,hard_only,"связь верна, но неочевидна или слово редкое"
16183,squeegee,squeegee,,cleaning_tools,candidate,approved,"редкое в текстах, но общеизвестное слово"
16184,dustpan,dustpan,,cleaning_tools,candidate,approved,"редкое в текстах, но общеизвестное слово"
16187,scrubber,scrubber,,cleaning_tools,candidate,hard_only,"связь верна, но неочевидна или слово редкое"
16193,mug,mug,,things_with_handles,candidate,hard_only,"связь верна, но неочевидна или слово редкое"
16194,hammer,hammer,,things_with_handles,candidate,hard_only,"связь верна, но неочевидна или слово редкое"
16195,suitcase,suitcase,,things_with_handles,candidate,hard_only,"связь верна, но неочевидна или слово редкое"
16196,bucket,bucket,,things_with_handles,candidate,hard_only,"связь верна, но неочевидна или слово редкое"
16197,door,door,,things_with_handles,candidate,hard_only,"связь верна, но неочевидна или слово редкое"
16198,pan,pan,,things_with_handles,candidate,hard_only,"связь верна, но неочевидна или слово редкое"
16199,umbrella,umbrella,,things_with_handles,candidate,hard_only,"связь верна, но неочевидна или слово редкое"
16200,broom,broom,,things_with_handles,candidate,hard_only,"связь верна, но неочевидна или слово редкое"
16201,knife,knife,,things_with_handles,candidate,hard_only,"связь верна, но неочевидна или слово редкое"
16202,basket,basket,,things_with_handles,candidate,hard_only,"связь верна, но неочевидна или слово редкое"
16203,drawer,drawer,,things_with_handles,candidate,hard_only,"связь верна, но неочевидна или слово редкое"
16204,briefcase,briefcase,,things_with_handles,candidate,hard_only,"связь верна, но неочевидна или слово редкое"
16205,shovel,shovel,,things_with_handles,candidate,hard_only,"связь верна, но неочевидна или слово редкое"
16206,kettle,kettle,,things_with_handles,candidate,hard_only,"связь верна, но неочевидна или слово редкое"
16207,purse,purse,,things_with_handles,candidate,hard_only,"связь верна, но неочевидна или слово редкое"
16208,axe,axe,,things_with_handles,candidate,hard_only,"связь верна, но неочевидна или слово редкое"
16209,racket,racket,,things_with_handles,candidate,hard_only,"связь верна, но неочевидна или слово редкое"
16210,wheel,wheel,,things_that_spin,candidate,hard_only,"связь верна, но неочевидна или слово редкое"
16211,top,top,,things_that_spin,candidate,hard_only,"связь верна, но неочевидна или слово редкое"
16212,propeller,propeller,,things_that_spin,candidate,hard_only,"связь верна, но неочевидна или слово редкое"
16213,washing machine,washing machine,,things_that_spin,candidate,hard_only,"связь верна, но неочевидна или слово редкое"
16214,record,record,,things_that_spin,candidate,hard_only,"связь верна, но неочевидна или слово редкое"
16215,carousel,carousel,,things_that_spin,candidate,hard_only,"связь верна, но неочевидна или слово редкое"
16216,turbine,turbine,,things_that_spin,candidate,hard_only,"связь верна, но неочевидна или слово редкое"
16217,gear,gear,,things_that_spin,candidate,hard_only,"связь верна, но неочевидна или слово редкое"
16218,blender,blender,,things_that_spin,candidate,hard_only,"связь верна, но неочевидна или слово редкое"
16219,globe,globe,,things_that_spin,candidate,hard_only,"связь верна, но неочевидна или слово редкое"
16220,windmill,windmill,,things_that_spin,candidate,hard_only,"связь верна, но неочевидна или слово редкое"
16221,ceiling fan,ceiling fan,,things_that_spin,candidate,hard_only,"связь верна, но неочевидна или слово редкое"
16222,tire,tire,,things_that_spin,candidate,hard_only,"связь верна, но неочевидна или слово редкое"
16223,dial,dial,,things_that_spin,candidate,hard_only,"связь верна, но неочевидна или слово редкое"
16224,coin,coin,,things_that_spin,candidate,hard_only,"связь верна, но неочевидна или слово редкое"
16225,dryer,dryer,,things_that_spin,candidate,hard_only,"связь верна, но неочевидна или слово редкое"
16226,knife,knife,,things_that_cut,candidate,hard_only,"связь верна, но неочевидна или слово редкое"
16227,scissors,scissors,,things_that_cut,candidate,hard_only,"связь верна, но неочевидна или слово редкое"
16228,razor,razor,,things_that_cut,candidate,hard_only,"связь верна, но неочевидна или слово редкое"
16229,thorn,thorn,,things_that_cut,candidate,hard_only,"связь верна, но неочевидна или слово редкое"
16230,glass shard,glass shard,,things_that_cut,candidate,hard_only,"связь верна, но неочевидна или слово редкое"
16231,blade,blade,,things_that_cut,candidate,hard_only,"связь верна, но неочевидна или слово редкое"
16232,tack,tack,,things_that_cut,candidate,hard_only,"связь верна, но неочевидна или слово редкое"
16233,arrow,arrow,,things_that_cut,candidate,hard_only,"связь верна, но неочевидна или слово редкое"
16234,saw,saw,,things_that_cut,candidate,hard_only,"связь верна, но неочевидна или слово редкое"
16235,spear,spear,,things_that_cut,candidate,hard_only,"связь верна, но неочевидна или слово редкое"
16236,PIN,pin,,things_that_cut,candidate,hard_only,"связь верна, но неочевидна или слово редкое"
16237,dart,dart,,things_that_cut,candidate,hard_only,"связь верна, но неочевидна или слово редкое"
16238,sword,sword,,things_that_cut,candidate,hard_only,"связь верна, но неочевидна или слово редкое"
16239,splinter,splinter,,things_that_cut,candidate,hard_only,"связь верна, но неочевидна или слово редкое"
16240,ice pick,ice pick,,things_that_cut,candidate,hard_only,"связь верна, но неочевидна или слово редкое"
16241,tack,tack,,things_that_stick_out,candidate,hard_only,"связь верна, но неочевидна или слово редкое"
16242,stake,stake,,things_that_stick_out,candidate,hard_only,"связь верна, но неочевидна или слово редкое"
16243,Peg,peg,,things_that_stick_out,candidate,hard_only,"связь верна, но неочевидна или слово редкое"
16244,dent,dent,,things_that_stick_out,candidate,hard_only,"связь верна, но неочевидна или слово редкое"
16245,chisel,chisel,,things_that_stick_out,candidate,hard_only,"связь верна, но неочевидна или слово редкое"
16246,spike,spike,,things_that_stick_out,candidate,hard_only,"связь верна, но неочевидна или слово редкое"
16247,rivet,rivet,,things_that_stick_out,candidate,hard_only,"связь верна, но неочевидна или слово редкое"
16248,wedge,wedge,,things_that_stick_out,candidate,hard_only,"связь верна, но неочевидна или слово редкое"
16249,post,post,,things_that_stick_out,candidate,hard_only,"связь верна, но неочевидна или слово редкое"
16250,bolt,bolt,,things_that_stick_out,candidate,hard_only,"связь верна, но неочевидна или слово редкое"
16251,tent stake,tent stake,,things_that_stick_out,candidate,hard_only,"связь верна, но неочевидна или слово редкое"
16252,horseshoe,horseshoe,,things_that_stick_out,candidate,hard_only,"связь верна, но неочевидна или слово редкое"
16257,pegboard,pegboard,,boxes_and_cases,candidate,approved,"редкое в текстах, но общеизвестное слово"
16311,spigot,spigot,,plumbing_words,candidate,approved,"редкое в текстах, но общеизвестное слово"
16333,joist,joist,,carpentry_words,candidate,approved,"редкое в текстах, но общеизвестное слово"
16336,miter,miter,,carpentry_words,candidate,hard_only,"связь верна, но неочевидна или слово редкое"
16337,dovetail,dovetail,,carpentry_words,candidate,hard_only,"связь верна, но неочевидна или слово редкое"
16344,sawhorse,sawhorse,,carpentry_words,candidate,hard_only,"связь верна, но неочевидна или слово редкое"
16349,torch,torch,,welding_words,candidate,hard_only,"связь верна, но неочевидна или слово редкое"
16350,rod,rod,,welding_words,candidate,hard_only,"связь верна, но неочевидна или слово редкое"
16351,arc,arc,,welding_words,candidate,hard_only,"связь верна, но неочевидна или слово редкое"
16352,helmet,helmet,,welding_words,candidate,hard_only,"связь верна, но неочевидна или слово редкое"
16353,spark,spark,,welding_words,candidate,hard_only,"связь верна, но неочевидна или слово редкое"
16354,flux,flux,,welding_words,candidate,hard_only,"связь верна, но неочевидна или слово редкое"
16355,bead,bead,,welding_words,candidate,hard_only,"связь верна, но неочевидна или слово редкое"
16356,clamp,clamp,,welding_words,candidate,hard_only,"связь верна, но неочевидна или слово редкое"
16357,gas,gas,,welding_words,candidate,hard_only,"связь верна, но неочевидна или слово редкое"
16358,slag,slag,,welding_words,candidate,hard_only,"связь верна, но неочевидна или слово редкое"
16359,tack,tack,,welding_words,candidate,hard_only,"связь верна, но неочевидна или слово редкое"
16360,filler,filler,,welding_words,candidate,hard_only,"связь верна, но неочевидна или слово редкое"
16361,tip,tip,,welding_words,candidate,hard_only,"связь верна, но неочевидна или слово редкое"
16390,caulk,caulk,,painting_trade,candidate,approved,"редкое в текстах, но общеизвестное слово"
16393,brick,brick,,masonry_words,candidate,hard_only,"связь верна, но неочевидна или слово редкое"
16394,mortar,mortar,,masonry_words,candidate,hard_only,"связь верна, но неочевидна или слово редкое"
16395,trowel,trowel,,masonry_words,candidate,hard_only,"связь верна, но неочевидна или слово редкое"
16396,level,level,,masonry_words,candidate,hard_only,"связь верна, но неочевидна или слово редкое"
16397,block,block,,masonry_words,candidate,hard_only,"связь верна, но неочевидна или слово редкое"
16398,grout,grout,,masonry_words,candidate,hard_only,"связь верна, но неочевидна или слово редкое"
16399,chisel,chisel,,masonry_words,candidate,hard_only,"связь верна, но неочевидна или слово редкое"
16400,hod,hod,,masonry_words,candidate,hard_only,"связь верна, но неочевидна или слово редкое"
16401,scaffold,scaffold,,masonry_words,candidate,hard_only,"связь верна, но неочевидна или слово редкое"
16402,cement,cement,,masonry_words,candidate,hard_only,"связь верна, но неочевидна или слово редкое"
16403,joint,joint,,masonry_words,candidate,hard_only,"связь верна, но неочевидна или слово редкое"
16404,stone,stone,,masonry_words,candidate,hard_only,"связь верна, но неочевидна или слово редкое"
16405,plumb line,plumb line,,masonry_words,candidate,hard_only,"связь верна, но неочевидна или слово редкое"
16406,wheelbarrow,wheelbarrow,,masonry_words,candidate,hard_only,"связь верна, но неочевидна или слово редкое"
16407,shingle,shingle,,roofing_words,candidate,hard_only,"связь верна, но неочевидна или слово редкое"
16408,tar,tar,,roofing_words,candidate,hard_only,"связь верна, но неочевидна или слово редкое"
16409,flashing,flashing,,roofing_words,candidate,hard_only,"связь верна, но неочевидна или слово редкое"
16410,gutter,gutter,,roofing_words,candidate,hard_only,"связь верна, но неочевидна или слово редкое"
16411,underlayment,underlayment,,roofing_words,candidate,hard_only,"связь верна, но неочевидна или слово редкое"
16412,nail gun,nail gun,,roofing_words,candidate,hard_only,"связь верна, но неочевидна или слово редкое"
16413,ladder,ladder,,roofing_words,candidate,hard_only,"связь верна, но неочевидна или слово редкое"
16414,ridge,ridge,,roofing_words,candidate,hard_only,"связь верна, но неочевидна или слово редкое"
16415,valley,valley,,roofing_words,candidate,hard_only,"связь верна, но неочевидна или слово редкое"
16416,vent,vent,,roofing_words,candidate,hard_only,"связь верна, но неочевидна или слово редкое"
16417,harness,harness,,roofing_words,candidate,hard_only,"связь верна, но неочевидна или слово редкое"
16418,tile,tile,,roofing_words,candidate,hard_only,"связь верна, но неочевидна или слово редкое"
16419,felt,felt,,roofing_words,candidate,hard_only,"связь верна, но неочевидна или слово редкое"
16420,drip edge,drip edge,,roofing_words,candidate,hard_only,"связь верна, но неочевидна или слово редкое"
16421,ink,ink,,printing_words,candidate,hard_only,"связь верна, но неочевидна или слово редкое"
16422,press,press,,printing_words,candidate,hard_only,"связь верна, но неочевидна или слово редкое"
16423,plate,plate,,printing_words,candidate,hard_only,"связь верна, но неочевидна или слово редкое"
16424,roller,roller,,printing_words,candidate,hard_only,"связь верна, но неочевидна или слово редкое"
16425,type,type,,printing_words,candidate,hard_only,"связь верна, но неочевидна или слово редкое"
16426,proof,proof,,printing_words,candidate,hard_only,"связь верна, но неочевидна или слово редкое"
16427,font,font,,printing_words,candidate,hard_only,"связь верна, но неочевидна или слово редкое"
16428,binding,binding,,printing_words,candidate,hard_only,"связь верна, но неочевидна или слово редкое"
16429,paper,paper,,printing_words,candidate,hard_only,"связь верна, но неочевидна или слово редкое"
16430,cartridge,cartridge,,printing_words,candidate,hard_only,"связь верна, но неочевидна или слово редкое"
16431,toner,toner,,printing_words,candidate,hard_only,"связь верна, но неочевидна или слово редкое"
16432,stencil,stencil,,printing_words,candidate,hard_only,"связь верна, но неочевидна или слово редкое"
16433,registration,registration,,printing_words,candidate,hard_only,"связь верна, но неочевидна или слово редкое"
16461,deadbolt,deadbolt,,locksmith_words,candidate,approved,"редкое в текстах, но общеизвестное слово"
16484,squeegee,squeegee,,cleaning_trade,candidate,approved,"редкое в текстах, но общеизвестное слово"
16485,dustpan,dustpan,,cleaning_trade,candidate,approved,"редкое в текстах, но общеизвестное слово"
16489,edger,edger,,landscaping_words,candidate,hard_only,"связь верна, но неочевидна или слово редкое"
16520,proofer,proofer,,baker_words,candidate,hard_only,"связь верна, но неочевидна или слово редкое"
16554,timeclock,timeclock,,factory_words,candidate,rejected,слово практически не встречается в английском
16582,car,car,,things_with_wheels,candidate,hard_only,"связь верна, но неочевидна или слово редкое"
16583,bike,bike,,things_with_wheels,candidate,hard_only,"связь верна, но неочевидна или слово редкое"
16584,bus,bus,,things_with_wheels,candidate,hard_only,"связь верна, но неочевидна или слово редкое"
16585,wagon,wagon,,things_with_wheels,candidate,hard_only,"связь верна, но неочевидна или слово редкое"
16586,cart,cart,,things_with_wheels,candidate,hard_only,"связь верна, но неочевидна или слово редкое"
16587,skateboard,skateboard,,things_with_wheels,candidate,hard_only,"связь верна, но неочевидна или слово редкое"
16588,stroller,stroller,,things_with_wheels,candidate,hard_only,"связь верна, но неочевидна или слово редкое"
16589,wheelchair,wheelchair,,things_with_wheels,candidate,hard_only,"связь верна, но неочевидна или слово редкое"
16590,suitcase,suitcase,,things_with_wheels,candidate,hard_only,"связь верна, но неочевидна или слово редкое"
16591,tractor,tractor,,things_with_wheels,candidate,hard_only,"связь верна, но неочевидна или слово редкое"
16592,scooter,scooter,,things_with_wheels,candidate,hard_only,"связь верна, но неочевидна или слово редкое"
16593,truck,truck,,things_with_wheels,candidate,hard_only,"связь верна, но неочевидна или слово редкое"
16594,train,train,,things_with_wheels,candidate,hard_only,"связь верна, но неочевидна или слово редкое"
16595,roller skate,roller skate,,things_with_wheels,candidate,hard_only,"связь верна, но неочевидна или слово редкое"
16596,lawnmower,lawnmower,,things_with_wheels,candidate,hard_only,"связь верна, но неочевидна или слово редкое"
16597,dolly,dolly,,things_with_wheels,candidate,hard_only,"связь верна, но неочевидна или слово редкое"
16598,trailer,trailer,,things_with_wheels,candidate,hard_only,"связь верна, но неочевидна или слово редкое"
16599,unicycle,unicycle,,things_with_wheels,candidate,hard_only,"связь верна, но неочевидна или слово редкое"
16600,wheelbarrow,wheelbarrow,,things_with_wheels,candidate,hard_only,"связь верна, но неочевидна или слово редкое"
16601,gurney,gurney,,things_with_wheels,candidate,hard_only,"связь верна, но неочевидна или слово редкое"
16602,tricycle,tricycle,,things_with_wheels,candidate,hard_only,"связь верна, но неочевидна или слово редкое"
16603,golf cart,golf cart,,things_with_wheels,candidate,hard_only,"связь верна, но неочевидна или слово редкое"
16604,rollerblade,rollerblade,,things_with_wheels,candidate,hard_only,"связь верна, но неочевидна или слово редкое"
16605,forklift,forklift,,things_with_wheels,candidate,hard_only,"связь верна, но неочевидна или слово редкое"
16606,van,van,,things_with_wheels,candidate,hard_only,"связь верна, но неочевидна или слово редкое"
16621,gearshift,gearshift,,car_parts,candidate,hard_only,"связь верна, но неочевидна или слово редкое"
16630,glovebox,glovebox,,car_parts,candidate,hard_only,"связь верна, но неочевидна или слово редкое"
16643,jetway,jetway,,airport_words,candidate,hard_only,"связь верна, но неочевидна или слово редкое"
16658,backhoe,backhoe,,construction_equipment,candidate,approved,"редкое в текстах, но общеизвестное слово"
16661,jackhammer,jackhammer,,construction_equipment,candidate,approved,"редкое в текстах, но общеизвестное слово"
16667,paver,paver,,construction_equipment,candidate,hard_only,"связь верна, но неочевидна или слово редкое"
16668,compactor,compactor,,construction_equipment,candidate,hard_only,"связь верна, но неочевидна или слово редкое"
16671,trencher,trencher,,construction_equipment,candidate,hard_only,"связь верна, но неочевидна или слово редкое"
16682,rowboat,rowboat,,boats,candidate,approved,"редкое в текстах, но общеизвестное слово"
16699,biplane,biplane,,aircraft,candidate,approved,"редкое в текстах, но общеизвестное слово"
16717,kickstand,kickstand,,parts_of_a_bike,candidate,approved,"редкое в текстах, но общеизвестное слово"
16731,guardrail,guardrail,,road_things,candidate,approved,"редкое в текстах, но общеизвестное слово"
16742,streetlight,streetlight,,road_things,candidate,approved,"редкое в текстах, но общеизвестное слово"
16765,boxcar,boxcar,,train_words,candidate,approved,"редкое в текстах, но общеизвестное слово"
16782,spacesuit,spacesuit,,space_travel,candidate,hard_only,"связь верна, но неочевидна или слово редкое"
16794,sail,sail,,sailing_words,candidate,hard_only,"связь верна, но неочевидна или слово редкое"
16795,mast,mast,,sailing_words,candidate,hard_only,"связь верна, но неочевидна или слово редкое"
16796,anchor,anchor,,sailing_words,candidate,hard_only,"связь верна, но неочевидна или слово редкое"
16797,deck,deck,,sailing_words,candidate,hard_only,"связь верна, но неочевидна или слово редкое"
16798,rudder,rudder,,sailing_words,candidate,hard_only,"связь верна, но неочевидна или слово редкое"
16799,stern,stern,,sailing_words,candidate,hard_only,"связь верна, но неочевидна или слово редкое"
16800,keel,keel,,sailing_words,candidate,hard_only,"связь верна, но неочевидна или слово редкое"
16801,helm,helm,,sailing_words,candidate,hard_only,"связь верна, но неочевидна или слово редкое"
16802,rope,rope,,sailing_words,candidate,hard_only,"связь верна, но неочевидна или слово редкое"
16803,port,port,,sailing_words,candidate,hard_only,"связь верна, но неочевидна или слово редкое"
16804,starboard,starboard,,sailing_words,candidate,hard_only,"связь верна, но неочевидна или слово редкое"
16805,hull,hull,,sailing_words,candidate,hard_only,"связь верна, но неочевидна или слово редкое"
16806,cabin,cabin,,sailing_words,candidate,hard_only,"связь верна, но неочевидна или слово редкое"
16807,boom,boom,,sailing_words,candidate,hard_only,"связь верна, но неочевидна или слово редкое"
16808,oar,oar,,sailing_words,candidate,hard_only,"связь верна, но неочевидна или слово редкое"
16809,buoy,buoy,,sailing_words,candidate,hard_only,"связь верна, но неочевидна или слово редкое"
16810,knot,knot,,sailing_words,candidate,hard_only,"связь верна, но неочевидна или слово редкое"
16833,bellhop,bellhop,,hotel_words,candidate,approved,"редкое в текстах, но общеизвестное слово"
16834,minibar,minibar,,hotel_words,candidate,approved,"редкое в текстах, но общеизвестное слово"
16851,squeegee,squeegee,,gas_station_things,candidate,approved,"редкое в текстах, но общеизвестное слово"
16902,elevator,elevator,,things_that_carry_people,candidate,hard_only,"связь верна, но неочевидна или слово редкое"
16903,escalator,escalator,,things_that_carry_people,candidate,hard_only,"связь верна, но неочевидна или слово редкое"
16904,bus,bus,,things_that_carry_people,candidate,hard_only,"связь верна, но неочевидна или слово редкое"
16905,train,train,,things_that_carry_people,candidate,hard_only,"связь верна, но неочевидна или слово редкое"
16906,boat,boat,,things_that_carry_people,candidate,hard_only,"связь верна, но неочевидна или слово редкое"
16907,plane,plane,,things_that_carry_people,candidate,hard_only,"связь верна, но неочевидна или слово редкое"
16908,horse,horse,,things_that_carry_people,candidate,hard_only,"связь верна, но неочевидна или слово редкое"
16909,stretcher,stretcher,,things_that_carry_people,candidate,hard_only,"связь верна, но неочевидна или слово редкое"
16910,gondola,gondola,,things_that_carry_people,candidate,hard_only,"связь верна, но неочевидна или слово редкое"
16911,chairlift,chairlift,,things_that_carry_people,candidate,hard_only,"связь верна, но неочевидна или слово редкое"
16912,taxi,taxi,,things_that_carry_people,candidate,hard_only,"связь верна, но неочевидна или слово редкое"
16913,ferry,ferry,,things_that_carry_people,candidate,hard_only,"связь верна, но неочевидна или слово редкое"
16914,sled,sled,,things_that_carry_people,candidate,hard_only,"связь верна, но неочевидна или слово редкое"
16915,rickshaw,rickshaw,,things_that_carry_people,candidate,hard_only,"связь верна, но неочевидна или слово редкое"
16916,cable car,cable car,,things_that_carry_people,candidate,hard_only,"связь верна, но неочевидна или слово редкое"
16917,tram,tram,,things_that_carry_people,candidate,hard_only,"связь верна, но неочевидна или слово редкое"
16918,moving walkway,moving walkway,,things_that_carry_people,candidate,hard_only,"связь верна, но неочевидна или слово редкое"
16919,wheelchair,wheelchair,,things_that_carry_people,candidate,hard_only,"связь верна, но неочевидна или слово редкое"
16923,Honeycrisp,honeycrisp,,apple_varieties,candidate,hard_only,"связь верна, но неочевидна или слово редкое"
16927,Braeburn,braeburn,,apple_varieties,candidate,hard_only,"связь верна, но неочевидна или слово редкое"
16940,Zinfandel,zinfandel,,grape_varieties,candidate,hard_only,"связь верна, но неочевидна или слово редкое"
16941,Malbec,malbec,,grape_varieties,candidate,hard_only,"связь верна, но неочевидна или слово редкое"
16942,Syrah,syrah,,grape_varieties,candidate,hard_only,"связь верна, но неочевидна или слово редкое"
16946,Sangiovese,sangiovese,,grape_varieties,candidate,hard_only,"связь верна, но неочевидна или слово редкое"
16947,russet,russet,,potato_varieties,candidate,hard_only,"связь верна, но неочевидна или слово редкое"
16950,fingerling,fingerling,,potato_varieties,candidate,hard_only,"связь верна, но неочевидна или слово редкое"
16957,kennebec,kennebec,,potato_varieties,candidate,hard_only,"связь верна, но неочевидна или слово редкое"
16961,habanero,habanero,,pepper_varieties,candidate,hard_only,"связь верна, но неочевидна или слово редкое"
16963,poblano,poblano,,pepper_varieties,candidate,hard_only,"связь верна, но неочевидна или слово редкое"
16969,pimento,pimento,,pepper_varieties,candidate,hard_only,"связь верна, но неочевидна или слово редкое"
16971,shishito,shishito,,pepper_varieties,candidate,rejected,слово практически не встречается в английском
16974,beefsteak,beefsteak,,tomato_varieties,candidate,hard_only,"связь верна, но неочевидна или слово редкое"
16979,campari,campari,,tomato_varieties,candidate,hard_only,"связь верна, но неочевидна или слово редкое"
16980,san marzano,san marzano,,tomato_varieties,candidate,hard_only,"связь верна, но неочевидна или слово редкое"
16987,arugula,arugula,,lettuce_and_greens,candidate,approved,"редкое в текстах, но общеизвестное слово"
16989,radicchio,radicchio,,lettuce_and_greens,candidate,hard_only,"связь верна, но неочевидна или слово редкое"
16990,endive,endive,,lettuce_and_greens,candidate,hard_only,"связь верна, но неочевидна или слово редкое"
16991,frisee,frisee,,lettuce_and_greens,candidate,rejected,слово практически не встречается в английском
16992,mesclun,mesclun,,lettuce_and_greens,candidate,rejected,слово практически не встречается в английском
16993,watercress,watercress,,lettuce_and_greens,candidate,approved,"редкое в текстах, но общеизвестное слово"
16994,escarole,escarole,,lettuce_and_greens,candidate,hard_only,"связь верна, но неочевидна или слово редкое"
17000,basmati,basmati,,rice_types,candidate,hard_only,"связь верна, но неочевидна или слово редкое"
17002,arborio,arborio,,rice_types,candidate,hard_only,"связь верна, но неочевидна или слово редкое"
17009,parboiled,parboiled,,rice_types,candidate,hard_only,"связь верна, но неочевидна или слово редкое"
17015,garbanzo,garbanzo,,bean_types,candidate,hard_only,"связь верна, но неочевидна или слово редкое"
17016,cannellini,cannellini,,bean_types,candidate,hard_only,"связь верна, но неочевидна или слово редкое"
17017,fava,fava,,bean_types,candidate,hard_only,"связь верна, но неочевидна или слово редкое"
17018,mung,mung,,bean_types,candidate,hard_only,"связь верна, но неочевидна или слово редкое"
17019,adzuki,adzuki,,bean_types,candidate,hard_only,"связь верна, но неочевидна или слово редкое"
17033,treacle,treacle,,honey_and_syrups,candidate,hard_only,"связь верна, но неочевидна или слово редкое"
17037,kalamata,kalamata,,olive_types,candidate,hard_only,"связь верна, но неочевидна или слово редкое"
17038,green,green,,olive_types,candidate,hard_only,"связь верна, но неочевидна или слово редкое"
17039,black,black,,olive_types,candidate,hard_only,"связь верна, но неочевидна или слово редкое"
17040,spanish,spanish,,olive_types,candidate,hard_only,"связь верна, но неочевидна или слово редкое"
17041,castelvetrano,castelvetrano,,olive_types,candidate,rejected,слово практически не встречается в английском
17042,extra virgin,extra virgin,,olive_types,candidate,hard_only,"связь верна, но неочевидна или слово редкое"
17043,virgin,virgin,,olive_types,candidate,hard_only,"связь верна, но неочевидна или слово редкое"
17044,light,light,,olive_types,candidate,hard_only,"связь верна, но неочевидна или слово редкое"
17045,pitted,pitted,,olive_types,candidate,hard_only,"связь верна, но неочевидна или слово редкое"
17046,stuffed,stuffed,,olive_types,candidate,hard_only,"связь верна, но неочевидна или слово редкое"
17047,manzanilla,manzanilla,,olive_types,candidate,hard_only,"связь верна, но неочевидна или слово редкое"
17048,nicoise,nicoise,,olive_types,candidate,hard_only,"связь верна, но неочевидна или слово редкое"
17051,garam masala,garam masala,,chili_and_spice_blends,candidate,hard_only,"связь верна, но неочевидна или слово редкое"
17056,herbes de provence,herbes de provence,,chili_and_spice_blends,candidate,hard_only,"связь верна, но неочевидна или слово редкое"
17062,za'atar,za'atar,,chili_and_spice_blends,candidate,hard_only,"связь верна, но неочевидна или слово редкое"
17065,honeydew,honeydew,,melons_and_squash,candidate,approved,"редкое в текстах, но общеизвестное слово"
17071,delicata,delicata,,melons_and_squash,candidate,hard_only,"связь верна, но неочевидна или слово редкое"
17073,casaba,casaba,,melons_and_squash,candidate,rejected,слово практически не встречается в английском
17075,kabocha,kabocha,,melons_and_squash,candidate,hard_only,"связь верна, но неочевидна или слово редкое"
17081,marionberry,marionberry,,berry_varieties,candidate,rejected,слово практически не встречается в английском
17082,loganberry,loganberry,,berry_varieties,candidate,hard_only,"связь верна, но неочевидна или слово редкое"
17084,elderberry,elderberry,,berry_varieties,candidate,hard_only,"связь верна, но неочевидна или слово редкое"
17086,boysenberry,boysenberry,,berry_varieties,candidate,hard_only,"связь верна, но неочевидна или слово редкое"
17087,cloudberry,cloudberry,,berry_varieties,candidate,hard_only,"связь верна, но неочевидна или слово редкое"
17088,peppermint,peppermint,,mint_and_herbs_varieties,candidate,hard_only,"связь верна, но неочевидна или слово редкое"
17089,spearmint,spearmint,,mint_and_herbs_varieties,candidate,hard_only,"связь верна, но неочевидна или слово редкое"
17090,basil,basil,,mint_and_herbs_varieties,candidate,hard_only,"связь верна, но неочевидна или слово редкое"
17091,thai basil,thai basil,,mint_and_herbs_varieties,candidate,hard_only,"связь верна, но неочевидна или слово редкое"
17092,italian parsley,italian parsley,,mint_and_herbs_varieties,candidate,hard_only,"связь верна, но неочевидна или слово редкое"
17093,curly parsley,curly parsley,,mint_and_herbs_varieties,candidate,hard_only,"связь верна, но неочевидна или слово редкое"
17094,cilantro,cilantro,,mint_and_herbs_varieties,candidate,hard_only,"связь верна, но неочевидна или слово редкое"
17095,dill,dill,,mint_and_herbs_varieties,candidate,hard_only,"связь верна, но неочевидна или слово редкое"
17096,chervil,chervil,,mint_and_herbs_varieties,candidate,hard_only,"связь верна, но неочевидна или слово редкое"
17097,lemon balm,lemon balm,,mint_and_herbs_varieties,candidate,hard_only,"связь верна, но неочевидна или слово редкое"
17098,oregano,oregano,,mint_and_herbs_varieties,candidate,hard_only,"связь верна, но неочевидна или слово редкое"
17099,marjoram,marjoram,,mint_and_herbs_varieties,candidate,hard_only,"связь верна, но неочевидна или слово редкое"
17100,sorrel,sorrel,,mint_and_herbs_varieties,candidate,hard_only,"связь верна, но неочевидна или слово редкое"
17106,bouillabaisse,bouillabaisse,,french_dishes,candidate,hard_only,"связь верна, но неочевидна или слово редкое"
17107,souffle,souffle,,french_dishes,candidate,hard_only,"связь верна, но неочевидна или слово редкое"
17109,macaron,macaron,,french_dishes,candidate,hard_only,"связь верна, но неочевидна или слово редкое"
17110,escargot,escargot,,french_dishes,candidate,hard_only,"связь верна, но неочевидна или слово редкое"
17111,cassoulet,cassoulet,,french_dishes,candidate,hard_only,"связь верна, но неочевидна или слово редкое"
17112,eclair,eclair,,french_dishes,candidate,hard_only,"связь верна, но неочевидна или слово редкое"
17114,coq au vin,coq au vin,,french_dishes,candidate,hard_only,"связь верна, но неочевидна или слово редкое"
17117,tartare,tartare,,french_dishes,candidate,hard_only,"связь верна, но неочевидна или слово редкое"
17118,gratin,gratin,,french_dishes,candidate,hard_only,"связь верна, но неочевидна или слово редкое"
17120,souvlaki,souvlaki,,greek_dishes,candidate,hard_only,"связь верна, но неочевидна или слово редкое"
17121,moussaka,moussaka,,greek_dishes,candidate,hard_only,"связь верна, но неочевидна или слово редкое"
17122,baklava,baklava,,greek_dishes,candidate,hard_only,"связь верна, но неочевидна или слово редкое"
17123,tzatziki,tzatziki,,greek_dishes,candidate,hard_only,"связь верна, но неочевидна или слово редкое"
17125,dolma,dolma,,greek_dishes,candidate,hard_only,"связь верна, но неочевидна или слово редкое"
17126,spanakopita,spanakopita,,greek_dishes,candidate,hard_only,"связь верна, но неочевидна или слово редкое"
17131,taramasalata,taramasalata,,greek_dishes,candidate,rejected,слово практически не встречается в английском
17132,ouzo,ouzo,,greek_dishes,candidate,hard_only,"связь верна, но неочевидна или слово редкое"
17133,halloumi,halloumi,,greek_dishes,candidate,hard_only,"связь верна, но неочевидна или слово редкое"
17136,samosa,samosa,,indian_dishes,candidate,hard_only,"связь верна, но неочевидна или слово редкое"
17137,tandoori,tandoori,,indian_dishes,candidate,hard_only,"связь верна, но неочевидна или слово редкое"
17138,biryani,biryani,,indian_dishes,candidate,hard_only,"связь верна, но неочевидна или слово редкое"
17142,paneer,paneer,,indian_dishes,candidate,hard_only,"связь верна, но неочевидна или слово редкое"
17143,korma,korma,,indian_dishes,candidate,hard_only,"связь верна, но неочевидна или слово редкое"
17144,raita,raita,,indian_dishes,candidate,hard_only,"связь верна, но неочевидна или слово редкое"
17146,vindaloo,vindaloo,,indian_dishes,candidate,hard_only,"связь верна, но неочевидна или слово редкое"
17147,lassi,lassi,,indian_dishes,candidate,hard_only,"связь верна, но неочевидна или слово редкое"
17152,tempura,tempura,,japanese_dishes,candidate,hard_only,"связь верна, но неочевидна или слово редкое"
17156,udon,udon,,japanese_dishes,candidate,hard_only,"связь верна, но неочевидна или слово редкое"
17158,edamame,edamame,,japanese_dishes,candidate,hard_only,"связь верна, но неочевидна или слово редкое"
17159,gyoza,gyoza,,japanese_dishes,candidate,hard_only,"связь верна, но неочевидна или слово редкое"
17160,yakitori,yakitori,,japanese_dishes,candidate,hard_only,"связь верна, но неочевидна или слово редкое"
17161,soba,soba,,japanese_dishes,candidate,hard_only,"связь верна, но неочевидна или слово редкое"
17163,katsu,katsu,,japanese_dishes,candidate,hard_only,"связь верна, но неочевидна или слово редкое"
17164,mochi,mochi,,japanese_dishes,candidate,hard_only,"связь верна, но неочевидна или слово редкое"
17166,bratwurst,bratwurst,,german_dishes,candidate,hard_only,"связь верна, но неочевидна или слово редкое"
17169,schnitzel,schnitzel,,german_dishes,candidate,hard_only,"связь верна, но неочевидна или слово редкое"
17170,strudel,strudel,,german_dishes,candidate,hard_only,"связь верна, но неочевидна или слово редкое"
17171,spaetzle,spaetzle,,german_dishes,candidate,hard_only,"связь верна, но неочевидна или слово редкое"
17173,stollen,stollen,,german_dishes,candidate,hard_only,"связь верна, но неочевидна или слово редкое"
17178,kuchen,kuchen,,german_dishes,candidate,hard_only,"связь верна, но неочевидна или слово редкое"
17179,wurst,wurst,,german_dishes,candidate,hard_only,"связь верна, но неочевидна или слово редкое"
17182,gazpacho,gazpacho,,spanish_dishes,candidate,hard_only,"связь верна, но неочевидна или слово редкое"
17185,churro,churro,,spanish_dishes,candidate,hard_only,"связь верна, но неочевидна или слово редкое"
17187,jamon,jamon,,spanish_dishes,candidate,hard_only,"связь верна, но неочевидна или слово редкое"
17188,empanada,empanada,,spanish_dishes,candidate,hard_only,"связь верна, но неочевидна или слово редкое"
17189,flan,flan,,spanish_dishes,candidate,approved,"редкое в текстах, но общеизвестное слово"
17191,manchego,manchego,,spanish_dishes,candidate,hard_only,"связь верна, но неочевидна или слово редкое"
17192,patatas bravas,patatas bravas,,spanish_dishes,candidate,rejected,слово практически не встречается в английском
17197,shawarma,shawarma,,middle_eastern_dishes,candidate,hard_only,"связь верна, но неочевидна или слово редкое"
17198,tabbouleh,tabbouleh,,middle_eastern_dishes,candidate,hard_only,"связь верна, но неочевидна или слово редкое"
17199,baba ganoush,baba ganoush,,middle_eastern_dishes,candidate,rejected,слово практически не встречается в английском
17202,halva,halva,,middle_eastern_dishes,candidate,hard_only,"связь верна, но неочевидна или слово редкое"
17203,tahini,tahini,,middle_eastern_dishes,candidate,hard_only,"связь верна, но неочевидна или слово редкое"
17204,dolma,dolma,,middle_eastern_dishes,candidate,hard_only,"связь верна, но неочевидна или слово редкое"
17206,fattoush,fattoush,,middle_eastern_dishes,candidate,rejected,слово практически не встречается в английском
17207,labneh,labneh,,middle_eastern_dishes,candidate,rejected,слово практически не встречается в английском
17215,jambalaya,jambalaya,,southern_dishes,candidate,hard_only,"связь верна, но неочевидна или слово редкое"
17226,minestrone,minestrone,,soups,candidate,hard_only,"связь верна, но неочевидна или слово редкое"
17229,borscht,borscht,,soups,candidate,hard_only,"связь верна, но неочевидна или слово редкое"
17232,bisque,bisque,,soups,candidate,hard_only,"связь верна, но неочевидна или слово редкое"
17233,gazpacho,gazpacho,,soups,candidate,hard_only,"связь верна, но неочевидна или слово редкое"
17241,goulash,goulash,,soups,candidate,hard_only,"связь верна, но неочевидна или слово редкое"
17242,consomme,consomme,,soups,candidate,hard_only,"связь верна, но неочевидна или слово редкое"
17248,hollandaise,hollandaise,,sauces,candidate,hard_only,"связь верна, но неочевидна или слово редкое"
17249,bechamel,bechamel,,sauces,candidate,hard_only,"связь верна, но неочевидна или слово редкое"
17253,aioli,aioli,,sauces,candidate,hard_only,"связь верна, но неочевидна или слово редкое"
17259,chimichurri,chimichurri,,sauces,candidate,hard_only,"связь верна, но неочевидна или слово редкое"
17272,pilsner,pilsner,,wines_and_drinks,candidate,hard_only,"связь верна, но неочевидна или слово редкое"
17277,Zinfandel,zinfandel,,wines_and_drinks,candidate,hard_only,"связь верна, но неочевидна или слово редкое"
17284,macchiato,macchiato,,coffee_drinks,candidate,hard_only,"связь верна, но неочевидна или слово редкое"
17290,frappe,frappe,,coffee_drinks,candidate,hard_only,"связь верна, но неочевидна или слово редкое"
17291,affogato,affogato,,coffee_drinks,candidate,rejected,слово практически не встречается в английском
17292,cortado,cortado,,coffee_drinks,candidate,hard_only,"связь верна, но неочевидна или слово редкое"
17296,oolong,oolong,,teas,candidate,hard_only,"связь верна, но неочевидна или слово редкое"
17302,rooibos,rooibos,,teas,candidate,hard_only,"связь верна, но неочевидна или слово редкое"
17313,churro,churro,,street_food,candidate,hard_only,"связь верна, но неочевидна или слово редкое"
17321,arepa,arepa,,street_food,candidate,hard_only,"связь верна, но неочевидна или слово редкое"
17322,elote,elote,,street_food,candidate,hard_only,"связь верна, но неочевидна или слово редкое"
17328,focaccia,focaccia,,world_breads,candidate,hard_only,"связь верна, но неочевидна или слово редкое"
17329,ciabatta,ciabatta,,world_breads,candidate,hard_only,"связь верна, но неочевидна или слово редкое"
17330,challah,challah,,world_breads,candidate,approved,"редкое в текстах, но общеизвестное слово"
17333,injera,injera,,world_breads,candidate,hard_only,"связь верна, но неочевидна или слово редкое"
17335,lavash,lavash,,world_breads,candidate,hard_only,"связь верна, но неочевидна или слово редкое"
17336,matzo,matzo,,world_breads,candidate,approved,"редкое в текстах, но общеизвестное слово"
17338,pumpernickel,pumpernickel,,world_breads,candidate,approved,"редкое в текстах, но общеизвестное слово"
17339,arepa,arepa,,world_breads,candidate,hard_only,"связь верна, но неочевидна или слово редкое"
17346,pastrami,pastrami,,cured_meats,candidate,approved,"редкое в текстах, но общеизвестное слово"
17350,capicola,capicola,,cured_meats,candidate,rejected,слово практически не встречается в английском
17351,mortadella,mortadella,,cured_meats,candidate,hard_only,"связь верна, но неочевидна или слово редкое"
17352,bresaola,bresaola,,cured_meats,candidate,rejected,слово практически не встречается в английском
17354,pickle,pickle,,fermented_foods,candidate,hard_only,"связь верна, но неочевидна или слово редкое"
17355,sauerkraut,sauerkraut,,fermented_foods,candidate,hard_only,"связь верна, но неочевидна или слово редкое"
17356,kimchi,kimchi,,fermented_foods,candidate,hard_only,"связь верна, но неочевидна или слово редкое"
17357,yogurt,yogurt,,fermented_foods,candidate,hard_only,"связь верна, но неочевидна или слово редкое"
17358,miso,miso,,fermented_foods,candidate,hard_only,"связь верна, но неочевидна или слово редкое"
17359,kombucha,kombucha,,fermented_foods,candidate,hard_only,"связь верна, но неочевидна или слово редкое"
17360,olive,olive,,fermented_foods,candidate,hard_only,"связь верна, но неочевидна или слово редкое"
17361,vinegar,vinegar,,fermented_foods,candidate,hard_only,"связь верна, но неочевидна или слово редкое"
17362,sourdough,sourdough,,fermented_foods,candidate,hard_only,"связь верна, но неочевидна или слово редкое"
17363,tempeh,tempeh,,fermented_foods,candidate,hard_only,"связь верна, но неочевидна или слово редкое"
17364,kefir,kefir,,fermented_foods,candidate,hard_only,"связь верна, но неочевидна или слово редкое"
17365,relish,relish,,fermented_foods,candidate,hard_only,"связь верна, но неочевидна или слово редкое"
17366,cheese,cheese,,fermented_foods,candidate,hard_only,"связь верна, но неочевидна или слово редкое"
17367,salami,salami,,fermented_foods,candidate,hard_only,"связь верна, но неочевидна или слово редкое"
17379,filbert,filbert,,nuts_world,candidate,hard_only,"связь верна, но неочевидна или слово редкое"
17421,kabaddi,kabaddi,,world_sports,candidate,hard_only,"связь верна, но неочевидна или слово редкое"
17425,sepak takraw,sepak takraw,,world_sports,candidate,rejected,слово практически не встречается в английском
17426,pelota,pelota,,world_sports,candidate,hard_only,"связь верна, но неочевидна или слово редкое"
17429,congee,congee,,world_breakfasts,candidate,hard_only,"связь верна, но неочевидна или слово редкое"
17430,miso soup,miso soup,,world_breakfasts,candidate,hard_only,"связь верна, но неочевидна или слово редкое"
17431,croissant,croissant,,world_breakfasts,candidate,hard_only,"связь верна, но неочевидна или слово редкое"
17432,churro,churro,,world_breakfasts,candidate,hard_only,"связь верна, но неочевидна или слово редкое"
17433,arepa,arepa,,world_breakfasts,candidate,hard_only,"связь верна, но неочевидна или слово редкое"
17434,shakshuka,shakshuka,,world_breakfasts,candidate,hard_only,"связь верна, но неочевидна или слово редкое"
17435,full english,full english,,world_breakfasts,candidate,hard_only,"связь верна, но неочевидна или слово редкое"
17436,dim sum,dim sum,,world_breakfasts,candidate,hard_only,"связь верна, но неочевидна или слово редкое"
17437,tamale,tamale,,world_breakfasts,candidate,hard_only,"связь верна, но неочевидна или слово редкое"
17438,porridge,porridge,,world_breakfasts,candidate,hard_only,"связь верна, но неочевидна или слово редкое"
17439,pastry,pastry,,world_breakfasts,candidate,hard_only,"связь верна, но неочевидна или слово редкое"
17440,cheese plate,cheese plate,,world_breakfasts,candidate,hard_only,"связь верна, но неочевидна или слово редкое"
17441,flatbread,flatbread,,world_breakfasts,candidate,hard_only,"связь верна, но неочевидна или слово редкое"
17442,fruit plate,fruit plate,,world_breakfasts,candidate,hard_only,"связь верна, но неочевидна или слово редкое"
17445,borscht,borscht,,world_soups,candidate,hard_only,"связь верна, но неочевидна или слово редкое"
17446,minestrone,minestrone,,world_soups,candidate,hard_only,"связь верна, но неочевидна или слово редкое"
17447,gazpacho,gazpacho,,world_soups,candidate,hard_only,"связь верна, но неочевидна или слово редкое"
17450,goulash,goulash,,world_soups,candidate,hard_only,"связь верна, но неочевидна или слово редкое"
17453,caldo,caldo,,world_soups,candidate,hard_only,"связь верна, но неочевидна или слово редкое"
17454,laksa,laksa,,world_soups,candidate,hard_only,"связь верна, но неочевидна или слово редкое"
17455,mulligatawny,mulligatawny,,world_soups,candidate,rejected,слово практически не встречается в английском
17472,clog,clog,,world_hats_and_dress,candidate,hard_only,"связь верна, но неочевидна или слово редкое"
17473,geta,geta,,world_hats_and_dress,candidate,hard_only,"связь верна, но неочевидна или слово редкое"
17474,moccasin,moccasin,,world_hats_and_dress,candidate,hard_only,"связь верна, но неочевидна или слово редкое"
17475,espadrille,espadrille,,world_hats_and_dress,candidate,rejected,слово практически не встречается в английском
17476,huarache,huarache,,world_hats_and_dress,candidate,hard_only,"связь верна, но неочевидна или слово редкое"
17477,sandal,sandal,,world_hats_and_dress,candidate,hard_only,"связь верна, но неочевидна или слово редкое"
17478,mukluk,mukluk,,world_hats_and_dress,candidate,rejected,слово практически не встречается в английском
17479,babouche,babouche,,world_hats_and_dress,candidate,hard_only,"связь верна, но неочевидна или слово редкое"
17480,jutti,jutti,,world_hats_and_dress,candidate,hard_only,"связь верна, но неочевидна или слово редкое"
17481,sabot,sabot,,world_hats_and_dress,candidate,hard_only,"связь верна, но неочевидна или слово редкое"
17482,toucan,toucan,,tropical_birds,candidate,approved,"редкое в текстах, но общеизвестное слово"
17483,macaw,macaw,,tropical_birds,candidate,approved,"редкое в текстах, но общеизвестное слово"
17489,quetzal,quetzal,,tropical_birds,candidate,hard_only,"связь верна, но неочевидна или слово редкое"
17490,hornbill,hornbill,,tropical_birds,candidate,hard_only,"связь верна, но неочевидна или слово редкое"
17491,lorikeet,lorikeet,,tropical_birds,candidate,hard_only,"связь верна, но неочевидна или слово редкое"
17492,sunbird,sunbird,,tropical_birds,candidate,hard_only,"связь верна, но неочевидна или слово редкое"
17494,motmot,motmot,,tropical_birds,candidate,hard_only,"связь верна, но неочевидна или слово редкое"
17497,plumeria,plumeria,,tropical_flowers,candidate,hard_only,"связь верна, но неочевидна или слово редкое"
17498,bougainvillea,bougainvillea,,tropical_flowers,candidate,hard_only,"связь верна, но неочевидна или слово редкое"
17500,frangipani,frangipani,,tropical_flowers,candidate,hard_only,"связь верна, но неочевидна или слово редкое"
17501,anthurium,anthurium,,tropical_flowers,candidate,hard_only,"связь верна, но неочевидна или слово редкое"
17502,heliconia,heliconia,,tropical_flowers,candidate,hard_only,"связь верна, но неочевидна или слово редкое"
17506,protea,protea,,tropical_flowers,candidate,hard_only,"связь верна, но неочевидна или слово редкое"
17507,sake,sake,,world_teas_and_drinks,candidate,hard_only,"связь верна, но неочевидна или слово редкое"
17508,ouzo,ouzo,,world_teas_and_drinks,candidate,hard_only,"связь верна, но неочевидна или слово редкое"
17509,tequila,tequila,,world_teas_and_drinks,candidate,hard_only,"связь верна, но неочевидна или слово редкое"
17510,vodka,vodka,,world_teas_and_drinks,candidate,hard_only,"связь верна, но неочевидна или слово редкое"
17511,rum,rum,,world_teas_and_drinks,candidate,hard_only,"связь верна, но неочевидна или слово редкое"
17512,Whiskey,whiskey,,world_teas_and_drinks,candidate,hard_only,"связь верна, но неочевидна или слово редкое"
17513,mead,mead,,world_teas_and_drinks,candidate,hard_only,"связь верна, но неочевидна или слово редкое"
17514,cider,cider,,world_teas_and_drinks,candidate,hard_only,"связь верна, но неочевидна или слово редкое"
17515,kvass,kvass,,world_teas_and_drinks,candidate,hard_only,"связь верна, но неочевидна или слово редкое"
17516,horchata,horchata,,world_teas_and_drinks,candidate,hard_only,"связь верна, но неочевидна или слово редкое"
17517,lassi,lassi,,world_teas_and_drinks,candidate,hard_only,"связь верна, но неочевидна или слово редкое"
17518,matcha,matcha,,world_teas_and_drinks,candidate,hard_only,"связь верна, но неочевидна или слово редкое"
17519,yerba mate,yerba mate,,world_teas_and_drinks,candidate,hard_only,"связь верна, но неочевидна или слово редкое"
17520,sangria,sangria,,world_teas_and_drinks,candidate,hard_only,"связь верна, но неочевидна или слово редкое"
17521,aquavit,aquavit,,world_teas_and_drinks,candidate,hard_only,"связь верна, но неочевидна или слово редкое"
17538,tuk tuk,tuk tuk,,world_transport,candidate,hard_only,"связь верна, но неочевидна или слово редкое"
17548,jeepney,jeepney,,world_transport,candidate,hard_only,"связь верна, но неочевидна или слово редкое"
17550,funicular,funicular,,world_transport,candidate,hard_only,"связь верна, но неочевидна или слово редкое"
