category_a_id,category_a_key,category_a,pool_a,category_b_id,category_b_key,category_b,pool_b,overlap_count,overlap_words,overlap_share_a,overlap_share_b,severity,recommended_action
288,jewelry_stones,JEWELRY STONES,15,670,gemstones,GEMSTONES,20,15,amethyst | aquamarine | diamond | emerald | garnet | jade | moonstone | onyx | opal | pearl | peridot | ruby | sapphire | topaz | turquoise,1.0,0.75,P0,Create an explicit do-not-pair/conflict rule or curate quartets with a uniqueness solver.
27,birds,BIRDS,26,31,flying_animals,FLYING ANIMALS,26,13,crow | duck | eagle | falcon | goose | hawk | owl | pelican | pigeon | robin | seagull | sparrow | swan,0.5,0.5,P0,Create an explicit do-not-pair/conflict rule or curate quartets with a uniqueness solver.
162,fabrics,FABRICS,20,572,fabric_types,FABRIC TYPES,20,13,canvas | chiffon | corduroy | cotton | denim | flannel | lace | linen | satin | silk | tweed | velvet | wool,0.65,0.65,P0,Create an explicit do-not-pair/conflict rule or curate quartets with a uniqueness solver.
157,footwear,FOOTWEAR,20,285,shoe_styles,SHOE STYLES,15,13,boot | clog | flat | heel | loafer | moccasin | oxford | pump | sandal | slipper | sneaker | stiletto | wedge,0.65,0.8667,P0,Create an explicit do-not-pair/conflict rule or curate quartets with a uniqueness solver.
212,school_supplies,SCHOOL SUPPLIES,25,991,office_supplies,OFFICE SUPPLIES,25,13,binder | calculator | eraser | folder | highlighter | marker | pen | pencil | planner | ruler | scissors | stapler | tape,0.52,0.52,P0,Create an explicit do-not-pair/conflict rule or curate quartets with a uniqueness solver.
227,art_class_things,ART CLASS,18,1002,art_supplies,ART SUPPLIES,20,12,brush | canvas | chalk | clay | glitter | glue | marker | paint | pastel | scissors | sketchbook | stencil,0.6667,0.6,P0,Create an explicit do-not-pair/conflict rule or curate quartets with a uniqueness solver.
26,farm_animals,FARM ANIMALS,20,269,livestock,LIVESTOCK,17,12,chicken | cow | donkey | duck | goat | horse | mule | ox | pig | rabbit | sheep | turkey,0.6,0.7059,P0,Create an explicit do-not-pair/conflict rule or curate quartets with a uniqueness solver.
535,languages,LANGUAGES,20,747,nationalities,NATIONALITIES,20,12,Chinese | Dutch | French | German | greek | Italian | Japanese | Korean | polish | Russian | spanish | Swedish,0.6,0.6,P0,Create an explicit do-not-pair/conflict rule or curate quartets with a uniqueness solver.
299,pie_ingredients,PIE INGREDIENTS,25,300,baking_ingredients,BAKING INGREDIENTS,25,12,butter | chocolate | cinnamon | cream | egg | flour | molasses | raisin | salt | shortening | sugar | vanilla,0.48,0.48,P0,Create an explicit do-not-pair/conflict rule or curate quartets with a uniqueness solver.
230,school_people,SCHOOL PEOPLE,16,456,school_jobs,SCHOOL JOBS,18,12,aide | bus driver | coach | counselor | crossing guard | janitor | librarian | nurse | principal | substitute | teacher | tutor,0.75,0.6667,P0,Create an explicit do-not-pair/conflict rule or curate quartets with a uniqueness solver.
312,seafood,SEAFOOD,25,709,fish_species,FISH,25,12,anchovy | catfish | cod | halibut | herring | salmon | sardine | snapper | swordfish | tilapia | trout | tuna,0.48,0.48,P0,Create an explicit do-not-pair/conflict rule or curate quartets with a uniqueness solver.
161,accessories,ACCESSORIES,18,284,fashion_accessories,FASHION ACCESSORIES,16,11,belt | bowtie | brooch | cufflinks | gloves | hat | scarf | sunglasses | suspenders | tie | watch,0.6111,0.6875,P0,Create an explicit do-not-pair/conflict rule or curate quartets with a uniqueness solver.
309,bread_types,BREAD TYPES,25,344,sandwich_breads,SANDWICH BREADS,14,11,bagel | ciabatta | croissant | focaccia | pita | roll | rye | sourdough | texas toast | wheat | white,0.44,0.7857,P0,Create an explicit do-not-pair/conflict rule or curate quartets with a uniqueness solver.
309,bread_types,BREAD TYPES,25,1077,world_breads,WORLD BREADS,16,11,baguette | brioche | challah | ciabatta | focaccia | naan | pita | pumpernickel | rye | sourdough | tortilla,0.44,0.6875,P0,Create an explicit do-not-pair/conflict rule or curate quartets with a uniqueness solver.
416,cleaning_supplies,CLEANING SUPPLIES,20,1003,cleaning_tools,CLEANING TOOLS,16,11,broom | brush | bucket | duster | dustpan | mop | rag | scrubber | sponge | squeegee | vacuum,0.55,0.6875,P0,Create an explicit do-not-pair/conflict rule or curate quartets with a uniqueness solver.
156,clothing_items,CLOTHING ITEMS,25,168,things_you_button,BUTTONED THINGS,14,11,blouse | cardigan | coat | glove | jacket | jeans | overalls | pants | shirt | sweater | vest,0.44,0.7857,P0,Create an explicit do-not-pair/conflict rule or curate quartets with a uniqueness solver.
403,fishing_hobby,FISHING TRIP,16,934,fishing_things,FISHING THINGS,18,11,bait | boat | cooler | hook | line | lure | net | reel | rod | tackle box | waders,0.6875,0.6111,P0,Create an explicit do-not-pair/conflict rule or curate quartets with a uniqueness solver.
290,fruits,FRUITS,26,774,fruit_trees,FRUIT TREES,18,11,apple | apricot | banana | cherry | lemon | lime | mango | orange | peach | pear | plum,0.4231,0.6111,P0,Create an explicit do-not-pair/conflict rule or curate quartets with a uniqueness solver.
363,rivers,RIVERS,16,754,world_rivers,WORLD RIVERS,16,11,Amazon | Congo | Danube | Euphrates | Ganges | Nile | Rhine | Seine | Thames | Volga | Yangtze,0.6875,0.6875,P0,Create an explicit do-not-pair/conflict rule or curate quartets with a uniqueness solver.
314,spices_and_herbs,SPICES AND HERBS,25,769,herbs,COOKING HERBS,15,11,basil | chive | cilantro | dill | mint | oregano | parsley | rosemary | sage | tarragon | thyme,0.44,0.7333,P0,Create an explicit do-not-pair/conflict rule or curate quartets with a uniqueness solver.
291,vegetables,VEGETABLES,25,305,salad_ingredients,SALAD INGREDIENTS,25,11,beet | cabbage | carrot | celery | corn | cucumber | lettuce | onion | radish | spinach | tomato,0.44,0.44,P0,Create an explicit do-not-pair/conflict rule or curate quartets with a uniqueness solver.
414,bathroom_items,BATHROOM ITEMS,25,614,hygiene,HYGIENE THINGS,16,10,comb | floss | lotion | razor | shampoo | soap | tissue | toothbrush | toothpaste | towel,0.4,0.625,P0,Create an explicit do-not-pair/conflict rule or curate quartets with a uniqueness solver.
976,calendar_words,CALENDAR WORDS,22,979,time_units,UNITS OF TIME,16,10,century | day | decade | era | millennium | month | quarter | semester | week | year,0.4545,0.625,P0,Create an explicit do-not-pair/conflict rule or curate quartets with a uniqueness solver.
1,cooking_actions,COOKING ACTIONS,25,345,cooking_methods,COOKING METHODS,18,10,bake | boil | broil | fry | grill | roast | saute | sear | simmer | steam,0.4,0.5556,P0,Create an explicit do-not-pair/conflict rule or curate quartets with a uniqueness solver.
662,flowers,FLOWERS,25,777,garden_flowers_summer,SUMMER FLOWERS,14,10,dahlia | Daisy | geranium | lavender | Lily | marigold | petunia | rose | sunflower | zinnia,0.4,0.7143,P0,Create an explicit do-not-pair/conflict rule or curate quartets with a uniqueness solver.
290,fruits,FRUITS,26,667,things_with_seeds,THINGS WITH SEEDS,25,10,apple | cherry | grape | kiwi | orange | peach | pear | plum | strawberry | watermelon,0.3846,0.4,P0,Create an explicit do-not-pair/conflict rule or curate quartets with a uniqueness solver.
232,musical_instruments,MUSICAL INSTRUMENTS,25,234,wind_instruments,WIND INSTRUMENTS,14,10,bagpipes | bassoon | clarinet | flute | harmonica | oboe | saxophone | trombone | trumpet | tuba,0.4,0.7143,P0,Create an explicit do-not-pair/conflict rule or curate quartets with a uniqueness solver.
297,nuts_and_seeds,NUTS AND SEEDS,14,1080,nuts_world,SNACK NUTS,12,10,almond | cashew | chestnut | hazelnut | macadamia | peanut | pecan | pine nut | pistachio | walnut,0.7143,0.8333,P0,Create an explicit do-not-pair/conflict rule or curate quartets with a uniqueness solver.
28,ocean_animals,OCEAN ANIMALS,25,312,seafood,SEAFOOD,25,10,clam | crab | eel | lobster | octopus | oyster | shrimp | squid | swordfish | tuna,0.4,0.4,P0,Create an explicit do-not-pair/conflict rule or curate quartets with a uniqueness solver.
356,town_places,TOWN PLACES,25,760,kinds_of_buildings,KINDS OF BUILDINGS,25,10,church | courthouse | hospital | library | mall | museum | school | stadium | temple | theater,0.4,0.4,P0,Create an explicit do-not-pair/conflict rule or curate quartets with a uniqueness solver.
664,weather_words,WEATHER WORDS,25,679,water_states,FORMS OF WATER,18,10,cloud | drizzle | fog | frost | hail | humidity | mist | rain | sleet | snow,0.4,0.5556,P0,Create an explicit do-not-pair/conflict rule or curate quartets with a uniqueness solver.
54,animals_with_shells,ANIMALS WITH SHELLS,15,710,shellfish,SHELLFISH,14,9,barnacle | clam | cockle | crab | lobster | mussel | oyster | scallop | snail,0.6,0.6429,P0,Create an explicit do-not-pair/conflict rule or curate quartets with a uniqueness solver.
292,berries,BERRIES,13,1061,berry_varieties,BERRY VARIETIES,11,9,blackberry | blueberry | boysenberry | cranberry | currant | elderberry | gooseberry | raspberry | strawberry,0.6923,0.8182,P0,Create an explicit do-not-pair/conflict rule or curate quartets with a uniqueness solver.
416,cleaning_supplies,CLEANING SUPPLIES,20,1023,cleaning_trade,JANITORIAL WORDS,15,9,broom | bucket | disinfectant | dustpan | gloves | mop | squeegee | trash bag | vacuum,0.45,0.6,P0,Create an explicit do-not-pair/conflict rule or curate quartets with a uniqueness solver.
156,clothing_items,CLOTHING ITEMS,25,174,things_with_pockets,THINGS WITH POCKETS,14,9,blazer | coat | hoodie | jacket | jeans | overalls | robe | shirt | vest,0.36,0.6429,P0,Create an explicit do-not-pair/conflict rule or curate quartets with a uniqueness solver.
666,cloud_and_sky,SKY WORDS,20,695,night_sky_things,NIGHT SKY,14,9,aurora | cloud | comet | eclipse | meteor | moon | plane | satellite | star,0.45,0.6429,P0,Create an explicit do-not-pair/conflict rule or curate quartets with a uniqueness solver.
129,currencies,CURRENCIES,15,182,world_currencies_more,MORE CURRENCIES,18,9,baht | dinar | lira | peso | real | ruble | rupee | shekel | yen,0.6,0.5,P0,Create an explicit do-not-pair/conflict rule or curate quartets with a uniqueness solver.
844,electricity_words,ELECTRICITY WORDS,18,965,power_and_batteries,POWER WORDS,16,9,battery | fuse | generator | outlet | plug | socket | switch | voltage | Watt,0.5,0.5625,P0,Create an explicit do-not-pair/conflict rule or curate quartets with a uniqueness solver.
144,european_cities,EUROPEAN CITIES,25,751,world_cities,WORLD CITIES,25,9,Barcelona | Geneva | Hamburg | Manchester | Marseille | Milan | Munich | Naples | Venice,0.36,0.36,P0,Create an explicit do-not-pair/conflict rule or curate quartets with a uniqueness solver.
709,fish_species,FISH,25,911,pond_fish,FRESHWATER FISH,15,9,bass | carp | catfish | minnow | perch | pike | sturgeon | trout | walleye,0.36,0.6,P0,Create an explicit do-not-pair/conflict rule or curate quartets with a uniqueness solver.
663,flower_parts,FLOWER PARTS,15,780,plant_parts,PLANT PARTS,16,9,bud | leaf | petal | pollen | root | seed | stalk | stem | thorn,0.6,0.5625,P0,Create an explicit do-not-pair/conflict rule or curate quartets with a uniqueness solver.
43,horse_words,HORSE WORDS,20,949,equestrian_words,HORSE RIDING,14,9,bridle | canter | gallop | groom | jockey | reins | saddle | stirrup | trot,0.45,0.6429,P0,Create an explicit do-not-pair/conflict rule or curate quartets with a uniqueness solver.
95,illnesses,ILLNESSES,18,605,diseases,DISEASES,20,9,arthritis | asthma | bronchitis | chickenpox | diabetes | flu | measles | mumps | pneumonia,0.5,0.45,P0,Create an explicit do-not-pair/conflict rule or curate quartets with a uniqueness solver.
29,insects,INSECTS,25,707,garden_bugs,GARDEN BUGS,16,9,ant | aphid | bee | beetle | caterpillar | centipede | cricket | ladybug | spider,0.36,0.5625,P0,Create an explicit do-not-pair/conflict rule or curate quartets with a uniqueness solver.
29,insects,INSECTS,25,53,pests,PESTS,20,9,ant | aphid | flea | mosquito | moth | roach | termite | tick | wasp,0.36,0.45,P0,Create an explicit do-not-pair/conflict rule or curate quartets with a uniqueness solver.
971,measurement_devices,MEASURING DEVICES,14,994,measuring_tools,MEASURING TOOLS,16,9,barometer | compass | gauge | meter | odometer | scale | speedometer | stopwatch | thermometer,0.6429,0.5625,P0,Create an explicit do-not-pair/conflict rule or curate quartets with a uniqueness solver.
248,party_things,PARTY THINGS,20,983,birthday_things,BIRTHDAY THINGS,16,9,balloon | cake | candle | confetti | guest | invitation | piñata | present | streamer,0.45,0.5625,P0,Create an explicit do-not-pair/conflict rule or curate quartets with a uniqueness solver.
303,pizza_toppings,PIZZA TOPPINGS,25,305,salad_ingredients,SALAD INGREDIENTS,25,9,arugula | cheese | egg | mushroom | olive | onion | pepper | spinach | tomato,0.36,0.36,P0,Create an explicit do-not-pair/conflict rule or curate quartets with a uniqueness solver.
992,sewing_supplies,SEWING SUPPLIES,18,1021,tailor_words,TAILOR SHOP,14,9,bobbin | hem | needle | pattern | pin | seam ripper | tape measure | thimble | thread,0.5,0.6429,P0,Create an explicit do-not-pair/conflict rule or curate quartets with a uniqueness solver.
252,storybook_characters,TALE CHARACTERS,20,253,fantasy_creatures,MYTHICAL CREATURES,20,9,dragon | elf | fairy | giant | goblin | mermaid | ogre | troll | unicorn,0.45,0.45,P0,Create an explicit do-not-pair/conflict rule or curate quartets with a uniqueness solver.
813,things_that_are_sharp,POINTED THINGS,16,1006,things_that_cut,SHARP THINGS,18,9,arrow | dart | nail | needle | pin | spear | sword | tack | thorn,0.5625,0.5,P0,Create an explicit do-not-pair/conflict rule or curate quartets with a uniqueness solver.
291,vegetables,VEGETABLES,25,306,soup_ingredients,SOUP INGREDIENTS,25,9,bean | cabbage | carrot | celery | corn | leek | onion | potato | tomato,0.36,0.36,P0,Create an explicit do-not-pair/conflict rule or curate quartets with a uniqueness solver.
1029,vehicles,VEHICLES,25,1030,things_with_wheels,THINGS WITH WHEELS,25,9,bike | bus | car | scooter | tractor | train | truck | van | wagon,0.36,0.36,P0,Create an explicit do-not-pair/conflict rule or curate quartets with a uniqueness solver.
94,body_sounds,BODY SOUNDS,16,879,voice_sounds,VOICE SOUNDS,16,8,cough | cry | gasp | grunt | laugh | sigh | whistle | yawn,0.5,0.5,P0,Create an explicit do-not-pair/conflict rule or curate quartets with a uniqueness solver.
564,building_materials,BUILDING MATERIALS,20,799,hard_things,HARD THINGS,18,8,brick | concrete | glass | granite | marble | steel | tile | wood,0.4,0.4444,P0,Create an explicit do-not-pair/conflict rule or curate quartets with a uniqueness solver.
163,clothing_parts,GARMENT PARTS,17,286,sewing_patterns,GARMENT DETAILS,15,8,collar | cuff | hem | lapel | lining | pocket | seam | yoke,0.4706,0.5333,P0,Create an explicit do-not-pair/conflict rule or curate quartets with a uniqueness solver.
410,crafting_materials,CRAFT MATERIALS,18,1002,art_supplies,ART SUPPLIES,20,8,bead | clay | glitter | glue | paint | paper | ribbon | yarn,0.4444,0.4,P0,Create an explicit do-not-pair/conflict rule or curate quartets with a uniqueness solver.
935,cycling_words,CYCLING WORDS,16,1036,parts_of_a_bike,BICYCLE PARTS,18,8,brake | chain | gear | handlebar | pedal | saddle | spoke | tire,0.5,0.4444,P0,Create an explicit do-not-pair/conflict rule or curate quartets with a uniqueness solver.
844,electricity_words,ELECTRICITY WORDS,18,1012,electrical_words,ELECTRICAL WORDS,16,8,amp | fuse | outlet | socket | switch | transformer | voltage | wire,0.4444,0.5,P0,Create an explicit do-not-pair/conflict rule or curate quartets with a uniqueness solver.
298,grains_and_beans,GRAINS AND BEANS,15,773,crops,FARM CROPS,18,8,barley | corn | millet | oat | rice | rye | soybean | wheat,0.5333,0.4444,P0,Create an explicit do-not-pair/conflict rule or curate quartets with a uniqueness solver.
92,hair_words,HAIR WORDS,20,277,hairstyles,HAIRSTYLES,18,8,bangs | bob | braid | bun | mohawk | perm | ponytail | updo,0.4,0.4444,P0,Create an explicit do-not-pair/conflict rule or curate quartets with a uniqueness solver.
29,insects,INSECTS,25,31,flying_animals,FLYING ANIMALS,26,8,bee | butterfly | dragonfly | hornet | ladybug | mosquito | moth | wasp,0.32,0.3077,P0,Create an explicit do-not-pair/conflict rule or curate quartets with a uniqueness solver.
249,magic_words,MAGIC SHOW,18,412,magic_tricks,MAGIC PROPS,14,8,box | coin | dove | hat | mirror | rope | scarf | wand,0.4444,0.5714,P0,Create an explicit do-not-pair/conflict rule or curate quartets with a uniqueness solver.
311,meats,MEATS,25,1078,cured_meats,CURED MEATS,12,8,bacon | bologna | ham | jerky | pastrami | pepperoni | salami | sausage,0.32,0.6667,P0,Create an explicit do-not-pair/conflict rule or curate quartets with a uniqueness solver.
695,night_sky_things,NIGHT SKY,14,830,space_objects,SPACE OBJECTS,20,8,comet | constellation | galaxy | meteor | moon | planet | satellite | star,0.5714,0.4,P0,Create an explicit do-not-pair/conflict rule or curate quartets with a uniqueness solver.
385,old_professions,HISTORIC TRADES,15,473,historic_jobs,BYGONE JOBS,15,8,blacksmith | cobbler | cooper | miller | scribe | tanner | weaver | wheelwright,0.5333,0.5333,P0,Create an explicit do-not-pair/conflict rule or curate quartets with a uniqueness solver.
299,pie_ingredients,PIE INGREDIENTS,25,334,pie_types,PIE TYPES,15,8,apple | blueberry | cherry | custard | peach | pecan | pumpkin | rhubarb,0.32,0.5333,P0,Create an explicit do-not-pair/conflict rule or curate quartets with a uniqueness solver.
303,pizza_toppings,PIZZA TOPPINGS,25,304,sandwich_fillings,SANDWICH FILLINGS,25,8,bacon | cheese | chicken | ham | meatball | onion | salami | tomato,0.32,0.32,P0,Create an explicit do-not-pair/conflict rule or curate quartets with a uniqueness solver.
303,pizza_toppings,PIZZA TOPPINGS,25,306,soup_ingredients,SOUP INGREDIENTS,25,8,bacon | chicken | garlic | ham | mushroom | onion | pepper | tomato,0.32,0.32,P0,Create an explicit do-not-pair/conflict rule or curate quartets with a uniqueness solver.
305,salad_ingredients,SALAD INGREDIENTS,25,306,soup_ingredients,SOUP INGREDIENTS,25,8,cabbage | carrot | celery | corn | mushroom | onion | pepper | tomato,0.32,0.32,P0,Create an explicit do-not-pair/conflict rule or curate quartets with a uniqueness solver.
312,seafood,SEAFOOD,25,710,shellfish,SHELLFISH,14,8,clam | crab | crawfish | lobster | mussel | oyster | scallop | shrimp,0.32,0.5714,P0,Create an explicit do-not-pair/conflict rule or curate quartets with a uniqueness solver.
151,southern_cities,SOUTHERN CITIES,15,361,us_cities,US CITIES,20,8,Atlanta | Austin | Charlotte | Dallas | Houston | Memphis | Miami | Nashville,0.5333,0.4,P0,Create an explicit do-not-pair/conflict rule or curate quartets with a uniqueness solver.
830,space_objects,SPACE OBJECTS,20,887,solar_system_words,SOLAR SYSTEM,14,8,asteroid belt | comet | dwarf planet | meteor | moon | planet | ring | sun,0.4,0.5714,P0,Create an explicit do-not-pair/conflict rule or curate quartets with a uniqueness solver.
252,storybook_characters,TALE CHARACTERS,20,630,magic_creatures,MAGICAL BEINGS,16,8,dwarf | elf | fairy | genie | goblin | troll | witch | wizard,0.4,0.5,P0,Create an explicit do-not-pair/conflict rule or curate quartets with a uniqueness solver.
81,textures,TEXTURES,15,206,temperature_feel,TOUCH WORDS,16,8,bumpy | fuzzy | grainy | prickly | rough | silky | smooth | sticky,0.5333,0.5,P0,Create an explicit do-not-pair/conflict rule or curate quartets with a uniqueness solver.
105,things_that_hurt,PAINFUL THINGS,15,604,injuries,INJURIES,18,8,blister | bruise | burn | cut | scrape | splinter | sprain | sunburn,0.5333,0.4444,P0,Create an explicit do-not-pair/conflict rule or curate quartets with a uniqueness solver.
667,things_with_seeds,THINGS WITH SEEDS,25,774,fruit_trees,FRUIT TREES,18,8,apple | avocado | cherry | fig | orange | peach | pear | plum,0.32,0.4444,P0,Create an explicit do-not-pair/conflict rule or curate quartets with a uniqueness solver.
667,things_with_seeds,THINGS WITH SEEDS,25,673,garden_plants,GARDEN PLANTS,20,8,bean | cucumber | pepper | pumpkin | squash | strawberry | sunflower | tomato,0.32,0.4,P0,Create an explicit do-not-pair/conflict rule or curate quartets with a uniqueness solver.
660,trees,TREES,25,775,evergreens,EVERGREEN TREES,14,8,cedar | cypress | fir | juniper | magnolia | pine | redwood | spruce,0.32,0.5714,P0,Create an explicit do-not-pair/conflict rule or curate quartets with a uniqueness solver.
1029,vehicles,VEHICLES,25,1048,things_that_carry_people,PEOPLE MOVERS,18,8,boat | bus | ferry | plane | sled | taxi | train | tram,0.32,0.4444,P0,Create an explicit do-not-pair/conflict rule or curate quartets with a uniqueness solver.
679,water_states,FORMS OF WATER,18,795,cold_things,COLD THINGS,18,8,frost | glacier | hail | ice | icicle | sleet | slush | snow,0.4444,0.4444,P0,Create an explicit do-not-pair/conflict rule or curate quartets with a uniqueness solver.
54,animals_with_shells,ANIMALS WITH SHELLS,15,713,shells,SEASHELLS,13,7,clam | cockle | conch | mussel | nautilus | oyster | scallop,0.4667,0.5385,P1,Create an explicit do-not-pair/conflict rule or curate quartets with a uniqueness solver.
227,art_class_things,ART CLASS,18,998,painting_supplies,PAINTING SUPPLIES,16,7,brush | canvas | easel | paint | palette | smock | stencil,0.3889,0.4375,P1,Create an explicit do-not-pair/conflict rule or curate quartets with a uniqueness solver.
556,bible_books,BIBLE BOOKS,24,641,biblical_names,BIBLICAL NAMES,20,7,Daniel | Isaiah | John | Luke | mark | Matthew | Ruth,0.2917,0.35,P1,Create an explicit do-not-pair/conflict rule or curate quartets with a uniqueness solver.
8,building_actions,BUILDING ACTIONS,18,431,sewing_and_repair,HOME REPAIR,18,7,bolt | caulk | glue | hammer | level | nail | screw,0.3889,0.3889,P1,Create an explicit do-not-pair/conflict rule or curate quartets with a uniqueness solver.
773,crops,FARM CROPS,18,784,grasses,GRASSES,14,7,barley | corn | oat | rice | rye | sugarcane | wheat,0.3889,0.5,P1,Create an explicit do-not-pair/conflict rule or curate quartets with a uniqueness solver.
52,extinct_animals,EXTINCT ANIMALS,14,848,dinosaurs,DINOSAURS,11,7,brontosaurus | pterodactyl | raptor | stegosaurus | triceratops | tyrannosaurus | velociraptor,0.5,0.6364,P1,Create an explicit do-not-pair/conflict rule or curate quartets with a uniqueness solver.
270,farm_buildings,FARM BUILDINGS,15,366,things_on_a_farm,FARM THINGS,20,7,barn | coop | fence | pen | silo | stable | windmill,0.4667,0.35,P1,Create an explicit do-not-pair/conflict rule or curate quartets with a uniqueness solver.
459,farm_jobs,FARM JOBS,14,471,jobs_with_animals,JOBS WITH ANIMALS,15,7,beekeeper | breeder | farmer | rancher | shepherd | trainer | vet,0.5,0.4667,P1,Create an explicit do-not-pair/conflict rule or curate quartets with a uniqueness solver.
662,flowers,FLOWERS,25,776,garden_flowers_spring,SPRING FLOWERS,14,7,azalea | daffodil | hyacinth | iris | lilac | magnolia | tulip,0.28,0.5,P1,Create an explicit do-not-pair/conflict rule or curate quartets with a uniqueness solver.
290,fruits,FRUITS,26,292,berries,BERRIES,13,7,blackberry | blueberry | cherry | cranberry | grape | raspberry | strawberry,0.2692,0.5385,P1,Create an explicit do-not-pair/conflict rule or curate quartets with a uniqueness solver.
959,gadgets,GADGETS,18,966,screens,THINGS WITH SCREENS,16,7,camera | console | e-reader | laptop | phone | tablet | watch,0.3889,0.4375,P1,Create an explicit do-not-pair/conflict rule or curate quartets with a uniqueness solver.
22,garden_actions,GARDEN ACTIONS,15,787,gardening_words,GARDENING WORDS,18,7,compost | harvest | mulch | prune | seed | water | weed,0.4667,0.3889,P1,Create an explicit do-not-pair/conflict rule or curate quartets with a uniqueness solver.
604,injuries,INJURIES,18,951,sports_injuries,SPORTS INJURIES,13,7,bruise | concussion | dislocation | fracture | sprain | strain | whiplash,0.3889,0.5385,P1,Create an explicit do-not-pair/conflict rule or curate quartets with a uniqueness solver.
288,jewelry_stones,JEWELRY STONES,15,574,precious_materials,PRECIOUS MATERIALS,15,7,diamond | emerald | jade | opal | pearl | ruby | sapphire,0.4667,0.4667,P1,Create an explicit do-not-pair/conflict rule or curate quartets with a uniqueness solver.
97,medicine_cabinet,MEDICINE CABINET,16,599,first_aid,FIRST AID,17,7,aspirin | bandage | gauze | ice pack | ointment | thermometer | tweezers,0.4375,0.4118,P1,Create an explicit do-not-pair/conflict rule or curate quartets with a uniqueness solver.
832,metals,METALS,20,847,elements,CHEMICAL ELEMENTS,20,7,copper | gold | iron | lead | mercury | silver | zinc,0.35,0.35,P1,Create an explicit do-not-pair/conflict rule or curate quartets with a uniqueness solver.
675,mushrooms_and_fungi,FUNGI,12,785,mushroom_types,MUSHROOM TYPES,11,7,chanterelle | morel | portobello | puffball | shiitake | toadstool | truffle,0.5833,0.6364,P1,Create an explicit do-not-pair/conflict rule or curate quartets with a uniqueness solver.
232,musical_instruments,MUSICAL INSTRUMENTS,25,233,string_instruments,STRING INSTRUMENTS,14,7,banjo | cello | guitar | harp | mandolin | ukulele | violin,0.28,0.5,P1,Create an explicit do-not-pair/conflict rule or curate quartets with a uniqueness solver.
28,ocean_animals,OCEAN ANIMALS,25,714,coral_reef,CORAL REEF,15,7,coral | eel | jellyfish | seahorse | starfish | turtle | urchin,0.28,0.4667,P1,Create an explicit do-not-pair/conflict rule or curate quartets with a uniqueness solver.
998,painting_supplies,PAINTING SUPPLIES,16,1016,painting_trade,HOUSE PAINTING,14,7,brush | drop cloth | ladder | primer | roller | tape | tray,0.4375,0.5,P1,Create an explicit do-not-pair/conflict rule or curate quartets with a uniqueness solver.
61,parrots_and_exotic_birds,EXOTIC BIRDS,13,1088,tropical_birds,TROPICAL BIRDS,13,7,cockatoo | hornbill | lorikeet | macaw | parrot | quetzal | toucan,0.5385,0.5385,P1,Create an explicit do-not-pair/conflict rule or curate quartets with a uniqueness solver.
303,pizza_toppings,PIZZA TOPPINGS,25,311,meats,MEATS,25,7,bacon | chicken | ham | meatball | pepperoni | salami | sausage,0.28,0.28,P1,Create an explicit do-not-pair/conflict rule or curate quartets with a uniqueness solver.
574,precious_materials,PRECIOUS MATERIALS,15,670,gemstones,GEMSTONES,20,7,diamond | emerald | jade | opal | pearl | ruby | sapphire,0.4667,0.35,P1,Create an explicit do-not-pair/conflict rule or curate quartets with a uniqueness solver.
472,repair_jobs,REPAIR JOBS,14,476,jobs_with_tools,JOBS WITH TOOLS,15,7,electrician | locksmith | machinist | mechanic | plumber | tailor | welder,0.5,0.4667,P1,Create an explicit do-not-pair/conflict rule or curate quartets with a uniqueness solver.
626,roman_gods,ROMAN GODS,14,831,planets,PLANETS,9,7,Jupiter | Mars | mercury | Neptune | Pluto | Saturn | Venus,0.5,0.7778,P0,Create an explicit do-not-pair/conflict rule or curate quartets with a uniqueness solver.
304,sandwich_fillings,SANDWICH FILLINGS,25,311,meats,MEATS,25,7,bacon | chicken | ham | meatball | pastrami | salami | turkey,0.28,0.28,P1,Create an explicit do-not-pair/conflict rule or curate quartets with a uniqueness solver.
84,sculpture_materials,SCULPTURE MATERIALS,14,564,building_materials,BUILDING MATERIALS,20,7,concrete | glass | granite | marble | plaster | stone | wood,0.5,0.35,P1,Create an explicit do-not-pair/conflict rule or curate quartets with a uniqueness solver.
84,sculpture_materials,SCULPTURE MATERIALS,14,799,hard_things,HARD THINGS,18,7,concrete | glass | granite | ice | marble | metal | wood,0.5,0.3889,P1,Create an explicit do-not-pair/conflict rule or curate quartets with a uniqueness solver.
171,sewing_words,SEWING WORDS,16,992,sewing_supplies,SEWING SUPPLIES,18,7,bobbin | hem | needle | pattern | pin | thimble | thread,0.4375,0.3889,P1,Create an explicit do-not-pair/conflict rule or curate quartets with a uniqueness solver.
171,sewing_words,SEWING WORDS,16,1021,tailor_words,TAILOR SHOP,14,7,bobbin | hem | needle | pattern | pin | thimble | thread,0.4375,0.5,P1,Create an explicit do-not-pair/conflict rule or curate quartets with a uniqueness solver.
710,shellfish,SHELLFISH,14,713,shells,SEASHELLS,13,7,abalone | clam | cockle | mussel | oyster | scallop | whelk,0.5,0.5385,P1,Create an explicit do-not-pair/conflict rule or curate quartets with a uniqueness solver.
1071,soups,SOUPS AND STEWS,20,1085,world_soups,WORLD SOUPS,13,7,borscht | gazpacho | goulash | minestrone | miso | pho | ramen,0.35,0.5385,P1,Create an explicit do-not-pair/conflict rule or curate quartets with a uniqueness solver.
207,speed_adjectives,SPEED WORDS,14,538,word_fast,FAST WORDS,14,7,brisk | fast | hasty | quick | rapid | speedy | swift,0.5,0.5,P1,Create an explicit do-not-pair/conflict rule or curate quartets with a uniqueness solver.
427,things_with_buttons,THINGS WITH BUTTONS,18,959,gadgets,GADGETS,18,7,camera | doorbell | phone | printer | remote | thermostat | watch,0.3889,0.3889,P1,Create an explicit do-not-pair/conflict rule or curate quartets with a uniqueness solver.
291,vegetables,VEGETABLES,25,673,garden_plants,GARDEN PLANTS,20,7,bean | carrot | cucumber | lettuce | squash | tomato | zucchini,0.28,0.35,P1,Create an explicit do-not-pair/conflict rule or curate quartets with a uniqueness solver.
291,vegetables,VEGETABLES,25,295,root_vegetables,ROOT VEGETABLES,13,7,beet | carrot | onion | parsnip | potato | radish | turnip,0.28,0.5385,P1,Create an explicit do-not-pair/conflict rule or curate quartets with a uniqueness solver.
19,weather_actions,WEATHER ACTIONS,15,664,weather_words,WEATHER WORDS,25,7,drizzle | hail | rain | sleet | snow | thaw | thunder,0.4667,0.28,P1,Create an explicit do-not-pair/conflict rule or curate quartets with a uniqueness solver.
674,wild_plants,WILD PLANTS,18,770,weeds,WEEDS,14,7,clover | dandelion | Ivy | moss | nettle | ragweed | thistle,0.3889,0.5,P1,Create an explicit do-not-pair/conflict rule or curate quartets with a uniqueness solver.
222,writing_tools,WRITING TOOLS,15,1002,art_supplies,ART SUPPLIES,20,7,brush | chalk | charcoal | crayon | marker | pastel | pencil,0.4667,0.35,P1,Create an explicit do-not-pair/conflict rule or curate quartets with a uniqueness solver.
36,african_animals,AFRICAN ANIMALS,20,48,zoo_animals,ZOO ANIMALS,20,6,elephant | giraffe | hippo | lion | rhino | zebra,0.3,0.3,P1,Create an explicit do-not-pair/conflict rule or curate quartets with a uniqueness solver.
33,animal_sounds,ANIMAL SOUNDS,26,873,nature_sounds,NATURE SOUNDS,15,6,buzz | chirp | croak | hoot | howl | roar,0.2308,0.4,P1,Create an explicit do-not-pair/conflict rule or curate quartets with a uniqueness solver.
54,animals_with_shells,ANIMALS WITH SHELLS,15,312,seafood,SEAFOOD,25,6,clam | crab | lobster | mussel | oyster | scallop,0.4,0.24,P1,Create an explicit do-not-pair/conflict rule or curate quartets with a uniqueness solver.
72,art_tools,ART TOOLS,16,998,painting_supplies,PAINTING SUPPLIES,16,6,brush | canvas | easel | palette | roller | sponge,0.375,0.375,P1,Create an explicit do-not-pair/conflict rule or curate quartets with a uniqueness solver.
300,baking_ingredients,BAKING INGREDIENTS,25,332,pantry_staples,PANTRY STAPLES,20,6,baking soda | flour | honey | oil | salt | sugar,0.24,0.3,P1,Create an explicit do-not-pair/conflict rule or curate quartets with a uniqueness solver.
300,baking_ingredients,BAKING INGREDIENTS,25,577,powders,POWDERS,15,6,baking soda | cinnamon | cocoa | flour | salt | sugar,0.24,0.4,P1,Create an explicit do-not-pair/conflict rule or curate quartets with a uniqueness solver.
417,bedroom_things,BEDROOM THINGS,21,433,fabrics_at_home,HOME TEXTILES,17,6,blanket | comforter | curtain | quilt | rug | sheet,0.2857,0.3529,P1,Create an explicit do-not-pair/conflict rule or curate quartets with a uniqueness solver.
1003,cleaning_tools,CLEANING TOOLS,16,1023,cleaning_trade,JANITORIAL WORDS,15,6,broom | bucket | dustpan | mop | squeegee | vacuum,0.375,0.4,P1,Create an explicit do-not-pair/conflict rule or curate quartets with a uniqueness solver.
666,cloud_and_sky,SKY WORDS,20,830,space_objects,SPACE OBJECTS,20,6,comet | meteor | moon | satellite | star | sun,0.3,0.3,P1,Create an explicit do-not-pair/conflict rule or curate quartets with a uniqueness solver.
99,dentist_things,DENTIST THINGS,16,607,dental_words,DENTAL WORDS,18,6,cavity | crown | filling | floss | plaque | retainer,0.375,0.3333,P1,Create an explicit do-not-pair/conflict rule or curate quartets with a uniqueness solver.
555,elements_more,MORE ELEMENTS,22,832,metals,METALS,20,6,aluminum | cobalt | nickel | platinum | silver | titanium,0.2727,0.3,P1,Create an explicit do-not-pair/conflict rule or curate quartets with a uniqueness solver.
52,extinct_animals,EXTINCT ANIMALS,14,912,extinct_and_prehistoric,PREHISTORIC ANIMALS,12,6,dodo | mammoth | mastodon | megalodon | saber tooth | trilobite,0.4286,0.5,P1,Create an explicit do-not-pair/conflict rule or curate quartets with a uniqueness solver.
26,farm_animals,FARM ANIMALS,20,51,farm_bird_words,POULTRY,12,6,chicken | duck | goose | hen | rooster | turkey,0.3,0.5,P1,Create an explicit do-not-pair/conflict rule or curate quartets with a uniqueness solver.
290,fruits,FRUITS,26,320,ice_cream_flavors,ICE CREAM,20,6,banana | cherry | lemon | mango | peach | strawberry,0.2308,0.3,P1,Create an explicit do-not-pair/conflict rule or curate quartets with a uniqueness solver.
400,gardening_hobby,GARDEN HOBBY,16,990,garden_tools,GARDEN TOOLS,20,6,gloves | hose | pruner | trowel | watering can | wheelbarrow,0.375,0.3,P1,Create an explicit do-not-pair/conflict rule or curate quartets with a uniqueness solver.
400,gardening_hobby,GARDEN HOBBY,16,787,gardening_words,GARDENING WORDS,18,6,fertilizer | greenhouse | hose | pot | soil | trellis,0.375,0.3333,P1,Create an explicit do-not-pair/conflict rule or curate quartets with a uniqueness solver.
298,grains_and_beans,GRAINS AND BEANS,15,784,grasses,GRASSES,14,6,barley | corn | oat | rice | rye | wheat,0.4,0.4286,P1,Create an explicit do-not-pair/conflict rule or curate quartets with a uniqueness solver.
98,hospital_things,HOSPITAL THINGS,18,598,medical_tools,MEDICAL TOOLS,19,6,gurney | IV | monitor | scalpel | stethoscope | syringe,0.3333,0.3158,P1,Create an explicit do-not-pair/conflict rule or curate quartets with a uniqueness solver.
315,hot_drinks,HOT DRINKS,18,1074,coffee_drinks,COFFEE DRINKS,13,6,americano | cappuccino | espresso | latte | macchiato | mocha,0.3333,0.4615,P1,Create an explicit do-not-pair/conflict rule or curate quartets with a uniqueness solver.
370,hot_places,HOT PLACES,15,796,hot_things,HOT THINGS,18,6,campfire | engine | furnace | oven | sauna | sun,0.4,0.3333,P1,Create an explicit do-not-pair/conflict rule or curate quartets with a uniqueness solver.
265,irrigation,IRRIGATION THINGS,14,561,body_of_water_types,WATER FEATURES,14,6,aqueduct | canal | dam | reservoir | sprinkler | well,0.4286,0.4286,P1,Create an explicit do-not-pair/conflict rule or curate quartets with a uniqueness solver.
368,islands,ISLANDS,15,1082,island_nations,ISLAND NATIONS,15,6,Cuba | Fiji | Iceland | Jamaica | Madagascar | Malta,0.4,0.4,P1,Create an explicit do-not-pair/conflict rule or curate quartets with a uniqueness solver.
355,landforms,LANDFORMS,25,684,mountain_things,MOUNTAIN THINGS,20,6,cave | cliff | glacier | ridge | summit | valley,0.24,0.3,P1,Create an explicit do-not-pair/conflict rule or curate quartets with a uniqueness solver.
241,movie_genres,MOVIE GENRES,18,587,book_genres,BOOK GENRES,18,6,fantasy | horror | mystery | romance | thriller | western,0.3333,0.3333,P1,Create an explicit do-not-pair/conflict rule or curate quartets with a uniqueness solver.
232,musical_instruments,MUSICAL INSTRUMENTS,25,257,instruments_you_strum,THINGS WITH STRINGS,15,6,banjo | cello | guitar | harp | piano | violin,0.24,0.4,P1,Create an explicit do-not-pair/conflict rule or curate quartets with a uniqueness solver.
647,nicknames_for_names,NAME SHORTENINGS,18,728,nicknames,NICKNAMES,20,6,bob | Jim | Meg | Sue | Ted | tom,0.3333,0.3,P1,Create an explicit do-not-pair/conflict rule or curate quartets with a uniqueness solver.
28,ocean_animals,OCEAN ANIMALS,25,54,animals_with_shells,ANIMALS WITH SHELLS,15,6,barnacle | clam | crab | lobster | oyster | turtle,0.24,0.4,P1,Create an explicit do-not-pair/conflict rule or curate quartets with a uniqueness solver.
28,ocean_animals,OCEAN ANIMALS,25,711,sea_mammals,SEA MAMMALS,14,6,dolphin | manatee | orca | seal | walrus | whale,0.24,0.4286,P1,Create an explicit do-not-pair/conflict rule or curate quartets with a uniqueness solver.
28,ocean_animals,OCEAN ANIMALS,25,710,shellfish,SHELLFISH,14,6,barnacle | clam | crab | lobster | oyster | shrimp,0.24,0.4286,P1,Create an explicit do-not-pair/conflict rule or curate quartets with a uniqueness solver.
385,old_professions,HISTORIC TRADES,15,659,nature_surnames,SURNAMES FROM TRADES,18,6,chandler | cooper | mason | miller | potter | weaver,0.4,0.3333,P1,Create an explicit do-not-pair/conflict rule or curate quartets with a uniqueness solver.
916,olympic_sports,OLYMPIC SPORTS,25,927,racing_sports,RACING SPORTS,15,6,hurdles | marathon | rowing | sailing | swimming | triathlon,0.24,0.4,P1,Create an explicit do-not-pair/conflict rule or curate quartets with a uniqueness solver.
916,olympic_sports,OLYMPIC SPORTS,25,925,winter_sports,WINTER SPORTS,14,6,biathlon | bobsled | curling | luge | skating | skiing,0.24,0.4286,P1,Create an explicit do-not-pair/conflict rule or curate quartets with a uniqueness solver.
67,pack_animals,WORK ANIMALS,13,269,livestock,LIVESTOCK,17,6,alpaca | donkey | horse | llama | mule | ox,0.4615,0.3529,P1,Create an explicit do-not-pair/conflict rule or curate quartets with a uniqueness solver.
223,paper_types,KINDS OF PAPER,14,509,words_before_paper,___ PAPER,16,6,construction | graph | parchment | tissue | tracing | wax,0.4286,0.375,P1,Create an explicit do-not-pair/conflict rule or curate quartets with a uniqueness solver.
299,pie_ingredients,PIE INGREDIENTS,25,774,fruit_trees,FRUIT TREES,18,6,apple | cherry | coconut | lemon | peach | pecan,0.24,0.3333,P1,Create an explicit do-not-pair/conflict rule or curate quartets with a uniqueness solver.
965,power_and_batteries,POWER WORDS,16,1012,electrical_words,ELECTRICAL WORDS,16,6,cable | fuse | outlet | socket | switch | voltage,0.375,0.375,P1,Create an explicit do-not-pair/conflict rule or curate quartets with a uniqueness solver.
224,reading_words,READING WORDS,15,530,writing_words,WRITING WORDS,21,6,chapter | footnote | index | page | paragraph | title,0.4,0.2857,P1,Create an explicit do-not-pair/conflict rule or curate quartets with a uniqueness solver.
38,reptiles,REPTILES,18,899,snakes,SNAKES,14,6,anaconda | boa | cobra | python | rattlesnake | viper,0.3333,0.4286,P1,Create an explicit do-not-pair/conflict rule or curate quartets with a uniqueness solver.
40,rodents,RODENTS,16,909,rodent_species,RODENT SPECIES,13,6,capybara | chipmunk | groundhog | porcupine | prairie dog | vole,0.375,0.4615,P1,Create an explicit do-not-pair/conflict rule or curate quartets with a uniqueness solver.
304,sandwich_fillings,SANDWICH FILLINGS,25,305,salad_ingredients,SALAD INGREDIENTS,25,6,avocado | cheese | cucumber | lettuce | onion | tomato,0.24,0.24,P1,Create an explicit do-not-pair/conflict rule or curate quartets with a uniqueness solver.
24,school_actions,SCHOOL ACTIONS,15,221,learning_actions,LEARNING ACTIONS,16,6,memorize | quiz | read | research | review | write,0.4,0.375,P1,Create an explicit do-not-pair/conflict rule or curate quartets with a uniqueness solver.
230,school_people,SCHOOL PEOPLE,16,479,people_who_help,HELPING PROFESSIONS,14,6,aide | coach | counselor | nurse | teacher | volunteer,0.375,0.4286,P1,Create an explicit do-not-pair/conflict rule or curate quartets with a uniqueness solver.
212,school_supplies,SCHOOL SUPPLIES,25,1002,art_supplies,ART SUPPLIES,20,6,crayon | glue | marker | paper | pencil | scissors,0.24,0.3,P1,Create an explicit do-not-pair/conflict rule or curate quartets with a uniqueness solver.
431,sewing_and_repair,HOME REPAIR,18,996,fasteners,FASTENERS,18,6,bolt | bracket | hinge | nail | screw | washer,0.3333,0.3333,P1,Create an explicit do-not-pair/conflict rule or curate quartets with a uniqueness solver.
431,sewing_and_repair,HOME REPAIR,18,620,things_in_a_toolbox,TOOLBOX THINGS,14,6,glue | hammer | level | sandpaper | tape | wrench,0.3333,0.4286,P1,Create an explicit do-not-pair/conflict rule or curate quartets with a uniqueness solver.
171,sewing_words,SEWING WORDS,16,286,sewing_patterns,GARMENT DETAILS,15,6,cuff | dart | hem | lining | pleat | seam,0.375,0.4,P1,Create an explicit do-not-pair/conflict rule or curate quartets with a uniqueness solver.
11,sleeping_actions,SLEEP ACTIONS,13,611,sleep_and_rest,SLEEP WORDS,15,6,doze | dream | nap | rest | sleepwalk | snore,0.4615,0.4,P1,Create an explicit do-not-pair/conflict rule or curate quartets with a uniqueness solver.
437,storage_containers,CONTAINERS,20,1008,boxes_and_cases,TOOL STORAGE,14,6,bag | bucket | case | chest | drawer | pouch,0.3,0.4286,P1,Create an explicit do-not-pair/conflict rule or curate quartets with a uniqueness solver.
620,things_in_a_toolbox,TOOLBOX THINGS,14,989,hand_tools,HAND TOOLS,25,6,hammer | level | pliers | screwdriver | tape measure | wrench,0.4286,0.24,P1,Create an explicit do-not-pair/conflict rule or curate quartets with a uniqueness solver.
568,things_made_of_paper,PAPER THINGS,16,622,things_you_recycle,TRASH ITEMS,14,6,bag | carton | envelope | newspaper | receipt | tissue,0.375,0.4286,P1,Create an explicit do-not-pair/conflict rule or curate quartets with a uniqueness solver.
1048,things_that_carry_people,PEOPLE MOVERS,18,1092,world_transport,WORLD TRANSPORT,14,6,cable car | ferry | gondola | rickshaw | sled | tram,0.3333,0.4286,P1,Create an explicit do-not-pair/conflict rule or curate quartets with a uniqueness solver.
330,things_that_melt,MELTING THINGS,18,795,cold_things,COLD THINGS,18,6,glacier | ice | ice cream | icicle | Popsicle | snow,0.3333,0.3333,P1,Create an explicit do-not-pair/conflict rule or curate quartets with a uniqueness solver.
168,things_you_button,BUTTONED THINGS,14,174,things_with_pockets,THINGS WITH POCKETS,14,6,coat | jacket | jeans | overalls | shirt | vest,0.4286,0.4286,P1,Create an explicit do-not-pair/conflict rule or curate quartets with a uniqueness solver.
356,town_places,TOWN PLACES,25,373,quiet_places,QUIET PLACES,12,6,cemetery | church | hospital | library | museum | theater,0.24,0.5,P1,Create an explicit do-not-pair/conflict rule or curate quartets with a uniqueness solver.
661,tree_parts,TREE PARTS,20,708,pine_and_cones,CONIFER WORDS,14,6,bark | bough | cone | needle | sap | seed,0.3,0.4286,P1,Create an explicit do-not-pair/conflict rule or curate quartets with a uniqueness solver.
682,underground_things,UNDERGROUND THINGS,18,766,underground_places,UNDERGROUND PLACES,14,6,burrow | cave | mine | sewer | Subway | tunnel,0.3333,0.4286,P1,Create an explicit do-not-pair/conflict rule or curate quartets with a uniqueness solver.
361,us_cities,US CITIES,20,748,state_capitals,STATE CAPITALS,25,6,Atlanta | Austin | Boston | Denver | Nashville | phoenix,0.3,0.24,P1,Create an explicit do-not-pair/conflict rule or curate quartets with a uniqueness solver.
924,water_sports,WATER SPORTS,15,931,camping_and_outdoors,OUTDOOR ACTIVITIES,18,6,canoeing | kayaking | rafting | sailing | snorkeling | surfing,0.4,0.3333,P1,Create an explicit do-not-pair/conflict rule or curate quartets with a uniqueness solver.
180,world_dances,WORLD DANCES,15,250,dance_styles,DANCE STYLES,18,6,flamenco | polka | salsa | samba | tango | waltz,0.4,0.3333,P1,Create an explicit do-not-pair/conflict rule or curate quartets with a uniqueness solver.
688,world_lakes,LAKES,14,749,great_lakes_and_us_water,US WATERS,15,6,Erie | Huron | Michigan | Ontario | Superior | Tahoe,0.4286,0.4,P1,Create an explicit do-not-pair/conflict rule or curate quartets with a uniqueness solver.
36,african_animals,AFRICAN ANIMALS,20,57,antelope_and_grazers,GRAZING ANIMALS,14,5,antelope | buffalo | gazelle | wildebeest | zebra,0.25,0.3571,P2,Create an explicit do-not-pair/conflict rule or curate quartets with a uniqueness solver.
391,ancient_wonders,WORLD WONDERS,11,491,world_heritage,ANCIENT SITES,12,5,Chichen Itza | Great Wall | Machu Picchu | Petra | Stonehenge,0.4545,0.4167,P2,Create an explicit do-not-pair/conflict rule or curate quartets with a uniqueness solver.
20,animal_actions,ANIMAL ACTIONS,16,55,animal_verbs,ANIMAL MOVEMENTS,18,5,burrow | perch | pounce | prowl | slither,0.3125,0.2778,P2,Create an explicit do-not-pair/conflict rule or curate quartets with a uniqueness solver.
44,animal_homes,ANIMAL HOMES,20,765,places_with_animals,PLACES WITH ANIMALS,16,5,barn | coop | hive | kennel | stable,0.25,0.3125,P2,Create an explicit do-not-pair/conflict rule or curate quartets with a uniqueness solver.
37,arctic_animals,ARCTIC ANIMALS,18,711,sea_mammals,SEA MAMMALS,14,5,beluga | narwhal | orca | seal | walrus,0.2778,0.3571,P2,Create an explicit do-not-pair/conflict rule or curate quartets with a uniqueness solver.
72,art_tools,ART TOOLS,16,227,art_class_things,ART CLASS,18,5,brush | canvas | easel | kiln | palette,0.3125,0.2778,P2,Create an explicit do-not-pair/conflict rule or curate quartets with a uniqueness solver.
72,art_tools,ART TOOLS,16,222,writing_tools,WRITING TOOLS,15,5,brush | charcoal | pen | pencil | stylus,0.3125,0.3333,P2,Create an explicit do-not-pair/conflict rule or curate quartets with a uniqueness solver.
325,asian_dishes,ASIAN DISHES,20,1066,japanese_dishes,JAPANESE DISHES,16,5,ramen | sashimi | sushi | tempura | teriyaki,0.25,0.3125,P2,Create an explicit do-not-pair/conflict rule or curate quartets with a uniqueness solver.
300,baking_ingredients,BAKING INGREDIENTS,25,853,experiments,DISSOLVING THINGS,14,5,baking soda | honey | salt | sugar | syrup,0.2,0.3571,P2,Create an explicit do-not-pair/conflict rule or curate quartets with a uniqueness solver.
913,baseball_equipment,BASEBALL EQUIPMENT,15,933,sports_gear_worn,PROTECTIVE GEAR,14,5,chest protector | glove | helmet | mask | shin guard,0.3333,0.3571,P2,Create an explicit do-not-pair/conflict rule or curate quartets with a uniqueness solver.
414,bathroom_items,BATHROOM ITEMS,25,1020,barbershop_words,BARBERSHOP WORDS,14,5,brush | comb | mirror | razor | towel,0.2,0.3571,P2,Create an explicit do-not-pair/conflict rule or curate quartets with a uniqueness solver.
276,beauty_tools,BEAUTY TOOLS,15,414,bathroom_items,BATHROOM ITEMS,25,5,brush | comb | mirror | razor | sponge,0.3333,0.2,P2,Create an explicit do-not-pair/conflict rule or curate quartets with a uniqueness solver.
641,biblical_names,BIBLICAL NAMES,20,826,bible_figures,BIBLE FIGURES,18,5,Adam | Daniel | Eve | Noah | Ruth,0.25,0.2778,P2,Create an explicit do-not-pair/conflict rule or curate quartets with a uniqueness solver.
641,biblical_names,BIBLICAL NAMES,20,726,boys_names,BOYS NAMES,25,5,Daniel | John | Matthew | Noah | Samuel,0.25,0.2,P2,Create an explicit do-not-pair/conflict rule or curate quartets with a uniqueness solver.
27,birds,BIRDS,26,51,farm_bird_words,POULTRY,12,5,chicken | duck | goose | pigeon | turkey,0.1923,0.4167,P2,Create an explicit do-not-pair/conflict rule or curate quartets with a uniqueness solver.
668,bodies_of_water,BODIES OF WATER,25,716,ocean_zones,SHORE FEATURES,18,5,bay | estuary | gulf | inlet | lagoon,0.2,0.2778,P2,Create an explicit do-not-pair/conflict rule or curate quartets with a uniqueness solver.
93,body_movements,BODY MOVEMENTS,20,734,body_language,BODY LANGUAGE,15,5,clap | nod | point | shrug | wave,0.25,0.3333,P2,Create an explicit do-not-pair/conflict rule or curate quartets with a uniqueness solver.
726,boys_names,BOYS NAMES,25,826,bible_figures,BIBLE FIGURES,18,5,Daniel | David | Jacob | Joseph | Noah,0.2,0.2778,P2,Create an explicit do-not-pair/conflict rule or curate quartets with a uniqueness solver.
301,breakfast_foods,BREAKFAST FOODS,25,309,bread_types,BREAD TYPES,25,5,bagel | biscuit | croissant | muffin | scone,0.2,0.2,P2,Create an explicit do-not-pair/conflict rule or curate quartets with a uniqueness solver.
132,business_words,BUSINESS WORDS,20,445,accounting_words,ACCOUNTING WORDS,14,5,asset | expense | invoice | payroll | revenue,0.25,0.3571,P2,Create an explicit do-not-pair/conflict rule or curate quartets with a uniqueness solver.
186,card_and_dice_games,CLASSIC GAMES,14,187,playground_games,PLAYGROUND GAMES,14,5,hide and seek | hopscotch | jump rope | marbles | tag,0.3571,0.3571,P2,Create an explicit do-not-pair/conflict rule or curate quartets with a uniqueness solver.
666,cloud_and_sky,SKY WORDS,20,887,solar_system_words,SOLAR SYSTEM,14,5,comet | eclipse | meteor | moon | sun,0.25,0.3571,P2,Create an explicit do-not-pair/conflict rule or curate quartets with a uniqueness solver.
130,coins_and_bills,US MONEY,15,189,superstition_numbers,NUMBER WORDS,24,5,five | hundred | quarter | ten | twenty,0.3333,0.2083,P2,Create an explicit do-not-pair/conflict rule or curate quartets with a uniqueness solver.
954,computer_parts,COMPUTER PARTS,20,957,phone_words,PHONE WORDS,18,5,battery | case | Charger | screen | speaker,0.25,0.2778,P2,Create an explicit do-not-pair/conflict rule or curate quartets with a uniqueness solver.
407,cooking_hobby,HOME BAKING,16,1026,baker_words,BAKERY WORDS,15,5,apron | cooling rack | oven | scale | timer,0.3125,0.3333,P2,Create an explicit do-not-pair/conflict rule or curate quartets with a uniqueness solver.
407,cooking_hobby,HOME BAKING,16,413,kitchen_tools,KITCHEN TOOLS,26,5,measuring cup | rolling pin | spatula | timer | whisk,0.3125,0.1923,P2,Create an explicit do-not-pair/conflict rule or curate quartets with a uniqueness solver.
461,creative_jobs,CREATIVE JOBS,18,590,movie_roles,FILM CREW,15,5,actor | composer | director | editor | producer,0.2778,0.3333,P2,Create an explicit do-not-pair/conflict rule or curate quartets with a uniqueness solver.
65,crustaceans,CRUSTACEANS,11,710,shellfish,SHELLFISH,14,5,barnacle | crab | lobster | prawn | shrimp,0.4545,0.3571,P2,Create an explicit do-not-pair/conflict rule or curate quartets with a uniqueness solver.
995,cutting_tools,CUTTING TOOLS,16,1006,things_that_cut,SHARP THINGS,18,5,blade | knife | razor | saw | scissors,0.3125,0.2778,P2,Create an explicit do-not-pair/conflict rule or curate quartets with a uniqueness solver.
87,face_parts,FACE PARTS,20,103,parts_of_the_eye,EYE PARTS,12,5,brow | eyelid | iris | lash | pupil,0.25,0.4167,P2,Create an explicit do-not-pair/conflict rule or curate quartets with a uniqueness solver.
736,famous_americans,FAMOUS AMERICANS,18,737,us_presidents,US PRESIDENTS,20,5,Jefferson | Kennedy | Lincoln | Roosevelt | Washington,0.2778,0.25,P2,Create an explicit do-not-pair/conflict rule or curate quartets with a uniqueness solver.
253,fantasy_creatures,MYTHICAL CREATURES,20,630,magic_creatures,MAGICAL BEINGS,16,5,elf | fairy | gnome | goblin | troll,0.25,0.3125,P2,Create an explicit do-not-pair/conflict rule or curate quartets with a uniqueness solver.
26,farm_animals,FARM ANIMALS,20,67,pack_animals,WORK ANIMALS,13,5,dog | donkey | horse | mule | ox,0.25,0.3846,P2,Create an explicit do-not-pair/conflict rule or curate quartets with a uniqueness solver.
662,flowers,FLOWERS,25,673,garden_plants,GARDEN PLANTS,20,5,lavender | marigold | rose | sunflower | tulip,0.2,0.25,P2,Create an explicit do-not-pair/conflict rule or curate quartets with a uniqueness solver.
31,flying_animals,FLYING ANIMALS,26,897,birds_of_prey,BIRDS OF PREY,13,5,eagle | falcon | hawk | owl | vulture,0.1923,0.3846,P2,Create an explicit do-not-pair/conflict rule or curate quartets with a uniqueness solver.
31,flying_animals,FLYING ANIMALS,26,50,pond_animals,POND ANIMALS,18,5,dragonfly | duck | goose | mosquito | swan,0.1923,0.2778,P2,Create an explicit do-not-pair/conflict rule or curate quartets with a uniqueness solver.
290,fruits,FRUITS,26,1061,berry_varieties,BERRY VARIETIES,11,5,blackberry | blueberry | cranberry | raspberry | strawberry,0.1923,0.4545,P2,Create an explicit do-not-pair/conflict rule or curate quartets with a uniqueness solver.
290,fruits,FRUITS,26,293,citrus_fruits,CITRUS FRUITS,10,5,grapefruit | lemon | lime | orange | tangerine,0.1923,0.5,P1,Create an explicit do-not-pair/conflict rule or curate quartets with a uniqueness solver.
290,fruits,FRUITS,26,299,pie_ingredients,PIE INGREDIENTS,25,5,apple | blueberry | cherry | lemon | peach,0.1923,0.2,P2,Create an explicit do-not-pair/conflict rule or curate quartets with a uniqueness solver.
1050,grape_varieties,GRAPE VARIETIES,13,1073,wines_and_drinks,WINE & BEER,17,5,Cabernet | Chardonnay | Merlot | Riesling | Zinfandel,0.3846,0.2941,P2,Create an explicit do-not-pair/conflict rule or curate quartets with a uniqueness solver.
89,hand_parts,HAND PARTS,15,102,fingers_and_toes,DIGITS,10,5,index finger | middle finger | pinky | ring finger | thumb,0.3333,0.5,P1,Create an explicit do-not-pair/conflict rule or curate quartets with a uniqueness solver.
769,herbs,COOKING HERBS,15,1062,mint_and_herbs_varieties,HERB VARIETIES,13,5,basil | cilantro | dill | marjoram | oregano,0.3333,0.3846,P2,Create an explicit do-not-pair/conflict rule or curate quartets with a uniqueness solver.
411,hobby_verbs,HOBBY ACTIVITIES,20,931,camping_and_outdoors,OUTDOOR ACTIVITIES,18,5,birdwatching | camping | fishing | hiking | running,0.25,0.2778,P2,Create an explicit do-not-pair/conflict rule or curate quartets with a uniqueness solver.
320,ice_cream_flavors,ICE CREAM,20,774,fruit_trees,FRUIT TREES,18,5,banana | cherry | lemon | mango | peach,0.25,0.2778,P2,Create an explicit do-not-pair/conflict rule or curate quartets with a uniqueness solver.
29,insects,INSECTS,25,272,pest_control,CROP PESTS,14,5,aphid | beetle | caterpillar | grasshopper | locust,0.2,0.3571,P2,Create an explicit do-not-pair/conflict rule or curate quartets with a uniqueness solver.
159,jewelry,JEWELRY,18,284,fashion_accessories,FASHION ACCESSORIES,16,5,bracelet | brooch | earring | necklace | watch,0.2778,0.3125,P2,Create an explicit do-not-pair/conflict rule or curate quartets with a uniqueness solver.
419,kitchen_appliances,KITCHEN APPLIANCES,20,428,things_that_plug_in,PLUGGED IN,20,5,blender | freezer | kettle | microwave | toaster,0.25,0.25,P2,Create an explicit do-not-pair/conflict rule or curate quartets with a uniqueness solver.
413,kitchen_tools,KITCHEN TOOLS,26,1001,kitchen_gadgets,KITCHEN GADGETS,15,5,corkscrew | peeler | strainer | thermometer | timer,0.1923,0.3333,P2,Create an explicit do-not-pair/conflict rule or curate quartets with a uniqueness solver.
413,kitchen_tools,KITCHEN TOOLS,26,421,silverware,SILVERWARE,14,5,fork | knife | ladle | spoon | tongs,0.1923,0.3571,P2,Create an explicit do-not-pair/conflict rule or curate quartets with a uniqueness solver.
296,leafy_greens,LEAFY GREENS,12,1054,lettuce_and_greens,SALAD GREENS,11,5,arugula | endive | romaine | spinach | watercress,0.4167,0.4545,P2,Create an explicit do-not-pair/conflict rule or curate quartets with a uniqueness solver.
680,light_sources,LIGHT SOURCES,20,796,hot_things,HOT THINGS,18,5,campfire | candle | fire | sun | torch,0.25,0.2778,P2,Create an explicit do-not-pair/conflict rule or curate quartets with a uniqueness solver.
801,light_things,LIGHT THINGS,16,806,things_that_float,FLOATING THINGS,17,5,balloon | bubble | feather | foam | leaf,0.3125,0.2941,P2,Create an explicit do-not-pair/conflict rule or curate quartets with a uniqueness solver.
432,lighting,LIGHTING,16,680,light_sources,LIGHT SOURCES,20,5,bulb | candle | flashlight | lamp | lantern,0.3125,0.25,P2,Create an explicit do-not-pair/conflict rule or curate quartets with a uniqueness solver.
802,loud_things,LOUD THINGS,16,876,city_sounds,CITY SOUNDS,14,5,alarm | bell | jackhammer | siren | whistle,0.3125,0.3571,P2,Create an explicit do-not-pair/conflict rule or curate quartets with a uniqueness solver.
311,meats,MEATS,25,326,bbq_foods,BARBECUE FOODS,20,5,brisket | chicken | hot dog | ribs | sausage,0.2,0.25,P2,Create an explicit do-not-pair/conflict rule or curate quartets with a uniqueness solver.
602,medical_specialties,MEDICAL SPECIALTIES,15,603,hospital_departments,HOSPITAL DEPARTMENTS,15,5,cardiology | oncology | pediatrics | radiology | surgery,0.3333,0.3333,P2,Create an explicit do-not-pair/conflict rule or curate quartets with a uniqueness solver.
598,medical_tools,MEDICAL TOOLS,19,599,first_aid,FIRST AID,17,5,gauze | sling | splint | thermometer | tweezers,0.2632,0.2941,P2,Create an explicit do-not-pair/conflict rule or curate quartets with a uniqueness solver.
21,money_actions,MONEY ACTIONS,16,128,money_words,MONEY WORDS,27,5,bill | budget | deposit | refund | tip,0.3125,0.1852,P2,Create an explicit do-not-pair/conflict rule or curate quartets with a uniqueness solver.
229,music_class_things,MUSIC CLASS,14,235,percussion,PERCUSSION INSTRUMENTS,14,5,drum | maraca | tambourine | triangle | xylophone,0.3571,0.3571,P2,Create an explicit do-not-pair/conflict rule or curate quartets with a uniqueness solver.
237,music_genres,MUSIC GENRES,20,250,dance_styles,DANCE STYLES,18,5,disco | folk | hip hop | jazz | swing,0.25,0.2778,P2,Create an explicit do-not-pair/conflict rule or curate quartets with a uniqueness solver.
642,nature_names,NATURE NAMES,18,662,flowers,FLOWERS,25,5,Daisy | Jasmine | Lily | rose | Violet,0.2778,0.2,P2,Create an explicit do-not-pair/conflict rule or curate quartets with a uniqueness solver.
695,night_sky_things,NIGHT SKY,14,887,solar_system_words,SOLAR SYSTEM,14,5,comet | eclipse | meteor | moon | planet,0.3571,0.3571,P2,Create an explicit do-not-pair/conflict rule or curate quartets with a uniqueness solver.
695,night_sky_things,NIGHT SKY,14,850,things_in_the_sky_science,ASTRONOMY WORDS,16,5,comet | constellation | eclipse | galaxy | satellite,0.3571,0.3125,P2,Create an explicit do-not-pair/conflict rule or curate quartets with a uniqueness solver.
916,olympic_sports,OLYMPIC SPORTS,25,926,martial_arts,MARTIAL ARTS,14,5,boxing | fencing | judo | taekwondo | wrestling,0.2,0.3571,P2,Create an explicit do-not-pair/conflict rule or curate quartets with a uniqueness solver.
916,olympic_sports,OLYMPIC SPORTS,25,924,water_sports,WATER SPORTS,15,5,canoeing | diving | rowing | sailing | swimming,0.2,0.3333,P2,Create an explicit do-not-pair/conflict rule or curate quartets with a uniqueness solver.
869,onomatopoeia,SOUND WORDS,25,871,water_sounds,WATER SOUNDS,14,5,drip | hiss | plop | splash | whoosh,0.2,0.3571,P2,Create an explicit do-not-pair/conflict rule or curate quartets with a uniqueness solver.
190,opposites,OPPOSITES,25,505,words_before_side,___ SIDE,18,5,dark | down | in | out | up,0.2,0.2778,P2,Create an explicit do-not-pair/conflict rule or curate quartets with a uniqueness solver.
332,pantry_staples,PANTRY STAPLES,20,853,experiments,DISSOLVING THINGS,14,5,baking soda | coffee | honey | salt | sugar,0.25,0.3571,P2,Create an explicit do-not-pair/conflict rule or curate quartets with a uniqueness solver.
332,pantry_staples,PANTRY STAPLES,20,576,liquids,LIQUIDS,20,5,broth | coffee | oil | tea | vinegar,0.25,0.25,P2,Create an explicit do-not-pair/conflict rule or curate quartets with a uniqueness solver.
30,pets,PETS,20,69,exotic_pets,EXOTIC PETS,12,5,chinchilla | ferret | hedgehog | iguana | parrot,0.25,0.4167,P2,Create an explicit do-not-pair/conflict rule or curate quartets with a uniqueness solver.
30,pets,PETS,20,40,rodents,RODENTS,16,5,chinchilla | gerbil | guinea pig | hamster | mouse,0.25,0.3125,P2,Create an explicit do-not-pair/conflict rule or curate quartets with a uniqueness solver.
449,photography_terms,CAMERA SETTINGS,13,963,photography_words,PHOTOGRAPHY WORDS,18,5,aperture | exposure | flash | focus | Zoom,0.3846,0.2778,P2,Create an explicit do-not-pair/conflict rule or curate quartets with a uniqueness solver.
299,pie_ingredients,PIE INGREDIENTS,25,320,ice_cream_flavors,ICE CREAM,20,5,cherry | chocolate | lemon | peach | vanilla,0.2,0.25,P2,Create an explicit do-not-pair/conflict rule or curate quartets with a uniqueness solver.
303,pizza_toppings,PIZZA TOPPINGS,25,1078,cured_meats,CURED MEATS,12,5,bacon | ham | pepperoni | salami | sausage,0.2,0.4167,P2,Create an explicit do-not-pair/conflict rule or curate quartets with a uniqueness solver.
25,quiet_actions,SILENT ACTIONS,14,93,body_movements,BODY MOVEMENTS,20,5,blink | breathe | nod | wave | wink,0.3571,0.25,P2,Create an explicit do-not-pair/conflict rule or curate quartets with a uniqueness solver.
373,quiet_places,QUIET PLACES,12,760,kinds_of_buildings,KINDS OF BUILDINGS,25,5,church | hospital | library | museum | theater,0.4167,0.2,P2,Create an explicit do-not-pair/conflict rule or curate quartets with a uniqueness solver.
38,reptiles,REPTILES,18,906,lizards,LIZARDS,11,5,chameleon | gecko | iguana | monitor | skink,0.2778,0.4545,P2,Create an explicit do-not-pair/conflict rule or curate quartets with a uniqueness solver.
363,rivers,RIVERS,16,749,great_lakes_and_us_water,US WATERS,15,5,Colorado | Hudson | Mississippi | Missouri | Rio Grande,0.3125,0.3333,P2,Create an explicit do-not-pair/conflict rule or curate quartets with a uniqueness solver.
788,round_things,ROUND THINGS,26,1005,things_that_spin,SPINNING THINGS,18,5,coin | dial | globe | tire | wheel,0.1923,0.2778,P2,Create an explicit do-not-pair/conflict rule or curate quartets with a uniqueness solver.
305,salad_ingredients,SALAD INGREDIENTS,25,673,garden_plants,GARDEN PLANTS,20,5,carrot | cucumber | lettuce | pepper | tomato,0.2,0.25,P2,Create an explicit do-not-pair/conflict rule or curate quartets with a uniqueness solver.
305,salad_ingredients,SALAD INGREDIENTS,25,667,things_with_seeds,THINGS WITH SEEDS,25,5,avocado | corn | cucumber | pepper | tomato,0.2,0.2,P2,Create an explicit do-not-pair/conflict rule or curate quartets with a uniqueness solver.
706,saltwater_fish,SALTWATER FISH,15,709,fish_species,FISH,25,5,cod | grouper | mackerel | snapper | tuna,0.3333,0.2,P2,Create an explicit do-not-pair/conflict rule or curate quartets with a uniqueness solver.
344,sandwich_breads,SANDWICH BREADS,14,1077,world_breads,WORLD BREADS,16,5,ciabatta | focaccia | pita | rye | sourdough,0.3571,0.3125,P2,Create an explicit do-not-pair/conflict rule or curate quartets with a uniqueness solver.
304,sandwich_fillings,SANDWICH FILLINGS,25,1078,cured_meats,CURED MEATS,12,5,bacon | corned beef | ham | pastrami | salami,0.2,0.4167,P2,Create an explicit do-not-pair/conflict rule or curate quartets with a uniqueness solver.
304,sandwich_fillings,SANDWICH FILLINGS,25,306,soup_ingredients,SOUP INGREDIENTS,25,5,bacon | chicken | ham | onion | tomato,0.2,0.2,P2,Create an explicit do-not-pair/conflict rule or curate quartets with a uniqueness solver.
304,sandwich_fillings,SANDWICH FILLINGS,25,329,things_you_spread,SPREADS,16,5,hummus | jelly | mayo | mustard | peanut butter,0.2,0.3125,P2,Create an explicit do-not-pair/conflict rule or curate quartets with a uniqueness solver.
456,school_jobs,SCHOOL JOBS,18,479,people_who_help,HELPING PROFESSIONS,14,5,aide | coach | counselor | nurse | teacher,0.2778,0.3571,P2,Create an explicit do-not-pair/conflict rule or curate quartets with a uniqueness solver.
212,school_supplies,SCHOOL SUPPLIES,25,222,writing_tools,WRITING TOOLS,15,5,crayon | highlighter | marker | pen | pencil,0.2,0.3333,P2,Create an explicit do-not-pair/conflict rule or curate quartets with a uniqueness solver.
711,sea_mammals,SEA MAMMALS,14,905,whale_types,WHALE TYPES,12,5,beluga | blue whale | humpback | narwhal | orca,0.3571,0.4167,P2,Create an explicit do-not-pair/conflict rule or curate quartets with a uniqueness solver.
431,sewing_and_repair,HOME REPAIR,18,997,adhesives,GLUES AND TAPES,15,5,caulk | glue | putty | sealant | tape,0.2778,0.3333,P2,Create an explicit do-not-pair/conflict rule or curate quartets with a uniqueness solver.
437,storage_containers,CONTAINERS,20,622,things_you_recycle,TRASH ITEMS,14,5,bag | box | carton | envelope | jar,0.25,0.3571,P2,Create an explicit do-not-pair/conflict rule or curate quartets with a uniqueness solver.
252,storybook_characters,TALE CHARACTERS,20,386,royalty,ROYAL WORDS,20,5,king | knight | Prince | princess | queen,0.25,0.25,P2,Create an explicit do-not-pair/conflict rule or curate quartets with a uniqueness solver.
233,string_instruments,STRING INSTRUMENTS,14,257,instruments_you_strum,THINGS WITH STRINGS,15,5,banjo | cello | guitar | harp | violin,0.3571,0.3333,P2,Create an explicit do-not-pair/conflict rule or curate quartets with a uniqueness solver.
915,team_sports,TEAM SPORTS,18,932,sports_balls,BALLS,14,5,baseball | basketball | football | softball | volleyball,0.2778,0.3571,P2,Create an explicit do-not-pair/conflict rule or curate quartets with a uniqueness solver.
888,telescope_words,TELESCOPE WORDS,14,963,photography_words,PHOTOGRAPHY WORDS,18,5,aperture | filter | focus | lens | tripod,0.3571,0.2778,P2,Create an explicit do-not-pair/conflict rule or curate quartets with a uniqueness solver.
422,things_in_a_garage,GARAGE THINGS,20,990,garden_tools,GARDEN TOOLS,20,5,hose | lawnmower | rake | shovel | wheelbarrow,0.25,0.25,P2,Create an explicit do-not-pair/conflict rule or curate quartets with a uniqueness solver.
566,things_made_of_glass,GLASS THINGS,15,808,things_that_break,FRAGILE THINGS,14,5,bulb | mirror | ornament | screen | vase,0.3333,0.3571,P2,Create an explicit do-not-pair/conflict rule or curate quartets with a uniqueness solver.
681,things_that_grow,GROWING THINGS,18,780,plant_parts,PLANT PARTS,16,5,bud | flower | leaf | root | vine,0.2778,0.3125,P2,Create an explicit do-not-pair/conflict rule or curate quartets with a uniqueness solver.
428,things_that_plug_in,PLUGGED IN,20,964,home_electronics,HOME ELECTRONICS,15,5,blender | microwave | radio | television | vacuum,0.25,0.3333,P2,Create an explicit do-not-pair/conflict rule or curate quartets with a uniqueness solver.
427,things_with_buttons,THINGS WITH BUTTONS,18,964,home_electronics,HOME ELECTRONICS,15,5,blender | doorbell | microwave | radio | thermostat,0.2778,0.3333,P2,Create an explicit do-not-pair/conflict rule or curate quartets with a uniqueness solver.
427,things_with_buttons,THINGS WITH BUTTONS,18,966,screens,THINGS WITH SCREENS,16,5,calculator | camera | microwave | phone | watch,0.2778,0.3125,P2,Create an explicit do-not-pair/conflict rule or curate quartets with a uniqueness solver.
384,transportation_history,HISTORIC TRANSPORT,15,1029,vehicles,VEHICLES,25,5,canoe | ferry | sled | trolley | wagon,0.3333,0.2,P2,Create an explicit do-not-pair/conflict rule or curate quartets with a uniqueness solver.
384,transportation_history,HISTORIC TRANSPORT,15,1092,world_transport,WORLD TRANSPORT,14,5,camel | canoe | ferry | rickshaw | sled,0.3333,0.3571,P2,Create an explicit do-not-pair/conflict rule or curate quartets with a uniqueness solver.
434,trash_and_recycling,TRASH THINGS,16,622,things_you_recycle,TRASH ITEMS,14,5,bag | bottle | can | newspaper | wrapper,0.3125,0.3571,P2,Create an explicit do-not-pair/conflict rule or curate quartets with a uniqueness solver.
661,tree_parts,TREE PARTS,20,780,plant_parts,PLANT PARTS,16,5,bark | bud | leaf | root | seed,0.25,0.3125,P2,Create an explicit do-not-pair/conflict rule or curate quartets with a uniqueness solver.
661,tree_parts,TREE PARTS,20,677,things_in_the_forest,FOREST THINGS,20,5,acorn | bark | branch | leaf | stump,0.25,0.25,P2,Create an explicit do-not-pair/conflict rule or curate quartets with a uniqueness solver.
291,vegetables,VEGETABLES,25,791,green_things,GREEN THINGS,20,5,broccoli | cucumber | lettuce | pea | spinach,0.2,0.25,P2,Create an explicit do-not-pair/conflict rule or curate quartets with a uniqueness solver.
291,vegetables,VEGETABLES,25,303,pizza_toppings,PIZZA TOPPINGS,25,5,artichoke | broccoli | onion | spinach | tomato,0.2,0.2,P2,Create an explicit do-not-pair/conflict rule or curate quartets with a uniqueness solver.
291,vegetables,VEGETABLES,25,667,things_with_seeds,THINGS WITH SEEDS,25,5,bean | corn | cucumber | squash | tomato,0.2,0.2,P2,Create an explicit do-not-pair/conflict rule or curate quartets with a uniqueness solver.
1029,vehicles,VEHICLES,25,1092,world_transport,WORLD TRANSPORT,14,5,canoe | ferry | moped | sled | tram,0.2,0.3571,P2,Create an explicit do-not-pair/conflict rule or curate quartets with a uniqueness solver.
409,video_gaming,GAMING SETUP,14,954,computer_parts,COMPUTER PARTS,20,5,cable | keyboard | monitor | mouse | webcam,0.3571,0.25,P2,Create an explicit do-not-pair/conflict rule or curate quartets with a uniqueness solver.
601,vitamins_and_minerals,VITAMINS AND MINERALS,15,847,elements,CHEMICAL ELEMENTS,20,5,calcium | iron | potassium | sodium | zinc,0.3333,0.25,P2,Create an explicit do-not-pair/conflict rule or curate quartets with a uniqueness solver.
679,water_states,FORMS OF WATER,18,837,states_of_matter,STATES OF MATTER,12,5,ice | mist | slush | steam | vapor,0.2778,0.4167,P2,Create an explicit do-not-pair/conflict rule or curate quartets with a uniqueness solver.
2,ways_of_moving,WAYS OF MOVING,26,55,animal_verbs,ANIMAL MOVEMENTS,18,5,crawl | dart | hop | leap | swim,0.1923,0.2778,P2,Create an explicit do-not-pair/conflict rule or curate quartets with a uniqueness solver.
19,weather_actions,WEATHER ACTIONS,15,679,water_states,FORMS OF WATER,18,5,drizzle | hail | rain | sleet | snow,0.3333,0.2778,P2,Create an explicit do-not-pair/conflict rule or curate quartets with a uniqueness solver.
450,weather_forecast_terms,FORECAST TERMS,14,838,weather_science,WEATHER SCIENCE,14,5,dew point | forecast | front | precipitation | pressure,0.3571,0.3571,P2,Create an explicit do-not-pair/conflict rule or curate quartets with a uniqueness solver.
664,weather_words,WEATHER WORDS,25,665,storms,STORMS,15,5,blizzard | downpour | gale | hurricane | tornado,0.2,0.3333,P2,Create an explicit do-not-pair/conflict rule or curate quartets with a uniqueness solver.
41,wild_cats,WILD CATS,13,66,wild_cats_small,SMALL CATS,9,5,bobcat | caracal | lynx | ocelot | serval,0.3846,0.5556,P1,Create an explicit do-not-pair/conflict rule or curate quartets with a uniqueness solver.
497,words_before_light,___ LIGHT,20,680,light_sources,LIGHT SOURCES,20,5,candle | fire | moon | star | sun,0.25,0.25,P2,Create an explicit do-not-pair/conflict rule or curate quartets with a uniqueness solver.
161,accessories,ACCESSORIES,18,282,bags,BAGS AND CASES,15,4,backpack | clutch | purse | wallet,0.2222,0.2667,P2,Create an explicit do-not-pair/conflict rule or curate quartets with a uniqueness solver.
161,accessories,ACCESSORIES,18,169,things_you_tie,TIED THINGS,14,4,belt | bowtie | scarf | tie,0.2222,0.2857,P2,Create an explicit do-not-pair/conflict rule or curate quartets with a uniqueness solver.
148,american_east_cities,EAST COAST,15,361,us_cities,US CITIES,20,4,Baltimore | Boston | Philadelphia | Portland,0.2667,0.2,P2,Create an explicit do-not-pair/conflict rule or curate quartets with a uniqueness solver.
39,amphibians_and_bugs,AMPHIBIANS,7,50,pond_animals,POND ANIMALS,18,4,frog | newt | salamander | tadpole,0.5714,0.2222,P1,Create an explicit do-not-pair/conflict rule or curate quartets with a uniqueness solver.
20,animal_actions,ANIMAL ACTIONS,16,672,seasons_and_nature,SEASONAL WORDS,18,4,hibernate | migrate | molt | shed,0.25,0.2222,P2,Create an explicit do-not-pair/conflict rule or curate quartets with a uniqueness solver.
44,animal_homes,ANIMAL HOMES,20,270,farm_buildings,FARM BUILDINGS,15,4,barn | coop | pen | stable,0.2,0.2667,P2,Create an explicit do-not-pair/conflict rule or curate quartets with a uniqueness solver.
44,animal_homes,ANIMAL HOMES,20,366,things_on_a_farm,FARM THINGS,20,4,barn | coop | pen | stable,0.2,0.2,P2,Create an explicit do-not-pair/conflict rule or curate quartets with a uniqueness solver.
57,antelope_and_grazers,GRAZING ANIMALS,14,902,deer_family,DEER FAMILY,14,4,antelope | elk | gazelle | impala,0.2857,0.2857,P2,Create an explicit do-not-pair/conflict rule or curate quartets with a uniqueness solver.
227,art_class_things,ART CLASS,18,410,crafting_materials,CRAFT MATERIALS,18,4,clay | glitter | glue | paint,0.2222,0.2222,P2,Create an explicit do-not-pair/conflict rule or curate quartets with a uniqueness solver.
72,art_tools,ART TOOLS,16,1002,art_supplies,ART SUPPLIES,20,4,brush | canvas | charcoal | pencil,0.25,0.2,P2,Create an explicit do-not-pair/conflict rule or curate quartets with a uniqueness solver.
145,asian_cities,ASIAN CITIES,20,751,world_cities,WORLD CITIES,25,4,Jakarta | Mumbai | Osaka | Shanghai,0.2,0.16,P2,Create an explicit do-not-pair/conflict rule or curate quartets with a uniqueness solver.
435,baby_things,BABY THINGS,18,610,pregnancy_words,BIRTH WORDS,15,4,cradle | crib | formula | stroller,0.2222,0.2667,P2,Create an explicit do-not-pair/conflict rule or curate quartets with a uniqueness solver.
300,baking_ingredients,BAKING INGREDIENTS,25,307,dairy_products,DAIRY PRODUCTS,20,4,butter | buttermilk | cream | milk,0.16,0.2,P2,Create an explicit do-not-pair/conflict rule or curate quartets with a uniqueness solver.
300,baking_ingredients,BAKING INGREDIENTS,25,794,sticky_things,STICKY THINGS,18,4,frosting | honey | molasses | syrup,0.16,0.2222,P2,Create an explicit do-not-pair/conflict rule or curate quartets with a uniqueness solver.
300,baking_ingredients,BAKING INGREDIENTS,25,330,things_that_melt,MELTING THINGS,18,4,butter | chocolate | frosting | sugar,0.16,0.2222,P2,Create an explicit do-not-pair/conflict rule or curate quartets with a uniqueness solver.
300,baking_ingredients,BAKING INGREDIENTS,25,792,white_things,WHITE THINGS,20,4,flour | milk | salt | sugar,0.16,0.2,P2,Create an explicit do-not-pair/conflict rule or curate quartets with a uniqueness solver.
261,barn_things,BARN THINGS,16,366,things_on_a_farm,FARM THINGS,20,4,bale | gate | hay | trough,0.25,0.2,P2,Create an explicit do-not-pair/conflict rule or curate quartets with a uniqueness solver.
414,bathroom_items,BATHROOM ITEMS,25,1003,cleaning_tools,CLEANING TOOLS,16,4,brush | plunger | sponge | toothbrush,0.16,0.25,P2,Create an explicit do-not-pair/conflict rule or curate quartets with a uniqueness solver.
276,beauty_tools,BEAUTY TOOLS,15,1020,barbershop_words,BARBERSHOP WORDS,14,4,brush | comb | mirror | razor,0.2667,0.2857,P2,Create an explicit do-not-pair/conflict rule or curate quartets with a uniqueness solver.
417,bedroom_things,BEDROOM THINGS,21,418,living_room_things,LIVING ROOM,20,4,blanket | curtain | lamp | rug,0.1905,0.2,P2,Create an explicit do-not-pair/conflict rule or curate quartets with a uniqueness solver.
27,birds,BIRDS,26,897,birds_of_prey,BIRDS OF PREY,13,4,eagle | falcon | hawk | owl,0.1538,0.3077,P2,Create an explicit do-not-pair/conflict rule or curate quartets with a uniqueness solver.
27,birds,BIRDS,26,896,songbirds,SONGBIRDS,17,4,canary | cardinal | robin | sparrow,0.1538,0.2353,P2,Create an explicit do-not-pair/conflict rule or curate quartets with a uniqueness solver.
27,birds,BIRDS,26,62,waterfowl,WATERFOWL,14,4,duck | goose | pelican | swan,0.1538,0.2857,P2,Create an explicit do-not-pair/conflict rule or curate quartets with a uniqueness solver.
238,board_games,BOARD GAMES,19,936,board_and_card_games,GAMES OF SKILL,14,4,backgammon | checkers | chess | dominoes,0.2105,0.2857,P2,Create an explicit do-not-pair/conflict rule or curate quartets with a uniqueness solver.
93,body_movements,BODY MOVEMENTS,20,859,dance_moves,DANCE MOVES,15,4,jump | kick | twist | wave,0.2,0.2667,P2,Create an explicit do-not-pair/conflict rule or curate quartets with a uniqueness solver.
561,body_of_water_types,WATER FEATURES,14,668,bodies_of_water,BODIES OF WATER,25,4,canal | pond | pool | reservoir,0.2857,0.16,P2,Create an explicit do-not-pair/conflict rule or curate quartets with a uniqueness solver.
301,breakfast_foods,BREAKFAST FOODS,25,336,egg_and_dairy_dishes,BRUNCH DISHES,14,4,french toast | omelet | scone | waffle,0.16,0.2857,P2,Create an explicit do-not-pair/conflict rule or curate quartets with a uniqueness solver.
301,breakfast_foods,BREAKFAST FOODS,25,303,pizza_toppings,PIZZA TOPPINGS,25,4,bacon | egg | ham | sausage,0.16,0.16,P2,Create an explicit do-not-pair/conflict rule or curate quartets with a uniqueness solver.
8,building_actions,BUILDING ACTIONS,18,989,hand_tools,HAND TOOLS,25,4,drill | hammer | level | saw,0.2222,0.16,P2,Create an explicit do-not-pair/conflict rule or curate quartets with a uniqueness solver.
457,building_trades,BUILDING TRADES,18,476,jobs_with_tools,JOBS WITH TOOLS,15,4,carpenter | electrician | plumber | welder,0.2222,0.2667,P2,Create an explicit do-not-pair/conflict rule or curate quartets with a uniqueness solver.
319,cake_types,CAKE TYPES,20,506,words_before_cake,___ CAKE,18,4,carrot | pound | sponge | wedding,0.2,0.2222,P2,Create an explicit do-not-pair/conflict rule or curate quartets with a uniqueness solver.
318,candy,CANDY,20,794,sticky_things,STICKY THINGS,18,4,caramel | gum | marshmallow | taffy,0.2,0.2222,P2,Create an explicit do-not-pair/conflict rule or curate quartets with a uniqueness solver.
1031,car_parts,CAR PARTS,25,1036,parts_of_a_bike,BICYCLE PARTS,18,4,brake | seat | tire | wheel,0.16,0.2222,P2,Create an explicit do-not-pair/conflict rule or curate quartets with a uniqueness solver.
13,carrying_actions,CARRYING ACTIONS,15,845,magnets_and_forces,FORCES,13,4,drag | lift | pull | push,0.2667,0.3077,P2,Create an explicit do-not-pair/conflict rule or curate quartets with a uniqueness solver.
244,circus_words,CIRCUS WORDS,18,474,circus_and_fair_jobs,CIRCUS JOBS,12,4,acrobat | clown | juggler | ringmaster,0.2222,0.3333,P2,Create an explicit do-not-pair/conflict rule or curate quartets with a uniqueness solver.
357,city_words,CITY WORDS,20,1037,road_things,ROAD THINGS,20,4,bridge | curb | intersection | sidewalk,0.2,0.2,P2,Create an explicit do-not-pair/conflict rule or curate quartets with a uniqueness solver.
357,city_words,CITY WORDS,20,762,streets_and_roads,KINDS OF ROADS,18,4,alley | avenue | boulevard | street,0.2,0.2222,P2,Create an explicit do-not-pair/conflict rule or curate quartets with a uniqueness solver.
214,classroom_things,CLASSROOM THINGS,20,426,things_on_a_wall,WALL THINGS,20,4,calendar | clock | poster | whiteboard,0.2,0.2,P2,Create an explicit do-not-pair/conflict rule or curate quartets with a uniqueness solver.
156,clothing_items,CLOTHING ITEMS,25,158,winter_clothing,WINTER CLOTHING,18,4,coat | glove | scarf | sweater,0.16,0.2222,P2,Create an explicit do-not-pair/conflict rule or curate quartets with a uniqueness solver.
163,clothing_parts,GARMENT PARTS,17,171,sewing_words,SEWING WORDS,16,4,cuff | hem | lining | seam,0.2353,0.25,P2,Create an explicit do-not-pair/conflict rule or curate quartets with a uniqueness solver.
666,cloud_and_sky,SKY WORDS,20,680,light_sources,LIGHT SOURCES,20,4,lightning | moon | star | sun,0.2,0.2,P2,Create an explicit do-not-pair/conflict rule or curate quartets with a uniqueness solver.
316,cold_drinks,COLD DRINKS,18,341,drink_mixers,DRINK MIXERS,14,4,cola | ginger ale | juice | lemonade,0.2222,0.2857,P2,Create an explicit do-not-pair/conflict rule or curate quartets with a uniqueness solver.
316,cold_drinks,COLD DRINKS,18,576,liquids,LIQUIDS,20,4,juice | milk | soda | water,0.2222,0.2,P2,Create an explicit do-not-pair/conflict rule or curate quartets with a uniqueness solver.
371,cold_places,COLD PLACES,14,795,cold_things,COLD THINGS,18,4,freezer | glacier | iceberg | refrigerator,0.2857,0.2222,P2,Create an explicit do-not-pair/conflict rule or curate quartets with a uniqueness solver.
797,colors,COLORS,25,1055,rice_types,RICE TYPES,13,4,black | Brown | red | white,0.16,0.3077,P2,Create an explicit do-not-pair/conflict rule or curate quartets with a uniqueness solver.
313,condiments,CONDIMENTS,20,1072,sauces,SAUCES,18,4,aioli | pesto | ranch | salsa,0.2,0.2222,P2,Create an explicit do-not-pair/conflict rule or curate quartets with a uniqueness solver.
313,condiments,CONDIMENTS,20,329,things_you_spread,SPREADS,16,4,honey | jam | mayo | mustard,0.2,0.25,P2,Create an explicit do-not-pair/conflict rule or curate quartets with a uniqueness solver.
74,crafts,CRAFTS,15,255,art_forms,ART FORMS,16,4,calligraphy | origami | pottery | weaving,0.2667,0.25,P2,Create an explicit do-not-pair/conflict rule or curate quartets with a uniqueness solver.
307,dairy_products,DAIRY PRODUCTS,20,330,things_that_melt,MELTING THINGS,18,4,butter | cheese | gelato | ice cream,0.2,0.2222,P2,Create an explicit do-not-pair/conflict rule or curate quartets with a uniqueness solver.
262,dairy_words,DAIRY FARM,14,307,dairy_products,DAIRY PRODUCTS,20,4,cheese | cream | curd | milk,0.2857,0.2,P2,Create an explicit do-not-pair/conflict rule or curate quartets with a uniqueness solver.
80,decorative_things,DECORATIONS,18,418,living_room_things,LIVING ROOM,20,4,curtain | painting | rug | vase,0.2222,0.2,P2,Create an explicit do-not-pair/conflict rule or curate quartets with a uniqueness solver.
80,decorative_things,DECORATIONS,18,248,party_things,PARTY THINGS,20,4,balloon | banner | candle | streamer,0.2222,0.2,P2,Create an explicit do-not-pair/conflict rule or curate quartets with a uniqueness solver.
348,dessert_toppings,DESSERT TOPPINGS,14,794,sticky_things,STICKY THINGS,18,4,caramel | frosting | marshmallow | syrup,0.2857,0.2222,P2,Create an explicit do-not-pair/conflict rule or curate quartets with a uniqueness solver.
317,desserts,DESSERTS,25,1063,french_dishes,FRENCH DISHES,18,4,eclair | macaron | mousse | souffle,0.16,0.2222,P2,Create an explicit do-not-pair/conflict rule or curate quartets with a uniqueness solver.
582,disney_characters,DISNEY CHARACTERS,20,583,fairy_tales,FAIRY TALES,15,4,Cinderella | Pinocchio | Rapunzel | Snow White,0.2,0.2667,P2,Create an explicit do-not-pair/conflict rule or curate quartets with a uniqueness solver.
387,exploration_words,AGE OF EXPLORATION,15,721,navigation_tools,NAVIGATION TOOLS,14,4,compass | map | sextant | telescope,0.2667,0.2857,P2,Create an explicit do-not-pair/conflict rule or curate quartets with a uniqueness solver.
572,fabric_types,FABRIC TYPES,20,798,soft_things,SOFT THINGS,18,4,cotton | silk | velvet | wool,0.2,0.2222,P2,Create an explicit do-not-pair/conflict rule or curate quartets with a uniqueness solver.
162,fabrics,FABRICS,20,798,soft_things,SOFT THINGS,18,4,cotton | silk | velvet | wool,0.2,0.2222,P2,Create an explicit do-not-pair/conflict rule or curate quartets with a uniqueness solver.
736,famous_americans,FAMOUS AMERICANS,18,739,inventors,INVENTORS,14,4,Edison | ford | Franklin | Wright,0.2222,0.2857,P2,Create an explicit do-not-pair/conflict rule or curate quartets with a uniqueness solver.
258,famous_composers,COMPOSERS,14,595,famous_musicians,MUSIC LEGENDS,14,4,Bach | Beethoven | Chopin | Mozart,0.2857,0.2857,P2,Create an explicit do-not-pair/conflict rule or curate quartets with a uniqueness solver.
480,famous_job_titles,LEADERSHIP TITLES,16,729,titles_of_address,TITLES,18,4,captain | chief | coach | dean,0.25,0.2222,P2,Create an explicit do-not-pair/conflict rule or curate quartets with a uniqueness solver.
360,famous_landmarks,FAMOUS LANDMARKS,15,391,ancient_wonders,WORLD WONDERS,11,4,Colosseum | Great Wall | Stonehenge | Taj Mahal,0.2667,0.3636,P2,Create an explicit do-not-pair/conflict rule or curate quartets with a uniqueness solver.
360,famous_landmarks,FAMOUS LANDMARKS,15,750,us_landmarks,US LANDMARKS,15,4,Golden Gate | Mount Rushmore | Statue of Liberty | White House,0.2667,0.2667,P2,Create an explicit do-not-pair/conflict rule or curate quartets with a uniqueness solver.
26,farm_animals,FARM ANIMALS,20,68,animal_names_male_female,ANIMAL GENDERS,18,4,bull | cow | hen | rooster,0.2,0.2222,P2,Create an explicit do-not-pair/conflict rule or curate quartets with a uniqueness solver.
26,farm_animals,FARM ANIMALS,20,27,birds,BIRDS,26,4,chicken | duck | goose | turkey,0.2,0.1538,P2,Create an explicit do-not-pair/conflict rule or curate quartets with a uniqueness solver.
26,farm_animals,FARM ANIMALS,20,311,meats,MEATS,25,4,chicken | duck | lamb | turkey,0.2,0.16,P2,Create an explicit do-not-pair/conflict rule or curate quartets with a uniqueness solver.
51,farm_bird_words,POULTRY,12,269,livestock,LIVESTOCK,17,4,chicken | duck | guinea fowl | turkey,0.3333,0.2353,P2,Create an explicit do-not-pair/conflict rule or curate quartets with a uniqueness solver.
996,fasteners,FASTENERS,18,1006,things_that_cut,SHARP THINGS,18,4,hook | nail | pin | tack,0.2222,0.2222,P2,Create an explicit do-not-pair/conflict rule or curate quartets with a uniqueness solver.
996,fasteners,FASTENERS,18,1007,things_that_stick_out,HAMMERED THINGS,13,4,bolt | nail | rivet | tack,0.2222,0.3077,P2,Create an explicit do-not-pair/conflict rule or curate quartets with a uniqueness solver.
960,file_types,FILE WORDS,16,962,email_words,EMAIL WORDS,16,4,archive | attachment | draft | trash,0.25,0.25,P2,Create an explicit do-not-pair/conflict rule or curate quartets with a uniqueness solver.
662,flowers,FLOWERS,25,768,houseplants,HOUSEPLANTS,18,4,begonia | geranium | orchid | Violet,0.16,0.2222,P2,Create an explicit do-not-pair/conflict rule or curate quartets with a uniqueness solver.
31,flying_animals,FLYING ANIMALS,26,53,pests,PESTS,20,4,mosquito | moth | pigeon | wasp,0.1538,0.2,P2,Create an explicit do-not-pair/conflict rule or curate quartets with a uniqueness solver.
31,flying_animals,FLYING ANIMALS,26,62,waterfowl,WATERFOWL,14,4,duck | goose | pelican | swan,0.1538,0.2857,P2,Create an explicit do-not-pair/conflict rule or curate quartets with a uniqueness solver.
290,fruits,FRUITS,26,334,pie_types,PIE TYPES,15,4,apple | blueberry | cherry | peach,0.1538,0.2667,P2,Create an explicit do-not-pair/conflict rule or curate quartets with a uniqueness solver.
290,fruits,FRUITS,26,294,tropical_fruits,TROPICAL FRUITS,12,4,banana | mango | papaya | pineapple,0.1538,0.3333,P2,Create an explicit do-not-pair/conflict rule or curate quartets with a uniqueness solver.
415,furniture,FURNITURE,25,418,living_room_things,LIVING ROOM,20,4,armchair | bookshelf | ottoman | sofa,0.16,0.2,P2,Create an explicit do-not-pair/conflict rule or curate quartets with a uniqueness solver.
959,gadgets,GADGETS,18,970,office_machines,OFFICE MACHINES,14,4,phone | printer | projector | scanner,0.2222,0.2857,P2,Create an explicit do-not-pair/conflict rule or curate quartets with a uniqueness solver.
673,garden_plants,GARDEN PLANTS,20,777,garden_flowers_summer,SUMMER FLOWERS,14,4,lavender | marigold | rose | sunflower,0.2,0.2857,P2,Create an explicit do-not-pair/conflict rule or curate quartets with a uniqueness solver.
673,garden_plants,GARDEN PLANTS,20,791,green_things,GREEN THINGS,20,4,cucumber | Fern | lettuce | mint,0.2,0.2,P2,Create an explicit do-not-pair/conflict rule or curate quartets with a uniqueness solver.
673,garden_plants,GARDEN PLANTS,20,772,vines,VINES AND CLIMBERS,14,4,bean | cucumber | Ivy | pumpkin,0.2,0.2857,P2,Create an explicit do-not-pair/conflict rule or curate quartets with a uniqueness solver.
990,garden_tools,GARDEN TOOLS,20,1024,landscaping_words,LANDSCAPING WORDS,15,4,edger | shears | sprinkler | wheelbarrow,0.2,0.2667,P2,Create an explicit do-not-pair/conflict rule or curate quartets with a uniqueness solver.
400,gardening_hobby,GARDEN HOBBY,16,1024,landscaping_words,LANDSCAPING WORDS,15,4,fertilizer | planter | stake | wheelbarrow,0.25,0.2667,P2,Create an explicit do-not-pair/conflict rule or curate quartets with a uniqueness solver.
298,grains_and_beans,GRAINS AND BEANS,15,306,soup_ingredients,SOUP INGREDIENTS,25,4,barley | corn | lentil | rice,0.2667,0.16,P2,Create an explicit do-not-pair/conflict rule or curate quartets with a uniqueness solver.
6,hand_actions,HAND ACTIONS,20,93,body_movements,BODY MOVEMENTS,20,4,clap | point | twist | wave,0.2,0.2,P2,Create an explicit do-not-pair/conflict rule or curate quartets with a uniqueness solver.
989,hand_tools,HAND TOOLS,25,1013,carpentry_words,CARPENTRY WORDS,18,4,chisel | level | plane | square,0.16,0.2222,P2,Create an explicit do-not-pair/conflict rule or curate quartets with a uniqueness solver.
989,hand_tools,HAND TOOLS,25,999,workshop_things,WORKSHOP THINGS,18,4,clamp | drill | hammer | vise,0.16,0.2222,P2,Create an explicit do-not-pair/conflict rule or curate quartets with a uniqueness solver.
263,harvest_words,HARVEST WORDS,15,366,things_on_a_farm,FARM THINGS,20,4,bale | crop | field | silo,0.2667,0.2,P2,Create an explicit do-not-pair/conflict rule or curate quartets with a uniqueness solver.
160,hats,HATS,18,185,world_hats,WORLD HATS,10,4,beret | bowler | sombrero | turban,0.2222,0.4,P2,Create an explicit do-not-pair/conflict rule or curate quartets with a uniqueness solver.
768,houseplants,HOUSEPLANTS,18,782,tropical_plants,TROPICAL PLANTS,14,4,bamboo | Fern | orchid | palm,0.2222,0.2857,P2,Create an explicit do-not-pair/conflict rule or curate quartets with a uniqueness solver.
368,islands,ISLANDS,15,756,caribbean_places,CARIBBEAN PLACES,14,4,Barbados | Bermuda | Cuba | Jamaica,0.2667,0.2857,P2,Create an explicit do-not-pair/conflict rule or curate quartets with a uniqueness solver.
35,jungle_animals,JUNGLE ANIMALS,20,903,monkeys_and_apes,MONKEYS AND APES,14,4,chimpanzee | gorilla | lemur | orangutan,0.2,0.2857,P2,Create an explicit do-not-pair/conflict rule or curate quartets with a uniqueness solver.
35,jungle_animals,JUNGLE ANIMALS,20,38,reptiles,REPTILES,18,4,boa | iguana | python | snake,0.2,0.2222,P2,Create an explicit do-not-pair/conflict rule or curate quartets with a uniqueness solver.
35,jungle_animals,JUNGLE ANIMALS,20,41,wild_cats,WILD CATS,13,4,jaguar | leopard | panther | tiger,0.2,0.3077,P2,Create an explicit do-not-pair/conflict rule or curate quartets with a uniqueness solver.
35,jungle_animals,JUNGLE ANIMALS,20,48,zoo_animals,ZOO ANIMALS,20,4,gorilla | monkey | sloth | tiger,0.2,0.2,P2,Create an explicit do-not-pair/conflict rule or curate quartets with a uniqueness solver.
395,knitting_words,KNITTING WORDS,14,992,sewing_supplies,SEWING SUPPLIES,18,4,hook | needle | pattern | yarn,0.2857,0.2222,P2,Create an explicit do-not-pair/conflict rule or curate quartets with a uniqueness solver.
355,landforms,LANDFORMS,25,692,biomes,BIOMES,14,4,marsh | mountain | prairie | tundra,0.16,0.2857,P2,Create an explicit do-not-pair/conflict rule or curate quartets with a uniqueness solver.
355,landforms,LANDFORMS,25,371,cold_places,COLD PLACES,14,4,cave | glacier | mountain | tundra,0.16,0.2857,P2,Create an explicit do-not-pair/conflict rule or curate quartets with a uniqueness solver.
355,landforms,LANDFORMS,25,693,rock_formations,ROCK FORMATIONS,14,4,butte | cave | cliff | mesa,0.16,0.2857,P2,Create an explicit do-not-pair/conflict rule or curate quartets with a uniqueness solver.
296,leafy_greens,LEAFY GREENS,12,305,salad_ingredients,SALAD INGREDIENTS,25,4,arugula | cabbage | lettuce | spinach,0.3333,0.16,P2,Create an explicit do-not-pair/conflict rule or curate quartets with a uniqueness solver.
576,liquids,LIQUIDS,20,853,experiments,DISSOLVING THINGS,14,4,coffee | ink | soap | syrup,0.2,0.2857,P2,Create an explicit do-not-pair/conflict rule or curate quartets with a uniqueness solver.
576,liquids,LIQUIDS,20,618,vending_machine_items,VENDING MACHINE,13,4,coffee | juice | soda | water,0.2,0.3077,P2,Create an explicit do-not-pair/conflict rule or curate quartets with a uniqueness solver.
418,living_room_things,LIVING ROOM,20,428,things_that_plug_in,PLUGGED IN,20,4,clock | lamp | speaker | television,0.2,0.2,P2,Create an explicit do-not-pair/conflict rule or curate quartets with a uniqueness solver.
802,loud_things,LOUD THINGS,16,880,bell_and_alarm,ALARM SOUNDS,14,4,bell | horn | siren | whistle,0.25,0.2857,P2,Create an explicit do-not-pair/conflict rule or curate quartets with a uniqueness solver.
191,manners,MANNERS WORDS,14,533,polite_words,POLITE WORDS,12,4,apologize | excuse me | please | sorry,0.2857,0.3333,P2,Create an explicit do-not-pair/conflict rule or curate quartets with a uniqueness solver.
358,map_words,MAP WORDS,20,365,directions,DIRECTIONS,20,4,east | north | south | west,0.2,0.2,P2,Create an explicit do-not-pair/conflict rule or curate quartets with a uniqueness solver.
150,midwest_cities,MIDWEST CITIES,15,361,us_cities,US CITIES,20,4,Chicago | Cleveland | Detroit | Milwaukee,0.2667,0.2,P2,Create an explicit do-not-pair/conflict rule or curate quartets with a uniqueness solver.
128,money_words,MONEY WORDS,27,445,accounting_words,ACCOUNTING WORDS,14,4,credit | debit | invoice | receipt,0.1481,0.2857,P2,Create an explicit do-not-pair/conflict rule or curate quartets with a uniqueness solver.
128,money_words,MONEY WORDS,27,135,banking_words,BANKING WORDS,18,4,check | deposit | interest | loan,0.1481,0.2222,P2,Create an explicit do-not-pair/conflict rule or curate quartets with a uniqueness solver.
633,monsters,SCARY CREATURES,15,982,halloween_things,HALLOWEEN THINGS,20,4,ghost | vampire | witch | zombie,0.2667,0.2,P2,Create an explicit do-not-pair/conflict rule or curate quartets with a uniqueness solver.
242,movie_words,FILM MAKING,20,243,theater_words,THEATER WORDS,20,4,box office | cast | matinee | script,0.2,0.2,P2,Create an explicit do-not-pair/conflict rule or curate quartets with a uniqueness solver.
229,music_class_things,MUSIC CLASS,14,232,musical_instruments,MUSICAL INSTRUMENTS,25,4,drum | piano | tambourine | xylophone,0.2857,0.16,P2,Create an explicit do-not-pair/conflict rule or curate quartets with a uniqueness solver.
232,musical_instruments,MUSICAL INSTRUMENTS,25,235,percussion,PERCUSSION INSTRUMENTS,14,4,cymbal | drum | tambourine | xylophone,0.16,0.2857,P2,Create an explicit do-not-pair/conflict rule or curate quartets with a uniqueness solver.
690,national_parks_us,NATIONAL PARKS,15,750,us_landmarks,US LANDMARKS,15,4,Everglades | Grand Canyon | Yellowstone | Yosemite,0.2667,0.2667,P2,Create an explicit do-not-pair/conflict rule or curate quartets with a uniqueness solver.
873,nature_sounds,NATURE SOUNDS,15,878,quiet_sounds,QUIET SOUNDS,13,4,hum | patter | rustle | whisper,0.2667,0.3077,P2,Create an explicit do-not-pair/conflict rule or curate quartets with a uniqueness solver.
451,nautical_ranks,SHIP CREW,12,460,sea_jobs,SEA JOBS,14,4,boatswain | captain | deckhand | navigator,0.3333,0.2857,P2,Create an explicit do-not-pair/conflict rule or curate quartets with a uniqueness solver.
34,nocturnal_animals,NOCTURNAL ANIMALS,21,53,pests,PESTS,20,4,mole | moth | mouse | raccoon,0.1905,0.2,P2,Create an explicit do-not-pair/conflict rule or curate quartets with a uniqueness solver.
34,nocturnal_animals,NOCTURNAL ANIMALS,21,40,rodents,RODENTS,16,4,beaver | hamster | mouse | porcupine,0.1905,0.25,P2,Create an explicit do-not-pair/conflict rule or curate quartets with a uniqueness solver.
28,ocean_animals,OCEAN ANIMALS,25,65,crustaceans,CRUSTACEANS,11,4,barnacle | crab | lobster | shrimp,0.16,0.3636,P2,Create an explicit do-not-pair/conflict rule or curate quartets with a uniqueness solver.
462,office_jobs,OFFICE JOBS,16,470,government_jobs,GOVERNMENT JOBS,15,4,auditor | clerk | secretary | treasurer,0.25,0.2667,P2,Create an explicit do-not-pair/conflict rule or curate quartets with a uniqueness solver.
991,office_supplies,OFFICE SUPPLIES,25,1002,art_supplies,ART SUPPLIES,20,4,ink | marker | pencil | scissors,0.16,0.2,P2,Create an explicit do-not-pair/conflict rule or curate quartets with a uniqueness solver.
916,olympic_sports,OLYMPIC SPORTS,25,940,track_events,TRACK EVENTS,14,4,hurdles | javelin | marathon | shot put,0.16,0.2857,P2,Create an explicit do-not-pair/conflict rule or curate quartets with a uniqueness solver.
869,onomatopoeia,SOUND WORDS,25,877,loud_noises,LOUD NOISES,14,4,bang | boom | crash | rumble,0.16,0.2857,P2,Create an explicit do-not-pair/conflict rule or curate quartets with a uniqueness solver.
869,onomatopoeia,SOUND WORDS,25,875,musical_sounds,MUSIC SOUNDS,14,4,boom | clang | jingle | ring,0.16,0.2857,P2,Create an explicit do-not-pair/conflict rule or curate quartets with a uniqueness solver.
190,opposites,OPPOSITES,25,365,directions,DIRECTIONS,20,4,down | far | near | up,0.16,0.2,P2,Create an explicit do-not-pair/conflict rule or curate quartets with a uniqueness solver.
190,opposites,OPPOSITES,25,494,words_before_ball,___ BALL,20,4,hard | high | low | soft,0.16,0.2,P2,Create an explicit do-not-pair/conflict rule or curate quartets with a uniqueness solver.
190,opposites,OPPOSITES,25,518,words_before_time,___ TIME,20,4,big | day | full | night,0.16,0.2,P2,Create an explicit do-not-pair/conflict rule or curate quartets with a uniqueness solver.
998,painting_supplies,PAINTING SUPPLIES,16,1002,art_supplies,ART SUPPLIES,20,4,brush | canvas | paint | stencil,0.25,0.2,P2,Create an explicit do-not-pair/conflict rule or curate quartets with a uniqueness solver.
332,pantry_staples,PANTRY STAPLES,20,577,powders,POWDERS,15,4,baking soda | flour | salt | sugar,0.2,0.2667,P2,Create an explicit do-not-pair/conflict rule or curate quartets with a uniqueness solver.
332,pantry_staples,PANTRY STAPLES,20,792,white_things,WHITE THINGS,20,4,flour | rice | salt | sugar,0.2,0.2,P2,Create an explicit do-not-pair/conflict rule or curate quartets with a uniqueness solver.
310,pasta_shapes,PASTA SHAPES,17,324,italian_dishes,ITALIAN DISHES,20,4,gnocchi | lasagna | ravioli | spaghetti,0.2353,0.2,P2,Create an explicit do-not-pair/conflict rule or curate quartets with a uniqueness solver.
744,people_at_a_wedding,WEDDING PEOPLE,14,984,wedding_things,WEDDING THINGS,20,4,best man | bride | bridesmaid | groom,0.2857,0.2,P2,Create an explicit do-not-pair/conflict rule or curate quartets with a uniqueness solver.
272,pest_control,CROP PESTS,14,707,garden_bugs,GARDEN BUGS,16,4,aphid | beetle | caterpillar | slug,0.2857,0.25,P2,Create an explicit do-not-pair/conflict rule or curate quartets with a uniqueness solver.
53,pests,PESTS,20,707,garden_bugs,GARDEN BUGS,16,4,ant | aphid | slug | snail,0.2,0.25,P2,Create an explicit do-not-pair/conflict rule or curate quartets with a uniqueness solver.
53,pests,PESTS,20,272,pest_control,CROP PESTS,14,4,aphid | gopher | slug | weevil,0.2,0.2857,P2,Create an explicit do-not-pair/conflict rule or curate quartets with a uniqueness solver.
30,pets,PETS,20,38,reptiles,REPTILES,18,4,iguana | lizard | snake | turtle,0.2,0.2222,P2,Create an explicit do-not-pair/conflict rule or curate quartets with a uniqueness solver.
406,photography_hobby,PHOTOGRAPHY GEAR,14,963,photography_words,PHOTOGRAPHY WORDS,18,4,filter | flash | lens | tripod,0.2857,0.2222,P2,Create an explicit do-not-pair/conflict rule or curate quartets with a uniqueness solver.
406,photography_hobby,PHOTOGRAPHY GEAR,14,888,telescope_words,TELESCOPE WORDS,14,4,filter | lens | reflector | tripod,0.2857,0.2857,P2,Create an explicit do-not-pair/conflict rule or curate quartets with a uniqueness solver.
299,pie_ingredients,PIE INGREDIENTS,25,577,powders,POWDERS,15,4,cinnamon | flour | salt | sugar,0.16,0.2667,P2,Create an explicit do-not-pair/conflict rule or curate quartets with a uniqueness solver.
299,pie_ingredients,PIE INGREDIENTS,25,667,things_with_seeds,THINGS WITH SEEDS,25,4,apple | cherry | peach | pumpkin,0.16,0.16,P2,Create an explicit do-not-pair/conflict rule or curate quartets with a uniqueness solver.
334,pie_types,PIE TYPES,15,774,fruit_trees,FRUIT TREES,18,4,apple | cherry | peach | pecan,0.2667,0.2222,P2,Create an explicit do-not-pair/conflict rule or curate quartets with a uniqueness solver.
334,pie_types,PIE TYPES,15,667,things_with_seeds,THINGS WITH SEEDS,25,4,apple | cherry | peach | pumpkin,0.2667,0.16,P2,Create an explicit do-not-pair/conflict rule or curate quartets with a uniqueness solver.
649,place_names_as_names,PLACE NAMES,16,748,state_capitals,STATE CAPITALS,25,4,Austin | Madison | phoenix | Trenton,0.25,0.16,P2,Create an explicit do-not-pair/conflict rule or curate quartets with a uniqueness solver.
780,plant_parts,PLANT PARTS,16,786,leaf_shapes,LEAF WORDS,14,4,bud | sprout | stalk | stem,0.25,0.2857,P2,Create an explicit do-not-pair/conflict rule or curate quartets with a uniqueness solver.
50,pond_animals,POND ANIMALS,18,62,waterfowl,WATERFOWL,14,4,duck | goose | heron | swan,0.2222,0.2857,P2,Create an explicit do-not-pair/conflict rule or curate quartets with a uniqueness solver.
577,powders,POWDERS,15,853,experiments,DISSOLVING THINGS,14,4,baking soda | chalk | salt | sugar,0.2667,0.2857,P2,Create an explicit do-not-pair/conflict rule or curate quartets with a uniqueness solver.
577,powders,POWDERS,15,792,white_things,WHITE THINGS,20,4,chalk | flour | salt | sugar,0.2667,0.2,P2,Create an explicit do-not-pair/conflict rule or curate quartets with a uniqueness solver.
927,racing_sports,RACING SPORTS,15,940,track_events,TRACK EVENTS,14,4,hurdles | marathon | relay | sprint,0.2667,0.2857,P2,Create an explicit do-not-pair/conflict rule or curate quartets with a uniqueness solver.
274,ranch_words,RANCH WORDS,15,379,wild_west,WILD WEST,20,4,corral | cowboy | horse | lasso,0.2667,0.2,P2,Create an explicit do-not-pair/conflict rule or curate quartets with a uniqueness solver.
254,reading_material,READING MATTER,20,568,things_made_of_paper,PAPER THINGS,16,4,book | map | newspaper | ticket,0.2,0.25,P2,Create an explicit do-not-pair/conflict rule or curate quartets with a uniqueness solver.
823,religious_holidays,RELIGIOUS HOLIDAYS,16,977,holidays,HOLIDAYS,20,4,Christmas | Easter | Hanukkah | Passover,0.25,0.2,P2,Create an explicit do-not-pair/conflict rule or curate quartets with a uniqueness solver.
38,reptiles,REPTILES,18,69,exotic_pets,EXOTIC PETS,12,4,gecko | iguana | python | tortoise,0.2222,0.3333,P2,Create an explicit do-not-pair/conflict rule or curate quartets with a uniqueness solver.
295,root_vegetables,ROOT VEGETABLES,13,305,salad_ingredients,SALAD INGREDIENTS,25,4,beet | carrot | onion | radish,0.3077,0.16,P2,Create an explicit do-not-pair/conflict rule or curate quartets with a uniqueness solver.
295,root_vegetables,ROOT VEGETABLES,13,306,soup_ingredients,SOUP INGREDIENTS,25,4,carrot | garlic | onion | potato,0.3077,0.16,P2,Create an explicit do-not-pair/conflict rule or curate quartets with a uniqueness solver.
386,royalty,ROYAL WORDS,20,399,chess_words,CHESS WORDS,16,4,castle | king | knight | queen,0.2,0.25,P2,Create an explicit do-not-pair/conflict rule or curate quartets with a uniqueness solver.
305,salad_ingredients,SALAD INGREDIENTS,25,774,fruit_trees,FRUIT TREES,18,4,almond | avocado | olive | walnut,0.16,0.2222,P2,Create an explicit do-not-pair/conflict rule or curate quartets with a uniqueness solver.
305,salad_ingredients,SALAD INGREDIENTS,25,791,green_things,GREEN THINGS,20,4,avocado | cucumber | lettuce | spinach,0.16,0.2,P2,Create an explicit do-not-pair/conflict rule or curate quartets with a uniqueness solver.
304,sandwich_fillings,SANDWICH FILLINGS,25,326,bbq_foods,BARBECUE FOODS,20,4,chicken | coleslaw | mustard | pickle,0.16,0.2,P2,Create an explicit do-not-pair/conflict rule or curate quartets with a uniqueness solver.
304,sandwich_fillings,SANDWICH FILLINGS,25,791,green_things,GREEN THINGS,20,4,avocado | cucumber | lettuce | pickle,0.16,0.2,P2,Create an explicit do-not-pair/conflict rule or curate quartets with a uniqueness solver.
212,school_supplies,SCHOOL SUPPLIES,25,438,things_in_a_junk_drawer,JUNK DRAWER,18,4,glue | pen | scissors | tape,0.16,0.2222,P2,Create an explicit do-not-pair/conflict rule or curate quartets with a uniqueness solver.
312,seafood,SEAFOOD,25,706,saltwater_fish,SALTWATER FISH,15,4,cod | mahi mahi | snapper | tuna,0.16,0.2667,P2,Create an explicit do-not-pair/conflict rule or curate quartets with a uniqueness solver.
312,seafood,SEAFOOD,25,713,shells,SEASHELLS,13,4,clam | mussel | oyster | scallop,0.16,0.3077,P2,Create an explicit do-not-pair/conflict rule or curate quartets with a uniqueness solver.
969,security_tech,SECURITY DEVICES,14,1022,locksmith_words,LOCKS & KEYS,15,4,deadbolt | keypad | lock | safe,0.2857,0.2667,P2,Create an explicit do-not-pair/conflict rule or curate quartets with a uniqueness solver.
431,sewing_and_repair,HOME REPAIR,18,1016,painting_trade,HOUSE PAINTING,14,4,caulk | putty | sandpaper | tape,0.2222,0.2857,P2,Create an explicit do-not-pair/conflict rule or curate quartets with a uniqueness solver.
431,sewing_and_repair,HOME REPAIR,18,567,things_made_of_metal,METAL THINGS,18,4,hinge | nail | wire | wrench,0.2222,0.2222,P2,Create an explicit do-not-pair/conflict rule or curate quartets with a uniqueness solver.
992,sewing_supplies,SEWING SUPPLIES,18,1006,things_that_cut,SHARP THINGS,18,4,hook | needle | pin | scissors,0.2222,0.2222,P2,Create an explicit do-not-pair/conflict rule or curate quartets with a uniqueness solver.
193,smell_words,SMELL WORDS,15,279,perfume_words,FRAGRANCE WORDS,15,4,floral | fresh | spicy | sweet,0.2667,0.2667,P2,Create an explicit do-not-pair/conflict rule or curate quartets with a uniqueness solver.
321,snack_foods,SNACK FOODS,19,618,vending_machine_items,VENDING MACHINE,13,4,candy bar | chips | granola bar | popcorn,0.2105,0.3077,P2,Create an explicit do-not-pair/conflict rule or curate quartets with a uniqueness solver.
306,soup_ingredients,SOUP INGREDIENTS,25,773,crops,FARM CROPS,18,4,barley | corn | potato | rice,0.16,0.2222,P2,Create an explicit do-not-pair/conflict rule or curate quartets with a uniqueness solver.
306,soup_ingredients,SOUP INGREDIENTS,25,673,garden_plants,GARDEN PLANTS,20,4,bean | carrot | pepper | tomato,0.16,0.2,P2,Create an explicit do-not-pair/conflict rule or curate quartets with a uniqueness solver.
306,soup_ingredients,SOUP INGREDIENTS,25,332,pantry_staples,PANTRY STAPLES,20,4,broth | pasta | rice | salt,0.16,0.2,P2,Create an explicit do-not-pair/conflict rule or curate quartets with a uniqueness solver.
306,soup_ingredients,SOUP INGREDIENTS,25,667,things_with_seeds,THINGS WITH SEEDS,25,4,bean | corn | pepper | tomato,0.16,0.16,P2,Create an explicit do-not-pair/conflict rule or curate quartets with a uniqueness solver.
147,south_american_cities,LATIN CITIES,14,751,world_cities,WORLD CITIES,25,4,Bogota | Buenos Aires | Rio de Janeiro | Santiago,0.2857,0.16,P2,Create an explicit do-not-pair/conflict rule or curate quartets with a uniqueness solver.
151,southern_cities,SOUTHERN CITIES,15,748,state_capitals,STATE CAPITALS,25,4,Atlanta | Austin | Nashville | Raleigh,0.2667,0.16,P2,Create an explicit do-not-pair/conflict rule or curate quartets with a uniqueness solver.
830,space_objects,SPACE OBJECTS,20,889,space_phenomena,SPACE PHENOMENA,12,4,black hole | nebula | quasar | supernova,0.2,0.3333,P2,Create an explicit do-not-pair/conflict rule or curate quartets with a uniqueness solver.
830,space_objects,SPACE OBJECTS,20,850,things_in_the_sky_science,ASTRONOMY WORDS,16,4,comet | constellation | galaxy | satellite,0.2,0.25,P2,Create an explicit do-not-pair/conflict rule or curate quartets with a uniqueness solver.
314,spices_and_herbs,SPICES AND HERBS,25,1062,mint_and_herbs_varieties,HERB VARIETIES,13,4,basil | cilantro | dill | oregano,0.16,0.3077,P2,Create an explicit do-not-pair/conflict rule or curate quartets with a uniqueness solver.
933,sports_gear_worn,PROTECTIVE GEAR,14,1000,safety_gear,SAFETY GEAR,14,4,goggles | harness | helmet | mask,0.2857,0.2857,P2,Create an explicit do-not-pair/conflict rule or curate quartets with a uniqueness solver.
49,spotted_and_striped,STRIPED ANIMALS,14,814,striped_things,STRIPED THINGS,13,4,bee | skunk | tiger | zebra,0.2857,0.3077,P2,Create an explicit do-not-pair/conflict rule or curate quartets with a uniqueness solver.
794,sticky_things,STICKY THINGS,18,997,adhesives,GLUES AND TAPES,15,4,glue | gum | paste | tape,0.2222,0.2667,P2,Create an explicit do-not-pair/conflict rule or curate quartets with a uniqueness solver.
665,storms,STORMS,15,676,natural_disasters,NATURAL DISASTERS,16,4,blizzard | cyclone | hurricane | tornado,0.2667,0.25,P2,Create an explicit do-not-pair/conflict rule or curate quartets with a uniqueness solver.
192,taste_words,TASTE WORDS,20,193,smell_words,SMELL WORDS,15,4,smoky | sour | spicy | sweet,0.2,0.2667,P2,Create an explicit do-not-pair/conflict rule or curate quartets with a uniqueness solver.
915,team_sports,TEAM SPORTS,18,1083,world_sports,WORLD SPORTS,13,4,cricket | handball | netball | rugby,0.2222,0.3077,P2,Create an explicit do-not-pair/conflict rule or curate quartets with a uniqueness solver.
327,thanksgiving_foods,THANKSGIVING FOODS,20,1070,southern_dishes,SOUTHERN FOOD,16,4,biscuit | cornbread | gravy | pecan pie,0.2,0.25,P2,Create an explicit do-not-pair/conflict rule or curate quartets with a uniqueness solver.
422,things_in_a_garage,GARAGE THINGS,20,1030,things_with_wheels,THINGS WITH WHEELS,25,4,bike | car | lawnmower | wheelbarrow,0.2,0.16,P2,Create an explicit do-not-pair/conflict rule or curate quartets with a uniqueness solver.
422,things_in_a_garage,GARAGE THINGS,20,999,workshop_things,WORKSHOP THINGS,18,4,extension cord | shelf | toolbox | workbench,0.2,0.2222,P2,Create an explicit do-not-pair/conflict rule or curate quartets with a uniqueness solver.
621,things_in_a_glove_box,GLOVE BOX,13,1042,travel_documents,TRAVEL THINGS,18,4,Charger | insurance | map | sunglasses,0.3077,0.2222,P2,Create an explicit do-not-pair/conflict rule or curate quartets with a uniqueness solver.
438,things_in_a_junk_drawer,JUNK DRAWER,18,991,office_supplies,OFFICE SUPPLIES,25,4,pen | rubber band | scissors | tape,0.2222,0.16,P2,Create an explicit do-not-pair/conflict rule or curate quartets with a uniqueness solver.
617,things_in_a_purse,PURSE THINGS,15,621,things_in_a_glove_box,GLOVE BOX,13,4,Charger | gum | pen | sunglasses,0.2667,0.3077,P2,Create an explicit do-not-pair/conflict rule or curate quartets with a uniqueness solver.
677,things_in_the_forest,FOREST THINGS,20,681,things_that_grow,GROWING THINGS,18,4,leaf | moss | mushroom | tree,0.2,0.2222,P2,Create an explicit do-not-pair/conflict rule or curate quartets with a uniqueness solver.
850,things_in_the_sky_science,ASTRONOMY WORDS,16,887,solar_system_words,SOLAR SYSTEM,14,4,comet | eclipse | gravity | orbit,0.25,0.2857,P2,Create an explicit do-not-pair/conflict rule or curate quartets with a uniqueness solver.
850,things_in_the_sky_science,ASTRONOMY WORDS,16,891,space_measurements,SPACE MEASUREMENTS,11,4,gravity | light year | orbit | rotation,0.25,0.3636,P2,Create an explicit do-not-pair/conflict rule or curate quartets with a uniqueness solver.
850,things_in_the_sky_science,ASTRONOMY WORDS,16,1040,space_travel,SPACE TRAVEL,18,4,gravity | orbit | satellite | telescope,0.25,0.2222,P2,Create an explicit do-not-pair/conflict rule or curate quartets with a uniqueness solver.
566,things_made_of_glass,GLASS THINGS,15,805,transparent_things,CLEAR THINGS,14,4,aquarium | lens | screen | window,0.2667,0.2857,P2,Create an explicit do-not-pair/conflict rule or curate quartets with a uniqueness solver.
567,things_made_of_metal,METAL THINGS,18,1022,locksmith_words,LOCKS & KEYS,15,4,chain | hinge | key | safe,0.2222,0.2667,P2,Create an explicit do-not-pair/conflict rule or curate quartets with a uniqueness solver.
366,things_on_a_farm,FARM THINGS,20,765,places_with_animals,PLACES WITH ANIMALS,16,4,barn | coop | pasture | stable,0.2,0.25,P2,Create an explicit do-not-pair/conflict rule or curate quartets with a uniqueness solver.
330,things_that_melt,MELTING THINGS,18,794,sticky_things,STICKY THINGS,18,4,caramel | frosting | marshmallow | wax,0.2222,0.2222,P2,Create an explicit do-not-pair/conflict rule or curate quartets with a uniqueness solver.
330,things_that_melt,MELTING THINGS,18,679,water_states,FORMS OF WATER,18,4,glacier | ice | icicle | snow,0.2222,0.2222,P2,Create an explicit do-not-pair/conflict rule or curate quartets with a uniqueness solver.
429,things_that_open,OPENING THINGS,20,437,storage_containers,CONTAINERS,20,4,box | drawer | envelope | jar,0.2,0.2,P2,Create an explicit do-not-pair/conflict rule or curate quartets with a uniqueness solver.
429,things_that_open,OPENING THINGS,20,1004,things_with_handles,THINGS WITH HANDLES,18,4,door | drawer | suitcase | umbrella,0.2,0.2222,P2,Create an explicit do-not-pair/conflict rule or curate quartets with a uniqueness solver.
427,things_with_buttons,THINGS WITH BUTTONS,18,428,things_that_plug_in,PLUGGED IN,20,4,blender | microwave | printer | radio,0.2222,0.2,P2,Create an explicit do-not-pair/conflict rule or curate quartets with a uniqueness solver.
667,things_with_seeds,THINGS WITH SEEDS,25,789,red_things,RED THINGS,20,4,apple | cherry | strawberry | tomato,0.16,0.2,P2,Create an explicit do-not-pair/conflict rule or curate quartets with a uniqueness solver.
667,things_with_seeds,THINGS WITH SEEDS,25,772,vines,VINES AND CLIMBERS,14,4,bean | cucumber | grape | pumpkin,0.16,0.2857,P2,Create an explicit do-not-pair/conflict rule or curate quartets with a uniqueness solver.
169,things_you_tie,TIED THINGS,14,284,fashion_accessories,FASHION ACCESSORIES,16,4,belt | bowtie | scarf | tie,0.2857,0.25,P2,Create an explicit do-not-pair/conflict rule or curate quartets with a uniqueness solver.
340,toppings_and_garnish,GARNISHES,15,348,dessert_toppings,DESSERT TOPPINGS,14,4,cherry | powdered sugar | sprinkles | whipped cream,0.2667,0.2857,P2,Create an explicit do-not-pair/conflict rule or curate quartets with a uniqueness solver.
356,town_places,TOWN PLACES,25,372,places_you_wait,WAITING PLACES,14,4,bank | pharmacy | post office | theater,0.16,0.2857,P2,Create an explicit do-not-pair/conflict rule or curate quartets with a uniqueness solver.
384,transportation_history,HISTORIC TRANSPORT,15,1048,things_that_carry_people,PEOPLE MOVERS,18,4,ferry | horse | rickshaw | sled,0.2667,0.2222,P2,Create an explicit do-not-pair/conflict rule or curate quartets with a uniqueness solver.
661,tree_parts,TREE PARTS,20,663,flower_parts,FLOWER PARTS,15,4,bud | leaf | root | seed,0.2,0.2667,P2,Create an explicit do-not-pair/conflict rule or curate quartets with a uniqueness solver.
349,us_states,US STATES,25,554,us_states_more,MORE STATES,25,4,Kansas | Nevada | Oregon | Utah,0.16,0.16,P2,Create an explicit do-not-pair/conflict rule or curate quartets with a uniqueness solver.
291,vegetables,VEGETABLES,25,296,leafy_greens,LEAFY GREENS,12,4,cabbage | kale | lettuce | spinach,0.16,0.3333,P2,Create an explicit do-not-pair/conflict rule or curate quartets with a uniqueness solver.
291,vegetables,VEGETABLES,25,304,sandwich_fillings,SANDWICH FILLINGS,25,4,cucumber | lettuce | onion | tomato,0.16,0.16,P2,Create an explicit do-not-pair/conflict rule or curate quartets with a uniqueness solver.
686,volcanoes,VOLCANOES,12,753,world_mountains,FAMOUS MOUNTAINS,14,4,Etna | Fuji | Rainier | Vesuvius,0.3333,0.2857,P2,Create an explicit do-not-pair/conflict rule or curate quartets with a uniqueness solver.
194,weather_adjectives,WEATHER ADJECTIVES,18,851,temperature_words,TEMPERATURE WORDS,16,4,freezing | icy | mild | sweltering,0.2222,0.25,P2,Create an explicit do-not-pair/conflict rule or curate quartets with a uniqueness solver.
562,weather_instruments,WEATHER INSTRUMENTS,12,971,measurement_devices,MEASURING DEVICES,14,4,barometer | seismograph | sundial | thermometer,0.3333,0.2857,P2,Create an explicit do-not-pair/conflict rule or curate quartets with a uniqueness solver.
664,weather_words,WEATHER WORDS,25,795,cold_things,COLD THINGS,18,4,frost | hail | sleet | snow,0.16,0.2222,P2,Create an explicit do-not-pair/conflict rule or curate quartets with a uniqueness solver.
722,whaling_and_fishing,FISHING FLEET,14,934,fishing_things,FISHING THINGS,18,4,hook | line | net | trap,0.2857,0.2222,P2,Create an explicit do-not-pair/conflict rule or curate quartets with a uniqueness solver.
222,writing_tools,WRITING TOOLS,15,227,art_class_things,ART CLASS,18,4,brush | chalk | marker | pastel,0.2667,0.2222,P2,Create an explicit do-not-pair/conflict rule or curate quartets with a uniqueness solver.
222,writing_tools,WRITING TOOLS,15,991,office_supplies,OFFICE SUPPLIES,25,4,highlighter | marker | pen | pencil,0.2667,0.16,P2,Create an explicit do-not-pair/conflict rule or curate quartets with a uniqueness solver.
