word_id,word,normalized,is_proper_noun,part_of_speech,familiarity_score,playable_category_count,theme_count,categories,recommended_action
1407,mirror,mirror,0,noun,0.639,17,12,dentist_things:DENTIST THINGS | magic_words:MAGIC SHOW | beauty_tools:BEAUTY TOOLS | dance_class:DANCE CLASS | magic_tricks:MAGIC PROPS | bathroom_items:BATHROOM ITEMS | bedroom_things:BEDROOM THINGS | things_on_a_wall:WALL THINGS | things_made_of_glass:GLASS THINGS | things_in_a_purse:PURSE THINGS | magic_objects:MAGIC OBJECTS | superstitions:SUPERSTITION THINGS | shiny_things:SHINY THINGS | things_that_break:FRAGILE THINGS | telescope_words:TELESCOPE WORDS | barbershop_words:BARBERSHOP WORDS | car_parts:CAR PARTS,Candidate for sense decomposition; review category uses and add sense-specific display/casing.
1343,whistle,whistle,0,noun,0.554,16,12,body_sounds:BODY SOUNDS | gym_class_things:GYM CLASS | wind_instruments:WIND INSTRUMENTS | birdwatching:BIRDWATCHING THINGS | police_things:POLICE THINGS | things_on_a_keychain:KEYCHAIN THINGS | loud_things:LOUD THINGS | things_with_holes:THINGS WITH HOLES | nature_sounds:NATURE SOUNDS | city_sounds:CITY SOUNDS | voice_sounds:VOICE SOUNDS | bell_and_alarm:ALARM SOUNDS | soccer_words:SOCCER WORDS | fan_things:FAN THINGS | factory_words:FACTORY WORDS | train_words:TRAIN WORDS,Candidate for sense decomposition; review category uses and add sense-specific display/casing.
1207,ice,ice,0,noun,0.714,16,8,sculpture_materials:SCULPTURE MATERIALS | things_that_melt:MELTING THINGS | drink_mixers:DRINK MIXERS | words_before_box:___ BOX | words_before_man:___ MAN | words_before_bag:___ BAG | water_states:FORMS OF WATER | cold_things:COLD THINGS | hard_things:HARD THINGS | shiny_things:SHINY THINGS | transparent_things:CLEAR THINGS | things_that_float:FLOATING THINGS | things_that_break:FRAGILE THINGS | things_that_shrink:SHRINKING THINGS | states_of_matter:STATES OF MATTER | first_aid_actions:AID ACTIONS,Candidate for sense decomposition; review category uses and add sense-specific display/casing.
1049,brush,brush,0,noun,0.604,15,8,art_tools:ART TOOLS | writing_tools:WRITING TOOLS | art_class_things:ART CLASS | beauty_tools:BEAUTY TOOLS | wardrobe_care:WARDROBE CARE | model_building:MODEL KITS | bathroom_items:BATHROOM ITEMS | cleaning_supplies:CLEANING SUPPLIES | pet_supplies:PET SUPPLIES | words_after_air:AIR ___ | painting_supplies:PAINTING SUPPLIES | art_supplies:ART SUPPLIES | cleaning_tools:CLEANING TOOLS | painting_trade:HOUSE PAINTING | barbershop_words:BARBERSHOP WORDS,Candidate for sense decomposition; review category uses and add sense-specific display/casing.
2231,helmet,helmet,0,noun,0.574,14,9,hats:HATS | knights_and_armor:KNIGHT THINGS | military_things:MILITARY EQUIPMENT | things_made_of_plastic:PLASTIC THINGS | astronaut_gear:ASTRONAUT GEAR | baseball_equipment:BASEBALL EQUIPMENT | football_words:FOOTBALL WORDS | hockey_words:HOCKEY WORDS | sports_gear_worn:PROTECTIVE GEAR | cycling_words:CYCLING WORDS | racing_words:MOTOR RACING | skateboarding:SKATEBOARDING WORDS | safety_gear:SAFETY GEAR | welding_words:WELDING WORDS,Candidate for sense decomposition; review category uses and add sense-specific display/casing.
2885,bell,bell,1,noun,0.656,13,10,classroom_things:CLASSROOM THINGS | music_class_things:MUSIC CLASS | things_made_of_metal:METAL THINGS | things_that_ring:RINGING THINGS | inventors:INVENTORS | loud_things:LOUD THINGS | church_things:CHURCH THINGS | monastery_life:MONASTERY THINGS | city_sounds:CITY SOUNDS | bell_and_alarm:ALARM SOUNDS | boxing_words:BOXING WORDS | parts_of_a_bike:BICYCLE PARTS | pepper_varieties:PEPPER VARIETIES,Candidate for sense decomposition; review category uses and add sense-specific display/casing.
344,glue,glue,0,noun,0.543,13,8,building_actions:BUILDING ACTIONS | joining_actions:JOINING ACTIONS | school_supplies:SCHOOL SUPPLIES | art_class_things:ART CLASS | model_building:MODEL KITS | crafting_materials:CRAFT MATERIALS | sewing_and_repair:HOME REPAIR | things_in_a_junk_drawer:JUNK DRAWER | liquids:LIQUIDS | things_in_a_toolbox:TOOLBOX THINGS | sticky_things:STICKY THINGS | adhesives:GLUES AND TAPES | art_supplies:ART SUPPLIES,Candidate for sense decomposition; review category uses and add sense-specific display/casing.
3414,cheese,cheese,0,noun,0.653,13,6,dairy_words:DAIRY FARM | farm_products:FARM PRODUCTS | pizza_toppings:PIZZA TOPPINGS | sandwich_fillings:SANDWICH FILLINGS | salad_ingredients:SALAD INGREDIENTS | dairy_products:DAIRY PRODUCTS | things_that_melt:MELTING THINGS | toppings_and_garnish:GARNISHES | words_before_sauce:___ SAUCE | words_before_cake:___ CAKE | yellow_things:YELLOW THINGS | smelly_things:SMELLY THINGS | fermented_foods:PICKLED FOODS,Candidate for sense decomposition; review category uses and add sense-specific display/casing.
480,snow,snow,0,noun,0.666,13,6,weather_actions:WEATHER ACTIONS | things_that_melt:MELTING THINGS | words_before_ball:___ BALL | words_before_man:___ MAN | words_before_board:___ BOARD | words_before_bird:___ BIRD | weather_words:WEATHER WORDS | water_states:FORMS OF WATER | mountain_things:MOUNTAIN THINGS | seasons_winter:WINTER THINGS | white_things:WHITE THINGS | cold_things:COLD THINGS | quiet_things:QUIET THINGS,Candidate for sense decomposition; review category uses and add sense-specific display/casing.
2883,map,map,0,noun,0.68,12,9,classroom_things:CLASSROOM THINGS | reading_material:READING MATTER | national_parks:PARK WORDS | pirate_words:PIRATE WORDS | exploration_words:AGE OF EXPLORATION | camping_gear:CAMPING GEAR | hiking_words:HIKING WORDS | things_made_of_paper:PAPER THINGS | things_in_a_glove_box:GLOVE BOX | navigation_tools:NAVIGATION TOOLS | travel_documents:TRAVEL THINGS | gas_station_things:GAS STATION,Candidate for sense decomposition; review category uses and add sense-specific display/casing.
448,tape,tape,0,noun,0.634,12,9,joining_actions:JOINING ACTIONS | school_supplies:SCHOOL SUPPLIES | sewing_and_repair:HOME REPAIR | things_in_a_junk_drawer:JUNK DRAWER | detective_procedures:FORENSICS WORDS | first_aid:FIRST AID | things_in_a_toolbox:TOOLBOX THINGS | sticky_things:STICKY THINGS | office_supplies:OFFICE SUPPLIES | adhesives:GLUES AND TAPES | painting_supplies:PAINTING SUPPLIES | painting_trade:HOUSE PAINTING,Candidate for sense decomposition; review category uses and add sense-specific display/casing.
4880,battery,battery,0,noun,0.646,12,8,photography_hobby:PHOTOGRAPHY GEAR | things_in_a_junk_drawer:JUNK DRAWER | recycled_materials:RECYCLABLE MATERIALS | things_that_shrink:SHRINKING THINGS | energy_words:ENERGY WORDS | inventions:INVENTIONS | electricity_words:ELECTRICITY WORDS | computer_parts:COMPUTER PARTS | phone_words:PHONE WORDS | power_and_batteries:POWER WORDS | auto_repair:AUTO REPAIR | car_parts:CAR PARTS,Candidate for sense decomposition; review category uses and add sense-specific display/casing.
3191,camera,camera,0,noun,0.696,12,8,movie_words:FILM MAKING | fashion_show:FASHION SHOW | birdwatching:BIRDWATCHING THINGS | photography_hobby:PHOTOGRAPHY GEAR | things_with_buttons:THINGS WITH BUTTONS | inventions:INVENTIONS | astronaut_gear:ASTRONAUT GEAR | phone_words:PHONE WORDS | gadgets:GADGETS | screens:THINGS WITH SCREENS | security_tech:SECURITY DEVICES | travel_documents:TRAVEL THINGS,Candidate for sense decomposition; review category uses and add sense-specific display/casing.
345,sand,sand,0,noun,0.634,12,8,building_actions:BUILDING ACTIONS | sculpture_materials:SCULPTURE MATERIALS | soil_words:SOIL WORDS | words_before_box:___ BOX | words_before_bag:___ BAG | words_before_paper:___ PAPER | words_before_stone:___ STONE | powders:POWDERS | desert_things:DESERT THINGS | sea_shore_things:BEACH THINGS | ocean_products:SEA HARVEST | soft_things:SOFT THINGS,Candidate for sense decomposition; review category uses and add sense-specific display/casing.
529,seed,seed,0,noun,0.624,12,7,garden_actions:GARDEN ACTIONS | birdwatching:BIRDWATCHING THINGS | tree_parts:TREE PARTS | flower_parts:FLOWER PARTS | underground_things:UNDERGROUND THINGS | animal_tracks_and_signs:DIRT THINGS | pine_and_cones:CONIFER WORDS | seeds_and_bulbs:SEEDS AND BULBS | plant_parts:PLANT PARTS | gardening_words:GARDENING WORDS | light_things:LIGHT THINGS | landscaping_words:LANDSCAPING WORDS,Candidate for sense decomposition; review category uses and add sense-specific display/casing.
3642,cherry,cherry,0,noun,0.597,12,6,fruits:FRUITS | berries:BERRIES | pie_ingredients:PIE INGREDIENTS | ice_cream_flavors:ICE CREAM | pie_types:PIE TYPES | toppings_and_garnish:GARNISHES | dessert_toppings:DESSERT TOPPINGS | trees:TREES | things_with_seeds:THINGS WITH SEEDS | fruit_trees:FRUIT TREES | red_things:RED THINGS | tomato_varieties:TOMATO VARIETIES,Candidate for sense decomposition; review category uses and add sense-specific display/casing.
3492,corn,corn,0,noun,0.599,12,6,farm_products:FARM PRODUCTS | vegetables:VEGETABLES | grains_and_beans:GRAINS AND BEANS | salad_ingredients:SALAD INGREDIENTS | soup_ingredients:SOUP INGREDIENTS | bbq_foods:BARBECUE FOODS | thanksgiving_foods:THANKSGIVING FOODS | words_before_cake:___ CAKE | things_with_seeds:THINGS WITH SEEDS | crops:FARM CROPS | grasses:GRASSES | yellow_things:YELLOW THINGS,Candidate for sense decomposition; review category uses and add sense-specific display/casing.
2246,gloves,gloves,0,noun,0.577,11,10,accessories:ACCESSORIES | beekeeping:BEEKEEPING THINGS | fashion_accessories:FASHION ACCESSORIES | gardening_hobby:GARDEN HOBBY | cleaning_supplies:CLEANING SUPPLIES | first_aid:FIRST AID | things_that_come_in_pairs:PAIRED THINGS | diving_gear:DIVING GEAR | garden_tools:GARDEN TOOLS | safety_gear:SAFETY GEAR | cleaning_trade:JANITORIAL WORDS,Candidate for sense decomposition; review category uses and add sense-specific display/casing.
2841,compass,compass,0,noun,0.534,11,9,school_supplies:SCHOOL SUPPLIES | map_words:MAP WORDS | pirate_words:PIRATE WORDS | exploration_words:AGE OF EXPLORATION | camping_gear:CAMPING GEAR | military_things:MILITARY EQUIPMENT | diving_gear:DIVING GEAR | navigation_tools:NAVIGATION TOOLS | inventions:INVENTIONS | measurement_devices:MEASURING DEVICES | measuring_tools:MEASURING TOOLS,Candidate for sense decomposition; review category uses and add sense-specific display/casing.
1758,coin,coin,0,noun,0.599,11,8,money_words:MONEY WORDS | coins_and_bills:US MONEY | magic_words:MAGIC SHOW | collecting_hobbies:COLLECTIBLES | magic_tricks:MAGIC PROPS | things_in_a_junk_drawer:JUNK DRAWER | things_made_of_metal:METAL THINGS | things_that_have_a_face:FACED THINGS | round_things:ROUND THINGS | shiny_things:SHINY THINGS | things_that_spin:SPINNING THINGS,Candidate for sense decomposition; review category uses and add sense-specific display/casing.
1883,bag,bag,0,noun,0.684,11,7,shopping_words:SHOPPING WORDS | photography_hobby:PHOTOGRAPHY GEAR | trash_and_recycling:TRASH THINGS | storage_containers:CONTAINERS | words_after_book:WORDS AFTER BOOK | words_after_hand:HAND ___ | words_after_air:AIR ___ | things_made_of_paper:PAPER THINGS | things_made_of_plastic:PLASTIC THINGS | things_you_recycle:TRASH ITEMS | boxes_and_cases:TOOL STORAGE,Candidate for sense decomposition; review category uses and add sense-specific display/casing.
3032,net,net,0,noun,0.68,11,7,gym_class_things:GYM CLASS | circus_words:CIRCUS WORDS | fishing_hobby:FISHING TRIP | words_before_work:___ WORK | harbor_things:HARBOR THINGS | whaling_and_fishing:FISHING FLEET | things_with_holes:THINGS WITH HOLES | soccer_words:SOCCER WORDS | hockey_words:HOCKEY WORDS | tennis_words:TENNIS WORDS | fishing_things:FISHING THINGS,Candidate for sense decomposition; review category uses and add sense-specific display/casing.
3751,salt,salt,0,noun,0.657,11,7,pie_ingredients:PIE INGREDIENTS | baking_ingredients:BAKING INGREDIENTS | soup_ingredients:SOUP INGREDIENTS | pantry_staples:PANTRY STAPLES | powders:POWDERS | superstitions:SUPERSTITION THINGS | rocks_and_minerals:ROCKS AND MINERALS | ocean_products:SEA HARVEST | white_things:WHITE THINGS | chemistry_words:CHEMISTRY WORDS | experiments:DISSOLVING THINGS,Candidate for sense decomposition; review category uses and add sense-specific display/casing.
1160,balloon,balloon,0,noun,0.557,11,6,decorative_things:DECORATIONS | party_things:PARTY THINGS | instruments_you_strum:THINGS WITH STRINGS | cloud_and_sky:SKY WORDS | round_things:ROUND THINGS | light_things:LIGHT THINGS | things_that_float:FLOATING THINGS | things_that_stretch:STRETCHY THINGS | things_that_shrink:SHRINKING THINGS | birthday_things:BIRTHDAY THINGS | aircraft:AIRCRAFT,Candidate for sense decomposition; review category uses and add sense-specific display/casing.
3406,bucket,bucket,0,noun,0.581,11,6,barn_things:BARN THINGS | fishing_hobby:FISHING TRIP | cleaning_supplies:CLEANING SUPPLIES | things_that_hold_water:WATER HOLDERS | storage_containers:CONTAINERS | things_made_of_plastic:PLASTIC THINGS | workshop_things:WORKSHOP THINGS | cleaning_tools:CLEANING TOOLS | things_with_handles:THINGS WITH HANDLES | boxes_and_cases:TOOL STORAGE | cleaning_trade:JANITORIAL WORDS,Candidate for sense decomposition; review category uses and add sense-specific display/casing.
2174,glove,glove,0,noun,0.533,11,6,clothing_items:CLOTHING ITEMS | winter_clothing:WINTER CLOTHING | things_you_button:BUTTONED THINGS | things_worn_on_hands:HAND WEAR | words_before_box:___ BOX | things_made_of_leather:LEATHER THINGS | things_made_of_rubber:RUBBER THINGS | astronaut_gear:ASTRONAUT GEAR | baseball_equipment:BASEBALL EQUIPMENT | sports_gear_worn:PROTECTIVE GEAR | boxing_words:BOXING WORDS,Candidate for sense decomposition; review category uses and add sense-specific display/casing.
2838,scissors,scissors,0,noun,0.511,11,6,school_supplies:SCHOOL SUPPLIES | art_class_things:ART CLASS | things_in_a_junk_drawer:JUNK DRAWER | first_aid:FIRST AID | things_that_come_in_pairs:PAIRED THINGS | office_supplies:OFFICE SUPPLIES | sewing_supplies:SEWING SUPPLIES | cutting_tools:CUTTING TOOLS | art_supplies:ART SUPPLIES | things_that_cut:SHARP THINGS | barbershop_words:BARBERSHOP WORDS,Candidate for sense decomposition; review category uses and add sense-specific display/casing.
1110,fire,fire,0,noun,0.757,11,5,pottery_words:POTTERY WORDS | kitchen_brigade:KITCHEN SLANG | words_before_ball:___ BALL | words_before_light:___ LIGHT | words_before_man:___ MAN | words_before_work:___ WORK | words_before_side:___ SIDE | words_after_back:BACK ___ | words_before_proof:___ PROOF | light_sources:LIGHT SOURCES | hot_things:HOT THINGS,Candidate for sense decomposition; review category uses and add sense-specific display/casing.
1153,candle,candle,0,noun,0.554,10,9,decorative_things:DECORATIONS | party_things:PARTY THINGS | things_that_melt:MELTING THINGS | lighting:LIGHTING | words_before_light:___ LIGHT | light_sources:LIGHT SOURCES | hot_things:HOT THINGS | things_that_shrink:SHRINKING THINGS | church_things:CHURCH THINGS | birthday_things:BIRTHDAY THINGS,Candidate for sense decomposition; review category uses and add sense-specific display/casing.
1095,rope,rope,0,noun,0.58,10,9,museum_words:MUSEUM WORDS | things_you_tie:TIED THINGS | magic_words:MAGIC SHOW | barn_things:BARN THINGS | camping_gear:CAMPING GEAR | magic_tricks:MAGIC PROPS | harbor_things:HARBOR THINGS | long_thin_things:THIN THINGS | gym_equipment:GYM EQUIPMENT | sailing_words:SAILING WORDS,Candidate for sense decomposition; review category uses and add sense-specific display/casing.
1376,thermometer,thermometer,0,noun,0.46,10,8,medicine_cabinet:MEDICINE CABINET | kitchen_tools:KITCHEN TOOLS | weather_instruments:WEATHER INSTRUMENTS | things_made_of_glass:GLASS THINGS | medical_tools:MEDICAL TOOLS | first_aid:FIRST AID | lab_equipment:LAB EQUIPMENT | measurement_devices:MEASURING DEVICES | measuring_tools:MEASURING TOOLS | kitchen_gadgets:KITCHEN GADGETS,Candidate for sense decomposition; review category uses and add sense-specific display/casing.
5036,tire,tire,0,noun,0.574,10,8,things_in_a_garage:GARAGE THINGS | words_after_snow:SNOW ___ | things_made_of_rubber:RUBBER THINGS | round_things:ROUND THINGS | black_things:BLACK THINGS | cycling_words:CYCLING WORDS | racing_words:MOTOR RACING | things_that_spin:SPINNING THINGS | car_parts:CAR PARTS | parts_of_a_bike:BICYCLE PARTS,Candidate for sense decomposition; review category uses and add sense-specific display/casing.
1188,olive,olive,0,noun,0.584,10,7,color_words_advanced:SHADES OF COLOR | pizza_toppings:PIZZA TOPPINGS | salad_ingredients:SALAD INGREDIENTS | toppings_and_garnish:GARNISHES | trees_more:MORE TREES | fruit_trees:FRUIT TREES | black_things:BLACK THINGS | colors:COLORS | greek_dishes:GREEK DISHES | fermented_foods:PICKLED FOODS,Candidate for sense decomposition; review category uses and add sense-specific display/casing.
2472,rose,rose,1,noun,0.689,10,7,flags_and_symbols:NATIONAL SYMBOLS | perfume_words:FRAGRANCE WORDS | nature_names:NATURE NAMES | short_names:SHORT NAMES | flowers:FLOWERS | garden_plants:GARDEN PLANTS | garden_flowers_summer:SUMMER FLOWERS | shrubs:SHRUBS AND BUSHES | red_things:RED THINGS | wines_and_drinks:WINE & BEER,Candidate for sense decomposition; review category uses and add sense-specific display/casing.
2173,scarf,scarf,0,noun,0.526,10,7,clothing_items:CLOTHING ITEMS | winter_clothing:WINTER CLOTHING | accessories:ACCESSORIES | things_you_tie:TIED THINGS | magic_words:MAGIC SHOW | fashion_accessories:FASHION ACCESSORIES | magic_tricks:MAGIC PROPS | seasons_winter:WINTER THINGS | juggling_words:JUGGLING WORDS | fan_things:FAN THINGS,Candidate for sense decomposition; review category uses and add sense-specific display/casing.
4117,glacier,glacier,1,noun,0.511,10,6,things_that_melt:MELTING THINGS | landforms:LANDFORMS | cold_places:COLD PLACES | water_states:FORMS OF WATER | mountain_things:MOUNTAIN THINGS | national_parks_us:NATIONAL PARKS | cold_things:COLD THINGS | slow_things:SLOW THINGS | things_that_shrink:SHRINKING THINGS | rock_cycle_words:GEOLOGY WORDS,Candidate for sense decomposition; review category uses and add sense-specific display/casing.
1774,receipt,receipt,0,noun,0.56,10,6,money_words:MONEY WORDS | shopping_words:SHOPPING WORDS | restaurant_words:RESTAURANT WORDS | things_in_a_junk_drawer:JUNK DRAWER | accounting_words:ACCOUNTING WORDS | things_made_of_paper:PAPER THINGS | things_in_a_wallet:WALLET THINGS | things_in_a_purse:PURSE THINGS | things_you_recycle:TRASH ITEMS | gas_station_things:GAS STATION,Candidate for sense decomposition; review category uses and add sense-specific display/casing.
4550,sun,sun,0,noun,0.71,10,6,hot_places:HOT PLACES | words_before_light:___ LIGHT | words_before_fish:___ FISH | words_before_room:___ ROOM | cloud_and_sky:SKY WORDS | light_sources:LIGHT SOURCES | yellow_things:YELLOW THINGS | hot_things:HOT THINGS | space_objects:SPACE OBJECTS | solar_system_words:SOLAR SYSTEM,Candidate for sense decomposition; review category uses and add sense-specific display/casing.
1390,bed,bed,0,noun,0.724,10,5,hospital_things:HOSPITAL THINGS | furniture:FURNITURE | bedroom_things:BEDROOM THINGS | pet_supplies:PET SUPPLIES | words_after_water:WATER ___ | words_before_side:___ SIDE | words_before_room:___ ROOM | words_before_time:___ TIME | river_features:RIVER FEATURES | gardening_words:GARDENING WORDS,Candidate for sense decomposition; review category uses and add sense-specific display/casing.
3473,honey,honey,0,noun,0.624,10,5,beekeeping:BEEKEEPING THINGS | farm_products:FARM PRODUCTS | baking_ingredients:BAKING INGREDIENTS | condiments:CONDIMENTS | things_you_spread:SPREADS | pantry_staples:PANTRY STAPLES | yellow_things:YELLOW THINGS | sticky_things:STICKY THINGS | experiments:DISSOLVING THINGS | honey_and_syrups:SYRUPS AND SWEETENERS,Candidate for sense decomposition; review category uses and add sense-specific display/casing.
3664,tomato,tomato,0,noun,0.55,10,5,vegetables:VEGETABLES | pizza_toppings:PIZZA TOPPINGS | sandwich_fillings:SANDWICH FILLINGS | salad_ingredients:SALAD INGREDIENTS | soup_ingredients:SOUP INGREDIENTS | words_before_sauce:___ SAUCE | things_with_seeds:THINGS WITH SEEDS | garden_plants:GARDEN PLANTS | red_things:RED THINGS | soups:SOUPS AND STEWS,Candidate for sense decomposition; review category uses and add sense-specific display/casing.
811,saddle,saddle,0,noun,0.533,9,8,horse_words:HORSE WORDS | barn_things:BARN THINGS | ranch_words:RANCH WORDS | knights_and_armor:KNIGHT THINGS | words_before_bag:___ BAG | things_made_of_leather:LEATHER THINGS | cycling_words:CYCLING WORDS | equestrian_words:HORSE RIDING | parts_of_a_bike:BICYCLE PARTS,Candidate for sense decomposition; review category uses and add sense-specific display/casing.
5678,alarm,alarm,0,noun,0.611,9,7,words_after_fire:FIRE ___ | sleep_and_rest:SLEEP WORDS | things_that_ring:RINGING THINGS | loud_things:LOUD THINGS | city_sounds:CITY SOUNDS | phone_words:PHONE WORDS | home_electronics:HOME ELECTRONICS | security_tech:SECURITY DEVICES | clock_words:CLOCK WORDS,Candidate for sense decomposition; review category uses and add sense-specific display/casing.
2248,backpack,backpack,0,noun,0.54,9,7,accessories:ACCESSORIES | things_with_pockets:THINGS WITH POCKETS | school_supplies:SCHOOL SUPPLIES | bags:BAGS AND CASES | camping_gear:CAMPING GEAR | hiking_words:HIKING WORDS | military_things:MILITARY EQUIPMENT | astronaut_gear:ASTRONAUT GEAR | travel_documents:TRAVEL THINGS,Candidate for sense decomposition; review category uses and add sense-specific display/casing.
3942,coffee,coffee,0,noun,0.694,9,7,hot_drinks:HOT DRINKS | ice_cream_flavors:ICE CREAM | pantry_staples:PANTRY STAPLES | words_before_cake:___ CAKE | liquids:LIQUIDS | vending_machine_items:VENDING MACHINE | tropical_plants:TROPICAL PLANTS | experiments:DISSOLVING THINGS | gas_station_things:GAS STATION,Candidate for sense decomposition; review category uses and add sense-specific display/casing.
3453,ladder,ladder,0,noun,0.576,9,7,orchard_words:ORCHARD WORDS | things_in_a_garage:GARAGE THINGS | things_made_of_wood:WOODEN THINGS | things_made_of_metal:METAL THINGS | superstitions:SUPERSTITION THINGS | high_places:HIGH PLACES | painting_supplies:PAINTING SUPPLIES | painting_trade:HOUSE PAINTING | roofing_words:ROOFING WORDS,Candidate for sense decomposition; review category uses and add sense-specific display/casing.
346,paint,paint,0,noun,0.646,9,7,building_actions:BUILDING ACTIONS | art_class_things:ART CLASS | model_building:MODEL KITS | crafting_materials:CRAFT MATERIALS | things_in_a_garage:GARAGE THINGS | liquids:LIQUIDS | horse_breeds:HORSE BREEDS | painting_supplies:PAINTING SUPPLIES | art_supplies:ART SUPPLIES,Candidate for sense decomposition; review category uses and add sense-specific display/casing.
2847,paper,paper,0,noun,0.724,9,7,school_supplies:SCHOOL SUPPLIES | crafting_materials:CRAFT MATERIALS | words_before_work:___ WORK | recycled_materials:RECYCLABLE MATERIALS | things_that_burn:FUELS | white_things:WHITE THINGS | light_things:LIGHT THINGS | art_supplies:ART SUPPLIES | printing_words:PRINTING WORDS,Candidate for sense decomposition; review category uses and add sense-specific display/casing.
838,shell,shell,0,noun,0.627,9,7,animal_homes:ANIMAL HOMES | animal_coverings:ANIMAL COVERINGS | collecting_hobbies:COLLECTIBLES | things_that_open:OPENING THINGS | words_before_fish:___ FISH | sea_shore_things:BEACH THINGS | ocean_products:SEA HARVEST | hard_things:HARD THINGS | things_that_break:FRAGILE THINGS,Candidate for sense decomposition; review category uses and add sense-specific display/casing.
4419,tower,tower,0,noun,0.643,9,7,city_words:CITY WORDS | castle_things:CASTLE THINGS | aviation_words:AVIATION WORDS | words_after_water:WATER ___ | wizards_and_spells:WIZARD WORDS | fairy_tale_things:TALE OBJECTS | kinds_of_buildings:KINDS OF BUILDINGS | high_places:HIGH PLACES | computer_parts:COMPUTER PARTS,Candidate for sense decomposition; review category uses and add sense-specific display/casing.
4867,cup,cup,0,noun,0.73,9,6,board_game_pieces:GAME PIECES | magic_tricks:MAGIC PROPS | dishes_and_glassware:DISHES | things_that_hold_water:WATER HOLDERS | words_before_cake:___ CAKE | words_before_board:___ BOARD | things_made_of_plastic:PLASTIC THINGS | sports_gear_worn:PROTECTIVE GEAR | things_measured_in_inches:MEASURING UNITS,Candidate for sense decomposition; review category uses and add sense-specific display/casing.
4792,flashlight,flashlight,0,noun,0.494,9,6,camping_gear:CAMPING GEAR | lighting:LIGHTING | things_in_a_junk_drawer:JUNK DRAWER | police_things:POLICE THINGS | things_on_a_keychain:KEYCHAIN THINGS | things_in_a_toolbox:TOOLBOX THINGS | things_in_a_glove_box:GLOVE BOX | light_sources:LIGHT SOURCES | diving_gear:DIVING GEAR,Candidate for sense decomposition; review category uses and add sense-specific display/casing.
3410,milk,milk,0,noun,0.666,9,6,dairy_words:DAIRY FARM | farm_products:FARM PRODUCTS | baking_ingredients:BAKING INGREDIENTS | dairy_products:DAIRY PRODUCTS | cold_drinks:COLD DRINKS | words_before_man:___ MAN | liquids:LIQUIDS | body_fluids:BODY FLUIDS | white_things:WHITE THINGS,Candidate for sense decomposition; review category uses and add sense-specific display/casing.
3745,sugar,sugar,0,noun,0.669,9,6,pie_ingredients:PIE INGREDIENTS | baking_ingredients:BAKING INGREDIENTS | things_that_melt:MELTING THINGS | pantry_staples:PANTRY STAPLES | cookie_types:COOKIE TYPES | powders:POWDERS | nutrition_words:NUTRITION WORDS | white_things:WHITE THINGS | experiments:DISSOLVING THINGS,Candidate for sense decomposition; review category uses and add sense-specific display/casing.
5799,cloud,cloud,0,noun,0.637,9,5,words_after_rain:RAIN ___ | weather_words:WEATHER WORDS | cloud_and_sky:SKY WORDS | water_states:FORMS OF WATER | night_sky_things:NIGHT SKY | white_things:WHITE THINGS | soft_things:SOFT THINGS | quiet_things:QUIET THINGS | internet_words:INTERNET WORDS,Candidate for sense decomposition; review category uses and add sense-specific display/casing.
7229,moss,moss,0,noun,0.556,9,5,wild_plants:WILD PLANTS | things_in_the_forest:FOREST THINGS | things_that_grow:GROWING THINGS | cave_things:CAVE THINGS | mosses_and_lichens:MOSS & LICHEN | weeds:WEEDS | water_plants:WATER PLANTS | green_things:GREEN THINGS | soft_things:SOFT THINGS,Candidate for sense decomposition; review category uses and add sense-specific display/casing.
1053,pencil,pencil,0,noun,0.564,9,5,art_tools:ART TOOLS | school_supplies:SCHOOL SUPPLIES | writing_tools:WRITING TOOLS | things_made_of_wood:WOODEN THINGS | things_that_are_sharp:POINTED THINGS | long_thin_things:THIN THINGS | things_that_shrink:SHRINKING THINGS | office_supplies:OFFICE SUPPLIES | art_supplies:ART SUPPLIES,Candidate for sense decomposition; review category uses and add sense-specific display/casing.
5694,black,black,0,noun,0.78,9,4,words_before_box:___ BOX | words_before_board:___ BOARD | words_before_berry:___ BERRY | words_before_bird:___ BIRD | colors:COLORS | rice_types:RICE TYPES | bean_types:BEAN TYPES | olive_types:OLIVE TYPES | teas:TEAS,Candidate for sense decomposition; review category uses and add sense-specific display/casing.
1209,glass,glass,0,noun,0.693,9,4,sculpture_materials:SCULPTURE MATERIALS | dishes_and_glassware:DISHES | things_that_hold_water:WATER HOLDERS | building_materials:BUILDING MATERIALS | recycled_materials:RECYCLABLE MATERIALS | hard_things:HARD THINGS | shiny_things:SHINY THINGS | transparent_things:CLEAR THINGS | things_that_break:FRAGILE THINGS,Candidate for sense decomposition; review category uses and add sense-specific display/casing.
7121,leaf,leaf,0,noun,0.603,9,4,tree_parts:TREE PARTS | flower_parts:FLOWER PARTS | things_in_the_forest:FOREST THINGS | things_that_grow:GROWING THINGS | seasons_fall:FALL THINGS | plant_parts:PLANT PARTS | green_things:GREEN THINGS | light_things:LIGHT THINGS | things_that_float:FLOATING THINGS,Candidate for sense decomposition; review category uses and add sense-specific display/casing.
564,chicken,chicken,0,noun,0.661,9,3,farm_animals:FARM ANIMALS | birds:BIRDS | farm_bird_words:POULTRY | livestock:LIVESTOCK | pizza_toppings:PIZZA TOPPINGS | sandwich_fillings:SANDWICH FILLINGS | soup_ingredients:SOUP INGREDIENTS | meats:MEATS | bbq_foods:BARBECUE FOODS,Candidate for sense decomposition; review category uses and add sense-specific display/casing.
1888,basket,basket,0,noun,0.581,8,7,shopping_words:SHOPPING WORDS | orchard_words:ORCHARD WORDS | laundry_things:LAUNDRY THINGS | storage_containers:CONTAINERS | words_before_ball:___ BALL | things_with_handles:THINGS WITH HANDLES | parts_of_a_bike:BICYCLE PARTS | world_markets:MARKET WORDS,Candidate for sense decomposition; review category uses and add sense-specific display/casing.
2243,belt,belt,0,noun,0.631,8,7,accessories:ACCESSORIES | things_you_tie:TIED THINGS | fashion_accessories:FASHION ACCESSORIES | things_made_of_leather:LEATHER THINGS | things_with_holes:THINGS WITH HOLES | boxing_words:BOXING WORDS | boxes_and_cases:TOOL STORAGE | auto_repair:AUTO REPAIR,Candidate for sense decomposition; review category uses and add sense-specific display/casing.
4857,boat,boat,0,noun,0.673,8,7,fishing_hobby:FISHING TRIP | words_before_house:___ HOUSE | harbor_things:HARBOR THINGS | things_that_float:FLOATING THINGS | yoga_poses:YOGA POSES | fishing_things:FISHING THINGS | vehicles:VEHICLES | things_that_carry_people:PEOPLE MOVERS,Candidate for sense decomposition; review category uses and add sense-specific display/casing.
1408,chair,chair,0,noun,0.67,8,7,dentist_things:DENTIST THINGS | classroom_things:CLASSROOM THINGS | video_gaming:GAMING SETUP | furniture:FURNITURE | words_before_man:___ MAN | things_made_of_wood:WOODEN THINGS | things_made_of_plastic:PLASTIC THINGS | barbershop_words:BARBERSHOP WORDS,Candidate for sense decomposition; review category uses and add sense-specific display/casing.
1436,lens,lens,0,noun,0.596,8,7,parts_of_the_eye:EYE PARTS | photography_hobby:PHOTOGRAPHY GEAR | things_made_of_glass:GLASS THINGS | vision_words:VISION WORDS | round_things:ROUND THINGS | transparent_things:CLEAR THINGS | telescope_words:TELESCOPE WORDS | photography_words:PHOTOGRAPHY WORDS,Candidate for sense decomposition; review category uses and add sense-specific display/casing.
3749,pumpkin,pumpkin,0,noun,0.547,8,7,pie_ingredients:PIE INGREDIENTS | pie_types:PIE TYPES | things_with_seeds:THINGS WITH SEEDS | garden_plants:GARDEN PLANTS | seasons_fall:FALL THINGS | vines:VINES AND CLIMBERS | halloween_things:HALLOWEEN THINGS | melons_and_squash:MELONS & SQUASH,Candidate for sense decomposition; review category uses and add sense-specific display/casing.
6004,siren,siren,0,noun,0.494,8,7,police_things:POLICE THINGS | emergency_words:EMERGENCY WORDS | mythical_monsters:MYTHICAL MONSTERS | sea_myths:SEA LEGENDS | loud_things:LOUD THINGS | city_sounds:CITY SOUNDS | bell_and_alarm:ALARM SOUNDS | security_tech:SECURITY DEVICES,Candidate for sense decomposition; review category uses and add sense-specific display/casing.
4865,timer,timer,0,noun,0.526,8,7,board_game_pieces:GAME PIECES | cooking_hobby:HOME BAKING | kitchen_tools:KITCHEN TOOLS | photography_terms:CAMERA SETTINGS | things_that_ring:RINGING THINGS | clock_words:CLOCK WORDS | kitchen_gadgets:KITCHEN GADGETS | baker_words:BAKERY WORDS,Candidate for sense decomposition; review category uses and add sense-specific display/casing.
518,water,water,0,noun,0.789,8,7,garden_actions:GARDEN ACTIONS | cold_drinks:COLD DRINKS | words_after_rain:RAIN ___ | words_before_proof:___ PROOF | liquids:LIQUIDS | vending_machine_items:VENDING MACHINE | gardening_words:GARDENING WORDS | transparent_things:CLEAR THINGS,Candidate for sense decomposition; review category uses and add sense-specific display/casing.
1104,wheel,wheel,0,noun,0.643,8,7,pottery_words:POTTERY WORDS | game_shows:GAME SHOWS | round_things:ROUND THINGS | religious_symbols:RELIGIOUS SYMBOLS | inventions:INVENTIONS | things_that_spin:SPINNING THINGS | car_parts:CAR PARTS | parts_of_a_bike:BICYCLE PARTS,Candidate for sense decomposition; review category uses and add sense-specific display/casing.
3454,crate,crate,0,noun,0.496,8,6,orchard_words:ORCHARD WORDS | storage_containers:CONTAINERS | things_made_of_wood:WOODEN THINGS | things_made_of_plastic:PLASTIC THINGS | whaling_and_fishing:FISHING FLEET | warehouse_words:WAREHOUSE WORDS | factory_words:FACTORY WORDS | world_markets:MARKET WORDS,Candidate for sense decomposition; review category uses and add sense-specific display/casing.
4548,engine,engine,0,noun,0.691,8,6,hot_places:HOT PLACES | hot_things:HOT THINGS | heavy_things:HEAVY THINGS | inventions:INVENTIONS | city_sounds:CITY SOUNDS | rocket_parts:ROCKET PARTS | car_parts:CAR PARTS | train_words:TRAIN WORDS,Candidate for sense decomposition; review category uses and add sense-specific display/casing.
2171,hat,hat,0,noun,0.647,8,6,clothing_items:CLOTHING ITEMS | accessories:ACCESSORIES | magic_words:MAGIC SHOW | fashion_accessories:FASHION ACCESSORIES | fishing_hobby:FISHING TRIP | magic_tricks:MAGIC PROPS | wizards_and_spells:WIZARD WORDS | birthday_things:BIRTHDAY THINGS,Candidate for sense decomposition; review category uses and add sense-specific display/casing.
355,level,level,0,noun,0.773,8,6,building_actions:BUILDING ACTIONS | video_game_words:GAMING WORDS | sewing_and_repair:HOME REPAIR | things_in_a_toolbox:TOOLBOX THINGS | hand_tools:HAND TOOLS | measuring_tools:MEASURING TOOLS | carpentry_words:CARPENTRY WORDS | masonry_words:MASONRY WORDS,Candidate for sense decomposition; review category uses and add sense-specific display/casing.
4597,sword,sword,0,noun,0.624,8,6,knights_and_armor:KNIGHT THINGS | weapons_of_the_past:OLD WEAPONS | pirate_words:PIRATE WORDS | words_before_fish:___ FISH | things_made_of_metal:METAL THINGS | magic_objects:MAGIC OBJECTS | things_that_are_sharp:POINTED THINGS | things_that_cut:SHARP THINGS,Candidate for sense decomposition; review category uses and add sense-specific display/casing.
3764,syrup,syrup,0,noun,0.537,8,6,baking_ingredients:BAKING INGREDIENTS | condiments:CONDIMENTS | drink_mixers:DRINK MIXERS | dessert_toppings:DESSERT TOPPINGS | liquids:LIQUIDS | medicine_forms:FORMS OF MEDICINE | sticky_things:STICKY THINGS | experiments:DISSOLVING THINGS,Candidate for sense decomposition; review category uses and add sense-specific display/casing.
1635,Charger,charger,1,proper_noun,0.52,8,5,car_models:CAR MODELS | things_that_plug_in:PLUGGED IN | things_in_a_purse:PURSE THINGS | things_in_a_glove_box:GLOVE BOX | computer_parts:COMPUTER PARTS | phone_words:PHONE WORDS | power_and_batteries:POWER WORDS | travel_documents:TRAVEL THINGS,Candidate for sense decomposition; review category uses and add sense-specific display/casing.
621,bee,bee,0,noun,0.584,8,5,insects:INSECTS | flying_animals:FLYING ANIMALS | spotted_and_striped:STRIPED ANIMALS | orchard_words:ORCHARD WORDS | seasons_spring:SPRING THINGS | garden_bugs:GARDEN BUGS | yellow_things:YELLOW THINGS | striped_things:STRIPED THINGS,Candidate for sense decomposition; review category uses and add sense-specific display/casing.
2878,clock,clock,0,noun,0.633,8,5,classroom_things:CLASSROOM THINGS | living_room_things:LIVING ROOM | things_on_a_wall:WALL THINGS | things_that_plug_in:PLUGGED IN | words_before_work:___ WORK | things_that_ring:RINGING THINGS | things_that_have_a_face:FACED THINGS | round_things:ROUND THINGS,Candidate for sense decomposition; review category uses and add sense-specific display/casing.
2254,cotton,cotton,0,noun,0.621,8,5,fabrics:FABRICS | farm_products:FARM PRODUCTS | fabric_types:FABRIC TYPES | insulating_materials:INSULATING MATERIALS | crops:FARM CROPS | white_things:WHITE THINGS | soft_things:SOFT THINGS | light_things:LIGHT THINGS,Candidate for sense decomposition; review category uses and add sense-specific display/casing.
857,hair,hair,0,noun,0.726,8,5,animal_coverings:ANIMAL COVERINGS | things_that_grow_on_you:BODY GROWTHS | words_before_ball:___ BALL | words_before_line:___ LINE | words_after_horse:HORSE ___ | things_that_grow:GROWING THINGS | light_things:LIGHT THINGS | long_thin_things:THIN THINGS,Candidate for sense decomposition; review category uses and add sense-specific display/casing.
561,horse,horse,0,noun,0.68,8,5,farm_animals:FARM ANIMALS | pack_animals:WORK ANIMALS | livestock:LIVESTOCK | ranch_words:RANCH WORDS | knights_and_armor:KNIGHT THINGS | wild_west:WILD WEST | transportation_history:HISTORIC TRANSPORT | things_that_carry_people:PEOPLE MOVERS,Candidate for sense decomposition; review category uses and add sense-specific display/casing.
3649,lime,lime,0,noun,0.551,8,5,fruits:FRUITS | citrus_fruits:CITRUS FRUITS | drink_mixers:DRINK MIXERS | words_before_light:___ LIGHT | words_before_stone:___ STONE | fruit_trees:FRUIT TREES | green_things:GREEN THINGS | colors:COLORS,Candidate for sense decomposition; review category uses and add sense-specific display/casing.
3730,rice,rice,0,noun,0.65,8,5,grains_and_beans:GRAINS AND BEANS | soup_ingredients:SOUP INGREDIENTS | pantry_staples:PANTRY STAPLES | words_before_cake:___ CAKE | crops:FARM CROPS | grasses:GRASSES | white_things:WHITE THINGS | wedding_things:WEDDING THINGS,Candidate for sense decomposition; review category uses and add sense-specific display/casing.
2180,robe,robe,0,noun,0.503,8,5,clothing_items:CLOTHING ITEMS | sleepwear:SLEEPWEAR | things_with_pockets:THINGS WITH POCKETS | royalty:ROYAL WORDS | bathroom_items:BATHROOM ITEMS | wizards_and_spells:WIZARD WORDS | church_things:CHURCH THINGS | monastery_life:MONASTERY THINGS,Candidate for sense decomposition; review category uses and add sense-specific display/casing.
2557,day,day,0,noun,0.85,8,4,opposites:OPPOSITES | alphabet_and_numbers:FIRST LESSONS | words_before_light:___ LIGHT | words_after_snow:SNOW ___ | words_after_sun:SUN ___ | words_before_time:___ TIME | calendar_words:CALENDAR WORDS | time_units:UNITS OF TIME,Candidate for sense decomposition; review category uses and add sense-specific display/casing.
1056,knife,knife,0,noun,0.63,8,4,art_tools:ART TOOLS | model_building:MODEL KITS | kitchen_tools:KITCHEN TOOLS | silverware:SILVERWARE | hand_tools:HAND TOOLS | cutting_tools:CUTTING TOOLS | things_with_handles:THINGS WITH HANDLES | things_that_cut:SHARP THINGS,Candidate for sense decomposition; review category uses and add sense-specific display/casing.
5078,phone,phone,0,noun,0.757,8,4,things_with_buttons:THINGS WITH BUTTONS | words_before_book:___ BOOK | words_after_head:HEAD ___ | things_in_a_purse:PURSE THINGS | things_that_ring:RINGING THINGS | gadgets:GADGETS | screens:THINGS WITH SCREENS | office_machines:OFFICE MACHINES,Candidate for sense decomposition; review category uses and add sense-specific display/casing.
3744,butter,butter,0,noun,0.629,8,3,pie_ingredients:PIE INGREDIENTS | baking_ingredients:BAKING INGREDIENTS | dairy_products:DAIRY PRODUCTS | cooking_fats:COOKING FATS | things_you_spread:SPREADS | things_that_melt:MELTING THINGS | yellow_things:YELLOW THINGS | lettuce_and_greens:SALAD GREENS,Candidate for sense decomposition; review category uses and add sense-specific display/casing.
610,turtle,turtle,0,noun,0.559,8,3,ocean_animals:OCEAN ANIMALS | pets:PETS | reptiles:REPTILES | pond_animals:POND ANIMALS | animals_with_shells:ANIMALS WITH SHELLS | coral_reef:CORAL REEF | green_things:GREEN THINGS | slow_things:SLOW THINGS,Candidate for sense decomposition; review category uses and add sense-specific display/casing.
6361,Jasmine,jasmine,1,proper_noun,0.516,7,7,disney_characters:DISNEY CHARACTERS | nature_names:NATURE NAMES | flowers:FLOWERS | vines:VINES AND CLIMBERS | rice_types:RICE TYPES | teas:TEAS | tropical_flowers:TROPICAL FLOWERS,Candidate for sense decomposition; review category uses and add sense-specific display/casing.
1877,aisle,aisle,0,noun,0.531,7,7,shopping_words:SHOPPING WORDS | library_words:LIBRARY WORDS | theater_words:THEATER WORDS | church_things:CHURCH THINGS | wedding_things:WEDDING THINGS | warehouse_words:WAREHOUSE WORDS | airport_words:AIRPORT WORDS,Candidate for sense decomposition; review category uses and add sense-specific display/casing.
4620,anchor,anchor,0,noun,0.574,7,7,pirate_words:PIRATE WORDS | media_jobs:MEDIA JOBS | things_made_of_metal:METAL THINGS | harbor_things:HARBOR THINGS | heavy_things:HEAVY THINGS | fasteners:FASTENERS | sailing_words:SAILING WORDS,Candidate for sense decomposition; review category uses and add sense-specific display/casing.
1217,chain,chain,0,noun,0.664,7,7,jewelry_making:JEWELRY SUPPLIES | jewelry:JEWELRY | magic_words:MAGIC SHOW | things_made_of_metal:METAL THINGS | cycling_words:CYCLING WORDS | locksmith_words:LOCKS & KEYS | parts_of_a_bike:BICYCLE PARTS,Candidate for sense decomposition; review category uses and add sense-specific display/casing.
3027,cone,cone,0,noun,0.547,7,7,gym_class_things:GYM CLASS | words_after_snow:SNOW ___ | tree_parts:TREE PARTS | pine_and_cones:CONIFER WORDS | things_that_are_sharp:POINTED THINGS | shapes:SHAPES | road_things:ROAD THINGS,Candidate for sense decomposition; review category uses and add sense-specific display/casing.
1090,frame,frame,0,noun,0.654,7,7,museum_words:MUSEUM WORDS | beekeeping:BEEKEEPING THINGS | words_before_work:___ WORK | vision_words:VISION WORDS | bowling_words:BOWLING WORDS | photography_words:PHOTOGRAPHY WORDS | parts_of_a_bike:BICYCLE PARTS,Candidate for sense decomposition; review category uses and add sense-specific display/casing.
3443,hose,hose,0,noun,0.533,7,7,irrigation:IRRIGATION THINGS | gardening_hobby:GARDEN HOBBY | things_in_a_garage:GARAGE THINGS | things_made_of_rubber:RUBBER THINGS | gardening_words:GARDENING WORDS | garden_tools:GARDEN TOOLS | auto_repair:AUTO REPAIR,Candidate for sense decomposition; review category uses and add sense-specific display/casing.
1157,lantern,lantern,0,noun,0.516,7,7,decorative_things:DECORATIONS | barn_things:BARN THINGS | national_parks:PARK WORDS | colonial_america:COLONIAL AMERICA | camping_gear:CAMPING GEAR | lighting:LIGHTING | light_sources:LIGHT SOURCES,Candidate for sense decomposition; review category uses and add sense-specific display/casing.
1764,wallet,wallet,0,noun,0.593,7,7,money_words:MONEY WORDS | accessories:ACCESSORIES | bags:BAGS AND CASES | things_that_open:OPENING THINGS | things_made_of_leather:LEATHER THINGS | things_in_a_purse:PURSE THINGS | travel_documents:TRAVEL THINGS,Candidate for sense decomposition; review category uses and add sense-specific display/casing.
1214,wire,wire,0,noun,0.633,7,7,jewelry_making:JEWELRY SUPPLIES | crafting_materials:CRAFT MATERIALS | sewing_and_repair:HOME REPAIR | things_made_of_metal:METAL THINGS | long_thin_things:THIN THINGS | electricity_words:ELECTRICITY WORDS | electrical_words:ELECTRICAL WORDS,Candidate for sense decomposition; review category uses and add sense-specific display/casing.
2959,book,book,0,noun,0.776,7,6,library_words:LIBRARY WORDS | reading_material:READING MATTER | things_that_open:OPENING THINGS | words_before_bag:___ BAG | words_after_hand:HAND ___ | things_made_of_paper:PAPER THINGS | wizards_and_spells:WIZARD WORDS,Candidate for sense decomposition; review category uses and add sense-specific display/casing.
3282,box,box,0,noun,0.72,7,6,magic_words:MAGIC SHOW | magic_tricks:MAGIC PROPS | things_that_open:OPENING THINGS | storage_containers:CONTAINERS | things_you_recycle:TRASH ITEMS | square_things:SQUARE THINGS | warehouse_words:WAREHOUSE WORDS,Candidate for sense decomposition; review category uses and add sense-specific display/casing.
1103,clay,clay,0,noun,0.613,7,6,pottery_words:POTTERY WORDS | sculpture_materials:SCULPTURE MATERIALS | art_class_things:ART CLASS | soil_words:SOIL WORDS | crafting_materials:CRAFT MATERIALS | rocks_and_minerals:ROCKS AND MINERALS | art_supplies:ART SUPPLIES,Candidate for sense decomposition; review category uses and add sense-specific display/casing.
600,crab,crab,0,noun,0.537,7,6,ocean_animals:OCEAN ANIMALS | animals_with_shells:ANIMALS WITH SHELLS | crustaceans:CRUSTACEANS | seafood:SEAFOOD | words_before_cake:___ CAKE | sea_shore_things:BEACH THINGS | shellfish:SHELLFISH,Candidate for sense decomposition; review category uses and add sense-specific display/casing.
1452,cut,cut,0,noun,0.749,7,6,things_that_hurt:PAINFUL THINGS | card_words:CARD WORDS | movie_words:FILM MAKING | gem_cuts:GEM CUTS | injuries:INJURIES | card_tricks:CARD TRICKS | butcher_words:BUTCHER SHOP,Candidate for sense decomposition; review category uses and add sense-specific display/casing.
1941,envelope,envelope,0,noun,0.551,7,6,mail_words:MAIL WORDS | things_that_open:OPENING THINGS | storage_containers:CONTAINERS | things_made_of_paper:PAPER THINGS | things_you_recycle:TRASH ITEMS | square_things:SQUARE THINGS | office_supplies:OFFICE SUPPLIES,Candidate for sense decomposition; review category uses and add sense-specific display/casing.
4878,filter,filter,0,noun,0.611,7,6,photography_hobby:PHOTOGRAPHY GEAR | words_before_paper:___ PAPER | lab_actions:SCIENCE ACTIONS | telescope_words:TELESCOPE WORDS | social_media_words:SOCIAL MEDIA | photography_words:PHOTOGRAPHY WORDS | auto_repair:AUTO REPAIR,Candidate for sense decomposition; review category uses and add sense-specific display/casing.
2316,goggles,goggles,0,noun,0.479,7,6,swimwear:SWIMWEAR | eyewear:EYEWEAR | lab_equipment:LAB EQUIPMENT | sports_gear_worn:PROTECTIVE GEAR | skiing_words:SKIING WORDS | workshop_things:WORKSHOP THINGS | safety_gear:SAFETY GEAR,Candidate for sense decomposition; review category uses and add sense-specific display/casing.
524,harvest,harvest,0,noun,0.576,7,6,garden_actions:GARDEN ACTIONS | orchard_words:ORCHARD WORDS | vineyard_words:VINEYARD WORDS | things_on_a_farm:FARM THINGS | seasons_and_nature:SEASONAL WORDS | seasons_fall:FALL THINGS | gardening_words:GARDENING WORDS,Candidate for sense decomposition; review category uses and add sense-specific display/casing.
2889,library,library,0,noun,0.694,7,6,school_places:SCHOOL PLACES | town_places:TOWN PLACES | quiet_places:QUIET PLACES | kinds_of_buildings:KINDS OF BUILDINGS | quiet_things:QUIET THINGS | monastery_life:MONASTERY THINGS | programming_words:PROGRAMMING WORDS,Candidate for sense decomposition; review category uses and add sense-specific display/casing.
3597,mask,mask,0,noun,0.616,7,6,eyewear:EYEWEAR | things_that_have_a_face:FACED THINGS | diving_gear:DIVING GEAR | baseball_equipment:BASEBALL EQUIPMENT | sports_gear_worn:PROTECTIVE GEAR | halloween_things:HALLOWEEN THINGS | safety_gear:SAFETY GEAR,Candidate for sense decomposition; review category uses and add sense-specific display/casing.
5091,pool,pool,0,noun,0.667,7,6,things_that_hold_water:WATER HOLDERS | body_of_water_types:WATER FEATURES | bodies_of_water:BODIES OF WATER | cave_things:CAVE THINGS | seasons_summer:SUMMER THINGS | sports_venues:SPORTS VENUES | hotel_words:HOTEL WORDS,Candidate for sense decomposition; review category uses and add sense-specific display/casing.
2325,ribbon,ribbon,0,noun,0.544,7,6,things_you_tie:TIED THINGS | party_things:PARTY THINGS | candy_shapes:CANDY TYPES | crafting_materials:CRAFT MATERIALS | striped_things:STRIPED THINGS | long_thin_things:THIN THINGS | art_supplies:ART SUPPLIES,Candidate for sense decomposition; review category uses and add sense-specific display/casing.
236,steam,steam,0,noun,0.646,7,6,cooking_actions:COOKING ACTIONS | laundry_care:LAUNDRY CARE | cooking_methods:COOKING METHODS | water_states:FORMS OF WATER | hot_things:HOT THINGS | states_of_matter:STATES OF MATTER | energy_words:ENERGY WORDS,Candidate for sense decomposition; review category uses and add sense-specific display/casing.
1219,thread,thread,0,noun,0.634,7,6,jewelry_making:JEWELRY SUPPLIES | sewing_words:SEWING WORDS | light_things:LIGHT THINGS | social_media_words:SOCIAL MEDIA | email_words:EMAIL WORDS | sewing_supplies:SEWING SUPPLIES | tailor_words:TAILOR SHOP,Candidate for sense decomposition; review category uses and add sense-specific display/casing.
351,tile,tile,0,noun,0.531,7,6,building_actions:BUILDING ACTIONS | pottery_words:POTTERY WORDS | board_game_pieces:GAME PIECES | building_materials:BUILDING MATERIALS | hard_things:HARD THINGS | square_things:SQUARE THINGS | roofing_words:ROOFING WORDS,Candidate for sense decomposition; review category uses and add sense-specific display/casing.
4607,arrow,arrow,0,noun,0.59,7,5,weapons_of_the_past:OLD WEAPONS | vitamins_letters:ALPHABET AND SYMBOLS | fast_things:FAST THINGS | things_that_are_sharp:POINTED THINGS | long_thin_things:THIN THINGS | archery_words:ARCHERY WORDS | things_that_cut:SHARP THINGS,Candidate for sense decomposition; review category uses and add sense-specific display/casing.
829,barn,barn,0,noun,0.57,7,5,animal_homes:ANIMAL HOMES | dairy_words:DAIRY FARM | farm_buildings:FARM BUILDINGS | things_on_a_farm:FARM THINGS | kinds_of_buildings:KINDS OF BUILDINGS | places_with_animals:PLACES WITH ANIMALS | red_things:RED THINGS,Candidate for sense decomposition; review category uses and add sense-specific display/casing.
5098,bulb,bulb,0,noun,0.523,7,5,lighting:LIGHTING | things_made_of_glass:GLASS THINGS | flower_parts:FLOWER PARTS | light_sources:LIGHT SOURCES | underground_things:UNDERGROUND THINGS | seeds_and_bulbs:SEEDS AND BULBS | things_that_break:FRAGILE THINGS,Candidate for sense decomposition; review category uses and add sense-specific display/casing.
828,cave,cave,0,noun,0.6,7,5,animal_homes:ANIMAL HOMES | landforms:LANDFORMS | cold_places:COLD PLACES | underground_things:UNDERGROUND THINGS | mountain_things:MOUNTAIN THINGS | rock_formations:ROCK FORMATIONS | underground_places:UNDERGROUND PLACES,Candidate for sense decomposition; review category uses and add sense-specific display/casing.
4841,clamp,clamp,0,noun,0.493,7,5,model_building:MODEL KITS | medical_tools:MEDICAL TOOLS | lab_equipment:LAB EQUIPMENT | hand_tools:HAND TOOLS | fasteners:FASTENERS | workshop_things:WORKSHOP THINGS | welding_words:WELDING WORDS,Candidate for sense decomposition; review category uses and add sense-specific display/casing.
4733,coal,coal,0,noun,0.641,7,5,industrial_revolution:INDUSTRIAL AGE | things_that_burn:FUELS | rocks_and_minerals:ROCKS AND MINERALS | underground_things:UNDERGROUND THINGS | black_things:BLACK THINGS | hot_things:HOT THINGS | energy_words:ENERGY WORDS,Candidate for sense decomposition; review category uses and add sense-specific display/casing.
4788,cooler,cooler,0,noun,0.566,7,5,camping_gear:CAMPING GEAR | fishing_hobby:FISHING TRIP | things_in_a_garage:GARAGE THINGS | storage_containers:CONTAINERS | sea_shore_things:BEACH THINGS | fishing_things:FISHING THINGS | fan_things:FAN THINGS,Candidate for sense decomposition; review category uses and add sense-specific display/casing.
5058,door,door,0,noun,0.726,7,5,parts_of_a_house:HOUSE PARTS | things_that_open:OPENING THINGS | words_before_man:___ MAN | words_after_back:BACK ___ | things_made_of_wood:WOODEN THINGS | things_with_handles:THINGS WITH HANDLES | car_parts:CAR PARTS,Candidate for sense decomposition; review category uses and add sense-specific display/casing.
3537,razor,razor,0,noun,0.531,7,5,beauty_tools:BEAUTY TOOLS | bathroom_items:BATHROOM ITEMS | hygiene:HYGIENE THINGS | cutting_tools:CUTTING TOOLS | things_that_cut:SHARP THINGS | blades:BLADES | barbershop_words:BARBERSHOP WORDS,Candidate for sense decomposition; review category uses and add sense-specific display/casing.
5725,silver,silver,0,noun,0.687,7,5,words_before_fish:___ FISH | elements_more:MORE ELEMENTS | precious_materials:PRECIOUS MATERIALS | colors:COLORS | shiny_things:SHINY THINGS | metals:METALS | elements:CHEMICAL ELEMENTS,Candidate for sense decomposition; review category uses and add sense-specific display/casing.
3452,tree,tree,0,noun,0.693,7,5,orchard_words:ORCHARD WORDS | words_before_house:___ HOUSE | words_before_line:___ LINE | things_in_the_forest:FOREST THINGS | things_that_grow:GROWING THINGS | yoga_poses:YOGA POSES | christmas_things:CHRISTMAS THINGS,Candidate for sense decomposition; review category uses and add sense-specific display/casing.
6881,Fern,fern,1,proper_noun,0.467,7,4,nature_names:NATURE NAMES | garden_plants:GARDEN PLANTS | wild_plants:WILD PLANTS | things_in_the_forest:FOREST THINGS | houseplants:HOUSEPLANTS | tropical_plants:TROPICAL PLANTS | green_things:GREEN THINGS,Candidate for sense decomposition; review category uses and add sense-specific display/casing.
1646,Popsicle,popsicle,1,proper_noun,0.403,7,4,candy_bar_flavors:DAIRY BRANDS | desserts:DESSERTS | snack_foods:SNACK FOODS | things_that_melt:MELTING THINGS | frozen_foods:FROZEN FOODS | seasons_summer:SUMMER THINGS | cold_things:COLD THINGS,Candidate for sense decomposition; review category uses and add sense-specific display/casing.
3640,banana,banana,0,noun,0.571,7,4,fruits:FRUITS | tropical_fruits:TROPICAL FRUITS | ice_cream_flavors:ICE CREAM | fruit_trees:FRUIT TREES | tropical_plants:TROPICAL PLANTS | yellow_things:YELLOW THINGS | pepper_varieties:PEPPER VARIETIES,Candidate for sense decomposition; review category uses and add sense-specific display/casing.
3052,coach,coach,0,noun,0.709,7,4,school_people:SCHOOL PEOPLE | school_jobs:SCHOOL JOBS | sports_jobs:SPORTS JOBS | people_who_help:HELPING PROFESSIONS | famous_job_titles:LEADERSHIP TITLES | titles_of_address:TITLES | training_words:TRAINING WORDS,Candidate for sense decomposition; review category uses and add sense-specific display/casing.
3657,cranberry,cranberry,0,noun,0.453,7,4,fruits:FRUITS | berries:BERRIES | salad_ingredients:SALAD INGREDIENTS | thanksgiving_foods:THANKSGIVING FOODS | drink_mixers:DRINK MIXERS | words_before_sauce:___ SAUCE | berry_varieties:BERRY VARIETIES,Candidate for sense decomposition; review category uses and add sense-specific display/casing.
3667,cucumber,cucumber,0,noun,0.487,7,4,vegetables:VEGETABLES | sandwich_fillings:SANDWICH FILLINGS | salad_ingredients:SALAD INGREDIENTS | things_with_seeds:THINGS WITH SEEDS | garden_plants:GARDEN PLANTS | vines:VINES AND CLIMBERS | green_things:GREEN THINGS,Candidate for sense decomposition; review category uses and add sense-specific display/casing.
5722,gold,gold,0,noun,0.739,7,4,words_before_fish:___ FISH | precious_materials:PRECIOUS MATERIALS | yellow_things:YELLOW THINGS | colors:COLORS | shiny_things:SHINY THINGS | metals:METALS | elements:CHEMICAL ELEMENTS,Candidate for sense decomposition; review category uses and add sense-specific display/casing.
3276,guest,guest,0,noun,0.654,7,4,party_things:PARTY THINGS | words_before_house:___ HOUSE | words_before_room:___ ROOM | relationships:RELATIONSHIP WORDS | people_at_a_wedding:WEDDING PEOPLE | crowd_words:AUDIENCE WORDS | birthday_things:BIRTHDAY THINGS,Candidate for sense decomposition; review category uses and add sense-specific display/casing.
3643,lemon,lemon,0,noun,0.586,7,4,fruits:FRUITS | citrus_fruits:CITRUS FRUITS | pie_ingredients:PIE INGREDIENTS | ice_cream_flavors:ICE CREAM | fruit_trees:FRUIT TREES | yellow_things:YELLOW THINGS | teas:TEAS,Candidate for sense decomposition; review category uses and add sense-specific display/casing.
585,parrot,parrot,0,noun,0.499,7,4,birds:BIRDS | pets:PETS | jungle_animals:JUNGLE ANIMALS | parrots_and_exotic_birds:EXOTIC BIRDS | exotic_pets:EXOTIC PETS | pirate_words:PIRATE WORDS | tropical_birds:TROPICAL BIRDS,Candidate for sense decomposition; review category uses and add sense-specific display/casing.
5083,radio,radio,0,noun,0.716,7,4,things_with_buttons:THINGS WITH BUTTONS | things_that_plug_in:PLUGGED IN | police_things:POLICE THINGS | military_things:MILITARY EQUIPMENT | inventions:INVENTIONS | home_electronics:HOME ELECTRONICS | sound_devices:SOUND DEVICES,Candidate for sense decomposition; review category uses and add sense-specific display/casing.
342,saw,saw,0,noun,0.763,7,4,building_actions:BUILDING ACTIONS | words_after_hand:HAND ___ | hand_tools:HAND TOOLS | power_tools:POWER TOOLS | cutting_tools:CUTTING TOOLS | things_that_cut:SHARP THINGS | butcher_words:BUTCHER SHOP,Candidate for sense decomposition; review category uses and add sense-specific display/casing.
648,snake,snake,0,noun,0.604,7,4,pets:PETS | jungle_animals:JUNGLE ANIMALS | reptiles:REPTILES | spotted_and_striped:STRIPED ANIMALS | desert_things:DESERT THINGS | long_thin_things:THIN THINGS | plumbing_words:PLUMBING WORDS,Candidate for sense decomposition; review category uses and add sense-specific display/casing.
254,sprint,sprint,0,noun,0.566,7,4,ways_of_moving:WAYS OF MOVING | sports_actions:SPORTS ACTIONS | exercise_words:EXERCISE WORDS | racing_sports:RACING SPORTS | cycling_words:CYCLING WORDS | track_events:TRACK EVENTS | swimming_strokes:SWIM STROKES,Candidate for sense decomposition; review category uses and add sense-specific display/casing.
3644,strawberry,strawberry,0,noun,0.531,7,4,fruits:FRUITS | berries:BERRIES | ice_cream_flavors:ICE CREAM | things_with_seeds:THINGS WITH SEEDS | garden_plants:GARDEN PLANTS | red_things:RED THINGS | berry_varieties:BERRY VARIETIES,Candidate for sense decomposition; review category uses and add sense-specific display/casing.
3386,tractor,tractor,0,noun,0.54,7,4,farm_machines:FARM MACHINES | country_life:COUNTRY LIFE | things_on_a_farm:FARM THINGS | heavy_things:HEAVY THINGS | slow_things:SLOW THINGS | vehicles:VEHICLES | things_with_wheels:THINGS WITH WHEELS,Candidate for sense decomposition; review category uses and add sense-specific display/casing.
1205,wood,wood,0,noun,0.683,7,4,sculpture_materials:SCULPTURE MATERIALS | words_after_fire:FIRE ___ | words_before_work:___ WORK | building_materials:BUILDING MATERIALS | things_that_burn:FUELS | hard_things:HARD THINGS | things_that_float:FLOATING THINGS,Candidate for sense decomposition; review category uses and add sense-specific display/casing.
5012,bottle,bottle,0,noun,0.653,7,3,dishes_and_glassware:DISHES | things_that_hold_water:WATER HOLDERS | trash_and_recycling:TRASH THINGS | baby_things:BABY THINGS | things_made_of_glass:GLASS THINGS | things_made_of_plastic:PLASTIC THINGS | things_you_recycle:TRASH ITEMS,Candidate for sense decomposition; review category uses and add sense-specific display/casing.
7124,bud,bud,0,noun,0.583,7,3,tree_parts:TREE PARTS | flower_parts:FLOWER PARTS | seasons_and_nature:SEASONAL WORDS | things_that_grow:GROWING THINGS | seasons_spring:SPRING THINGS | plant_parts:PLANT PARTS | leaf_shapes:LEAF WORDS,Candidate for sense decomposition; review category uses and add sense-specific display/casing.
3661,carrot,carrot,0,noun,0.517,7,3,vegetables:VEGETABLES | root_vegetables:ROOT VEGETABLES | salad_ingredients:SALAD INGREDIENTS | soup_ingredients:SOUP INGREDIENTS | cake_types:CAKE TYPES | words_before_cake:___ CAKE | garden_plants:GARDEN PLANTS,Candidate for sense decomposition; review category uses and add sense-specific display/casing.
1155,curtain,curtain,0,noun,0.551,7,3,decorative_things:DECORATIONS | theater_words:THEATER WORDS | bathroom_items:BATHROOM ITEMS | bedroom_things:BEDROOM THINGS | living_room_things:LIVING ROOM | things_that_open:OPENING THINGS | fabrics_at_home:HOME TEXTILES,Candidate for sense decomposition; review category uses and add sense-specific display/casing.
572,goose,goose,0,noun,0.549,7,3,farm_animals:FARM ANIMALS | birds:BIRDS | flying_animals:FLYING ANIMALS | pond_animals:POND ANIMALS | farm_bird_words:POULTRY | waterfowl:WATERFOWL | words_before_berry:___ BERRY,Candidate for sense decomposition; review category uses and add sense-specific display/casing.
2835,marker,marker,0,noun,0.553,7,3,school_supplies:SCHOOL SUPPLIES | writing_tools:WRITING TOOLS | art_class_things:ART CLASS | knitting_words:KNITTING WORDS | board_game_pieces:GAME PIECES | office_supplies:OFFICE SUPPLIES | art_supplies:ART SUPPLIES,Candidate for sense decomposition; review category uses and add sense-specific display/casing.
3774,sausage,sausage,0,noun,0.543,7,3,breakfast_foods:BREAKFAST FOODS | pizza_toppings:PIZZA TOPPINGS | meats:MEATS | bbq_foods:BARBECUE FOODS | butcher_words:BUTCHER SHOP | german_dishes:GERMAN DISHES | cured_meats:CURED MEATS,Candidate for sense decomposition; review category uses and add sense-specific display/casing.
4994,speaker,speaker,0,noun,0.641,7,3,living_room_things:LIVING ROOM | things_that_plug_in:PLUGGED IN | loud_things:LOUD THINGS | computer_parts:COMPUTER PARTS | phone_words:PHONE WORDS | gadgets:GADGETS | sound_devices:SOUND DEVICES,Candidate for sense decomposition; review category uses and add sense-specific display/casing.
3668,spinach,spinach,0,noun,0.497,7,3,vegetables:VEGETABLES | leafy_greens:LEAFY GREENS | pizza_toppings:PIZZA TOPPINGS | salad_ingredients:SALAD INGREDIENTS | frozen_foods:FROZEN FOODS | green_things:GREEN THINGS | lettuce_and_greens:SALAD GREENS,Candidate for sense decomposition; review category uses and add sense-specific display/casing.
3788,ham,ham,0,noun,0.589,7,2,breakfast_foods:BREAKFAST FOODS | pizza_toppings:PIZZA TOPPINGS | sandwich_fillings:SANDWICH FILLINGS | soup_ingredients:SOUP INGREDIENTS | meats:MEATS | thanksgiving_foods:THANKSGIVING FOODS | cured_meats:CURED MEATS,Candidate for sense decomposition; review category uses and add sense-specific display/casing.
3663,onion,onion,0,noun,0.556,7,2,vegetables:VEGETABLES | root_vegetables:ROOT VEGETABLES | pizza_toppings:PIZZA TOPPINGS | sandwich_fillings:SANDWICH FILLINGS | salad_ingredients:SALAD INGREDIENTS | soup_ingredients:SOUP INGREDIENTS | smelly_things:SMELLY THINGS,Candidate for sense decomposition; review category uses and add sense-specific display/casing.
1841,badge,badge,0,noun,0.574,6,6,office_words:OFFICE WORDS | work_uniforms:UNIFORMS | collecting_hobbies:COLLECTIBLES | police_things:POLICE THINGS | things_in_a_wallet:WALLET THINGS | security_tech:SECURITY DEVICES,Candidate for sense decomposition; review category uses and add sense-specific display/casing.
1847,calendar,calendar,0,noun,0.614,6,6,office_words:OFFICE WORDS | classroom_things:CLASSROOM THINGS | things_on_a_wall:WALL THINGS | things_made_of_paper:PAPER THINGS | new_year_things:NEW YEAR | office_supplies:OFFICE SUPPLIES,Candidate for sense decomposition; review category uses and add sense-specific display/casing.
4376,cliff,cliff,0,noun,0.586,6,6,landforms:LANDFORMS | things_that_have_a_face:FACED THINGS | mountain_things:MOUNTAIN THINGS | rock_formations:ROCK FORMATIONS | ocean_zones:SHORE FEATURES | high_places:HIGH PLACES,Candidate for sense decomposition; review category uses and add sense-specific display/casing.
3474,comb,comb,0,noun,0.503,6,6,beekeeping:BEEKEEPING THINGS | beauty_tools:BEAUTY TOOLS | bathroom_items:BATHROOM ITEMS | things_made_of_plastic:PLASTIC THINGS | hygiene:HYGIENE THINGS | barbershop_words:BARBERSHOP WORDS,Candidate for sense decomposition; review category uses and add sense-specific display/casing.
2469,flag,flag,0,noun,0.654,6,6,flags_and_symbols:NATIONAL SYMBOLS | classroom_things:CLASSROOM THINGS | pirate_words:PIRATE WORDS | words_before_stone:___ STONE | striped_things:STRIPED THINGS | golf_words:GOLF WORDS,Candidate for sense decomposition; review category uses and add sense-specific display/casing.
4877,flash,flash,1,noun,0.636,6,6,photography_hobby:PHOTOGRAPHY GEAR | photography_terms:CAMERA SETTINGS | words_before_light:___ LIGHT | superheroes:SUPERHEROES | juggling_words:JUGGLING WORDS | photography_words:PHOTOGRAPHY WORDS,Candidate for sense decomposition; review category uses and add sense-specific display/casing.
819,harness,harness,0,noun,0.524,6,6,horse_words:HORSE WORDS | barn_things:BARN THINGS | pet_supplies:PET SUPPLIES | sports_gear_worn:PROTECTIVE GEAR | safety_gear:SAFETY GEAR | roofing_words:ROOFING WORDS,Candidate for sense decomposition; review category uses and add sense-specific display/casing.
3026,mat,mat,0,noun,0.549,6,6,gym_class_things:GYM CLASS | dance_class:DANCE CLASS | bathroom_items:BATHROOM ITEMS | things_made_of_rubber:RUBBER THINGS | gym_equipment:GYM EQUIPMENT | wrestling_words:WRESTLING WORDS,Candidate for sense decomposition; review category uses and add sense-specific display/casing.
4541,oven,oven,0,noun,0.579,6,6,hot_places:HOT PLACES | cooking_hobby:HOME BAKING | kitchen_appliances:KITCHEN APPLIANCES | words_before_proof:___ PROOF | hot_things:HOT THINGS | baker_words:BAKERY WORDS,Candidate for sense decomposition; review category uses and add sense-specific display/casing.
500,shed,shed,0,noun,0.604,6,6,animal_actions:ANIMAL ACTIONS | farm_buildings:FARM BUILDINGS | words_after_water:WATER ___ | seasons_and_nature:SEASONAL WORDS | kinds_of_buildings:KINDS OF BUILDINGS | boxes_and_cases:TOOL STORAGE,Candidate for sense decomposition; review category uses and add sense-specific display/casing.
5071,switch,switch,0,noun,0.657,6,6,things_on_a_wall:WALL THINGS | words_before_board:___ BOARD | electricity_words:ELECTRICITY WORDS | power_and_batteries:POWER WORDS | electrical_words:ELECTRICAL WORDS | train_words:TRAIN WORDS,Candidate for sense decomposition; review category uses and add sense-specific display/casing.
2249,umbrella,umbrella,0,noun,0.556,6,6,accessories:ACCESSORIES | things_that_open:OPENING THINGS | superstitions:SUPERSTITION THINGS | sea_shore_things:BEACH THINGS | seasons_spring:SPRING THINGS | things_with_handles:THINGS WITH HANDLES,Candidate for sense decomposition; review category uses and add sense-specific display/casing.
3065,aquarium,aquarium,0,noun,0.509,6,5,field_trip_places:FIELD TRIPS | things_that_hold_water:WATER HOLDERS | pet_supplies:PET SUPPLIES | things_made_of_glass:GLASS THINGS | places_with_animals:PLACES WITH ANIMALS | transparent_things:CLEAR THINGS,Candidate for sense decomposition; review category uses and add sense-specific display/casing.
1149,banner,banner,0,noun,0.589,6,5,decorative_things:DECORATIONS | advertising_words:ADVERTISING WORDS | party_things:PARTY THINGS | castle_things:CASTLE THINGS | knights_and_armor:KNIGHT THINGS | fan_things:FAN THINGS,Candidate for sense decomposition; review category uses and add sense-specific display/casing.
4843,base,base,0,noun,0.721,6,5,model_building:MODEL KITS | words_before_ball:___ BALL | words_before_line:___ LINE | military_words:MILITARY WORDS | chemistry_words:CHEMISTRY WORDS | baseball_equipment:BASEBALL EQUIPMENT,Candidate for sense decomposition; review category uses and add sense-specific display/casing.
1052,canvas,canvas,0,noun,0.566,6,5,art_tools:ART TOOLS | fabrics:FABRICS | art_class_things:ART CLASS | fabric_types:FABRIC TYPES | painting_supplies:PAINTING SUPPLIES | art_supplies:ART SUPPLIES,Candidate for sense decomposition; review category uses and add sense-specific display/casing.
5065,column,column,0,noun,0.619,6,5,parts_of_a_house:HOUSE PARTS | architecture_words:ARCHITECTURE WORDS | printing_and_type:TYPOGRAPHY WORDS | writing_words:WRITING WORDS | newspaper_parts:NEWSPAPER PARTS | cave_things:CAVE THINGS,Candidate for sense decomposition; review category uses and add sense-specific display/casing.
7176,comet,comet,0,noun,0.52,6,5,cloud_and_sky:SKY WORDS | night_sky_things:NIGHT SKY | fast_things:FAST THINGS | space_objects:SPACE OBJECTS | things_in_the_sky_science:ASTRONOMY WORDS | solar_system_words:SOLAR SYSTEM,Candidate for sense decomposition; review category uses and add sense-specific display/casing.
3153,deck,deck,0,noun,0.63,6,5,card_words:CARD WORDS | magic_words:MAGIC SHOW | parts_of_a_house:HOUSE PARTS | things_made_of_wood:WOODEN THINGS | skateboarding:SKATEBOARDING WORDS | sailing_words:SAILING WORDS,Candidate for sense decomposition; review category uses and add sense-specific display/casing.
577,eagle,eagle,0,noun,0.59,6,5,birds:BIRDS | flying_animals:FLYING ANIMALS | flags_and_symbols:NATIONAL SYMBOLS | mountain_things:MOUNTAIN THINGS | birds_of_prey:BIRDS OF PREY | golf_words:GOLF WORDS,Candidate for sense decomposition; review category uses and add sense-specific display/casing.
3485,fence,fence,0,noun,0.601,6,5,farm_buildings:FARM BUILDINGS | ranch_words:RANCH WORDS | things_on_a_farm:FARM THINGS | things_made_of_wood:WOODEN THINGS | equestrian_words:HORSE RIDING | security_tech:SECURITY DEVICES,Candidate for sense decomposition; review category uses and add sense-specific display/casing.
888,fish,fish,0,noun,0.7,6,5,pond_animals:POND ANIMALS | words_before_sauce:___ SAUCE | words_after_sun:SUN ___ | ocean_products:SEA HARVEST | smelly_things:SMELLY THINGS | religious_symbols:RELIGIOUS SYMBOLS,Candidate for sense decomposition; review category uses and add sense-specific display/casing.
5695,gear,gear,0,noun,0.637,6,5,words_before_box:___ BOX | words_after_head:HEAD ___ | cycling_words:CYCLING WORDS | robot_words:ROBOT WORDS | things_that_spin:SPINNING THINGS | parts_of_a_bike:BICYCLE PARTS,Candidate for sense decomposition; review category uses and add sense-specific display/casing.
3462,grape,grape,0,noun,0.529,6,5,vineyard_words:VINEYARD WORDS | fruits:FRUITS | berries:BERRIES | things_with_seeds:THINGS WITH SEEDS | vines:VINES AND CLIMBERS | tomato_varieties:TOMATO VARIETIES,Candidate for sense decomposition; review category uses and add sense-specific display/casing.
6313,ink,ink,0,noun,0.581,6,5,liquids:LIQUIDS | black_things:BLACK THINGS | experiments:DISSOLVING THINGS | office_supplies:OFFICE SUPPLIES | art_supplies:ART SUPPLIES | printing_words:PRINTING WORDS,Candidate for sense decomposition; review category uses and add sense-specific display/casing.
1184,jade,jade,0,noun,0.54,6,5,color_words_advanced:SHADES OF COLOR | jewelry_stones:JEWELRY STONES | precious_materials:PRECIOUS MATERIALS | gemstones:GEMSTONES | houseplants:HOUSEPLANTS | cactus_and_succulents:CACTUS AND SUCCULENTS,Candidate for sense decomposition; review category uses and add sense-specific display/casing.
602,lobster,lobster,0,noun,0.521,6,5,ocean_animals:OCEAN ANIMALS | animals_with_shells:ANIMALS WITH SHELLS | crustaceans:CRUSTACEANS | seafood:SEAFOOD | shellfish:SHELLFISH | red_things:RED THINGS,Candidate for sense decomposition; review category uses and add sense-specific display/casing.
4371,mountain,mountain,0,noun,0.676,6,5,landforms:LANDFORMS | cold_places:COLD PLACES | things_that_have_a_face:FACED THINGS | biomes:BIOMES | high_places:HIGH PLACES | yoga_poses:YOGA POSES,Candidate for sense decomposition; review category uses and add sense-specific display/casing.
3621,pearl,pearl,0,noun,0.591,6,5,jewelry_stones:JEWELRY STONES | precious_materials:PRECIOUS MATERIALS | gemstones:GEMSTONES | ocean_products:SEA HARVEST | round_things:ROUND THINGS | white_things:WHITE THINGS,Candidate for sense decomposition; review category uses and add sense-specific display/casing.
1109,pot,pot,0,noun,0.629,6,5,pottery_words:POTTERY WORDS | gardening_hobby:GARDEN HOBBY | kitchen_tools:KITCHEN TOOLS | things_that_hold_water:WATER HOLDERS | whaling_and_fishing:FISHING FLEET | gardening_words:GARDENING WORDS,Candidate for sense decomposition; review category uses and add sense-specific display/casing.
3524,powder,powder,0,noun,0.607,6,5,makeup:MAKEUP | medicine_forms:FORMS OF MEDICINE | states_of_matter:STATES OF MATTER | experiments:DISSOLVING THINGS | skiing_words:SKIING WORDS | barbershop_words:BARBERSHOP WORDS,Candidate for sense decomposition; review category uses and add sense-specific display/casing.
3637,rack,rack,0,noun,0.557,6,5,fashion_show:FASHION SHOW | lab_equipment:LAB EQUIPMENT | bowling_words:BOWLING WORDS | boxes_and_cases:TOOL STORAGE | butcher_words:BUTCHER SHOP | baker_words:BAKERY WORDS,Candidate for sense decomposition; review category uses and add sense-specific display/casing.
1057,roller,roller,0,noun,0.57,6,5,art_tools:ART TOOLS | beauty_tools:BEAUTY TOOLS | painting_supplies:PAINTING SUPPLIES | painting_trade:HOUSE PAINTING | printing_words:PRINTING WORDS | construction_equipment:CONSTRUCTION EQUIPMENT,Candidate for sense decomposition; review category uses and add sense-specific display/casing.
6259,satellite,satellite,0,noun,0.619,6,5,weather_instruments:WEATHER INSTRUMENTS | cloud_and_sky:SKY WORDS | night_sky_things:NIGHT SKY | space_objects:SPACE OBJECTS | things_in_the_sky_science:ASTRONOMY WORDS | space_travel:SPACE TRAVEL,Candidate for sense decomposition; review category uses and add sense-specific display/casing.
3330,sign,sign,0,noun,0.726,6,5,reading_material:READING MATTER | words_before_board:___ BOARD | cleaning_trade:JANITORIAL WORDS | road_things:ROAD THINGS | parking_words:PARKING WORDS | world_markets:MARKET WORDS,Candidate for sense decomposition; review category uses and add sense-specific display/casing.
4679,sled,sled,0,noun,0.461,6,5,transportation_history:HISTORIC TRANSPORT | things_in_a_garage:GARAGE THINGS | seasons_winter:WINTER THINGS | vehicles:VEHICLES | things_that_carry_people:PEOPLE MOVERS | world_transport:WORLD TRANSPORT,Candidate for sense decomposition; review category uses and add sense-specific display/casing.
4945,soap,soap,0,noun,0.597,6,5,bathroom_items:BATHROOM ITEMS | cleaning_supplies:CLEANING SUPPLIES | liquids:LIQUIDS | hygiene:HYGIENE THINGS | things_that_shrink:SHRINKING THINGS | experiments:DISSOLVING THINGS,Candidate for sense decomposition; review category uses and add sense-specific display/casing.
391,stretch,stretch,0,noun,0.621,6,5,sleeping_actions:SLEEP ACTIONS | body_movements:BODY MOVEMENTS | exercise_words:EXERCISE WORDS | dance_class:DANCE CLASS | therapy_words:THERAPY WORDS | training_words:TRAINING WORDS,Candidate for sense decomposition; review category uses and add sense-specific display/casing.
2364,suitcase,suitcase,0,noun,0.507,6,5,things_with_pockets:THINGS WITH POCKETS | bags:BAGS AND CASES | things_that_open:OPENING THINGS | things_with_handles:THINGS WITH HANDLES | things_with_wheels:THINGS WITH WHEELS | travel_documents:TRAVEL THINGS,Candidate for sense decomposition; review category uses and add sense-specific display/casing.
484,thunder,thunder,0,noun,0.591,6,5,weather_actions:WEATHER ACTIONS | words_before_bird:___ BIRD | weather_words:WEATHER WORDS | loud_things:LOUD THINGS | nature_sounds:NATURE SOUNDS | loud_noises:LOUD NOISES,Candidate for sense decomposition; review category uses and add sense-specific display/casing.
4508,trail,trail,0,noun,0.636,6,5,national_parks:PARK WORDS | hiking_words:HIKING WORDS | things_in_the_forest:FOREST THINGS | mountain_things:MOUNTAIN THINGS | streets_and_roads:KINDS OF ROADS | cycling_words:CYCLING WORDS,Candidate for sense decomposition; review category uses and add sense-specific display/casing.
333,vacuum,vacuum,0,noun,0.584,6,5,cleaning_actions:CLEANING ACTIONS | cleaning_supplies:CLEANING SUPPLIES | things_that_plug_in:PLUGGED IN | home_electronics:HOME ELECTRONICS | cleaning_tools:CLEANING TOOLS | cleaning_trade:JANITORIAL WORDS,Candidate for sense decomposition; review category uses and add sense-specific display/casing.
4833,wheelbarrow,wheelbarrow,0,noun,0.38,6,5,gardening_hobby:GARDEN HOBBY | things_in_a_garage:GARAGE THINGS | garden_tools:GARDEN TOOLS | masonry_words:MASONRY WORDS | landscaping_words:LANDSCAPING WORDS | things_with_wheels:THINGS WITH WHEELS,Candidate for sense decomposition; review category uses and add sense-specific display/casing.
856,wool,wool,0,noun,0.559,6,5,animal_coverings:ANIMAL COVERINGS | fabrics:FABRICS | farm_products:FARM PRODUCTS | fabric_types:FABRIC TYPES | insulating_materials:INSULATING MATERIALS | soft_things:SOFT THINGS,Candidate for sense decomposition; review category uses and add sense-specific display/casing.
5093,wrench,wrench,0,noun,0.481,6,5,sewing_and_repair:HOME REPAIR | things_made_of_metal:METAL THINGS | things_in_a_toolbox:TOOLBOX THINGS | hand_tools:HAND TOOLS | plumbing_words:PLUMBING WORDS | auto_repair:AUTO REPAIR,Candidate for sense decomposition; review category uses and add sense-specific display/casing.
5187,boom,boom,0,noun,0.619,6,4,sailing_terms:SAILING TERMS | words_before_box:___ BOX | onomatopoeia:SOUND WORDS | musical_sounds:MUSIC SOUNDS | loud_noises:LOUD NOISES | sailing_words:SAILING WORDS,Candidate for sense decomposition; review category uses and add sense-specific display/casing.
5741,brick,brick,0,noun,0.607,6,4,words_before_work:___ WORK | building_materials:BUILDING MATERIALS | red_things:RED THINGS | hard_things:HARD THINGS | square_things:SQUARE THINGS | masonry_words:MASONRY WORDS,Candidate for sense decomposition; review category uses and add sense-specific display/casing.
4972,broom,broom,0,noun,0.489,6,4,cleaning_supplies:CLEANING SUPPLIES | things_in_a_garage:GARAGE THINGS | halloween_things:HALLOWEEN THINGS | cleaning_tools:CLEANING TOOLS | things_with_handles:THINGS WITH HANDLES | cleaning_trade:JANITORIAL WORDS,Candidate for sense decomposition; review category uses and add sense-specific display/casing.
3991,caramel,caramel,0,noun,0.497,6,4,candy:CANDY | ice_cream_flavors:ICE CREAM | things_that_melt:MELTING THINGS | dessert_toppings:DESSERT TOPPINGS | sticky_things:STICKY THINGS | honey_and_syrups:SYRUPS AND SWEETENERS,Candidate for sense decomposition; review category uses and add sense-specific display/casing.
7177,eclipse,eclipse,0,noun,0.544,6,4,cloud_and_sky:SKY WORDS | night_sky_things:NIGHT SKY | tide_and_moon:MOON PHASES | things_in_the_sky_science:ASTRONOMY WORDS | solar_system_words:SOLAR SYSTEM | space_phenomena:SPACE PHENOMENA,Candidate for sense decomposition; review category uses and add sense-specific display/casing.
3746,flour,flour,0,noun,0.571,6,4,pie_ingredients:PIE INGREDIENTS | baking_ingredients:BAKING INGREDIENTS | pantry_staples:PANTRY STAPLES | powders:POWDERS | white_things:WHITE THINGS | baker_words:BAKERY WORDS,Candidate for sense decomposition; review category uses and add sense-specific display/casing.
4910,foam,foam,0,noun,0.54,6,4,crafting_materials:CRAFT MATERIALS | insulating_materials:INSULATING MATERIALS | soft_things:SOFT THINGS | light_things:LIGHT THINGS | things_that_float:FLOATING THINGS | states_of_matter:STATES OF MATTER,Candidate for sense decomposition; review category uses and add sense-specific display/casing.
341,hammer,hammer,0,noun,0.594,6,4,building_actions:BUILDING ACTIONS | sewing_and_repair:HOME REPAIR | things_in_a_toolbox:TOOLBOX THINGS | hand_tools:HAND TOOLS | workshop_things:WORKSHOP THINGS | things_with_handles:THINGS WITH HANDLES,Candidate for sense decomposition; review category uses and add sense-specific display/casing.
3756,molasses,molasses,0,noun,0.429,6,4,pie_ingredients:PIE INGREDIENTS | baking_ingredients:BAKING INGREDIENTS | cookie_types:COOKIE TYPES | sticky_things:STICKY THINGS | slow_things:SLOW THINGS | honey_and_syrups:SYRUPS AND SWEETENERS,Candidate for sense decomposition; review category uses and add sense-specific display/casing.
612,oyster,oyster,0,noun,0.506,6,4,ocean_animals:OCEAN ANIMALS | animals_with_shells:ANIMALS WITH SHELLS | seafood:SEAFOOD | shellfish:SHELLFISH | shells:SEASHELLS | mushroom_types:MUSHROOM TYPES,Candidate for sense decomposition; review category uses and add sense-specific display/casing.
1087,painting,painting,0,noun,0.657,6,4,museum_words:MUSEUM WORDS | decorative_things:DECORATIONS | art_forms:ART FORMS | hobby_verbs:HOBBY ACTIVITIES | living_room_things:LIVING ROOM | things_on_a_wall:WALL THINGS,Candidate for sense decomposition; review category uses and add sense-specific display/casing.
3641,peach,peach,0,noun,0.539,6,4,fruits:FRUITS | pie_ingredients:PIE INGREDIENTS | ice_cream_flavors:ICE CREAM | pie_types:PIE TYPES | things_with_seeds:THINGS WITH SEEDS | fruit_trees:FRUIT TREES,Candidate for sense decomposition; review category uses and add sense-specific display/casing.
4038,pizza,pizza,0,noun,0.633,6,4,fast_food_items:DRIVE THRU | italian_dishes:ITALIAN DISHES | frozen_foods:FROZEN FOODS | cheese_dishes:CHEESE DISHES | words_before_sauce:___ SAUCE | round_things:ROUND THINGS,Candidate for sense decomposition; review category uses and add sense-specific display/casing.
1839,printer,printer,0,noun,0.561,6,4,office_words:OFFICE WORDS | paper_types:KINDS OF PAPER | things_with_buttons:THINGS WITH BUTTONS | things_that_plug_in:PLUGGED IN | gadgets:GADGETS | office_machines:OFFICE MACHINES,Candidate for sense decomposition; review category uses and add sense-specific display/casing.
3743,rye,rye,0,noun,0.503,6,4,grains_and_beans:GRAINS AND BEANS | bread_types:BREAD TYPES | sandwich_breads:SANDWICH BREADS | crops:FARM CROPS | grasses:GRASSES | world_breads:WORLD BREADS,Candidate for sense decomposition; review category uses and add sense-specific display/casing.
890,snail,snail,0,noun,0.524,6,4,pond_animals:POND ANIMALS | pests:PESTS | animals_with_shells:ANIMALS WITH SHELLS | garden_bugs:GARDEN BUGS | shellfish:SHELLFISH | slow_things:SLOW THINGS,Candidate for sense decomposition; review category uses and add sense-specific display/casing.
2245,sunglasses,sunglasses,0,noun,0.531,6,4,accessories:ACCESSORIES | eyewear:EYEWEAR | fashion_accessories:FASHION ACCESSORIES | things_in_a_purse:PURSE THINGS | things_in_a_glove_box:GLOVE BOX | travel_documents:TRAVEL THINGS,Candidate for sense decomposition; review category uses and add sense-specific display/casing.
3069,theater,theater,0,noun,0.621,6,4,field_trip_places:FIELD TRIPS | art_forms:ART FORMS | town_places:TOWN PLACES | places_you_wait:WAITING PLACES | quiet_places:QUIET PLACES | kinds_of_buildings:KINDS OF BUILDINGS,Candidate for sense decomposition; review category uses and add sense-specific display/casing.
315,throw,throw,0,noun,0.69,6,4,hand_actions:HAND ACTIONS | sports_actions:SPORTS ACTIONS | fabrics_at_home:HOME TEXTILES | juggling_words:JUGGLING WORDS | self_defense_moves:SELF DEFENSE | wrestling_words:WRESTLING WORDS,Candidate for sense decomposition; review category uses and add sense-specific display/casing.
604,tuna,tuna,0,noun,0.52,6,4,ocean_animals:OCEAN ANIMALS | sandwich_fillings:SANDWICH FILLINGS | seafood:SEAFOOD | pantry_staples:PANTRY STAPLES | saltwater_fish:SALTWATER FISH | fish_species:FISH,Candidate for sense decomposition; review category uses and add sense-specific display/casing.
1108,vase,vase,0,noun,0.506,6,4,pottery_words:POTTERY WORDS | decorative_things:DECORATIONS | living_room_things:LIVING ROOM | things_that_hold_water:WATER HOLDERS | things_made_of_glass:GLASS THINGS | things_that_break:FRAGILE THINGS,Candidate for sense decomposition; review category uses and add sense-specific display/casing.
3769,waffle,waffle,0,noun,0.471,6,4,breakfast_foods:BREAKFAST FOODS | frozen_foods:FROZEN FOODS | egg_and_dairy_dishes:BRUNCH DISHES | things_with_holes:THINGS WITH HOLES | square_things:SQUARE THINGS | street_food:STREET FOOD,Candidate for sense decomposition; review category uses and add sense-specific display/casing.
5804,worm,worm,0,noun,0.539,6,4,words_after_book:WORDS AFTER BOOK | underground_things:UNDERGROUND THINGS | animal_tracks_and_signs:DIRT THINGS | slow_things:SLOW THINGS | long_thin_things:THIN THINGS | fishing_things:FISHING THINGS,Candidate for sense decomposition; review category uses and add sense-specific display/casing.
6875,Ivy,ivy,1,proper_noun,0.547,6,3,nature_names:NATURE NAMES | garden_plants:GARDEN PLANTS | wild_plants:WILD PLANTS | houseplants:HOUSEPLANTS | weeds:WEEDS | vines:VINES AND CLIMBERS,Candidate for sense decomposition; review category uses and add sense-specific display/casing.
4984,blanket,blanket,0,noun,0.581,6,3,bedroom_things:BEDROOM THINGS | living_room_things:LIVING ROOM | fabrics_at_home:HOME TEXTILES | baby_things:BABY THINGS | seasons_winter:WINTER THINGS | soft_things:SOFT THINGS,Candidate for sense decomposition; review category uses and add sense-specific display/casing.
4934,blender,blender,0,noun,0.49,6,3,kitchen_tools:KITCHEN TOOLS | kitchen_appliances:KITCHEN APPLIANCES | things_with_buttons:THINGS WITH BUTTONS | things_that_plug_in:PLUGGED IN | home_electronics:HOME ELECTRONICS | things_that_spin:SPINNING THINGS,Candidate for sense decomposition; review category uses and add sense-specific display/casing.
3254,bubble,bubble,0,noun,0.594,6,3,toys:TOYS | round_things:ROUND THINGS | light_things:LIGHT THINGS | transparent_things:CLEAR THINGS | things_that_float:FLOATING THINGS | kitchen_sounds:KITCHEN SOUNDS,Candidate for sense decomposition; review category uses and add sense-specific display/casing.
7500,buoy,buoy,0,noun,0.429,6,3,diving_gear:DIVING GEAR | harbor_things:HARBOR THINGS | navigation_tools:NAVIGATION TOOLS | whaling_and_fishing:FISHING FLEET | things_that_float:FLOATING THINGS | sailing_words:SAILING WORDS,Candidate for sense decomposition; review category uses and add sense-specific display/casing.
683,buzz,buzz,1,noun,0.579,6,3,animal_sounds:ANIMAL SOUNDS | disney_characters:DISNEY CHARACTERS | onomatopoeia:SOUND WORDS | machine_sounds:MACHINE SOUNDS | nature_sounds:NATURE SOUNDS | bell_and_alarm:ALARM SOUNDS,Candidate for sense decomposition; review category uses and add sense-specific display/casing.
5261,captain,captain,0,noun,0.699,6,3,nautical_ranks:SHIP CREW | sea_jobs:SEA JOBS | transport_jobs:TRANSPORT JOBS | military_ranks:MILITARY RANKS | famous_job_titles:LEADERSHIP TITLES | titles_of_address:TITLES,Candidate for sense decomposition; review category uses and add sense-specific display/casing.
1055,chisel,chisel,0,noun,0.423,6,3,art_tools:ART TOOLS | hand_tools:HAND TOOLS | cutting_tools:CUTTING TOOLS | things_that_stick_out:HAMMERED THINGS | carpentry_words:CARPENTRY WORDS | masonry_words:MASONRY WORDS,Candidate for sense decomposition; review category uses and add sense-specific display/casing.
3830,ice cream,ice cream,0,noun,0.639,6,3,dairy_products:DAIRY PRODUCTS | desserts:DESSERTS | things_that_melt:MELTING THINGS | frozen_foods:FROZEN FOODS | cold_things:COLD THINGS | birthday_things:BIRTHDAY THINGS,Candidate for sense decomposition; review category uses and add sense-specific display/casing.
4985,lamp,lamp,0,noun,0.579,6,3,bedroom_things:BEDROOM THINGS | living_room_things:LIVING ROOM | things_that_plug_in:PLUGGED IN | lighting:LIGHTING | magic_objects:MAGIC OBJECTS | light_sources:LIGHT SOURCES,Candidate for sense decomposition; review category uses and add sense-specific display/casing.
3665,lettuce,lettuce,0,noun,0.509,6,3,vegetables:VEGETABLES | leafy_greens:LEAFY GREENS | sandwich_fillings:SANDWICH FILLINGS | salad_ingredients:SALAD INGREDIENTS | garden_plants:GARDEN PLANTS | green_things:GREEN THINGS,Candidate for sense decomposition; review category uses and add sense-specific display/casing.
3994,marshmallow,marshmallow,0,noun,0.45,6,3,candy:CANDY | things_that_melt:MELTING THINGS | dessert_toppings:DESSERT TOPPINGS | white_things:WHITE THINGS | sticky_things:STICKY THINGS | soft_things:SOFT THINGS,Candidate for sense decomposition; review category uses and add sense-specific display/casing.
1185,mustard,mustard,0,noun,0.527,6,3,color_words_advanced:SHADES OF COLOR | sandwich_fillings:SANDWICH FILLINGS | condiments:CONDIMENTS | bbq_foods:BARBECUE FOODS | things_you_spread:SPREADS | yellow_things:YELLOW THINGS,Candidate for sense decomposition; review category uses and add sense-specific display/casing.
5513,referee,referee,0,noun,0.551,6,3,jobs_that_wear_uniforms:UNIFORMED JOBS | sports_jobs:SPORTS JOBS | football_words:FOOTBALL WORDS | sports_officials:SPORTS OFFICIALS | boxing_words:BOXING WORDS | wrestling_words:WRESTLING WORDS,Candidate for sense decomposition; review category uses and add sense-specific display/casing.
306,roar,roar,0,noun,0.529,6,3,ways_of_laughing:WAYS OF LAUGHING | animal_sounds:ANIMAL SOUNDS | machine_sounds:MACHINE SOUNDS | water_sounds:WATER SOUNDS | nature_sounds:NATURE SOUNDS | loud_noises:LOUD NOISES,Candidate for sense decomposition; review category uses and add sense-specific display/casing.
7220,sprout,sprout,0,noun,0.444,6,3,seasons_and_nature:SEASONAL WORDS | seasons_spring:SPRING THINGS | seeds_and_bulbs:SEEDS AND BULBS | plant_parts:PLANT PARTS | leaf_shapes:LEAF WORDS | gardening_words:GARDENING WORDS,Candidate for sense decomposition; review category uses and add sense-specific display/casing.
7130,sunflower,sunflower,0,noun,0.48,6,3,flowers:FLOWERS | things_with_seeds:THINGS WITH SEEDS | garden_plants:GARDEN PLANTS | crops:FARM CROPS | garden_flowers_summer:SUMMER FLOWERS | yellow_things:YELLOW THINGS,Candidate for sense decomposition; review category uses and add sense-specific display/casing.
3943,tea,tea,0,noun,0.676,6,3,hot_drinks:HOT DRINKS | pantry_staples:PANTRY STAPLES | words_before_cake:___ CAKE | words_before_bag:___ BAG | words_before_time:___ TIME | liquids:LIQUIDS,Candidate for sense decomposition; review category uses and add sense-specific display/casing.
4991,television,television,0,noun,0.684,6,3,living_room_things:LIVING ROOM | things_on_a_wall:WALL THINGS | things_that_plug_in:PLUGGED IN | inventions:INVENTIONS | home_electronics:HOME ELECTRONICS | screens:THINGS WITH SCREENS,Candidate for sense decomposition; review category uses and add sense-specific display/casing.
711,tiger,tiger,1,noun,0.614,6,3,jungle_animals:JUNGLE ANIMALS | wild_cats:WILD CATS | zoo_animals:ZOO ANIMALS | spotted_and_striped:STRIPED ANIMALS | pet_names:PET NAMES | striped_things:STRIPED THINGS,Candidate for sense decomposition; review category uses and add sense-specific display/casing.
3031,uniform,uniform,0,noun,0.619,6,3,gym_class_things:GYM CLASS | police_things:POLICE THINGS | prison_words:PRISON WORDS | military_things:MILITARY EQUIPMENT | cleaning_trade:JANITORIAL WORDS | factory_words:FACTORY WORDS,Candidate for sense decomposition; review category uses and add sense-specific display/casing.
2178,vest,vest,0,noun,0.533,6,3,clothing_items:CLOTHING ITEMS | work_uniforms:UNIFORMS | things_you_button:BUTTONED THINGS | things_with_pockets:THINGS WITH POCKETS | police_things:POLICE THINGS | safety_gear:SAFETY GEAR,Candidate for sense decomposition; review category uses and add sense-specific display/casing.
3428,wagon,wagon,0,noun,0.557,6,3,harvest_words:HARVEST WORDS | wild_west:WILD WEST | transportation_history:HISTORIC TRANSPORT | colonial_america:COLONIAL AMERICA | vehicles:VEHICLES | things_with_wheels:THINGS WITH WHEELS,Candidate for sense decomposition; review category uses and add sense-specific display/casing.
280,whisper,whisper,0,noun,0.534,6,3,ways_of_speaking:WAYS OF SPEAKING | quiet_actions:SILENT ACTIONS | quiet_things:QUIET THINGS | nature_sounds:NATURE SOUNDS | scary_sounds:SCARY SOUNDS | quiet_sounds:QUIET SOUNDS,Candidate for sense decomposition; review category uses and add sense-specific display/casing.
3770,bacon,bacon,0,noun,0.593,6,2,breakfast_foods:BREAKFAST FOODS | pizza_toppings:PIZZA TOPPINGS | sandwich_fillings:SANDWICH FILLINGS | soup_ingredients:SOUP INGREDIENTS | meats:MEATS | cured_meats:CURED MEATS,Candidate for sense decomposition; review category uses and add sense-specific display/casing.
3748,egg,egg,0,noun,0.637,6,2,pie_ingredients:PIE INGREDIENTS | baking_ingredients:BAKING INGREDIENTS | breakfast_foods:BREAKFAST FOODS | pizza_toppings:PIZZA TOPPINGS | salad_ingredients:SALAD INGREDIENTS | things_that_break:FRAGILE THINGS,Candidate for sense decomposition; review category uses and add sense-specific display/casing.
3804,mushroom,mushroom,0,noun,0.519,6,2,pizza_toppings:PIZZA TOPPINGS | salad_ingredients:SALAD INGREDIENTS | soup_ingredients:SOUP INGREDIENTS | mushrooms_and_fungi:FUNGI | things_in_the_forest:FOREST THINGS | things_that_grow:GROWING THINGS,Candidate for sense decomposition; review category uses and add sense-specific display/casing.
3053,nurse,nurse,0,noun,0.629,6,2,school_people:SCHOOL PEOPLE | medical_jobs:MEDICAL JOBS | school_jobs:SCHOOL JOBS | jobs_that_wear_uniforms:UNIFORMED JOBS | night_shift_jobs:NIGHT SHIFT | people_who_help:HELPING PROFESSIONS,Candidate for sense decomposition; review category uses and add sense-specific display/casing.
3806,pepper,pepper,0,noun,0.591,6,2,pizza_toppings:PIZZA TOPPINGS | salad_ingredients:SALAD INGREDIENTS | soup_ingredients:SOUP INGREDIENTS | spices_and_herbs:SPICES AND HERBS | things_with_seeds:THINGS WITH SEEDS | garden_plants:GARDEN PLANTS,Candidate for sense decomposition; review category uses and add sense-specific display/casing.
7120,root,root,0,noun,0.63,6,2,tree_parts:TREE PARTS | flower_parts:FLOWER PARTS | things_that_grow:GROWING THINGS | underground_things:UNDERGROUND THINGS | animal_tracks_and_signs:DIRT THINGS | plant_parts:PLANT PARTS,Candidate for sense decomposition; review category uses and add sense-specific display/casing.
4333,Jordan,jordan,1,proper_noun,0.644,5,5,asian_countries:ASIAN COUNTRIES | place_names_as_names:PLACE NAMES | unisex_names:UNISEX NAMES | middle_east_places:MIDDLE EAST | sports_legends:SPORTS LEGENDS,Candidate for sense decomposition; review category uses and add sense-specific display/casing.
1522,Subway,subway,1,proper_noun,0.579,5,5,fast_food_chains:FAST FOOD | city_words:CITY WORDS | underground_things:UNDERGROUND THINGS | underground_places:UNDERGROUND PLACES | vehicles:VEHICLES,Candidate for sense decomposition; review category uses and add sense-specific display/casing.
1183,amber,amber,1,noun,0.567,5,5,color_words_advanced:SHADES OF COLOR | perfume_words:FRAGRANCE WORDS | precious_materials:PRECIOUS MATERIALS | nature_names:NATURE NAMES | ocean_products:SEA HARVEST,Candidate for sense decomposition; review category uses and add sense-specific display/casing.
4635,boots,boots,0,noun,0.619,5,5,wild_west:WILD WEST | hiking_words:HIKING WORDS | military_things:MILITARY EQUIPMENT | skiing_words:SKIING WORDS | safety_gear:SAFETY GEAR,Candidate for sense decomposition; review category uses and add sense-specific display/casing.
880,camel,camel,0,noun,0.52,5,5,zoo_animals:ZOO ANIMALS | pack_animals:WORK ANIMALS | transportation_history:HISTORIC TRANSPORT | desert_things:DESERT THINGS | world_transport:WORLD TRANSPORT,Candidate for sense decomposition; review category uses and add sense-specific display/casing.
1876,cart,cart,0,noun,0.569,5,5,shopping_words:SHOPPING WORDS | words_after_horse:HORSE ___ | cleaning_trade:JANITORIAL WORDS | things_with_wheels:THINGS WITH WHEELS | world_markets:MARKET WORDS,Candidate for sense decomposition; review category uses and add sense-specific display/casing.
1757,cash,cash,1,noun,0.703,5,5,money_words:MONEY WORDS | words_before_box:___ BOX | famous_musicians:MUSIC LEGENDS | things_in_a_wallet:WALLET THINGS | world_markets:MARKET WORDS,Candidate for sense decomposition; review category uses and add sense-specific display/casing.
2497,chess,chess,0,noun,0.563,5,5,card_and_dice_games:CLASSIC GAMES | board_games:BOARD GAMES | pie_types:PIE TYPES | hobby_verbs:HOBBY ACTIVITIES | board_and_card_games:GAMES OF SKILL,Candidate for sense decomposition; review category uses and add sense-specific display/casing.
528,compost,compost,0,noun,0.459,5,5,garden_actions:GARDEN ACTIONS | soil_words:SOIL WORDS | trash_and_recycling:TRASH THINGS | recycled_materials:RECYCLABLE MATERIALS | gardening_words:GARDENING WORDS,Candidate for sense decomposition; review category uses and add sense-specific display/casing.
3046,conductor,conductor,0,noun,0.543,5,5,music_class_things:MUSIC CLASS | instruments_in_an_orchestra:ORCHESTRA SECTIONS | transport_jobs:TRANSPORT JOBS | electricity_words:ELECTRICITY WORDS | train_words:TRAIN WORDS,Candidate for sense decomposition; review category uses and add sense-specific display/casing.
6831,crystal,crystal,0,noun,0.629,5,5,wizards_and_spells:WIZARD WORDS | things_that_grow:GROWING THINGS | cave_things:CAVE THINGS | transparent_things:CLEAR THINGS | states_of_matter:STATES OF MATTER,Candidate for sense decomposition; review category uses and add sense-specific display/casing.
5793,dial,dial,0,noun,0.561,5,5,words_after_sun:SUN ___ | radio_words:RADIO WORDS | round_things:ROUND THINGS | clock_words:CLOCK WORDS | things_that_spin:SPINNING THINGS,Candidate for sense decomposition; review category uses and add sense-specific display/casing.
861,down,down,0,noun,0.84,5,5,animal_coverings:ANIMAL COVERINGS | opposites:OPPOSITES | directions:DIRECTIONS | words_before_side:___ SIDE | football_words:FOOTBALL WORDS,Candidate for sense decomposition; review category uses and add sense-specific display/casing.
2899,field,field,0,noun,0.749,5,5,school_places:SCHOOL PLACES | harvest_words:HARVEST WORDS | things_on_a_farm:FARM THINGS | words_after_air:AIR ___ | sports_venues:SPORTS VENUES,Candidate for sense decomposition; review category uses and add sense-specific display/casing.
2199,flat,flat,0,noun,0.674,5,5,footwear:FOOTWEAR | shape_adjectives:SHAPE ADJECTIVES | music_words:MUSIC WORDS | shoe_styles:SHOE STYLES | theater_stage_terms:STAGE TERMS,Candidate for sense decomposition; review category uses and add sense-specific display/casing.
3022,glitter,glitter,0,noun,0.509,5,5,art_class_things:ART CLASS | nail_words:NAIL CARE | crafting_materials:CRAFT MATERIALS | shiny_things:SHINY THINGS | art_supplies:ART SUPPLIES,Candidate for sense decomposition; review category uses and add sense-specific display/casing.
3481,greenhouse,greenhouse,0,noun,0.54,5,5,farm_buildings:FARM BUILDINGS | hot_places:HOT PLACES | gardening_hobby:GARDEN HOBBY | things_made_of_glass:GLASS THINGS | gardening_words:GARDENING WORDS,Candidate for sense decomposition; review category uses and add sense-specific display/casing.
601,jellyfish,jellyfish,0,noun,0.464,5,5,ocean_animals:OCEAN ANIMALS | jellyfish_and_soft:SOFT CREATURES | sea_shore_things:BEACH THINGS | coral_reef:CORAL REEF | transparent_things:CLEAR THINGS,Candidate for sense decomposition; review category uses and add sense-specific display/casing.
430,judge,judge,0,noun,0.707,5,5,thinking_actions:THINKING ACTIONS | law_jobs:LAW JOBS | courtroom_things:COURTROOM THINGS | titles_of_address:TITLES | sports_officials:SPORTS OFFICIALS,Candidate for sense decomposition; review category uses and add sense-specific display/casing.
570,mule,mule,0,noun,0.491,5,5,farm_animals:FARM ANIMALS | pack_animals:WORK ANIMALS | livestock:LIVESTOCK | shoe_styles:SHOE STYLES | transportation_history:HISTORIC TRANSPORT,Candidate for sense decomposition; review category uses and add sense-specific display/casing.
1935,napkin,napkin,0,noun,0.451,5,5,restaurant_words:RESTAURANT WORDS | party_things:PARTY THINGS | fabrics_at_home:HOME TEXTILES | things_made_of_paper:PAPER THINGS | square_things:SQUARE THINGS,Candidate for sense decomposition; review category uses and add sense-specific display/casing.
474,pass,pass,0,noun,0.721,5,5,sports_actions:SPORTS ACTIONS | grades_and_marks:GRADING WORDS | kitchen_brigade:KITCHEN SLANG | words_before_book:___ BOOK | card_tricks:CARD TRICKS,Candidate for sense decomposition; review category uses and add sense-specific display/casing.
2344,pattern,pattern,0,noun,0.651,5,5,sewing_words:SEWING WORDS | knitting_words:KNITTING WORDS | juggling_words:JUGGLING WORDS | sewing_supplies:SEWING SUPPLIES | tailor_words:TAILOR SHOP,Candidate for sense decomposition; review category uses and add sense-specific display/casing.
1187,plum,plum,0,noun,0.507,5,5,color_words_advanced:SHADES OF COLOR | fruits:FRUITS | things_with_seeds:THINGS WITH SEEDS | fruit_trees:FRUIT TREES | tomato_varieties:TOMATO VARIETIES,Candidate for sense decomposition; review category uses and add sense-specific display/casing.
3479,pollen,pollen,0,noun,0.496,5,5,beekeeping:BEEKEEPING THINGS | flower_parts:FLOWER PARTS | seasons_spring:SPRING THINGS | plant_parts:PLANT PARTS | microscope_things:TINY THINGS,Candidate for sense decomposition; review category uses and add sense-specific display/casing.
2877,poster,poster,0,noun,0.599,5,5,classroom_things:CLASSROOM THINGS | things_on_a_wall:WALL THINGS | things_made_of_paper:PAPER THINGS | things_that_have_a_face:FACED THINGS | fan_things:FAN THINGS,Candidate for sense decomposition; review category uses and add sense-specific display/casing.
3916,ranch,ranch,0,noun,0.576,5,5,condiments:CONDIMENTS | wild_west:WILD WEST | words_before_house:___ HOUSE | places_with_animals:PLACES WITH ANIMALS | sauces:SAUCES,Candidate for sense decomposition; review category uses and add sense-specific display/casing.
5706,safe,safe,0,noun,0.724,5,5,words_before_house:___ HOUSE | things_made_of_metal:METAL THINGS | heavy_things:HEAVY THINGS | security_tech:SECURITY DEVICES | locksmith_words:LOCKS & KEYS,Candidate for sense decomposition; review category uses and add sense-specific display/casing.
4840,sandpaper,sandpaper,0,noun,0.39,5,5,model_building:MODEL KITS | sewing_and_repair:HOME REPAIR | things_in_a_toolbox:TOOLBOX THINGS | workshop_things:WORKSHOP THINGS | painting_trade:HOUSE PAINTING,Candidate for sense decomposition; review category uses and add sense-specific display/casing.
640,spider,spider,0,noun,0.607,5,5,insects:INSECTS | words_before_man:___ MAN | garden_bugs:GARDEN BUGS | spiders_and_crawlers:SPIDERS AND CRAWLERS | halloween_things:HALLOWEEN THINGS,Candidate for sense decomposition; review category uses and add sense-specific display/casing.
381,spray,spray,0,noun,0.597,5,5,water_actions:WATER ACTIONS | paint_types:KINDS OF PAINT | medicine_forms:FORMS OF MEDICINE | sea_weather:SEA CONDITIONS | water_sounds:WATER SOUNDS,Candidate for sense decomposition; review category uses and add sense-specific display/casing.
3440,sprinkler,sprinkler,0,noun,0.436,5,5,irrigation:IRRIGATION THINGS | body_of_water_types:WATER FEATURES | seasons_summer:SUMMER THINGS | garden_tools:GARDEN TOOLS | landscaping_words:LANDSCAPING WORDS,Candidate for sense decomposition; review category uses and add sense-specific display/casing.
2902,stage,stage,0,noun,0.729,5,5,school_places:SCHOOL PLACES | theater_words:THEATER WORDS | dance_class:DANCE CLASS | words_after_back:BACK ___ | rocket_parts:ROCKET PARTS,Candidate for sense decomposition; review category uses and add sense-specific display/casing.
1206,stone,stone,0,noun,0.686,5,5,sculpture_materials:SCULPTURE MATERIALS | words_after_head:HEAD ___ | building_materials:BUILDING MATERIALS | animal_tracks_and_signs:DIRT THINGS | masonry_words:MASONRY WORDS,Candidate for sense decomposition; review category uses and add sense-specific display/casing.
4912,string,string,0,noun,0.629,5,5,crafting_materials:CRAFT MATERIALS | things_in_a_junk_drawer:JUNK DRAWER | archery_words:ARCHERY WORDS | programming_words:PROGRAMMING WORDS | bean_types:BEAN TYPES,Candidate for sense decomposition; review category uses and add sense-specific display/casing.
1460,thorn,thorn,0,noun,0.497,5,5,things_that_hurt:PAINFUL THINGS | flower_parts:FLOWER PARTS | plant_parts:PLANT PARTS | things_that_are_sharp:POINTED THINGS | things_that_cut:SHARP THINGS,Candidate for sense decomposition; review category uses and add sense-specific display/casing.
2995,title,title,0,noun,0.729,5,5,reading_words:READING WORDS | writing_words:WRITING WORDS | legal_documents:LEGAL DOCUMENTS | initials_and_titles:NAME PARTS | sports_scoring:SCORING WORDS,Candidate for sense decomposition; review category uses and add sense-specific display/casing.
5844,track,track,0,noun,0.717,5,5,words_after_back:BACK ___ | animal_tracks_and_signs:DIRT THINGS | sports_venues:SPORTS VENUES | racing_words:MOTOR RACING | train_words:TRAIN WORDS,Candidate for sense decomposition; review category uses and add sense-specific display/casing.
7128,acorn,acorn,0,noun,0.44,5,4,tree_parts:TREE PARTS | things_in_the_forest:FOREST THINGS | seasons_fall:FALL THINGS | seeds_and_bulbs:SEEDS AND BULBS | melons_and_squash:MELONS & SQUASH,Candidate for sense decomposition; review category uses and add sense-specific display/casing.
1405,ambulance,ambulance,0,noun,0.58,5,4,hospital_things:HOSPITAL THINGS | emergency_services:EMERGENCY SERVICES | emergency_words:EMERGENCY WORDS | vehicles:VEHICLES | emergency_vehicles:EMERGENCY VEHICLES,Candidate for sense decomposition; review category uses and add sense-specific display/casing.
620,ant,ant,0,noun,0.551,5,4,insects:INSECTS | pests:PESTS | words_after_fire:FIRE ___ | animal_tracks_and_signs:DIRT THINGS | garden_bugs:GARDEN BUGS,Candidate for sense decomposition; review category uses and add sense-specific display/casing.
3816,avocado,avocado,0,noun,0.493,5,4,sandwich_fillings:SANDWICH FILLINGS | salad_ingredients:SALAD INGREDIENTS | things_with_seeds:THINGS WITH SEEDS | fruit_trees:FRUIT TREES | green_things:GREEN THINGS,Candidate for sense decomposition; review category uses and add sense-specific display/casing.
1375,bandage,bandage,0,noun,0.463,5,4,medicine_cabinet:MEDICINE CABINET | hospital_things:HOSPITAL THINGS | things_worn_on_hands:HAND WEAR | first_aid:FIRST AID | first_aid_actions:AID ACTIONS,Candidate for sense decomposition; review category uses and add sense-specific display/casing.
3464,barrel,barrel,0,noun,0.596,5,4,vineyard_words:VINEYARD WORDS | things_that_hold_water:WATER HOLDERS | storage_containers:CONTAINERS | words_after_rain:RAIN ___ | things_made_of_wood:WOODEN THINGS,Candidate for sense decomposition; review category uses and add sense-specific display/casing.
3805,basil,basil,0,noun,0.521,5,4,pizza_toppings:PIZZA TOPPINGS | spices_and_herbs:SPICES AND HERBS | garden_plants:GARDEN PLANTS | herbs:COOKING HERBS | mint_and_herbs_varieties:HERB VARIETIES,Candidate for sense decomposition; review category uses and add sense-specific display/casing.
622,beetle,beetle,1,noun,0.504,5,4,insects:INSECTS | animals_with_shells:ANIMALS WITH SHELLS | car_models:CAR MODELS | pest_control:CROP PESTS | garden_bugs:GARDEN BUGS,Candidate for sense decomposition; review category uses and add sense-specific display/casing.
2352,bleach,bleach,0,noun,0.501,5,4,laundry_care:LAUNDRY CARE | cleaning_supplies:CLEANING SUPPLIES | laundry_things:LAUNDRY THINGS | liquids:LIQUIDS | smelly_things:SMELLY THINGS,Candidate for sense decomposition; review category uses and add sense-specific display/casing.
348,bolt,bolt,0,noun,0.577,5,4,building_actions:BUILDING ACTIONS | sewing_and_repair:HOME REPAIR | fasteners:FASTENERS | things_that_stick_out:HAMMERED THINGS | locksmith_words:LOCKS & KEYS,Candidate for sense decomposition; review category uses and add sense-specific display/casing.
4725,bone,bone,0,noun,0.639,5,4,archaeology_words:ARCHAEOLOGY WORDS | words_after_back:BACK ___ | white_things:WHITE THINGS | hard_things:HARD THINGS | body_science:HUMAN BIOLOGY,Candidate for sense decomposition; review category uses and add sense-specific display/casing.
513,budget,budget,0,noun,0.689,5,4,money_actions:MONEY ACTIONS | money_words:MONEY WORDS | business_words:BUSINESS WORDS | value_words:PRICE WORDS | government_branches:GOVERNMENT WORDS,Candidate for sense decomposition; review category uses and add sense-specific display/casing.
497,burrow,burrow,0,noun,0.443,5,4,animal_actions:ANIMAL ACTIONS | animal_homes:ANIMAL HOMES | animal_verbs:ANIMAL MOVEMENTS | underground_things:UNDERGROUND THINGS | underground_places:UNDERGROUND PLACES,Candidate for sense decomposition; review category uses and add sense-specific display/casing.
3297,cable,cable,0,noun,0.649,5,4,tv_words:TELEVISION WORDS | video_gaming:GAMING SETUP | computer_parts:COMPUTER PARTS | power_and_batteries:POWER WORDS | electrical_words:ELECTRICAL WORDS,Candidate for sense decomposition; review category uses and add sense-specific display/casing.
4631,cactus,cactus,0,noun,0.486,5,4,wild_west:WILD WEST | desert_things:DESERT THINGS | houseplants:HOUSEPLANTS | cactus_and_succulents:CACTUS AND SUCCULENTS | green_things:GREEN THINGS,Candidate for sense decomposition; review category uses and add sense-specific display/casing.
2836,calculator,calculator,0,noun,0.509,5,4,school_supplies:SCHOOL SUPPLIES | things_with_buttons:THINGS WITH BUTTONS | screens:THINGS WITH SCREENS | office_machines:OFFICE MACHINES | office_supplies:OFFICE SUPPLIES,Candidate for sense decomposition; review category uses and add sense-specific display/casing.
4680,canoe,canoe,0,noun,0.5,5,4,transportation_history:HISTORIC TRANSPORT | things_made_of_wood:WOODEN THINGS | vehicles:VEHICLES | boats:BOATS AND SHIPS | world_transport:WORLD TRANSPORT,Candidate for sense decomposition; review category uses and add sense-specific display/casing.
1054,charcoal,charcoal,0,noun,0.511,5,4,art_tools:ART TOOLS | color_words_advanced:SHADES OF COLOR | writing_tools:WRITING TOOLS | things_that_burn:FUELS | art_supplies:ART SUPPLIES,Candidate for sense decomposition; review category uses and add sense-specific display/casing.
5846,child,child,0,noun,0.757,5,4,words_before_proof:___ PROOF | things_that_grow:GROWING THINGS | family_members:FAMILY MEMBERS | life_stages:STAGES OF LIFE | yoga_poses:YOGA POSES,Candidate for sense decomposition; review category uses and add sense-specific display/casing.
3102,chime,chime,0,noun,0.449,5,4,percussion:PERCUSSION INSTRUMENTS | things_that_ring:RINGING THINGS | musical_sounds:MUSIC SOUNDS | bell_and_alarm:ALARM SOUNDS | clock_words:CLOCK WORDS,Candidate for sense decomposition; review category uses and add sense-specific display/casing.
3983,cobbler,cobbler,0,noun,0.403,5,4,desserts:DESSERTS | old_professions:HISTORIC TRADES | repair_jobs:REPAIR JOBS | historic_jobs:BYGONE JOBS | southern_dishes:SOUTHERN FOOD,Candidate for sense decomposition; review category uses and add sense-specific display/casing.
3260,console,console,0,noun,0.583,5,4,video_game_words:GAMING WORDS | video_gaming:GAMING SETUP | living_room_things:LIVING ROOM | gadgets:GADGETS | screens:THINGS WITH SCREENS,Candidate for sense decomposition; review category uses and add sense-specific display/casing.
613,coral,coral,0,noun,0.551,5,4,ocean_animals:OCEAN ANIMALS | color_words_advanced:SHADES OF COLOR | gemstones:GEMSTONES | coral_reef:CORAL REEF | ocean_products:SEA HARVEST,Candidate for sense decomposition; review category uses and add sense-specific display/casing.
2833,crayon,crayon,0,noun,0.436,5,4,school_supplies:SCHOOL SUPPLIES | writing_tools:WRITING TOOLS | toys:TOYS | things_that_melt:MELTING THINGS | art_supplies:ART SUPPLIES,Candidate for sense decomposition; review category uses and add sense-specific display/casing.
626,cricket,cricket,0,noun,0.627,5,4,insects:INSECTS | nocturnal_animals:NOCTURNAL ANIMALS | garden_bugs:GARDEN BUGS | team_sports:TEAM SPORTS | world_sports:WORLD SPORTS,Candidate for sense decomposition; review category uses and add sense-specific display/casing.
3783,croissant,croissant,0,noun,0.397,5,4,breakfast_foods:BREAKFAST FOODS | bread_types:BREAD TYPES | sandwich_breads:SANDWICH BREADS | french_dishes:FRENCH DISHES | world_breakfasts:WORLD BREAKFAST,Candidate for sense decomposition; review category uses and add sense-specific display/casing.
579,crow,crow,0,noun,0.543,5,4,birds:BIRDS | flying_animals:FLYING ANIMALS | pest_control:CROP PESTS | black_things:BLACK THINGS | yoga_poses:YOGA POSES,Candidate for sense decomposition; review category uses and add sense-specific display/casing.
2938,dean,dean,1,noun,0.629,5,4,college_words:COLLEGE WORDS | school_jobs:SCHOOL JOBS | famous_job_titles:LEADERSHIP TITLES | short_names:SHORT NAMES | titles_of_address:TITLES,Candidate for sense decomposition; review category uses and add sense-specific display/casing.
4207,drop,drop,0,noun,0.713,5,4,candy_shapes:CANDY TYPES | words_after_rain:RAIN ___ | words_after_back:BACK ___ | medicine_forms:FORMS OF MEDICINE | juggling_words:JUGGLING WORDS,Candidate for sense decomposition; review category uses and add sense-specific display/casing.
3044,drum,drum,0,noun,0.587,5,4,music_class_things:MUSIC CLASS | musical_instruments:MUSICAL INSTRUMENTS | percussion:PERCUSSION INSTRUMENTS | things_made_of_wood:WOODEN THINGS | loud_things:LOUD THINGS,Candidate for sense decomposition; review category uses and add sense-specific display/casing.
727,elephant,elephant,0,noun,0.583,5,4,african_animals:AFRICAN ANIMALS | zoo_animals:ZOO ANIMALS | pack_animals:WORK ANIMALS | circus_words:CIRCUS WORDS | heavy_things:HEAVY THINGS,Candidate for sense decomposition; review category uses and add sense-specific display/casing.
5079,elevator,elevator,0,noun,0.564,5,4,things_with_buttons:THINGS WITH BUTTONS | rooms_in_public_buildings:PUBLIC ROOMS | inventions:INVENTIONS | hotel_words:HOTEL WORDS | things_that_carry_people:PEOPLE MOVERS,Candidate for sense decomposition; review category uses and add sense-specific display/casing.
635,firefly,firefly,0,noun,0.447,5,4,insects:INSECTS | nocturnal_animals:NOCTURNAL ANIMALS | light_sources:LIGHT SOURCES | seasons_summer:SUMMER THINGS | beetles:BEETLES,Candidate for sense decomposition; review category uses and add sense-specific display/casing.
1406,floss,floss,0,noun,0.454,5,4,dentist_things:DENTIST THINGS | bathroom_items:BATHROOM ITEMS | dental_words:DENTAL WORDS | hygiene:HYGIENE THINGS | dance_moves:DANCE MOVES,Candidate for sense decomposition; review category uses and add sense-specific display/casing.
3865,focaccia,focaccia,0,noun,0.296,5,4,bread_types:BREAD TYPES | italian_dishes:ITALIAN DISHES | sandwich_breads:SANDWICH BREADS | pizza_styles:PIZZA STYLES | world_breads:WORLD BREADS,Candidate for sense decomposition; review category uses and add sense-specific display/casing.
4551,freezer,freezer,0,noun,0.523,5,4,cold_places:COLD PLACES | kitchen_appliances:KITCHEN APPLIANCES | things_that_plug_in:PLUGGED IN | cold_things:COLD THINGS | butcher_words:BUTCHER SHOP,Candidate for sense decomposition; review category uses and add sense-specific display/casing.
5701,gas,gas,0,noun,0.716,5,4,words_before_light:___ LIGHT | states_of_matter:STATES OF MATTER | energy_words:ENERGY WORDS | welding_words:WELDING WORDS | gas_station_things:GAS STATION,Candidate for sense decomposition; review category uses and add sense-specific display/casing.
2859,gym,gym,0,noun,0.633,5,4,school_subjects:SCHOOL SUBJECTS | school_places:SCHOOL PLACES | town_places:TOWN PLACES | words_before_bag:___ BAG | sports_venues:SPORTS VENUES,Candidate for sense decomposition; review category uses and add sense-specific display/casing.
481,hail,hail,0,noun,0.56,5,4,weather_actions:WEATHER ACTIONS | words_before_stone:___ STONE | weather_words:WEATHER WORDS | water_states:FORMS OF WATER | cold_things:COLD THINGS,Candidate for sense decomposition; review category uses and add sense-specific display/casing.
1236,heel,heel,0,noun,0.549,5,4,body_parts:BODY PARTS | footwear:FOOTWEAR | shoe_parts:SHOE PARTS | shoe_styles:SHOE STYLES | sailing_terms:SAILING TERMS,Candidate for sense decomposition; review category uses and add sense-specific display/casing.
2275,hem,hem,0,noun,0.463,5,4,clothing_parts:GARMENT PARTS | sewing_words:SEWING WORDS | sewing_patterns:GARMENT DETAILS | sewing_supplies:SEWING SUPPLIES | tailor_words:TAILOR SHOP,Candidate for sense decomposition; review category uses and add sense-specific display/casing.
2839,highlighter,highlighter,0,noun,0.404,5,4,school_supplies:SCHOOL SUPPLIES | writing_tools:WRITING TOOLS | makeup:MAKEUP | yellow_things:YELLOW THINGS | office_supplies:OFFICE SUPPLIES,Candidate for sense decomposition; review category uses and add sense-specific display/casing.
4118,icicle,icicle,0,noun,0.347,5,4,things_that_melt:MELTING THINGS | water_states:FORMS OF WATER | seasons_winter:WINTER THINGS | cold_things:COLD THINGS | things_that_are_sharp:POINTED THINGS,Candidate for sense decomposition; review category uses and add sense-specific display/casing.
2503,jump rope,jump rope,0,noun,0.567,5,4,card_and_dice_games:CLASSIC GAMES | playground_games:PLAYGROUND GAMES | gym_class_things:GYM CLASS | toys:TOYS | gym_equipment:GYM EQUIPMENT,Candidate for sense decomposition; review category uses and add sense-specific display/casing.
3151,king,king,0,noun,0.739,5,4,card_words:CARD WORDS | storybook_characters:TALE CHARACTERS | royalty:ROYAL WORDS | chess_words:CHESS WORDS | words_before_fish:___ FISH,Candidate for sense decomposition; review category uses and add sense-specific display/casing.
406,lift,lift,0,noun,0.643,5,4,carrying_actions:CARRYING ACTIONS | opening_actions:OPENING ACTIONS | magnets_and_forces:FORCES | skiing_words:SKIING WORDS | auto_repair:AUTO REPAIR,Candidate for sense decomposition; review category uses and add sense-specific display/casing.
525,mulch,mulch,0,noun,0.414,5,4,garden_actions:GARDEN ACTIONS | soil_words:SOIL WORDS | orchard_words:ORCHARD WORDS | gardening_words:GARDENING WORDS | landscaping_words:LANDSCAPING WORDS,Candidate for sense decomposition; review category uses and add sense-specific display/casing.
3328,newspaper,newspaper,0,noun,0.657,5,4,reading_material:READING MATTER | trash_and_recycling:TRASH THINGS | things_made_of_paper:PAPER THINGS | recycled_materials:RECYCLABLE MATERIALS | things_you_recycle:TRASH ITEMS,Candidate for sense decomposition; review category uses and add sense-specific display/casing.
2558,night,night,0,noun,0.801,5,4,opposites:OPPOSITES | words_before_light:___ LIGHT | words_before_time:___ TIME | black_things:BLACK THINGS | days_and_parts_of_day:DAYS & TIMES,Candidate for sense decomposition; review category uses and add sense-specific display/casing.
3718,pecan,pecan,0,noun,0.419,5,4,nuts_and_seeds:NUTS AND SEEDS | pie_ingredients:PIE INGREDIENTS | pie_types:PIE TYPES | fruit_trees:FRUIT TREES | nuts_world:SNACK NUTS,Candidate for sense decomposition; review category uses and add sense-specific display/casing.
3041,piano,piano,0,noun,0.616,5,4,music_class_things:MUSIC CLASS | musical_instruments:MUSICAL INSTRUMENTS | instruments_you_strum:THINGS WITH STRINGS | music_tempo_terms:TEMPO TERMS | heavy_things:HEAVY THINGS,Candidate for sense decomposition; review category uses and add sense-specific display/casing.
3225,popcorn,popcorn,0,noun,0.533,5,4,circus_words:CIRCUS WORDS | amusement_park:AMUSEMENT PARK | snack_foods:SNACK FOODS | vending_machine_items:VENDING MACHINE | street_food:STREET FOOD,Candidate for sense decomposition; review category uses and add sense-specific display/casing.
1310,pressure,pressure,0,noun,0.716,5,4,senses_and_perception:THE SENSES | weather_forecast_terms:FORECAST TERMS | deep_sea:DEEP SEA | weather_science:WEATHER SCIENCE | magnets_and_forces:FORCES,Candidate for sense decomposition; review category uses and add sense-specific display/casing.
2244,purse,purse,0,noun,0.564,5,4,accessories:ACCESSORIES | things_with_pockets:THINGS WITH POCKETS | bags:BAGS AND CASES | things_made_of_leather:LEATHER THINGS | things_with_handles:THINGS WITH HANDLES,Candidate for sense decomposition; review category uses and add sense-specific display/casing.
479,rain,rain,1,noun,0.673,5,4,weather_actions:WEATHER ACTIONS | nature_names:NATURE NAMES | weather_words:WEATHER WORDS | water_states:FORMS OF WATER | seasons_spring:SPRING THINGS,Candidate for sense decomposition; review category uses and add sense-specific display/casing.
7505,ramp,ramp,0,noun,0.547,5,4,harbor_things:HARBOR THINGS | skateboarding:SKATEBOARDING WORDS | warehouse_words:WAREHOUSE WORDS | road_things:ROAD THINGS | parking_words:PARKING WORDS,Candidate for sense decomposition; review category uses and add sense-specific display/casing.
4553,refrigerator,refrigerator,0,noun,0.516,5,4,cold_places:COLD PLACES | kitchen_appliances:KITCHEN APPLIANCES | cold_things:COLD THINGS | heavy_things:HEAVY THINGS | inventions:INVENTIONS,Candidate for sense decomposition; review category uses and add sense-specific display/casing.
332,rinse,rinse,0,noun,0.497,5,4,cleaning_actions:CLEANING ACTIONS | water_actions:WATER ACTIONS | dentist_things:DENTIST THINGS | laundry_care:LAUNDRY CARE | first_aid_actions:AID ACTIONS,Candidate for sense decomposition; review category uses and add sense-specific display/casing.
576,robin,robin,1,noun,0.619,5,4,birds:BIRDS | flying_animals:FLYING ANIMALS | superheroes:SUPERHEROES | seasons_spring:SPRING THINGS | songbirds:SONGBIRDS,Candidate for sense decomposition; review category uses and add sense-specific display/casing.
2832,ruler,ruler,0,noun,0.549,5,4,school_supplies:SCHOOL SUPPLIES | things_made_of_plastic:PLASTIC THINGS | long_thin_things:THIN THINGS | office_supplies:OFFICE SUPPLIES | measuring_tools:MEASURING TOOLS,Candidate for sense decomposition; review category uses and add sense-specific display/casing.
2437,salsa,salsa,0,noun,0.504,5,4,world_dances:WORLD DANCES | dance_styles:DANCE STYLES | condiments:CONDIMENTS | mexican_dishes:MEXICAN DISHES | sauces:SAUCES,Candidate for sense decomposition; review category uses and add sense-specific display/casing.
841,school,school,0,noun,0.816,5,4,animal_groups:ANIMAL GROUPS | town_places:TOWN PLACES | words_before_house:___ HOUSE | words_before_master:___ MASTER | kinds_of_buildings:KINDS OF BUILDINGS,Candidate for sense decomposition; review category uses and add sense-specific display/casing.
349,screw,screw,0,noun,0.607,5,4,building_actions:BUILDING ACTIONS | sewing_and_repair:HOME REPAIR | things_in_a_junk_drawer:JUNK DRAWER | words_before_ball:___ BALL | fasteners:FASTENERS,Candidate for sense decomposition; review category uses and add sense-specific display/casing.
3409,shovel,shovel,0,noun,0.5,5,4,barn_things:BARN THINGS | things_in_a_garage:GARAGE THINGS | seasons_winter:WINTER THINGS | garden_tools:GARDEN TOOLS | things_with_handles:THINGS WITH HANDLES,Candidate for sense decomposition; review category uses and add sense-specific display/casing.
618,shrimp,shrimp,0,noun,0.541,5,4,ocean_animals:OCEAN ANIMALS | crustaceans:CRUSTACEANS | pizza_toppings:PIZZA TOPPINGS | seafood:SEAFOOD | shellfish:SHELLFISH,Candidate for sense decomposition; review category uses and add sense-specific display/casing.
363,snap,snap,0,noun,0.601,5,4,destroying_actions:BREAKING ACTIONS | onomatopoeia:SOUND WORDS | scary_sounds:SCARY SOUNDS | football_words:FOOTBALL WORDS | sewing_supplies:SEWING SUPPLIES,Candidate for sense decomposition; review category uses and add sense-specific display/casing.
2679,square,square,0,noun,0.691,5,4,shape_adjectives:SHAPE ADJECTIVES | shapes:SHAPES | math_operations:MATH OPERATIONS | hand_tools:HAND TOOLS | carpentry_words:CARPENTRY WORDS,Candidate for sense decomposition; review category uses and add sense-specific display/casing.
821,stable,stable,0,noun,0.64,5,4,horse_words:HORSE WORDS | animal_homes:ANIMAL HOMES | farm_buildings:FARM BUILDINGS | things_on_a_farm:FARM THINGS | places_with_animals:PLACES WITH ANIMALS,Candidate for sense decomposition; review category uses and add sense-specific display/casing.
4716,telescope,telescope,0,noun,0.536,5,4,exploration_words:AGE OF EXPLORATION | navigation_tools:NAVIGATION TOOLS | inventions:INVENTIONS | things_in_the_sky_science:ASTRONOMY WORDS | space_travel:SPACE TRAVEL,Candidate for sense decomposition; review category uses and add sense-specific display/casing.
4944,towel,towel,0,noun,0.563,5,4,bathroom_items:BATHROOM ITEMS | fabrics_at_home:HOME TEXTILES | hygiene:HYGIENE THINGS | sea_shore_things:BEACH THINGS | barbershop_words:BARBERSHOP WORDS,Candidate for sense decomposition; review category uses and add sense-specific display/casing.
2477,tulip,tulip,0,noun,0.454,5,4,flags_and_symbols:NATIONAL SYMBOLS | flowers:FLOWERS | garden_plants:GARDEN PLANTS | seasons_spring:SPRING THINGS | garden_flowers_spring:SPRING FLOWERS,Candidate for sense decomposition; review category uses and add sense-specific display/casing.
7278,tunnel,tunnel,0,noun,0.606,5,4,underground_things:UNDERGROUND THINGS | cave_things:CAVE THINGS | underground_places:UNDERGROUND PLACES | road_things:ROAD THINGS | train_words:TRAIN WORDS,Candidate for sense decomposition; review category uses and add sense-specific display/casing.
1382,tweezers,tweezers,0,noun,0.396,5,4,medicine_cabinet:MEDICINE CABINET | beauty_tools:BEAUTY TOOLS | model_building:MODEL KITS | medical_tools:MEDICAL TOOLS | first_aid:FIRST AID,Candidate for sense decomposition; review category uses and add sense-specific display/casing.
3461,vine,vine,0,noun,0.533,5,4,vineyard_words:VINEYARD WORDS | wild_plants:WILD PLANTS | things_that_grow:GROWING THINGS | plant_parts:PLANT PARTS | tomato_varieties:TOMATO VARIETIES,Candidate for sense decomposition; review category uses and add sense-specific display/casing.
3918,vinegar,vinegar,0,noun,0.52,5,4,condiments:CONDIMENTS | pantry_staples:PANTRY STAPLES | liquids:LIQUIDS | smelly_things:SMELLY THINGS | fermented_foods:PICKLED FOODS,Candidate for sense decomposition; review category uses and add sense-specific display/casing.
3717,walnut,walnut,0,noun,0.509,5,4,nuts_and_seeds:NUTS AND SEEDS | salad_ingredients:SALAD INGREDIENTS | trees:TREES | fruit_trees:FRUIT TREES | nuts_world:SNACK NUTS,Candidate for sense decomposition; review category uses and add sense-specific display/casing.
3646,watermelon,watermelon,0,noun,0.479,5,4,fruits:FRUITS | bbq_foods:BARBECUE FOODS | things_with_seeds:THINGS WITH SEEDS | seasons_summer:SUMMER THINGS | melons_and_squash:MELONS & SQUASH,Candidate for sense decomposition; review category uses and add sense-specific display/casing.
386,yawn,yawn,0,noun,0.439,5,4,sleeping_actions:SLEEP ACTIONS | body_movements:BODY MOVEMENTS | body_sounds:BODY SOUNDS | facial_expressions:FACIAL EXPRESSIONS | voice_sounds:VOICE SOUNDS,Candidate for sense decomposition; review category uses and add sense-specific display/casing.
3716,almond,almond,0,noun,0.504,5,3,nuts_and_seeds:NUTS AND SEEDS | baking_ingredients:BAKING INGREDIENTS | salad_ingredients:SALAD INGREDIENTS | fruit_trees:FRUIT TREES | nuts_world:SNACK NUTS,Candidate for sense decomposition; review category uses and add sense-specific display/casing.
1230,back,back,0,noun,0.863,5,3,body_parts:BODY PARTS | directions:DIRECTIONS | words_before_light:___ LIGHT | words_before_ground:___ GROUND | words_after_horse:HORSE ___,Candidate for sense decomposition; review category uses and add sense-specific display/casing.
3683,bean,bean,0,noun,0.569,5,3,vegetables:VEGETABLES | soup_ingredients:SOUP INGREDIENTS | things_with_seeds:THINGS WITH SEEDS | garden_plants:GARDEN PLANTS | vines:VINES AND CLIMBERS,Candidate for sense decomposition; review category uses and add sense-specific display/casing.
8014,blade,blade,0,noun,0.599,5,3,leaf_shapes:LEAF WORDS | shiny_things:SHINY THINGS | cutting_tools:CUTTING TOOLS | things_that_cut:SHARP THINGS | blades:BLADES,Candidate for sense decomposition; review category uses and add sense-specific display/casing.
3651,blueberry,blueberry,0,noun,0.471,5,3,fruits:FRUITS | berries:BERRIES | pie_ingredients:PIE INGREDIENTS | pie_types:PIE TYPES | berry_varieties:BERRY VARIETIES,Candidate for sense decomposition; review category uses and add sense-specific display/casing.
3826,broth,broth,0,noun,0.484,5,3,soup_ingredients:SOUP INGREDIENTS | hot_drinks:HOT DRINKS | pantry_staples:PANTRY STAPLES | liquids:LIQUIDS | soups:SOUPS AND STEWS,Candidate for sense decomposition; review category uses and add sense-specific display/casing.
574,cat,cat,0,noun,0.683,5,3,farm_animals:FARM ANIMALS | pets:PETS | words_before_fish:___ FISH | words_before_bird:___ BIRD | quiet_things:QUIET THINGS,Candidate for sense decomposition; review category uses and add sense-specific display/casing.
611,clam,clam,0,noun,0.46,5,3,ocean_animals:OCEAN ANIMALS | animals_with_shells:ANIMALS WITH SHELLS | seafood:SEAFOOD | shellfish:SHELLFISH | shells:SEASHELLS,Candidate for sense decomposition; review category uses and add sense-specific display/casing.
2273,cuff,cuff,0,noun,0.501,5,3,clothing_parts:GARMENT PARTS | things_you_button:BUTTONED THINGS | sewing_words:SEWING WORDS | sewing_patterns:GARMENT DETAILS | words_after_hand:HAND ___,Candidate for sense decomposition; review category uses and add sense-specific display/casing.
4418,curb,curb,0,noun,0.541,5,3,city_words:CITY WORDS | words_before_side:___ SIDE | words_before_stone:___ STONE | road_things:ROAD THINGS | parking_words:PARKING WORDS,Candidate for sense decomposition; review category uses and add sense-specific display/casing.
575,dog,dog,0,noun,0.729,5,3,farm_animals:FARM ANIMALS | pets:PETS | pack_animals:WORK ANIMALS | words_before_house:___ HOUSE | words_before_fish:___ FISH,Candidate for sense decomposition; review category uses and add sense-specific display/casing.
3616,drawer,drawer,0,noun,0.54,5,3,wardrobe_care:WARDROBE CARE | things_that_open:OPENING THINGS | storage_containers:CONTAINERS | things_with_handles:THINGS WITH HANDLES | boxes_and_cases:TOOL STORAGE,Candidate for sense decomposition; review category uses and add sense-specific display/casing.
4685,ferry,ferry,0,noun,0.574,5,3,transportation_history:HISTORIC TRANSPORT | vehicles:VEHICLES | boats:BOATS AND SHIPS | things_that_carry_people:PEOPLE MOVERS | world_transport:WORLD TRANSPORT,Candidate for sense decomposition; review category uses and add sense-specific display/casing.
722,frog,frog,0,noun,0.556,5,3,jungle_animals:JUNGLE ANIMALS | amphibians_and_bugs:AMPHIBIANS | pond_animals:POND ANIMALS | storybook_characters:TALE CHARACTERS | green_things:GREEN THINGS,Candidate for sense decomposition; review category uses and add sense-specific display/casing.
7156,frost,frost,0,noun,0.564,5,3,weather_words:WEATHER WORDS | seasons_and_nature:SEASONAL WORDS | water_states:FORMS OF WATER | seasons_winter:WINTER THINGS | cold_things:COLD THINGS,Candidate for sense decomposition; review category uses and add sense-specific display/casing.
3766,frosting,frosting,0,noun,0.436,5,3,baking_ingredients:BAKING INGREDIENTS | things_you_spread:SPREADS | things_that_melt:MELTING THINGS | dessert_toppings:DESSERT TOPPINGS | sticky_things:STICKY THINGS,Candidate for sense decomposition; review category uses and add sense-specific display/casing.
8330,gravity,gravity,0,noun,0.601,5,3,magnets_and_forces:FORCES | things_in_the_sky_science:ASTRONOMY WORDS | solar_system_words:SOLAR SYSTEM | space_measurements:SPACE MEASUREMENTS | space_travel:SPACE TRAVEL,Candidate for sense decomposition; review category uses and add sense-specific display/casing.
2564,high,high,0,noun,0.821,5,3,opposites:OPPOSITES | weather_forecast_terms:FORECAST TERMS | words_before_ball:___ BALL | words_before_light:___ LIGHT | words_before_ground:___ GROUND,Candidate for sense decomposition; review category uses and add sense-specific display/casing.
297,hiss,hiss,0,noun,0.436,5,3,ways_of_speaking:WAYS OF SPEAKING | animal_sounds:ANIMAL SOUNDS | onomatopoeia:SOUND WORDS | water_sounds:WATER SOUNDS | kitchen_sounds:KITCHEN SOUNDS,Candidate for sense decomposition; review category uses and add sense-specific display/casing.
653,iguana,iguana,0,noun,0.391,5,3,pets:PETS | jungle_animals:JUNGLE ANIMALS | reptiles:REPTILES | exotic_pets:EXOTIC PETS | lizards:LIZARDS,Candidate for sense decomposition; review category uses and add sense-specific display/casing.
5013,jar,jar,0,noun,0.561,5,3,dishes_and_glassware:DISHES | things_that_open:OPENING THINGS | storage_containers:CONTAINERS | things_made_of_glass:GLASS THINGS | things_you_recycle:TRASH ITEMS,Candidate for sense decomposition; review category uses and add sense-specific display/casing.
4998,kettle,kettle,0,noun,0.506,5,3,kitchen_appliances:KITCHEN APPLIANCES | things_that_plug_in:PLUGGED IN | things_that_hold_water:WATER HOLDERS | things_made_of_metal:METAL THINGS | things_with_handles:THINGS WITH HANDLES,Candidate for sense decomposition; review category uses and add sense-specific display/casing.
726,lion,lion,0,noun,0.607,5,3,african_animals:AFRICAN ANIMALS | wild_cats:WILD CATS | zoo_animals:ZOO ANIMALS | flags_and_symbols:NATIONAL SYMBOLS | words_before_fish:___ FISH,Candidate for sense decomposition; review category uses and add sense-specific display/casing.
5717,mark,mark,1,noun,0.721,5,3,words_after_water:WATER ___ | words_after_book:WORDS AFTER BOOK | bible_books:BIBLE BOOKS | biblical_names:BIBLICAL NAMES | short_names:SHORT NAMES,Candidate for sense decomposition; review category uses and add sense-specific display/casing.
3732,oat,oat,0,noun,0.414,5,3,grains_and_beans:GRAINS AND BEANS | baking_ingredients:BAKING INGREDIENTS | words_before_cake:___ CAKE | crops:FARM CROPS | grasses:GRASSES,Candidate for sense decomposition; review category uses and add sense-specific display/casing.
578,owl,owl,0,noun,0.553,5,3,birds:BIRDS | flying_animals:FLYING ANIMALS | nocturnal_animals:NOCTURNAL ANIMALS | things_in_the_forest:FOREST THINGS | birds_of_prey:BIRDS OF PREY,Candidate for sense decomposition; review category uses and add sense-specific display/casing.
3715,parsley,parsley,0,noun,0.467,5,3,leafy_greens:LEAFY GREENS | soup_ingredients:SOUP INGREDIENTS | spices_and_herbs:SPICES AND HERBS | toppings_and_garnish:GARNISHES | herbs:COOKING HERBS,Candidate for sense decomposition; review category uses and add sense-specific display/casing.
3298,pilot,pilot,0,noun,0.646,5,3,tv_words:TELEVISION WORDS | sea_jobs:SEA JOBS | transport_jobs:TRANSPORT JOBS | jobs_that_wear_uniforms:UNIFORMED JOBS | airport_words:AIRPORT WORDS,Candidate for sense decomposition; review category uses and add sense-specific display/casing.
3860,pita,pita,0,noun,0.429,5,3,bread_types:BREAD TYPES | sandwich_breads:SANDWICH BREADS | greek_dishes:GREEK DISHES | middle_eastern_dishes:MIDDLE EASTERN | world_breads:WORLD BREADS,Candidate for sense decomposition; review category uses and add sense-specific display/casing.
573,rabbit,rabbit,0,noun,0.579,5,3,farm_animals:FARM ANIMALS | pets:PETS | magic_words:MAGIC SHOW | livestock:LIVESTOCK | pest_control:CROP PESTS,Candidate for sense decomposition; review category uses and add sense-specific display/casing.
3674,radish,radish,0,noun,0.397,5,3,vegetables:VEGETABLES | root_vegetables:ROOT VEGETABLES | salad_ingredients:SALAD INGREDIENTS | words_after_horse:HORSE ___ | red_things:RED THINGS,Candidate for sense decomposition; review category uses and add sense-specific display/casing.
5707,road,road,0,noun,0.749,5,3,words_before_house:___ HOUSE | words_before_work:___ WORK | words_before_side:___ SIDE | streets_and_roads:KINDS OF ROADS | striped_things:STRIPED THINGS,Candidate for sense decomposition; review category uses and add sense-specific display/casing.
2255,silk,silk,0,noun,0.587,5,3,fabrics:FABRICS | fabric_types:FABRIC TYPES | precious_materials:PRECIOUS MATERIALS | soft_things:SOFT THINGS | quiet_things:QUIET THINGS,Candidate for sense decomposition; review category uses and add sense-specific display/casing.
3873,spaghetti,spaghetti,0,noun,0.521,5,3,pasta_shapes:PASTA SHAPES | italian_dishes:ITALIAN DISHES | pantry_staples:PANTRY STAPLES | long_thin_things:THIN THINGS | melons_and_squash:MELONS & SQUASH,Candidate for sense decomposition; review category uses and add sense-specific display/casing.
373,splash,splash,0,noun,0.55,5,3,water_actions:WATER ACTIONS | words_after_back:BACK ___ | onomatopoeia:SOUND WORDS | water_sounds:WATER SOUNDS | nature_sounds:NATURE SOUNDS,Candidate for sense decomposition; review category uses and add sense-specific display/casing.
4777,spoon,spoon,0,noun,0.554,5,3,collecting_hobbies:COLLECTIBLES | kitchen_tools:KITCHEN TOOLS | silverware:SILVERWARE | things_made_of_wood:WOODEN THINGS | things_made_of_metal:METAL THINGS,Candidate for sense decomposition; review category uses and add sense-specific display/casing.
5685,storm,storm,1,noun,0.666,5,3,words_after_fire:FIRE ___ | words_after_snow:SNOW ___ | words_after_rain:RAIN ___ | superheroes:SUPERHEROES | weather_words:WEATHER WORDS,Candidate for sense decomposition; review category uses and add sense-specific display/casing.
2281,strap,strap,0,noun,0.541,5,3,clothing_parts:GARMENT PARTS | shoe_parts:SHOE PARTS | photography_hobby:PHOTOGRAPHY GEAR | music_practice:MUSIC PRACTICE | things_made_of_leather:LEATHER THINGS,Candidate for sense decomposition; review category uses and add sense-specific display/casing.
584,swan,swan,0,noun,0.549,5,3,birds:BIRDS | flying_animals:FLYING ANIMALS | pond_animals:POND ANIMALS | waterfowl:WATERFOWL | white_things:WHITE THINGS,Candidate for sense decomposition; review category uses and add sense-specific display/casing.
2170,sweater,sweater,0,noun,0.54,5,3,clothing_items:CLOTHING ITEMS | winter_clothing:WINTER CLOTHING | things_you_button:BUTTONED THINGS | seasons_fall:FALL THINGS | things_that_shrink:SHRINKING THINGS,Candidate for sense decomposition; review category uses and add sense-specific display/casing.
6686,tape measure,tape measure,0,noun,0.604,5,3,things_in_a_toolbox:TOOLBOX THINGS | hand_tools:HAND TOOLS | sewing_supplies:SEWING SUPPLIES | measuring_tools:MEASURING TOOLS | tailor_words:TAILOR SHOP,Candidate for sense decomposition; review category uses and add sense-specific display/casing.
761,tortoise,tortoise,0,noun,0.466,5,3,reptiles:REPTILES | animals_with_shells:ANIMALS WITH SHELLS | turtles_and_tortoises:TURTLES | exotic_pets:EXOTIC PETS | slow_things:SLOW THINGS,Candidate for sense decomposition; review category uses and add sense-specific display/casing.
5015,tray,tray,0,noun,0.536,5,3,dishes_and_glassware:DISHES | painting_supplies:PAINTING SUPPLIES | boxes_and_cases:TOOL STORAGE | painting_trade:HOUSE PAINTING | baker_words:BAKERY WORDS,Candidate for sense decomposition; review category uses and add sense-specific display/casing.
3731,wheat,wheat,0,noun,0.573,5,3,grains_and_beans:GRAINS AND BEANS | bread_types:BREAD TYPES | sandwich_breads:SANDWICH BREADS | crops:FARM CROPS | grasses:GRASSES,Candidate for sense decomposition; review category uses and add sense-specific display/casing.
5059,window,window,0,noun,0.686,5,3,parts_of_a_house:HOUSE PARTS | things_that_open:OPENING THINGS | things_made_of_glass:GLASS THINGS | transparent_things:CLEAR THINGS | square_things:SQUARE THINGS,Candidate for sense decomposition; review category uses and add sense-specific display/casing.
1961,witness,witness,0,noun,0.646,5,3,insurance_and_legal:CONTRACT WORDS | courtroom_things:COURTROOM THINGS | detective_words:DETECTIVE WORDS | people_in_a_story:STORY CHARACTERS | crowd_words:AUDIENCE WORDS,Candidate for sense decomposition; review category uses and add sense-specific display/casing.
729,zebra,zebra,0,noun,0.486,5,3,african_animals:AFRICAN ANIMALS | zoo_animals:ZOO ANIMALS | spotted_and_striped:STRIPED ANIMALS | antelope_and_grazers:GRAZING ANIMALS | striped_things:STRIPED THINGS,Candidate for sense decomposition; review category uses and add sense-specific display/casing.
3779,biscuit,biscuit,0,noun,0.493,5,2,breakfast_foods:BREAKFAST FOODS | bread_types:BREAD TYPES | fast_food_items:DRIVE THRU | thanksgiving_foods:THANKSGIVING FOODS | southern_dishes:SOUTHERN FOOD,Candidate for sense decomposition; review category uses and add sense-specific display/casing.
3759,custard,custard,0,noun,0.453,5,2,pie_ingredients:PIE INGREDIENTS | egg_dishes:EGG DISHES | dairy_products:DAIRY PRODUCTS | desserts:DESSERTS | pie_types:PIE TYPES,Candidate for sense decomposition; review category uses and add sense-specific display/casing.
3828,dumpling,dumpling,0,noun,0.381,5,2,soup_ingredients:SOUP INGREDIENTS | asian_dishes:ASIAN DISHES | frozen_foods:FROZEN FOODS | german_dishes:GERMAN DISHES | street_food:STREET FOOD,Candidate for sense decomposition; review category uses and add sense-specific display/casing.
853,feather,feather,0,noun,0.527,5,2,animal_coverings:ANIMAL COVERINGS | soft_things:SOFT THINGS | light_things:LIGHT THINGS | quiet_things:QUIET THINGS | things_that_float:FLOATING THINGS,Candidate for sense decomposition; review category uses and add sense-specific display/casing.
3819,hummus,hummus,0,noun,0.429,5,2,sandwich_fillings:SANDWICH FILLINGS | snack_foods:SNACK FOODS | things_you_spread:SPREADS | greek_dishes:GREEK DISHES | middle_eastern_dishes:MIDDLE EASTERN,Candidate for sense decomposition; review category uses and add sense-specific display/casing.
3876,lasagna,lasagna,0,noun,0.446,5,2,pasta_shapes:PASTA SHAPES | italian_dishes:ITALIAN DISHES | frozen_foods:FROZEN FOODS | pasta_dishes:PASTA DISHES | cheese_dishes:CHEESE DISHES,Candidate for sense decomposition; review category uses and add sense-specific display/casing.
4995,microwave,microwave,0,noun,0.543,5,2,kitchen_appliances:KITCHEN APPLIANCES | things_with_buttons:THINGS WITH BUTTONS | things_that_plug_in:PLUGGED IN | home_electronics:HOME ELECTRONICS | screens:THINGS WITH SCREENS,Candidate for sense decomposition; review category uses and add sense-specific display/casing.
623,moth,moth,0,noun,0.5,5,2,insects:INSECTS | flying_animals:FLYING ANIMALS | nocturnal_animals:NOCTURNAL ANIMALS | pests:PESTS | quiet_things:QUIET THINGS,Candidate for sense decomposition; review category uses and add sense-specific display/casing.
2552,out,out,0,noun,0.911,5,2,opposites:OPPOSITES | words_before_house:___ HOUSE | words_before_side:___ SIDE | words_before_line:___ LINE | words_after_hand:HAND ___,Candidate for sense decomposition; review category uses and add sense-specific display/casing.
583,pigeon,pigeon,0,noun,0.516,5,2,birds:BIRDS | flying_animals:FLYING ANIMALS | farm_bird_words:POULTRY | pests:PESTS | yoga_poses:YOGA POSES,Candidate for sense decomposition; review category uses and add sense-specific display/casing.
1138,play,play,0,noun,0.801,5,2,theater_arts:PERFORMING ARTS | words_before_book:___ BOOK | words_before_ground:___ GROUND | words_after_horse:HORSE ___ | words_before_time:___ TIME,Candidate for sense decomposition; review category uses and add sense-specific display/casing.
3810,salami,salami,0,noun,0.411,5,2,pizza_toppings:PIZZA TOPPINGS | sandwich_fillings:SANDWICH FILLINGS | meats:MEATS | cured_meats:CURED MEATS | fermented_foods:PICKLED FOODS,Candidate for sense decomposition; review category uses and add sense-specific display/casing.
3557,vanilla,vanilla,0,noun,0.549,5,2,perfume_words:FRAGRANCE WORDS | pie_ingredients:PIE INGREDIENTS | baking_ingredients:BAKING INGREDIENTS | cake_types:CAKE TYPES | ice_cream_flavors:ICE CREAM,Candidate for sense decomposition; review category uses and add sense-specific display/casing.
1741,Amazon,amazon,1,proper_noun,0.65,4,4,tech_companies:TECH COMPANIES | rivers:RIVERS | world_rivers:WORLD RIVERS | world_deserts_and_seas:WORLD REGIONS,Candidate for sense decomposition; review category uses and add sense-specific display/casing.
2102,Austin,austin,1,proper_noun,0.623,4,4,southern_cities:SOUTHERN CITIES | us_cities:US CITIES | place_names_as_names:PLACE NAMES | state_capitals:STATE CAPITALS,Candidate for sense decomposition; review category uses and add sense-specific display/casing.
6176,Daniel,daniel,1,proper_noun,0.66,4,4,bible_books:BIBLE BOOKS | biblical_names:BIBLICAL NAMES | boys_names:BOYS NAMES | bible_figures:BIBLE FIGURES,Candidate for sense decomposition; review category uses and add sense-specific display/casing.
6874,Lily,lily,1,proper_noun,0.564,4,4,nature_names:NATURE NAMES | flowers:FLOWERS | girls_names:GIRLS NAMES | garden_flowers_summer:SUMMER FLOWERS,Candidate for sense decomposition; review category uses and add sense-specific display/casing.
1639,Ranger,ranger,1,proper_noun,0.554,4,4,car_models:CAR MODELS | national_parks:PARK WORDS | emergency_jobs:EMERGENCY JOBS | emergency_services:EMERGENCY SERVICES,Candidate for sense decomposition; review category uses and add sense-specific display/casing.
6169,Ruth,ruth,1,proper_noun,0.579,4,4,bible_books:BIBLE BOOKS | biblical_names:BIBLICAL NAMES | bible_figures:BIBLE FIGURES | sports_legends:SPORTS LEGENDS,Candidate for sense decomposition; review category uses and add sense-specific display/casing.
6880,Violet,violet,1,proper_noun,0.549,4,4,nature_names:NATURE NAMES | flowers:FLOWERS | houseplants:HOUSEPLANTS | colors:COLORS,Candidate for sense decomposition; review category uses and add sense-specific display/casing.
4411,alley,alley,0,noun,0.553,4,4,city_words:CITY WORDS | streets_and_roads:KINDS OF ROADS | sports_venues:SPORTS VENUES | bowling_words:BOWLING WORDS,Candidate for sense decomposition; review category uses and add sense-specific display/casing.
4225,barbecue,barbecue,0,noun,0.517,4,4,cooking_methods:COOKING METHODS | words_before_sauce:___ SAUCE | seasons_summer:SUMMER THINGS | sauces:SAUCES,Candidate for sense decomposition; review category uses and add sense-specific display/casing.
6254,barometer,barometer,0,noun,0.454,4,4,weather_instruments:WEATHER INSTRUMENTS | weather_science:WEATHER SCIENCE | measurement_devices:MEASURING DEVICES | measuring_tools:MEASURING TOOLS,Candidate for sense decomposition; review category uses and add sense-specific display/casing.
1213,bead,bead,0,noun,0.491,4,4,jewelry_making:JEWELRY SUPPLIES | crafting_materials:CRAFT MATERIALS | art_supplies:ART SUPPLIES | welding_words:WELDING WORDS,Candidate for sense decomposition; review category uses and add sense-specific display/casing.
1319,bob,bob,1,noun,0.661,4,4,hair_words:HAIR WORDS | hairstyles:HAIRSTYLES | nicknames_for_names:NAME SHORTENINGS | nicknames:NICKNAMES,Candidate for sense decomposition; review category uses and add sense-specific display/casing.
224,boil,boil,0,noun,0.547,4,4,cooking_actions:COOKING ACTIONS | cooking_methods:COOKING METHODS | lab_actions:SCIENCE ACTIONS | kitchen_sounds:KITCHEN SOUNDS,Candidate for sense decomposition; review category uses and add sense-specific display/casing.
1844,boss,boss,0,noun,0.68,4,4,office_words:OFFICE WORDS | video_game_words:GAMING WORDS | famous_job_titles:LEADERSHIP TITLES | relationships:RELATIONSHIP WORDS,Candidate for sense decomposition; review category uses and add sense-specific display/casing.
1940,buffet,buffet,0,noun,0.506,4,4,restaurant_words:RESTAURANT WORDS | places_you_wait:WAITING PLACES | places_to_eat:PLACES TO EAT | hotel_words:HOTEL WORDS,Candidate for sense decomposition; review category uses and add sense-specific display/casing.
6506,buzzer,buzzer,0,noun,0.486,4,4,game_shows:GAME SHOWS | things_that_ring:RINGING THINGS | basketball_words:BASKETBALL WORDS | security_tech:SECURITY DEVICES,Candidate for sense decomposition; review category uses and add sense-specific display/casing.
3442,canal,canal,0,noun,0.603,4,4,irrigation:IRRIGATION THINGS | industrial_revolution:INDUSTRIAL AGE | body_of_water_types:WATER FEATURES | bodies_of_water:BODIES OF WATER,Candidate for sense decomposition; review category uses and add sense-specific display/casing.
3224,cannon,cannon,0,noun,0.574,4,4,circus_words:CIRCUS WORDS | pirate_words:PIRATE WORDS | words_before_ball:___ BALL | heavy_things:HEAVY THINGS,Candidate for sense decomposition; review category uses and add sense-specific display/casing.
2228,cap,cap,0,noun,0.644,4,4,hats:HATS | words_after_snow:SNOW ___ | baseball_equipment:BASEBALL EQUIPMENT | fan_things:FAN THINGS,Candidate for sense decomposition; review category uses and add sense-specific display/casing.
636,caterpillar,caterpillar,0,noun,0.483,4,4,insects:INSECTS | pest_control:CROP PESTS | garden_bugs:GARDEN BUGS | slow_things:SLOW THINGS,Candidate for sense decomposition; review category uses and add sense-specific display/casing.
3903,catfish,catfish,0,noun,0.479,4,4,seafood:SEAFOOD | fish_species:FISH | pond_fish:FRESHWATER FISH | southern_dishes:SOUTHERN FOOD,Candidate for sense decomposition; review category uses and add sense-specific display/casing.
354,caulk,caulk,0,noun,0.327,4,4,building_actions:BUILDING ACTIONS | sewing_and_repair:HOME REPAIR | adhesives:GLUES AND TAPES | painting_trade:HOUSE PAINTING,Candidate for sense decomposition; review category uses and add sense-specific display/casing.
641,centipede,centipede,1,noun,0.399,4,4,insects:INSECTS | video_game_classics:RETRO GAMES | garden_bugs:GARDEN BUGS | spiders_and_crawlers:SPIDERS AND CRAWLERS,Candidate for sense decomposition; review category uses and add sense-specific display/casing.
1878,checkout,checkout,0,noun,0.52,4,4,shopping_words:SHOPPING WORDS | library_words:LIBRARY WORDS | places_you_wait:WAITING PLACES | hotel_words:HOTEL WORDS,Candidate for sense decomposition; review category uses and add sense-specific display/casing.
3723,chestnut,chestnut,0,noun,0.494,4,4,nuts_and_seeds:NUTS AND SEEDS | trees:TREES | seasons_fall:FALL THINGS | nuts_world:SNACK NUTS,Candidate for sense decomposition; review category uses and add sense-specific display/casing.
3042,choir,choir,0,noun,0.554,4,4,music_class_things:MUSIC CLASS | words_before_master:___ MASTER | groups_of_people:GROUPS OF PEOPLE | church_things:CHURCH THINGS,Candidate for sense decomposition; review category uses and add sense-specific display/casing.
226,chop,chop,0,noun,0.539,4,4,cooking_actions:COOKING ACTIONS | meats:MEATS | sea_weather:SEA CONDITIONS | kitchen_sounds:KITCHEN SOUNDS,Candidate for sense decomposition; review category uses and add sense-specific display/casing.
3495,cider,cider,0,noun,0.5,4,4,farm_products:FARM PRODUCTS | hot_drinks:HOT DRINKS | wines_and_drinks:WINE & BEER | world_teas_and_drinks:TRADITIONAL DRINKS,Candidate for sense decomposition; review category uses and add sense-specific display/casing.
3466,cluster,cluster,0,noun,0.57,4,4,vineyard_words:VINEYARD WORDS | candy_shapes:CANDY TYPES | pine_and_cones:CONIFER WORDS | space_objects:SPACE OBJECTS,Candidate for sense decomposition; review category uses and add sense-specific display/casing.
3329,comic,comic,0,noun,0.631,4,4,reading_material:READING MATTER | collecting_hobbies:COLLECTIBLES | words_before_book:___ BOOK | magazines:MAGAZINE TYPES,Candidate for sense decomposition; review category uses and add sense-specific display/casing.
830,coop,coop,0,noun,0.487,4,4,animal_homes:ANIMAL HOMES | farm_buildings:FARM BUILDINGS | things_on_a_farm:FARM THINGS | places_with_animals:PLACES WITH ANIMALS,Candidate for sense decomposition; review category uses and add sense-specific display/casing.
2475,crescent,crescent,0,noun,0.51,4,4,flags_and_symbols:NATIONAL SYMBOLS | tide_and_moon:MOON PHASES | religious_symbols:RELIGIOUS SYMBOLS | shapes:SHAPES,Candidate for sense decomposition; review category uses and add sense-specific display/casing.
3420,crop,crop,0,noun,0.593,4,4,harvest_words:HARVEST WORDS | things_on_a_farm:FARM THINGS | things_that_grow:GROWING THINGS | photography_words:PHOTOGRAPHY WORDS,Candidate for sense decomposition; review category uses and add sense-specific display/casing.
3243,doll,doll,0,noun,0.58,4,4,toys:TOYS | collecting_hobbies:COLLECTIBLES | words_before_house:___ HOUSE | things_that_have_a_face:FACED THINGS,Candidate for sense decomposition; review category uses and add sense-specific display/casing.
3284,dove,dove,0,noun,0.524,4,4,magic_words:MAGIC SHOW | magic_tricks:MAGIC PROPS | white_things:WHITE THINGS | religious_symbols:RELIGIOUS SYMBOLS,Candidate for sense decomposition; review category uses and add sense-specific display/casing.
335,dry,dry,0,noun,0.677,4,4,cleaning_actions:CLEANING ACTIONS | laundry_care:LAUNDRY CARE | opposites:OPPOSITES | wetness_words:WETNESS WORDS,Candidate for sense decomposition; review category uses and add sense-specific display/casing.
331,dust,dust,0,noun,0.63,4,4,cleaning_actions:CLEANING ACTIONS | powders:POWDERS | animal_tracks_and_signs:DIRT THINGS | light_things:LIGHT THINGS,Candidate for sense decomposition; review category uses and add sense-specific display/casing.
1228,elbow,elbow,0,noun,0.549,4,4,body_parts:BODY PARTS | words_before_room:___ ROOM | self_defense_moves:SELF DEFENSE | plumbing_words:PLUMBING WORDS,Candidate for sense decomposition; review category uses and add sense-specific display/casing.
3619,emerald,emerald,0,noun,0.514,4,4,jewelry_stones:JEWELRY STONES | precious_materials:PRECIOUS MATERIALS | gemstones:GEMSTONES | green_things:GREEN THINGS,Candidate for sense decomposition; review category uses and add sense-specific display/casing.
3433,fertilizer,fertilizer,0,noun,0.489,4,4,soil_words:SOIL WORDS | gardening_hobby:GARDEN HOBBY | gardening_words:GARDENING WORDS | landscaping_words:LANDSCAPING WORDS,Candidate for sense decomposition; review category uses and add sense-specific display/casing.
2834,folder,folder,0,noun,0.534,4,4,school_supplies:SCHOOL SUPPLIES | storage_containers:CONTAINERS | file_types:FILE WORDS | office_supplies:OFFICE SUPPLIES,Candidate for sense decomposition; review category uses and add sense-specific display/casing.
5282,font,font,0,noun,0.543,4,4,printing_and_type:TYPOGRAPHY WORDS | writing_words:WRITING WORDS | church_things:CHURCH THINGS | printing_words:PRINTING WORDS,Candidate for sense decomposition; review category uses and add sense-specific display/casing.
4722,fossil,fossil,0,noun,0.57,4,4,archaeology_words:ARCHAEOLOGY WORDS | underground_things:UNDERGROUND THINGS | cave_things:CAVE THINGS | rock_cycle_words:GEOLOGY WORDS,Candidate for sense decomposition; review category uses and add sense-specific display/casing.
4786,gauge,gauge,0,noun,0.574,4,4,knitting_words:KNITTING WORDS | diving_gear:DIVING GEAR | measurement_devices:MEASURING DEVICES | measuring_tools:MEASURING TOOLS,Candidate for sense decomposition; review category uses and add sense-specific display/casing.
6785,ghost,ghost,0,noun,0.631,4,4,monsters:SCARY CREATURES | white_things:WHITE THINGS | halloween_things:HALLOWEEN THINGS | pepper_varieties:PEPPER VARIETIES,Candidate for sense decomposition; review category uses and add sense-specific display/casing.
2876,globe,globe,0,noun,0.611,4,4,classroom_things:CLASSROOM THINGS | map_words:MAP WORDS | round_things:ROUND THINGS | things_that_spin:SPINNING THINGS,Candidate for sense decomposition; review category uses and add sense-specific display/casing.
1210,granite,granite,0,noun,0.551,4,4,sculpture_materials:SCULPTURE MATERIALS | building_materials:BUILDING MATERIALS | rocks_and_minerals:ROCKS AND MINERALS | hard_things:HARD THINGS,Candidate for sense decomposition; review category uses and add sense-specific display/casing.
225,grill,grill,0,noun,0.549,4,4,cooking_actions:COOKING ACTIONS | cooking_methods:COOKING METHODS | kitchen_appliances:KITCHEN APPLIANCES | places_to_eat:PLACES TO EAT,Candidate for sense decomposition; review category uses and add sense-specific display/casing.
296,growl,growl,0,noun,0.449,4,4,ways_of_speaking:WAYS OF SPEAKING | animal_sounds:ANIMAL SOUNDS | body_sounds:BODY SOUNDS | scary_sounds:SCARY SOUNDS,Candidate for sense decomposition; review category uses and add sense-specific display/casing.
5062,gutter,gutter,0,noun,0.483,4,4,parts_of_a_house:HOUSE PARTS | words_after_rain:RAIN ___ | bowling_words:BOWLING WORDS | roofing_words:ROOFING WORDS,Candidate for sense decomposition; review category uses and add sense-specific display/casing.
5094,hinge,hinge,0,noun,0.474,4,4,sewing_and_repair:HOME REPAIR | things_made_of_metal:METAL THINGS | fasteners:FASTENERS | locksmith_words:LOCKS & KEYS,Candidate for sense decomposition; review category uses and add sense-specific display/casing.
2226,hoop,hoop,0,noun,0.487,4,4,jewelry:JEWELRY | gym_class_things:GYM CLASS | round_things:ROUND THINGS | basketball_words:BASKETBALL WORDS,Candidate for sense decomposition; review category uses and add sense-specific display/casing.
8057,jackhammer,jackhammer,0,noun,0.333,4,4,loud_things:LOUD THINGS | city_sounds:CITY SOUNDS | power_tools:POWER TOOLS | construction_equipment:CONSTRUCTION EQUIPMENT,Candidate for sense decomposition; review category uses and add sense-specific display/casing.
6290,jersey,jersey,0,noun,0.666,4,4,fabric_types:FABRIC TYPES | cattle_and_farm_breeds:FARM BREEDS | cycling_words:CYCLING WORDS | fan_things:FAN THINGS,Candidate for sense decomposition; review category uses and add sense-specific display/casing.
3959,juice,juice,0,noun,0.623,4,4,cold_drinks:COLD DRINKS | drink_mixers:DRINK MIXERS | liquids:LIQUIDS | vending_machine_items:VENDING MACHINE,Candidate for sense decomposition; review category uses and add sense-specific display/casing.
451,knot,knot,0,noun,0.531,4,4,joining_actions:JOINING ACTIONS | things_you_tie:TIED THINGS | tree_parts:TREE PARTS | sailing_words:SAILING WORDS,Candidate for sense decomposition; review category uses and add sense-specific display/casing.
1954,label,label,0,noun,0.633,4,4,mail_words:MAIL WORDS | reading_material:READING MATTER | office_supplies:OFFICE SUPPLIES | warehouse_words:WAREHOUSE WORDS,Candidate for sense decomposition; review category uses and add sense-specific display/casing.
2956,license,license,0,noun,0.646,4,4,degrees_and_titles:ACADEMIC DEGREES | fishing_hobby:FISHING TRIP | legal_documents:LEGAL DOCUMENTS | things_in_a_wallet:WALLET THINGS,Candidate for sense decomposition; review category uses and add sense-specific display/casing.
831,lodge,lodge,0,noun,0.583,4,4,animal_homes:ANIMAL HOMES | national_parks:PARK WORDS | places_you_sleep:SLEEPING PLACES | skiing_words:SKIING WORDS,Candidate for sense decomposition; review category uses and add sense-specific display/casing.
8005,lotus,lotus,0,noun,0.517,4,4,water_plants:WATER PLANTS | religious_symbols:RELIGIOUS SYMBOLS | yoga_poses:YOGA POSES | tropical_flowers:TROPICAL FLOWERS,Candidate for sense decomposition; review category uses and add sense-specific display/casing.
3494,lumber,lumber,0,noun,0.513,4,4,farm_products:FARM PRODUCTS | building_materials:BUILDING MATERIALS | workshop_things:WORKSHOP THINGS | carpentry_words:CARPENTRY WORDS,Candidate for sense decomposition; review category uses and add sense-specific display/casing.
4691,mason,mason,1,noun,0.591,4,4,old_professions:HISTORIC TRADES | building_trades:BUILDING TRADES | nature_surnames:SURNAMES FROM TRADES | boys_names:BOYS NAMES,Candidate for sense decomposition; review category uses and add sense-specific display/casing.
1208,metal,metal,0,noun,0.689,4,4,sculpture_materials:SCULPTURE MATERIALS | music_genres:MUSIC GENRES | words_before_work:___ WORK | hard_things:HARD THINGS,Candidate for sense decomposition; review category uses and add sense-specific display/casing.
7179,meteor,meteor,0,noun,0.507,4,4,cloud_and_sky:SKY WORDS | night_sky_things:NIGHT SKY | space_objects:SPACE OBJECTS | solar_system_words:SOLAR SYSTEM,Candidate for sense decomposition; review category uses and add sense-specific display/casing.
4689,miller,miller,1,noun,0.643,4,4,old_professions:HISTORIC TRADES | historic_jobs:BYGONE JOBS | common_surnames:COMMON SURNAMES | nature_surnames:SURNAMES FROM TRADES,Candidate for sense decomposition; review category uses and add sense-specific display/casing.
2193,moccasin,moccasin,0,noun,0.329,4,4,footwear:FOOTWEAR | traditional_clothing:TRADITIONAL CLOTHING | shoe_styles:SHOE STYLES | world_hats_and_dress:TRADITIONAL FOOTWEAR,Candidate for sense decomposition; review category uses and add sense-specific display/casing.
330,mop,mop,0,noun,0.484,4,4,cleaning_actions:CLEANING ACTIONS | cleaning_supplies:CLEANING SUPPLIES | cleaning_tools:CLEANING TOOLS | cleaning_trade:JANITORIAL WORDS,Candidate for sense decomposition; review category uses and add sense-specific display/casing.
1161,ornament,ornament,0,noun,0.474,4,4,decorative_things:DECORATIONS | things_made_of_glass:GLASS THINGS | things_that_break:FRAGILE THINGS | christmas_things:CHRISTMAS THINGS,Candidate for sense decomposition; review category uses and add sense-specific display/casing.
5072,outlet,outlet,0,noun,0.571,4,4,things_on_a_wall:WALL THINGS | electricity_words:ELECTRICITY WORDS | power_and_batteries:POWER WORDS | electrical_words:ELECTRICAL WORDS,Candidate for sense decomposition; review category uses and add sense-specific display/casing.
3608,panel,panel,0,noun,0.65,4,4,sewing_patterns:GARMENT DETAILS | comic_words:COMIC BOOKS | groups_of_people:GROUPS OF PEOPLE | electrical_words:ELECTRICAL WORDS,Candidate for sense decomposition; review category uses and add sense-specific display/casing.
5097,patch,patch,0,noun,0.6,4,4,sewing_and_repair:HOME REPAIR | words_before_work:___ WORK | medicine_forms:FORMS OF MEDICINE | sewing_supplies:SEWING SUPPLIES,Candidate for sense decomposition; review category uses and add sense-specific display/casing.
3720,peanut,peanut,1,noun,0.557,4,4,nuts_and_seeds:NUTS AND SEEDS | pet_names:PET NAMES | crops:FARM CROPS | nuts_world:SNACK NUTS,Candidate for sense decomposition; review category uses and add sense-specific display/casing.
505,perch,perch,0,noun,0.47,4,4,animal_actions:ANIMAL ACTIONS | animal_verbs:ANIMAL MOVEMENTS | fish_species:FISH | pond_fish:FRESHWATER FISH,Candidate for sense decomposition; review category uses and add sense-specific display/casing.
2843,planner,planner,0,noun,0.504,4,4,school_supplies:SCHOOL SUPPLIES | office_jobs:OFFICE JOBS | things_in_a_purse:PURSE THINGS | office_supplies:OFFICE SUPPLIES,Candidate for sense decomposition; review category uses and add sense-specific display/casing.
1093,plaque,plaque,0,noun,0.527,4,4,museum_words:MUSEUM WORDS | dentist_things:DENTIST THINGS | things_on_a_wall:WALL THINGS | dental_words:DENTAL WORDS,Candidate for sense decomposition; review category uses and add sense-specific display/casing.
3787,porridge,porridge,0,noun,0.444,4,4,breakfast_foods:BREAKFAST FOODS | breakfast_cereals_types:CEREAL TYPES | fairy_tale_things:TALE OBJECTS | world_breakfasts:WORLD BREAKFAST,Candidate for sense decomposition; review category uses and add sense-specific display/casing.
1074,pottery,pottery,0,noun,0.529,4,4,crafts:CRAFTS | art_forms:ART FORMS | archaeology_words:ARCHAEOLOGY WORDS | things_that_break:FRAGILE THINGS,Candidate for sense decomposition; review category uses and add sense-specific display/casing.
1068,primer,primer,0,noun,0.5,4,4,paint_types:KINDS OF PAINT | makeup:MAKEUP | painting_supplies:PAINTING SUPPLIES | painting_trade:HOUSE PAINTING,Candidate for sense decomposition; review category uses and add sense-specific display/casing.
2195,pump,pump,0,noun,0.611,4,4,footwear:FOOTWEAR | irrigation:IRRIGATION THINGS | shoe_styles:SHOE STYLES | gas_station_things:GAS STATION,Candidate for sense decomposition; review category uses and add sense-specific display/casing.
4842,putty,putty,0,noun,0.413,4,4,model_building:MODEL KITS | sewing_and_repair:HOME REPAIR | adhesives:GLUES AND TAPES | painting_trade:HOUSE PAINTING,Candidate for sense decomposition; review category uses and add sense-specific display/casing.
5177,radar,radar,0,noun,0.6,4,4,aviation_words:AVIATION WORDS | weather_instruments:WEATHER INSTRUMENTS | navigation_tools:NAVIGATION TOOLS | weather_science:WEATHER SCIENCE,Candidate for sense decomposition; review category uses and add sense-specific display/casing.
522,rake,rake,0,noun,0.483,4,4,garden_actions:GARDEN ACTIONS | things_in_a_garage:GARAGE THINGS | seasons_fall:FALL THINGS | garden_tools:GARDEN TOOLS,Candidate for sense decomposition; review category uses and add sense-specific display/casing.
4774,record,record,0,noun,0.744,4,4,collecting_hobbies:COLLECTIBLES | lab_actions:SCIENCE ACTIONS | sports_scoring:SCORING WORDS | things_that_spin:SPINNING THINGS,Candidate for sense decomposition; review category uses and add sense-specific display/casing.
744,reindeer,reindeer,0,noun,0.474,4,4,arctic_animals:ARCTIC ANIMALS | pack_animals:WORK ANIMALS | deer_family:DEER FAMILY | christmas_things:CHRISTMAS THINGS,Candidate for sense decomposition; review category uses and add sense-specific display/casing.
548,review,review,0,noun,0.731,4,4,school_actions:SCHOOL ACTIONS | learning_actions:LEARNING ACTIONS | words_after_book:WORDS AFTER BOOK | newspaper_parts:NEWSPAPER PARTS,Candidate for sense decomposition; review category uses and add sense-specific display/casing.
4382,ridge,ridge,0,noun,0.589,4,4,landforms:LANDFORMS | hiking_words:HIKING WORDS | mountain_things:MOUNTAIN THINGS | roofing_words:ROOFING WORDS,Candidate for sense decomposition; review category uses and add sense-specific display/casing.
228,roast,roast,0,noun,0.553,4,4,cooking_actions:COOKING ACTIONS | comedy_words:COMEDY WORDS | meats:MEATS | cooking_methods:COOKING METHODS,Candidate for sense decomposition; review category uses and add sense-specific display/casing.
3248,robot,robot,0,noun,0.606,4,4,toys:TOYS | dance_moves:DANCE MOVES | robot_words:ROBOT WORDS | factory_words:FACTORY WORDS,Candidate for sense decomposition; review category uses and add sense-specific display/casing.
1165,rough,rough,0,noun,0.641,4,4,textures:TEXTURES | temperature_feel:TOUCH WORDS | sea_weather:SEA CONDITIONS | golf_words:GOLF WORDS,Candidate for sense decomposition; review category uses and add sense-specific display/casing.
1424,row,row,0,noun,0.657,4,4,exercise_words:EXERCISE WORDS | orchard_words:ORCHARD WORDS | knitting_words:KNITTING WORDS | gardening_words:GARDENING WORDS,Candidate for sense decomposition; review category uses and add sense-specific display/casing.
3618,ruby,ruby,0,noun,0.569,4,4,jewelry_stones:JEWELRY STONES | precious_materials:PRECIOUS MATERIALS | gemstones:GEMSTONES | red_things:RED THINGS,Candidate for sense decomposition; review category uses and add sense-specific display/casing.
1977,runway,runway,0,noun,0.56,4,4,startup_words:STARTUP WORDS | fashion_show:FASHION SHOW | aviation_words:AVIATION WORDS | airport_words:AIRPORT WORDS,Candidate for sense decomposition; review category uses and add sense-specific display/casing.
913,slug,slug,0,noun,0.473,4,4,pests:PESTS | pest_control:CROP PESTS | garden_bugs:GARDEN BUGS | slow_things:SLOW THINGS,Candidate for sense decomposition; review category uses and add sense-specific display/casing.
3283,smoke,smoke,0,noun,0.667,4,4,magic_words:MAGIC SHOW | cooking_methods:COOKING METHODS | cloud_and_sky:SKY WORDS | smelly_things:SMELLY THINGS,Candidate for sense decomposition; review category uses and add sense-specific display/casing.
6703,snowman,snowman,0,noun,0.451,4,4,things_that_have_a_face:FACED THINGS | seasons_winter:WINTER THINGS | things_that_shrink:SHRINKING THINGS | christmas_things:CHRISTMAS THINGS,Candidate for sense decomposition; review category uses and add sense-specific display/casing.
2867,spanish,spanish,1,noun,0.676,4,4,school_subjects:SCHOOL SUBJECTS | languages:LANGUAGES | nationalities:NATIONALITIES | olive_types:OLIVE TYPES,Candidate for sense decomposition; review category uses and add sense-specific display/casing.
4606,spear,spear,0,noun,0.529,4,4,weapons_of_the_past:OLD WEAPONS | things_that_are_sharp:POINTED THINGS | fishing_things:FISHING THINGS | things_that_cut:SHARP THINGS,Candidate for sense decomposition; review category uses and add sense-specific display/casing.
3324,sphinx,sphinx,1,noun,0.429,4,4,fantasy_creatures:MYTHICAL CREATURES | famous_landmarks:FAMOUS LANDMARKS | egypt_things:ANCIENT EGYPT | mythical_monsters:MYTHICAL MONSTERS,Candidate for sense decomposition; review category uses and add sense-specific display/casing.
4980,squeegee,squeegee,0,noun,0.314,4,4,cleaning_supplies:CLEANING SUPPLIES | cleaning_tools:CLEANING TOOLS | cleaning_trade:JANITORIAL WORDS | gas_station_things:GAS STATION,Candidate for sense decomposition; review category uses and add sense-specific display/casing.
605,squid,squid,0,noun,0.491,4,4,ocean_animals:OCEAN ANIMALS | jellyfish_and_soft:SOFT CREATURES | seafood:SEAFOOD | deep_sea:DEEP SEA,Candidate for sense decomposition; review category uses and add sense-specific display/casing.
3035,stopwatch,stopwatch,0,noun,0.37,4,4,gym_class_things:GYM CLASS | measurement_devices:MEASURING DEVICES | clock_words:CLOCK WORDS | measuring_tools:MEASURING TOOLS,Candidate for sense decomposition; review category uses and add sense-specific display/casing.
2681,straight,straight,0,noun,0.72,4,4,shape_adjectives:SHAPE ADJECTIVES | card_words:CARD WORDS | directions:DIRECTIONS | poker_hands:POKER HANDS,Candidate for sense decomposition; review category uses and add sense-specific display/casing.
4391,summit,summit,0,noun,0.614,4,4,landforms:LANDFORMS | hiking_words:HIKING WORDS | mountain_things:MOUNTAIN THINGS | high_places:HIGH PLACES,Candidate for sense decomposition; review category uses and add sense-specific display/casing.
1385,sunscreen,sunscreen,0,noun,0.47,4,4,medicine_cabinet:MEDICINE CABINET | fishing_hobby:FISHING TRIP | sea_shore_things:BEACH THINGS | seasons_summer:SUMMER THINGS,Candidate for sense decomposition; review category uses and add sense-specific display/casing.
3215,tent,tent,0,noun,0.579,4,4,circus_words:CIRCUS WORDS | national_parks:PARK WORDS | camping_gear:CAMPING GEAR | places_you_sleep:SLEEPING PLACES,Candidate for sense decomposition; review category uses and add sense-specific display/casing.
2350,thimble,thimble,0,noun,0.361,4,4,sewing_words:SEWING WORDS | collecting_hobbies:COLLECTIBLES | sewing_supplies:SEWING SUPPLIES | tailor_words:TAILOR SHOP,Candidate for sense decomposition; review category uses and add sense-specific display/casing.
1019,tom,tom,1,noun,0.69,4,4,animal_names_male_female:ANIMAL GENDERS | cartoon_characters:CARTOON CHARACTERS | nicknames_for_names:NAME SHORTENINGS | nicknames:NICKNAMES,Candidate for sense decomposition; review category uses and add sense-specific display/casing.
1411,toothbrush,toothbrush,0,noun,0.483,4,4,dentist_things:DENTIST THINGS | bathroom_items:BATHROOM ITEMS | hygiene:HYGIENE THINGS | cleaning_tools:CLEANING TOOLS,Candidate for sense decomposition; review category uses and add sense-specific display/casing.
1470,trap,trap,0,noun,0.619,4,4,muscles:MUSCLES | whaling_and_fishing:FISHING FLEET | fishing_things:FISHING THINGS | plumbing_words:PLUMBING WORDS,Candidate for sense decomposition; review category uses and add sense-specific display/casing.
3037,triangle,triangle,0,noun,0.561,4,4,music_class_things:MUSIC CLASS | percussion:PERCUSSION INSTRUMENTS | shapes:SHAPES | yoga_poses:YOGA POSES,Candidate for sense decomposition; review category uses and add sense-specific display/casing.
4729,trowel,trowel,0,noun,0.35,4,4,archaeology_words:ARCHAEOLOGY WORDS | gardening_hobby:GARDEN HOBBY | garden_tools:GARDEN TOOLS | masonry_words:MASONRY WORDS,Candidate for sense decomposition; review category uses and add sense-specific display/casing.
2293,veil,veil,0,noun,0.523,4,4,formal_wear:FORMAL WEAR | beekeeping:BEEKEEPING THINGS | transparent_things:CLEAR THINGS | wedding_things:WEDDING THINGS,Candidate for sense decomposition; review category uses and add sense-specific display/casing.
2235,visor,visor,0,noun,0.426,4,4,hats:HATS | eyewear:EYEWEAR | knights_and_armor:KNIGHT THINGS | astronaut_gear:ASTRONAUT GEAR,Candidate for sense decomposition; review category uses and add sense-specific display/casing.
2201,wedge,wedge,0,noun,0.517,4,4,footwear:FOOTWEAR | shoe_styles:SHOE STYLES | golf_words:GOLF WORDS | things_that_stick_out:HAMMERED THINGS,Candidate for sense decomposition; review category uses and add sense-specific display/casing.
233,whisk,whisk,0,noun,0.444,4,4,cooking_actions:COOKING ACTIONS | cooking_hobby:HOME BAKING | kitchen_tools:KITCHEN TOOLS | kitchen_sounds:KITCHEN SOUNDS,Candidate for sense decomposition; review category uses and add sense-specific display/casing.
3552,wrap,wrap,0,noun,0.6,4,4,nail_words:NAIL CARE | fast_food_items:DRIVE THRU | sandwich_types:SANDWICH TYPES | butcher_words:BUTCHER SHOP,Candidate for sense decomposition; review category uses and add sense-specific display/casing.
538,yield,yield,0,noun,0.594,4,4,driving_actions:DRIVING ACTIONS | harvest_words:HARVEST WORDS | safety_signs:SAFETY WORDS | traffic_signs:TRAFFIC SIGNS,Candidate for sense decomposition; review category uses and add sense-specific display/casing.
2112,Aspen,aspen,1,proper_noun,0.49,4,3,resort_towns:RESORT DESTINATIONS | nature_names:NATURE NAMES | place_names_as_names:PLACE NAMES | trees:TREES,Candidate for sense decomposition; review category uses and add sense-specific display/casing.
4363,Cuba,cuba,1,proper_noun,0.59,4,3,latin_american_countries:LATIN AMERICA | islands:ISLANDS | caribbean_places:CARIBBEAN PLACES | island_nations:ISLAND NATIONS,Candidate for sense decomposition; review category uses and add sense-specific display/casing.
6876,Daisy,daisy,1,proper_noun,0.54,4,3,nature_names:NATURE NAMES | pet_names:PET NAMES | flowers:FLOWERS | garden_flowers_summer:SUMMER FLOWERS,Candidate for sense decomposition; review category uses and add sense-specific display/casing.
6180,John,john,1,proper_noun,0.769,4,3,bible_books:BIBLE BOOKS | biblical_names:BIBLICAL NAMES | short_names:SHORT NAMES | boys_names:BOYS NAMES,Candidate for sense decomposition; review category uses and add sense-specific display/casing.
1517,Life,life,1,proper_noun,0.841,4,3,cereal_brands:CEREAL BRANDS | board_games:BOARD GAMES | words_before_line:___ LINE | words_before_time:___ TIME,Candidate for sense decomposition; review category uses and add sense-specific display/casing.
6965,Madison,madison,1,proper_noun,0.596,4,3,place_names_as_names:PLACE NAMES | girls_names:GIRLS NAMES | us_presidents:US PRESIDENTS | state_capitals:STATE CAPITALS,Candidate for sense decomposition; review category uses and add sense-specific display/casing.
1756,Zoom,zoom,1,proper_noun,0.547,4,3,tech_companies:TECH COMPANIES | photography_terms:CAMERA SETTINGS | computer_actions:COMPUTER ACTIONS | photography_words:PHOTOGRAPHY WORDS,Candidate for sense decomposition; review category uses and add sense-specific display/casing.
5760,air,air,0,noun,0.767,4,3,words_before_bag:___ BAG | words_before_line:___ LINE | insulating_materials:INSULATING MATERIALS | transparent_things:CLEAR THINGS,Candidate for sense decomposition; review category uses and add sense-specific display/casing.
6147,aluminum,aluminum,0,noun,0.573,4,3,elements_more:MORE ELEMENTS | building_materials:BUILDING MATERIALS | recycled_materials:RECYCLABLE MATERIALS | metals:METALS,Candidate for sense decomposition; review category uses and add sense-specific display/casing.
637,aphid,aphid,0,noun,0.341,4,3,insects:INSECTS | pests:PESTS | pest_control:CROP PESTS | garden_bugs:GARDEN BUGS,Candidate for sense decomposition; review category uses and add sense-specific display/casing.
3773,bagel,bagel,0,noun,0.454,4,3,breakfast_foods:BREAKFAST FOODS | bread_types:BREAD TYPES | sandwich_breads:SANDWICH BREADS | round_things:ROUND THINGS,Candidate for sense decomposition; review category uses and add sense-specific display/casing.
3762,baking soda,baking soda,0,noun,0.524,4,3,baking_ingredients:BAKING INGREDIENTS | pantry_staples:PANTRY STAPLES | powders:POWDERS | experiments:DISSOLVING THINGS,Candidate for sense decomposition; review category uses and add sense-specific display/casing.
617,barnacle,barnacle,0,noun,0.364,4,3,ocean_animals:OCEAN ANIMALS | animals_with_shells:ANIMALS WITH SHELLS | crustaceans:CRUSTACEANS | shellfish:SHELLFISH,Candidate for sense decomposition; review category uses and add sense-specific display/casing.
279,blink,blink,0,noun,0.533,4,3,ways_of_looking:WAYS OF LOOKING | quiet_actions:SILENT ACTIONS | body_movements:BODY MOVEMENTS | facial_expressions:FACIAL EXPRESSIONS,Candidate for sense decomposition; review category uses and add sense-specific display/casing.
3455,blossom,blossom,0,noun,0.517,4,3,orchard_words:ORCHARD WORDS | flower_parts:FLOWER PARTS | seasons_and_nature:SEASONAL WORDS | seasons_spring:SPRING THINGS,Candidate for sense decomposition; review category uses and add sense-specific display/casing.
7217,boulder,boulder,0,noun,0.53,4,3,rocks_and_minerals:ROCKS AND MINERALS | mountain_things:MOUNTAIN THINGS | rock_formations:ROCK FORMATIONS | heavy_things:HEAVY THINGS,Candidate for sense decomposition; review category uses and add sense-specific display/casing.
1107,bowl,bowl,0,noun,0.661,4,3,pottery_words:POTTERY WORDS | dishes_and_glassware:DISHES | pet_supplies:PET SUPPLIES | skateboarding:SKATEBOARDING WORDS,Candidate for sense decomposition; review category uses and add sense-specific display/casing.
531,brake,brake,0,noun,0.564,4,3,driving_actions:DRIVING ACTIONS | cycling_words:CYCLING WORDS | car_parts:CAR PARTS | parts_of_a_bike:BICYCLE PARTS,Candidate for sense decomposition; review category uses and add sense-specific display/casing.
3894,brisket,brisket,0,noun,0.41,4,3,meats:MEATS | bbq_foods:BARBECUE FOODS | cuts_of_meat:CUTS OF MEAT | butcher_words:BUTCHER SHOP,Candidate for sense decomposition; review category uses and add sense-specific display/casing.
1373,bruise,bruise,0,noun,0.454,4,3,symptoms:SYMPTOMS | things_that_hurt:PAINFUL THINGS | injuries:INJURIES | sports_injuries:SPORTS INJURIES,Candidate for sense decomposition; review category uses and add sense-specific display/casing.
455,buckle,buckle,0,noun,0.5,4,3,joining_actions:JOINING ACTIONS | clothing_parts:GARMENT PARTS | shoe_parts:SHOE PARTS | fasteners:FASTENERS,Candidate for sense decomposition; review category uses and add sense-specific display/casing.
3535,buffer,buffer,0,noun,0.54,4,3,beauty_tools:BEAUTY TOOLS | nail_words:NAIL CARE | power_tools:POWER TOOLS | cleaning_trade:JANITORIAL WORDS,Candidate for sense decomposition; review category uses and add sense-specific display/casing.
1316,bun,bun,0,noun,0.509,4,3,hair_words:HAIR WORDS | hairstyles:HAIRSTYLES | bread_types:BREAD TYPES | bbq_foods:BARBECUE FOODS,Candidate for sense decomposition; review category uses and add sense-specific display/casing.
3268,cake,cake,0,noun,0.647,4,3,party_things:PARTY THINGS | desserts:DESSERTS | birthday_things:BIRTHDAY THINGS | wedding_things:WEDDING THINGS,Candidate for sense decomposition; review category uses and add sense-specific display/casing.
4513,campfire,campfire,0,noun,0.443,4,3,national_parks:PARK WORDS | hot_places:HOT PLACES | light_sources:LIGHT SOURCES | hot_things:HOT THINGS,Candidate for sense decomposition; review category uses and add sense-specific display/casing.
595,canary,canary,0,noun,0.491,4,3,birds:BIRDS | pets:PETS | yellow_things:YELLOW THINGS | songbirds:SONGBIRDS,Candidate for sense decomposition; review category uses and add sense-specific display/casing.
4789,canteen,canteen,0,noun,0.453,4,3,camping_gear:CAMPING GEAR | hiking_words:HIKING WORDS | things_that_hold_water:WATER HOLDERS | military_things:MILITARY EQUIPMENT,Candidate for sense decomposition; review category uses and add sense-specific display/casing.
4373,canyon,canyon,0,noun,0.566,4,3,landforms:LANDFORMS | national_parks:PARK WORDS | desert_things:DESERT THINGS | erosion_words:EROSION WORDS,Candidate for sense decomposition; review category uses and add sense-specific display/casing.
5138,carton,carton,0,noun,0.456,4,3,storage_containers:CONTAINERS | things_made_of_paper:PAPER THINGS | recycled_materials:RECYCLABLE MATERIALS | things_you_recycle:TRASH ITEMS,Candidate for sense decomposition; review category uses and add sense-specific display/casing.
6276,cement,cement,0,noun,0.563,4,3,building_materials:BUILDING MATERIALS | powders:POWDERS | adhesives:GLUES AND TAPES | masonry_words:MASONRY WORDS,Candidate for sense decomposition; review category uses and add sense-specific display/casing.
4593,chapel,chapel,0,noun,0.576,4,3,castle_things:CASTLE THINGS | rooms_in_public_buildings:PUBLIC ROOMS | places_of_worship:PLACES OF WORSHIP | monastery_life:MONASTERY THINGS,Candidate for sense decomposition; review category uses and add sense-specific display/casing.
4023,chips,chips,0,noun,0.601,4,3,snack_foods:SNACK FOODS | bbq_foods:BARBECUE FOODS | potato_dishes:POTATO DISHES | vending_machine_items:VENDING MACHINE,Candidate for sense decomposition; review category uses and add sense-specific display/casing.
4394,church,church,0,noun,0.737,4,3,town_places:TOWN PLACES | quiet_places:QUIET PLACES | kinds_of_buildings:KINDS OF BUILDINGS | places_of_worship:PLACES OF WORSHIP,Candidate for sense decomposition; review category uses and add sense-specific display/casing.
4050,churro,churro,0,noun,0.311,4,3,mexican_dishes:MEXICAN DISHES | spanish_dishes:SPANISH DISHES | street_food:STREET FOOD | world_breakfasts:WORLD BREAKFAST,Candidate for sense decomposition; review category uses and add sense-specific display/casing.
449,clip,clip,0,noun,0.609,4,3,joining_actions:JOINING ACTIONS | words_before_board:___ BOARD | office_supplies:OFFICE SUPPLIES | fasteners:FASTENERS,Candidate for sense decomposition; review category uses and add sense-specific display/casing.
3761,cocoa,cocoa,0,noun,0.52,4,3,baking_ingredients:BAKING INGREDIENTS | hot_drinks:HOT DRINKS | powders:POWDERS | tropical_plants:TROPICAL PLANTS,Candidate for sense decomposition; review category uses and add sense-specific display/casing.
3695,coconut,coconut,0,noun,0.554,4,3,tropical_fruits:TROPICAL FRUITS | pie_ingredients:PIE INGREDIENTS | dessert_toppings:DESSERT TOPPINGS | fruit_trees:FRUIT TREES,Candidate for sense decomposition; review category uses and add sense-specific display/casing.
845,colony,colony,0,noun,0.589,4,3,animal_groups:ANIMAL GROUPS | exploration_words:AGE OF EXPLORATION | colonial_america:COLONIAL AMERICA | science_fiction_space:SCI FI,Candidate for sense decomposition; review category uses and add sense-specific display/casing.
3269,confetti,confetti,0,noun,0.433,4,3,party_things:PARTY THINGS | light_things:LIGHT THINGS | birthday_things:BIRTHDAY THINGS | new_year_things:NEW YEAR,Candidate for sense decomposition; review category uses and add sense-specific display/casing.
3973,cookie,cookie,0,noun,0.581,4,3,desserts:DESSERTS | snack_foods:SNACK FOODS | round_things:ROUND THINGS | internet_words:INTERNET WORDS,Candidate for sense decomposition; review category uses and add sense-specific display/casing.
3054,counselor,counselor,0,noun,0.541,4,3,school_people:SCHOOL PEOPLE | school_jobs:SCHOOL JOBS | people_who_help:HELPING PROFESSIONS | therapy_words:THERAPY WORDS,Candidate for sense decomposition; review category uses and add sense-specific display/casing.
1759,credit,credit,0,noun,0.714,4,3,money_words:MONEY WORDS | grades_and_marks:GRADING WORDS | college_words:COLLEGE WORDS | accounting_words:ACCOUNTING WORDS,Candidate for sense decomposition; review category uses and add sense-specific display/casing.
4157,crepe,crepe,0,noun,0.41,4,3,egg_and_dairy_dishes:BRUNCH DISHES | words_before_paper:___ PAPER | french_dishes:FRENCH DISHES | street_food:STREET FOOD,Candidate for sense decomposition; review category uses and add sense-specific display/casing.
4623,crew,crew,0,noun,0.671,4,3,pirate_words:PIRATE WORDS | exploration_words:AGE OF EXPLORATION | groups_of_people:GROUPS OF PEOPLE | racing_words:MOTOR RACING,Candidate for sense decomposition; review category uses and add sense-specific display/casing.
7599,crowd,crowd,0,noun,0.671,4,3,groups_of_people:GROUPS OF PEOPLE | crowd_words:AUDIENCE WORDS | loud_things:LOUD THINGS | world_markets:MARKET WORDS,Candidate for sense decomposition; review category uses and add sense-specific display/casing.
2252,cufflinks,cufflinks,0,noun,0.379,4,3,accessories:ACCESSORIES | formal_wear:FORMAL WEAR | fashion_accessories:FASHION ACCESSORIES | things_that_come_in_pairs:PAIRED THINGS,Candidate for sense decomposition; review category uses and add sense-specific display/casing.
2561,dark,dark,0,noun,0.72,4,3,opposites:OPPOSITES | brightness_words:BRIGHTNESS WORDS | words_before_side:___ SIDE | words_before_room:___ ROOM,Candidate for sense decomposition; review category uses and add sense-specific display/casing.
515,deposit,deposit,0,noun,0.606,4,3,money_actions:MONEY ACTIONS | money_words:MONEY WORDS | banking_words:BANKING WORDS | erosion_words:EROSION WORDS,Candidate for sense decomposition; review category uses and add sense-specific display/casing.
3188,director,director,0,noun,0.736,4,3,movie_words:FILM MAKING | creative_jobs:CREATIVE JOBS | famous_job_titles:LEADERSHIP TITLES | movie_roles:FILM CREW,Candidate for sense decomposition; review category uses and add sense-specific display/casing.
5082,doorbell,doorbell,0,noun,0.436,4,3,things_with_buttons:THINGS WITH BUTTONS | things_that_ring:RINGING THINGS | gadgets:GADGETS | home_electronics:HOME ELECTRONICS,Candidate for sense decomposition; review category uses and add sense-specific display/casing.
241,drain,drain,0,noun,0.581,4,3,cooking_actions:COOKING ACTIONS | water_actions:WATER ACTIONS | body_of_water_types:WATER FEATURES | plumbing_words:PLUMBING WORDS,Candidate for sense decomposition; review category uses and add sense-specific display/casing.
2167,dress,dress,0,noun,0.68,4,3,clothing_items:CLOTHING ITEMS | words_after_sun:SUN ___ | words_after_head:HEAD ___ | wedding_things:WEDDING THINGS,Candidate for sense decomposition; review category uses and add sense-specific display/casing.
3476,drone,drone,0,noun,0.571,4,3,beekeeping:BEEKEEPING THINGS | gadgets:GADGETS | robot_words:ROBOT WORDS | aircraft:AIRCRAFT,Candidate for sense decomposition; review category uses and add sense-specific display/casing.
1051,easel,easel,0,noun,0.383,4,3,art_tools:ART TOOLS | classroom_things:CLASSROOM THINGS | art_class_things:ART CLASS | painting_supplies:PAINTING SUPPLIES,Candidate for sense decomposition; review category uses and add sense-specific display/casing.
3310,elf,elf,0,noun,0.521,4,3,storybook_characters:TALE CHARACTERS | fantasy_creatures:MYTHICAL CREATURES | magic_creatures:MAGICAL BEINGS | christmas_things:CHRISTMAS THINGS,Candidate for sense decomposition; review category uses and add sense-specific display/casing.
593,falcon,falcon,0,noun,0.534,4,3,birds:BIRDS | flying_animals:FLYING ANIMALS | fast_things:FAST THINGS | birds_of_prey:BIRDS OF PREY,Candidate for sense decomposition; review category uses and add sense-specific display/casing.
4906,felt,felt,0,noun,0.733,4,3,crafting_materials:CRAFT MATERIALS | fabric_types:FABRIC TYPES | insulating_materials:INSULATING MATERIALS | roofing_words:ROOFING WORDS,Candidate for sense decomposition; review category uses and add sense-specific display/casing.
589,flamingo,flamingo,0,noun,0.437,4,3,birds:BIRDS | zoo_animals:ZOO ANIMALS | wading_birds:WADING BIRDS | tropical_birds:TROPICAL BIRDS,Candidate for sense decomposition; review category uses and add sense-specific display/casing.
380,flood,flood,0,noun,0.62,4,3,water_actions:WATER ACTIONS | weather_actions:WEATHER ACTIONS | natural_disasters:NATURAL DISASTERS | erosion_words:EROSION WORDS,Candidate for sense decomposition; review category uses and add sense-specific display/casing.
5251,front,front,0,noun,0.754,4,3,weather_forecast_terms:FORECAST TERMS | words_after_water:WATER ___ | words_before_line:___ LINE | weather_science:WEATHER SCIENCE,Candidate for sense decomposition; review category uses and add sense-specific display/casing.
7374,galaxy,galaxy,0,noun,0.611,4,3,night_sky_things:NIGHT SKY | space_objects:SPACE OBJECTS | things_in_the_sky_science:ASTRONOMY WORDS | science_fiction_space:SCI FI,Candidate for sense decomposition; review category uses and add sense-specific display/casing.
7158,gale,gale,0,noun,0.517,4,3,weather_words:WEATHER WORDS | storms:STORMS | wind_words:WIND WORDS | sea_weather:SEA CONDITIONS,Candidate for sense decomposition; review category uses and add sense-specific display/casing.
9114,gondola,gondola,0,noun,0.416,4,3,skiing_words:SKIING WORDS | boats:BOATS AND SHIPS | things_that_carry_people:PEOPLE MOVERS | world_transport:WORLD TRANSPORT,Candidate for sense decomposition; review category uses and add sense-specific display/casing.
3610,hanger,hanger,0,noun,0.463,4,3,wardrobe_care:WARDROBE CARE | bedroom_things:BEDROOM THINGS | laundry_things:LAUNDRY THINGS | things_made_of_plastic:PLASTIC THINGS,Candidate for sense decomposition; review category uses and add sense-specific display/casing.
2555,hard,hard,0,noun,0.79,4,3,opposites:OPPOSITES | difficulty_words:DIFFICULTY WORDS | temperature_feel:TOUCH WORDS | words_before_ball:___ BALL,Candidate for sense decomposition; review category uses and add sense-specific display/casing.
3401,hay,hay,0,noun,0.559,4,3,barn_things:BARN THINGS | farm_products:FARM PRODUCTS | things_on_a_farm:FARM THINGS | crops:FARM CROPS,Candidate for sense decomposition; review category uses and add sense-specific display/casing.
567,hen,hen,0,noun,0.509,4,3,farm_animals:FARM ANIMALS | farm_bird_words:POULTRY | animal_names_male_female:ANIMAL GENDERS | words_before_house:___ HOUSE,Candidate for sense decomposition; review category uses and add sense-specific display/casing.
889,heron,heron,0,noun,0.441,4,3,pond_animals:POND ANIMALS | waterfowl:WATERFOWL | wading_birds:WADING BIRDS | seabirds:SEABIRDS,Candidate for sense decomposition; review category uses and add sense-specific display/casing.
826,hive,hive,0,noun,0.5,4,3,animal_homes:ANIMAL HOMES | animal_groups:ANIMAL GROUPS | beekeeping:BEEKEEPING THINGS | places_with_animals:PLACES WITH ANIMALS,Candidate for sense decomposition; review category uses and add sense-specific display/casing.
4393,hospital,hospital,0,noun,0.724,4,3,town_places:TOWN PLACES | quiet_places:QUIET PLACES | emergency_services:EMERGENCY SERVICES | kinds_of_buildings:KINDS OF BUILDINGS,Candidate for sense decomposition; review category uses and add sense-specific display/casing.
5680,house,house,0,noun,0.816,4,3,words_after_fire:FIRE ___ | words_before_work:___ WORK | government_branches:GOVERNMENT WORDS | kinds_of_buildings:KINDS OF BUILDINGS,Candidate for sense decomposition; review category uses and add sense-specific display/casing.
305,howl,howl,0,noun,0.454,4,3,ways_of_laughing:WAYS OF LAUGHING | animal_sounds:ANIMAL SOUNDS | nature_sounds:NATURE SOUNDS | scary_sounds:SCARY SOUNDS,Candidate for sense decomposition; review category uses and add sense-specific display/casing.
749,husky,husky,1,noun,0.47,4,3,arctic_animals:ARCTIC ANIMALS | dog_breeds:DOG BREEDS | pack_animals:WORK ANIMALS | tool_brands:TOOL BRANDS,Candidate for sense decomposition; review category uses and add sense-specific display/casing.
1253,iris,iris,0,noun,0.537,4,3,face_parts:FACE PARTS | parts_of_the_eye:EYE PARTS | flowers:FLOWERS | garden_flowers_spring:SPRING FLOWERS,Candidate for sense decomposition; review category uses and add sense-specific display/casing.
3813,jelly,jelly,0,noun,0.539,4,3,sandwich_fillings:SANDWICH FILLINGS | things_you_spread:SPREADS | candy_shapes:CANDY TYPES | words_before_fish:___ FISH,Candidate for sense decomposition; review category uses and add sense-specific display/casing.
6064,jet,jet,0,noun,0.613,4,3,military_things:MILITARY EQUIPMENT | loud_things:LOUD THINGS | fast_things:FAST THINGS | aircraft:AIRCRAFT,Candidate for sense decomposition; review category uses and add sense-specific display/casing.
1891,jingle,jingle,0,noun,0.459,4,3,advertising_words:ADVERTISING WORDS | radio_words:RADIO WORDS | onomatopoeia:SOUND WORDS | musical_sounds:MUSIC SOUNDS,Candidate for sense decomposition; review category uses and add sense-specific display/casing.
469,kick,kick,0,noun,0.674,4,3,sports_actions:SPORTS ACTIONS | body_movements:BODY MOVEMENTS | dance_moves:DANCE MOVES | self_defense_moves:SELF DEFENSE,Candidate for sense decomposition; review category uses and add sense-specific display/casing.
569,lamb,lamb,0,noun,0.574,4,3,farm_animals:FARM ANIMALS | animal_babies:BABY ANIMALS | meats:MEATS | seasons_spring:SPRING THINGS,Candidate for sense decomposition; review category uses and add sense-specific display/casing.
5034,lawnmower,lawnmower,0,noun,0.386,4,3,things_in_a_garage:GARAGE THINGS | garden_tools:GARDEN TOOLS | cutting_tools:CUTTING TOOLS | things_with_wheels:THINGS WITH WHEELS,Candidate for sense decomposition; review category uses and add sense-specific display/casing.
3958,lemonade,lemonade,0,noun,0.491,4,3,cold_drinks:COLD DRINKS | bbq_foods:BARBECUE FOODS | drink_mixers:DRINK MIXERS | seasons_summer:SUMMER THINGS,Candidate for sense decomposition; review category uses and add sense-specific display/casing.
5710,log,log,0,noun,0.624,4,3,words_before_book:___ BOOK | words_after_back:BACK ___ | things_in_the_forest:FOREST THINGS | navigation_tools:NAVIGATION TOOLS,Candidate for sense decomposition; review category uses and add sense-specific display/casing.
9266,meter,meter,0,noun,0.584,4,3,measurement_devices:MEASURING DEVICES | measuring_tools:MEASURING TOOLS | things_measured_in_inches:MEASURING UNITS | parking_words:PARKING WORDS,Candidate for sense decomposition; review category uses and add sense-specific display/casing.
3559,mist,mist,0,noun,0.524,4,3,perfume_words:FRAGRANCE WORDS | weather_words:WEATHER WORDS | water_states:FORMS OF WATER | states_of_matter:STATES OF MATTER,Candidate for sense decomposition; review category uses and add sense-specific display/casing.
3063,museum,museum,0,noun,0.673,4,3,field_trip_places:FIELD TRIPS | town_places:TOWN PLACES | quiet_places:QUIET PLACES | kinds_of_buildings:KINDS OF BUILDINGS,Candidate for sense decomposition; review category uses and add sense-specific display/casing.
2854,music,music,0,noun,0.789,4,3,school_subjects:SCHOOL SUBJECTS | party_things:PARTY THINGS | art_forms:ART FORMS | dance_class:DANCE CLASS,Candidate for sense decomposition; review category uses and add sense-specific display/casing.
916,mussel,mussel,0,noun,0.391,4,3,animals_with_shells:ANIMALS WITH SHELLS | seafood:SEAFOOD | shellfish:SHELLFISH | shells:SEASHELLS,Candidate for sense decomposition; review category uses and add sense-specific display/casing.
493,nest,nest,0,noun,0.581,4,3,animal_actions:ANIMAL ACTIONS | animal_homes:ANIMAL HOMES | animal_groups:ANIMAL GROUPS | seasons_spring:SPRING THINGS,Candidate for sense decomposition; review category uses and add sense-specific display/casing.
8369,orbit,orbit,0,noun,0.576,4,3,things_in_the_sky_science:ASTRONOMY WORDS | solar_system_words:SOLAR SYSTEM | space_measurements:SPACE MEASUREMENTS | space_travel:SPACE TRAVEL,Candidate for sense decomposition; review category uses and add sense-specific display/casing.
619,orca,orca,0,noun,0.419,4,3,ocean_animals:OCEAN ANIMALS | arctic_animals:ARCTIC ANIMALS | sea_mammals:SEA MAMMALS | whale_types:WHALE TYPES,Candidate for sense decomposition; review category uses and add sense-specific display/casing.
7131,orchid,orchid,0,noun,0.471,4,3,flowers:FLOWERS | houseplants:HOUSEPLANTS | tropical_plants:TROPICAL PLANTS | tropical_flowers:TROPICAL FLOWERS,Candidate for sense decomposition; review category uses and add sense-specific display/casing.
592,pelican,pelican,0,noun,0.439,4,3,birds:BIRDS | flying_animals:FLYING ANIMALS | waterfowl:WATERFOWL | seabirds:SEABIRDS,Candidate for sense decomposition; review category uses and add sense-specific display/casing.
5861,period,period,0,noun,0.744,4,3,punctuation:PUNCTUATION MARKS | writing_words:WRITING WORDS | hockey_words:HOCKEY WORDS | wrestling_words:WRESTLING WORDS,Candidate for sense decomposition; review category uses and add sense-specific display/casing.
1801,pharmacy,pharmacy,0,noun,0.553,4,3,store_types:KINDS OF STORES | town_places:TOWN PLACES | places_you_wait:WAITING PLACES | hospital_departments:HOSPITAL DEPARTMENTS,Candidate for sense decomposition; review category uses and add sense-specific display/casing.
3815,pickle,pickle,0,noun,0.484,4,3,sandwich_fillings:SANDWICH FILLINGS | bbq_foods:BARBECUE FOODS | green_things:GREEN THINGS | fermented_foods:PICKLED FOODS,Candidate for sense decomposition; review category uses and add sense-specific display/casing.
350,plaster,plaster,0,noun,0.504,4,3,building_actions:BUILDING ACTIONS | pottery_words:POTTERY WORDS | sculpture_materials:SCULPTURE MATERIALS | building_materials:BUILDING MATERIALS,Candidate for sense decomposition; review category uses and add sense-specific display/casing.
3388,plow,plow,0,noun,0.459,4,3,farm_machines:FARM MACHINES | soil_words:SOIL WORDS | things_on_a_farm:FARM THINGS | words_after_snow:SNOW ___,Candidate for sense decomposition; review category uses and add sense-specific display/casing.
4953,plunger,plunger,0,noun,0.417,4,3,bathroom_items:BATHROOM ITEMS | sewing_and_repair:HOME REPAIR | cleaning_tools:CLEANING TOOLS | plumbing_words:PLUMBING WORDS,Candidate for sense decomposition; review category uses and add sense-specific display/casing.
2274,pocket,pocket,0,noun,0.64,4,3,clothing_parts:GARMENT PARTS | sewing_patterns:GARMENT DETAILS | words_before_book:___ BOOK | word_small:SMALL WORDS,Candidate for sense decomposition; review category uses and add sense-specific display/casing.
4087,potato salad,potato salad,0,noun,0.547,4,3,bbq_foods:BARBECUE FOODS | salads:SALADS | potato_dishes:POTATO DISHES | german_dishes:GERMAN DISHES,Candidate for sense decomposition; review category uses and add sense-specific display/casing.
7268,puddle,puddle,0,noun,0.466,4,3,water_states:FORMS OF WATER | animal_tracks_and_signs:DIRT THINGS | seasons_spring:SPRING THINGS | things_that_shrink:SHRINKING THINGS,Candidate for sense decomposition; review category uses and add sense-specific display/casing.
1254,pupil,pupil,0,noun,0.544,4,3,face_parts:FACE PARTS | parts_of_the_eye:EYE PARTS | vision_words:VISION WORDS | black_things:BLACK THINGS,Candidate for sense decomposition; review category uses and add sense-specific display/casing.
725,python,python,0,noun,0.54,4,3,jungle_animals:JUNGLE ANIMALS | reptiles:REPTILES | exotic_pets:EXOTIC PETS | snakes:SNAKES,Candidate for sense decomposition; review category uses and add sense-specific display/casing.
858,quill,quill,0,noun,0.444,4,3,animal_coverings:ANIMAL COVERINGS | writing_tools:WRITING TOOLS | colonial_america:COLONIAL AMERICA | time_capsule_things:BYGONE THINGS,Candidate for sense decomposition; review category uses and add sense-specific display/casing.
4069,ramen,ramen,0,noun,0.479,4,3,asian_dishes:ASIAN DISHES | japanese_dishes:JAPANESE DISHES | soups:SOUPS AND STEWS | world_soups:WORLD SOUPS,Candidate for sense decomposition; review category uses and add sense-specific display/casing.
4894,reed,reed,0,noun,0.581,4,3,music_practice:MUSIC PRACTICE | wild_plants:WILD PLANTS | water_plants:WATER PLANTS | grasses:GRASSES,Candidate for sense decomposition; review category uses and add sense-specific display/casing.
565,rooster,rooster,0,noun,0.473,4,3,farm_animals:FARM ANIMALS | farm_bird_words:POULTRY | animal_names_male_female:ANIMAL GENDERS | country_life:COUNTRY LIFE,Candidate for sense decomposition; review category uses and add sense-specific display/casing.
3356,routine,routine,0,noun,0.624,4,3,comedy_words:COMEDY WORDS | dance_class:DANCE CLASS | gymnastics_events:GYMNASTICS EVENTS | training_words:TRAINING WORDS,Candidate for sense decomposition; review category uses and add sense-specific display/casing.
8423,sangria,sangria,0,noun,0.359,4,3,cocktails:COCKTAILS | spanish_dishes:SPANISH DISHES | wines_and_drinks:WINE & BEER | world_teas_and_drinks:TRADITIONAL DRINKS,Candidate for sense decomposition; review category uses and add sense-specific display/casing.
917,scallop,scallop,0,noun,0.393,4,3,animals_with_shells:ANIMALS WITH SHELLS | seafood:SEAFOOD | shellfish:SHELLFISH | shells:SEASHELLS,Candidate for sense decomposition; review category uses and add sense-specific display/casing.
807,shepherd,shepherd,1,noun,0.557,4,3,dog_breeds:DOG BREEDS | farm_jobs:FARM JOBS | jobs_with_animals:JOBS WITH ANIMALS | nature_surnames:SURNAMES FROM TRADES,Candidate for sense decomposition; review category uses and add sense-specific display/casing.
489,sleet,sleet,0,noun,0.404,4,3,weather_actions:WEATHER ACTIONS | weather_words:WEATHER WORDS | water_states:FORMS OF WATER | cold_things:COLD THINGS,Candidate for sense decomposition; review category uses and add sense-specific display/casing.
252,slide,slide,0,noun,0.614,4,3,ways_of_moving:WAYS OF MOVING | carrying_actions:CARRYING ACTIONS | lab_equipment:LAB EQUIPMENT | dance_moves:DANCE MOVES,Candidate for sense decomposition; review category uses and add sense-specific display/casing.
2311,smock,smock,0,noun,0.367,4,3,work_uniforms:UNIFORMS | kids_clothing:KIDS CLOTHING | art_class_things:ART CLASS | painting_supplies:PAINTING SUPPLIES,Candidate for sense decomposition; review category uses and add sense-specific display/casing.
3957,soda,soda,0,noun,0.577,4,3,cold_drinks:COLD DRINKS | fast_food_items:DRIVE THRU | liquids:LIQUIDS | vending_machine_items:VENDING MACHINE,Candidate for sense decomposition; review category uses and add sense-specific display/casing.
2556,soft,soft,0,noun,0.669,4,3,opposites:OPPOSITES | noise_adjectives:VOLUME WORDS | temperature_feel:TOUCH WORDS | words_before_ball:___ BALL,Candidate for sense decomposition; review category uses and add sense-specific display/casing.
3798,souffle,souffle,0,noun,0.324,4,3,egg_dishes:EGG DISHES | desserts:DESSERTS | french_cooking_terms:FRENCH COOKING | french_dishes:FRENCH DISHES,Candidate for sense decomposition; review category uses and add sense-specific display/casing.
3858,sourdough,sourdough,0,noun,0.397,4,3,bread_types:BREAD TYPES | sandwich_breads:SANDWICH BREADS | world_breads:WORLD BREADS | fermented_foods:PICKLED FOODS,Candidate for sense decomposition; review category uses and add sense-specific display/casing.
2360,splint,splint,0,noun,0.38,4,3,things_worn_on_hands:HAND WEAR | medical_tools:MEDICAL TOOLS | first_aid:FIRST AID | first_aid_actions:AID ACTIONS,Candidate for sense decomposition; review category uses and add sense-specific display/casing.
365,split,split,0,noun,0.664,4,3,destroying_actions:BREAKING ACTIONS | dance_moves:DANCE MOVES | gymnastics_events:GYMNASTICS EVENTS | bowling_words:BOWLING WORDS,Candidate for sense decomposition; review category uses and add sense-specific display/casing.
6273,steel,steel,0,noun,0.673,4,3,building_materials:BUILDING MATERIALS | recycled_materials:RECYCLABLE MATERIALS | hard_things:HARD THINGS | metals:METALS,Candidate for sense decomposition; review category uses and add sense-specific display/casing.
3025,stencil,stencil,0,noun,0.406,4,3,art_class_things:ART CLASS | painting_supplies:PAINTING SUPPLIES | art_supplies:ART SUPPLIES | printing_words:PRINTING WORDS,Candidate for sense decomposition; review category uses and add sense-specific display/casing.
1152,streamer,streamer,0,noun,0.434,4,3,decorative_things:DECORATIONS | party_things:PARTY THINGS | birthday_things:BIRTHDAY THINGS | new_year_things:NEW YEAR,Candidate for sense decomposition; review category uses and add sense-specific display/casing.
475,swing,swing,0,noun,0.62,4,3,sports_actions:SPORTS ACTIONS | music_genres:MUSIC GENRES | dance_styles:DANCE STYLES | baby_things:BABY THINGS,Candidate for sense decomposition; review category uses and add sense-specific display/casing.
6533,tablet,tablet,0,noun,0.579,4,3,medicine_forms:FORMS OF MEDICINE | experiments:DISSOLVING THINGS | gadgets:GADGETS | screens:THINGS WITH SCREENS,Candidate for sense decomposition; review category uses and add sense-specific display/casing.
4036,taco,taco,0,noun,0.527,4,3,fast_food_items:DRIVE THRU | mexican_dishes:MEXICAN DISHES | words_before_sauce:___ SAUCE | street_food:STREET FOOD,Candidate for sense decomposition; review category uses and add sense-specific display/casing.
5173,taxi,taxi,0,noun,0.599,4,3,aviation_words:AVIATION WORDS | yellow_things:YELLOW THINGS | vehicles:VEHICLES | things_that_carry_people:PEOPLE MOVERS,Candidate for sense decomposition; review category uses and add sense-specific display/casing.
2848,textbook,textbook,0,noun,0.539,4,3,school_supplies:SCHOOL SUPPLIES | classroom_things:CLASSROOM THINGS | reading_material:READING MATTER | book_genres:BOOK GENRES,Candidate for sense decomposition; review category uses and add sense-specific display/casing.
4935,tongs,tongs,0,noun,0.4,4,3,kitchen_tools:KITCHEN TOOLS | silverware:SILVERWARE | lab_equipment:LAB EQUIPMENT | baker_words:BAKERY WORDS,Candidate for sense decomposition; review category uses and add sense-specific display/casing.
3402,trough,trough,0,noun,0.49,4,3,barn_things:BARN THINGS | ranch_words:RANCH WORDS | things_on_a_farm:FARM THINGS | things_that_hold_water:WATER HOLDERS,Candidate for sense decomposition; review category uses and add sense-specific display/casing.
5677,truck,truck,0,noun,0.663,4,3,words_after_fire:FIRE ___ | heavy_things:HEAVY THINGS | vehicles:VEHICLES | things_with_wheels:THINGS WITH WHEELS,Candidate for sense decomposition; review category uses and add sense-specific display/casing.
2977,typewriter,typewriter,0,noun,0.466,4,3,writing_tools:WRITING TOOLS | time_capsule_things:BYGONE THINGS | office_machines:OFFICE MACHINES | things_with_screens_history:OLD TECHNOLOGY,Candidate for sense decomposition; review category uses and add sense-specific display/casing.
2550,up,up,0,noun,0.913,4,3,opposites:OPPOSITES | directions:DIRECTIONS | words_before_side:___ SIDE | words_after_back:BACK ___,Candidate for sense decomposition; review category uses and add sense-specific display/casing.
659,vulture,vulture,0,noun,0.454,4,3,flying_animals:FLYING ANIMALS | african_animals:AFRICAN ANIMALS | desert_things:DESERT THINGS | birds_of_prey:BIRDS OF PREY,Candidate for sense decomposition; review category uses and add sense-specific display/casing.
606,walrus,walrus,0,noun,0.426,4,3,ocean_animals:OCEAN ANIMALS | arctic_animals:ARCTIC ANIMALS | seals_and_walruses:SEAL FAMILY | sea_mammals:SEA MAMMALS,Candidate for sense decomposition; review category uses and add sense-specific display/casing.
3277,wand,wand,0,noun,0.496,4,3,magic_words:MAGIC SHOW | magic_tricks:MAGIC PROPS | magic_objects:MAGIC OBJECTS | wizards_and_spells:WIZARD WORDS,Candidate for sense decomposition; review category uses and add sense-specific display/casing.
5039,washer,washer,0,noun,0.477,4,3,laundry_things:LAUNDRY THINGS | sewing_and_repair:HOME REPAIR | fasteners:FASTENERS | plumbing_words:PLUMBING WORDS,Candidate for sense decomposition; review category uses and add sense-specific display/casing.
519,weed,weed,0,noun,0.61,4,3,garden_actions:GARDEN ACTIONS | wild_plants:WILD PLANTS | things_that_grow:GROWING THINGS | gardening_words:GARDENING WORDS,Candidate for sense decomposition; review category uses and add sense-specific display/casing.
3445,well,well,0,noun,0.861,4,3,irrigation:IRRIGATION THINGS | country_life:COUNTRY LIFE | things_on_a_farm:FARM THINGS | body_of_water_types:WATER FEATURES,Candidate for sense decomposition; review category uses and add sense-specific display/casing.
3305,witch,witch,0,noun,0.587,4,3,storybook_characters:TALE CHARACTERS | magic_creatures:MAGICAL BEINGS | monsters:SCARY CREATURES | halloween_things:HALLOWEEN THINGS,Candidate for sense decomposition; review category uses and add sense-specific display/casing.
4309,Iceland,iceland,1,proper_noun,0.541,4,2,european_countries:EUROPEAN COUNTRIES | islands:ISLANDS | countries_more:MORE COUNTRIES | island_nations:ISLAND NATIONS,Candidate for sense decomposition; review category uses and add sense-specific display/casing.
6921,Shadow,shadow,1,proper_noun,0.634,4,2,pet_names:PET NAMES | black_things:BLACK THINGS | quiet_things:QUIET THINGS | things_that_shrink:SHRINKING THINGS,Candidate for sense decomposition; review category uses and add sense-specific display/casing.
3708,arugula,arugula,0,noun,0.351,4,2,leafy_greens:LEAFY GREENS | pizza_toppings:PIZZA TOPPINGS | salad_ingredients:SALAD INGREDIENTS | lettuce_and_greens:SALAD GREENS,Candidate for sense decomposition; review category uses and add sense-specific display/casing.
3733,barley,barley,0,noun,0.499,4,2,grains_and_beans:GRAINS AND BEANS | soup_ingredients:SOUP INGREDIENTS | crops:FARM CROPS | grasses:GRASSES,Candidate for sense decomposition; review category uses and add sense-specific display/casing.
3675,beet,beet,0,noun,0.436,4,2,vegetables:VEGETABLES | root_vegetables:ROOT VEGETABLES | salad_ingredients:SALAD INGREDIENTS | red_things:RED THINGS,Candidate for sense decomposition; review category uses and add sense-specific display/casing.
7159,blizzard,blizzard,0,noun,0.504,4,2,weather_words:WEATHER WORDS | storms:STORMS | natural_disasters:NATURAL DISASTERS | seasons_winter:WINTER THINGS,Candidate for sense decomposition; review category uses and add sense-specific display/casing.
2250,bowtie,bowtie,0,noun,0.343,4,2,accessories:ACCESSORIES | formal_wear:FORMAL WEAR | things_you_tie:TIED THINGS | fashion_accessories:FASHION ACCESSORIES,Candidate for sense decomposition; review category uses and add sense-specific display/casing.
3061,bus driver,bus driver,0,noun,0.641,4,2,school_people:SCHOOL PEOPLE | school_jobs:SCHOOL JOBS | transport_jobs:TRANSPORT JOBS | jobs_that_wear_uniforms:UNIFORMED JOBS,Candidate for sense decomposition; review category uses and add sense-specific display/casing.
1930,chef,chef,0,noun,0.604,4,2,restaurant_words:RESTAURANT WORDS | kitchen_jobs:KITCHEN JOBS | jobs_that_wear_uniforms:UNIFORMED JOBS | jobs_with_tools:JOBS WITH TOOLS,Candidate for sense decomposition; review category uses and add sense-specific display/casing.
3747,cinnamon,cinnamon,0,noun,0.529,4,2,pie_ingredients:PIE INGREDIENTS | baking_ingredients:BAKING INGREDIENTS | spices_and_herbs:SPICES AND HERBS | powders:POWDERS,Candidate for sense decomposition; review category uses and add sense-specific display/casing.
3866,cornbread,cornbread,0,noun,0.389,4,2,bread_types:BREAD TYPES | bbq_foods:BARBECUE FOODS | thanksgiving_foods:THANKSGIVING FOODS | southern_dishes:SOUTHERN FOOD,Candidate for sense decomposition; review category uses and add sense-specific display/casing.
1333,cough,cough,0,noun,0.564,4,2,body_movements:BODY MOVEMENTS | body_sounds:BODY SOUNDS | symptoms:SYMPTOMS | voice_sounds:VOICE SOUNDS,Candidate for sense decomposition; review category uses and add sense-specific display/casing.
5347,dispatcher,dispatcher,0,noun,0.44,4,2,emergency_jobs:EMERGENCY JOBS | transport_jobs:TRANSPORT JOBS | night_shift_jobs:NIGHT SHIFT | emergency_words:EMERGENCY WORDS,Candidate for sense decomposition; review category uses and add sense-specific display/casing.
5294,doctor,doctor,0,noun,0.7,4,2,medical_jobs:MEDICAL JOBS | night_shift_jobs:NIGHT SHIFT | people_who_help:HELPING PROFESSIONS | titles_of_address:TITLES,Candidate for sense decomposition; review category uses and add sense-specific display/casing.
5714,fall,fall,0,noun,0.733,4,2,words_after_water:WATER ___ | words_after_snow:SNOW ___ | words_after_rain:RAIN ___ | seasons:SEASONS,Candidate for sense decomposition; review category uses and add sense-specific display/casing.
7154,fog,fog,0,noun,0.557,4,2,weather_words:WEATHER WORDS | cloud_and_sky:SKY WORDS | water_states:FORMS OF WATER | sea_weather:SEA CONDITIONS,Candidate for sense decomposition; review category uses and add sense-specific display/casing.
3703,garlic,garlic,0,noun,0.56,4,2,root_vegetables:ROOT VEGETABLES | pizza_toppings:PIZZA TOPPINGS | soup_ingredients:SOUP INGREDIENTS | smelly_things:SMELLY THINGS,Candidate for sense decomposition; review category uses and add sense-specific display/casing.
3314,goblin,goblin,0,noun,0.473,4,2,storybook_characters:TALE CHARACTERS | fantasy_creatures:MYTHICAL CREATURES | magic_creatures:MAGICAL BEINGS | monsters:SCARY CREATURES,Candidate for sense decomposition; review category uses and add sense-specific display/casing.
5740,ground,ground,0,noun,0.736,4,2,words_before_work:___ WORK | words_before_bird:___ BIRD | words_after_back:BACK ___ | electrical_words:ELECTRICAL WORDS,Candidate for sense decomposition; review category uses and add sense-specific display/casing.
3075,guitar,guitar,0,noun,0.64,4,2,musical_instruments:MUSICAL INSTRUMENTS | string_instruments:STRING INSTRUMENTS | instruments_you_strum:THINGS WITH STRINGS | things_made_of_wood:WOODEN THINGS,Candidate for sense decomposition; review category uses and add sense-specific display/casing.
3080,harp,harp,0,noun,0.486,4,2,musical_instruments:MUSICAL INSTRUMENTS | string_instruments:STRING INSTRUMENTS | instruments_you_strum:THINGS WITH STRINGS | fairy_tale_things:TALE OBJECTS,Candidate for sense decomposition; review category uses and add sense-specific display/casing.
7180,helicopter,helicopter,0,noun,0.59,4,2,cloud_and_sky:SKY WORDS | vehicles:VEHICLES | aircraft:AIRCRAFT | emergency_vehicles:EMERGENCY VEHICLES,Candidate for sense decomposition; review category uses and add sense-specific display/casing.
3898,hot dog,hot dog,0,noun,0.69,4,2,meats:MEATS | fast_food_items:DRIVE THRU | bbq_foods:BARBECUE FOODS | street_food:STREET FOOD,Candidate for sense decomposition; review category uses and add sense-specific display/casing.
2169,jacket,jacket,0,noun,0.617,4,2,clothing_items:CLOTHING ITEMS | things_you_button:BUTTONED THINGS | things_with_pockets:THINGS WITH POCKETS | things_made_of_leather:LEATHER THINGS,Candidate for sense decomposition; review category uses and add sense-specific display/casing.
3790,jam,jam,0,noun,0.596,4,2,breakfast_foods:BREAKFAST FOODS | condiments:CONDIMENTS | things_you_spread:SPREADS | sticky_things:STICKY THINGS,Candidate for sense decomposition; review category uses and add sense-specific display/casing.
628,ladybug,ladybug,0,noun,0.381,4,2,insects:INSECTS | flying_animals:FLYING ANIMALS | beetles:BEETLES | garden_bugs:GARDEN BUGS,Candidate for sense decomposition; review category uses and add sense-specific display/casing.
7155,lightning,lightning,0,noun,0.603,4,2,weather_words:WEATHER WORDS | cloud_and_sky:SKY WORDS | light_sources:LIGHT SOURCES | fast_things:FAST THINGS,Candidate for sense decomposition; review category uses and add sense-specific display/casing.
7113,magnolia,magnolia,0,noun,0.459,4,2,trees:TREES | flowers:FLOWERS | evergreens:EVERGREEN TREES | garden_flowers_spring:SPRING FLOWERS,Candidate for sense decomposition; review category uses and add sense-specific display/casing.
3648,mango,mango,0,noun,0.509,4,2,fruits:FRUITS | tropical_fruits:TROPICAL FRUITS | ice_cream_flavors:ICE CREAM | fruit_trees:FRUIT TREES,Candidate for sense decomposition; review category uses and add sense-specific display/casing.
9840,miso,miso,0,noun,0.396,4,2,japanese_dishes:JAPANESE DISHES | soups:SOUPS AND STEWS | fermented_foods:PICKLED FOODS | world_soups:WORLD SOUPS,Candidate for sense decomposition; review category uses and add sense-specific display/casing.
5298,paramedic,paramedic,0,noun,0.456,4,2,medical_jobs:MEDICAL JOBS | emergency_jobs:EMERGENCY JOBS | jobs_that_wear_uniforms:UNIFORMED JOBS | emergency_words:EMERGENCY WORDS,Candidate for sense decomposition; review category uses and add sense-specific display/casing.
3812,peanut butter,peanut butter,0,noun,0.54,4,2,sandwich_fillings:SANDWICH FILLINGS | things_you_spread:SPREADS | pantry_staples:PANTRY STAPLES | cookie_types:COOKIE TYPES,Candidate for sense decomposition; review category uses and add sense-specific display/casing.
3647,pineapple,pineapple,0,noun,0.511,4,2,fruits:FRUITS | tropical_fruits:TROPICAL FRUITS | pizza_toppings:PIZZA TOPPINGS | yellow_things:YELLOW THINGS,Candidate for sense decomposition; review category uses and add sense-specific display/casing.
3662,potato,potato,0,noun,0.587,4,2,vegetables:VEGETABLES | root_vegetables:ROOT VEGETABLES | soup_ingredients:SOUP INGREDIENTS | crops:FARM CROPS,Candidate for sense decomposition; review category uses and add sense-specific display/casing.
3870,pretzel,pretzel,0,noun,0.426,4,2,bread_types:BREAD TYPES | snack_foods:SNACK FOODS | german_dishes:GERMAN DISHES | street_food:STREET FOOD,Candidate for sense decomposition; review category uses and add sense-specific display/casing.
1154,rug,rug,0,noun,0.531,4,2,decorative_things:DECORATIONS | bedroom_things:BEDROOM THINGS | living_room_things:LIVING ROOM | fabrics_at_home:HOME TEXTILES,Candidate for sense decomposition; review category uses and add sense-specific display/casing.
3189,script,script,0,noun,0.623,4,2,movie_words:FILM MAKING | theater_words:THEATER WORDS | reading_material:READING MATTER | programming_words:PROGRAMMING WORDS,Candidate for sense decomposition; review category uses and add sense-specific display/casing.
5752,sea,sea,0,noun,0.723,4,2,words_before_side:___ SIDE | words_before_board:___ BOARD | words_before_bird:___ BIRD | bodies_of_water:BODIES OF WATER,Candidate for sense decomposition; review category uses and add sense-specific display/casing.
9419,shears,shears,0,noun,0.414,4,2,garden_tools:GARDEN TOOLS | cutting_tools:CUTTING TOOLS | tailor_words:TAILOR SHOP | landscaping_words:LANDSCAPING WORDS,Candidate for sense decomposition; review category uses and add sense-specific display/casing.
5691,shoe,shoe,0,noun,0.606,4,2,words_before_box:___ BOX | words_after_snow:SNOW ___ | words_after_horse:HORSE ___ | things_made_of_leather:LEATHER THINGS,Candidate for sense decomposition; review category uses and add sense-specific display/casing.
702,skunk,skunk,0,noun,0.443,4,2,nocturnal_animals:NOCTURNAL ANIMALS | spotted_and_striped:STRIPED ANIMALS | smelly_things:SMELLY THINGS | striped_things:STRIPED THINGS,Candidate for sense decomposition; review category uses and add sense-specific display/casing.
2172,sock,sock,0,noun,0.516,4,2,clothing_items:CLOTHING ITEMS | footwear:FOOTWEAR | things_that_stretch:STRETCHY THINGS | things_with_holes:THINGS WITH HOLES,Candidate for sense decomposition; review category uses and add sense-specific display/casing.
5736,sports,sports,0,noun,0.706,4,2,words_before_man:___ MAN | tv_genres:TV GENRES | newspaper_parts:NEWSPAPER PARTS | magazines:MAGAZINE TYPES,Candidate for sense decomposition; review category uses and add sense-specific display/casing.
5073,thermostat,thermostat,0,noun,0.443,4,2,things_on_a_wall:WALL THINGS | things_with_buttons:THINGS WITH BUTTONS | gadgets:GADGETS | home_electronics:HOME ELECTRONICS,Candidate for sense decomposition; review category uses and add sense-specific display/casing.
240,toss,toss,0,noun,0.559,4,2,cooking_actions:COOKING ACTIONS | sleeping_actions:SLEEP ACTIONS | carrying_actions:CARRYING ACTIONS | juggling_words:JUGGLING WORDS,Candidate for sense decomposition; review category uses and add sense-specific display/casing.
5516,umpire,umpire,0,noun,0.481,4,2,sports_jobs:SPORTS JOBS | baseball_words:BASEBALL WORDS | tennis_words:TENNIS WORDS | sports_officials:SPORTS OFFICIALS,Candidate for sense decomposition; review category uses and add sense-specific display/casing.
5333,welder,welder,0,noun,0.414,4,2,building_trades:BUILDING TRADES | repair_jobs:REPAIR JOBS | jobs_with_tools:JOBS WITH TOOLS | power_tools:POWER TOOLS,Candidate for sense decomposition; review category uses and add sense-specific display/casing.
4780,yarn,yarn,0,noun,0.514,4,2,knitting_words:KNITTING WORDS | crafting_materials:CRAFT MATERIALS | sewing_supplies:SEWING SUPPLIES | art_supplies:ART SUPPLIES,Candidate for sense decomposition; review category uses and add sense-specific display/casing.
3777,yogurt,yogurt,0,noun,0.519,4,2,breakfast_foods:BREAKFAST FOODS | dairy_products:DAIRY PRODUCTS | snack_foods:SNACK FOODS | fermented_foods:PICKLED FOODS,Candidate for sense decomposition; review category uses and add sense-specific display/casing.
