severity,word,familiarity_score,sense_key,category_key,category,category_rule,review_status,fit_score,obviousness_score,conflict,reason,recommended_action
P0,parfait,0.354,,desserts,DESSERTS,Sweet dishes served at the end of a meal,hard_only,0.97,0.92,hard_only despite high internal obviousness,Parfait is a sweet dish served as dessert,Re-evaluate with absolute thresholds; do not rank only relative to the same word other categories.
P0,tiramisu,0.351,,desserts,DESSERTS,Sweet dishes served at the end of a meal,hard_only,0.97,0.92,hard_only despite high internal obviousness,Tiramisu is a sweet dish served as dessert,Re-evaluate with absolute thresholds; do not rank only relative to the same word other categories.
P0,xylophone,0.339,,musical_instruments,MUSICAL INSTRUMENTS,Instruments played to produce music,hard_only,0.97,0.92,hard_only despite high internal obviousness,Xylophone is a musical instrument,Re-evaluate with absolute thresholds; do not rank only relative to the same word other categories.
P0,kickball,0.334,,team_sports,TEAM SPORTS,Sports played by two opposing teams,hard_only,0.97,0.92,hard_only despite high internal obviousness,Kickball is played by two opposing teams,Re-evaluate with absolute thresholds; do not rank only relative to the same word other categories.
P0,strudel,0.331,,desserts,DESSERTS,Sweet dishes served at the end of a meal,hard_only,0.97,0.92,hard_only despite high internal obviousness,Strudel is a sweet dish served as dessert,Re-evaluate with absolute thresholds; do not rank only relative to the same word other categories.
P0,souffle,0.324,,desserts,DESSERTS,Sweet dishes served at the end of a meal,hard_only,0.97,0.92,hard_only despite high internal obviousness,Souffle is a sweet dish served as dessert,Re-evaluate with absolute thresholds; do not rank only relative to the same word other categories.
P0,trapezoid,0.324,,shapes,SHAPES,Geometric shapes taught in school,hard_only,0.97,0.92,hard_only despite high internal obviousness,Trapezoid is a geometric shape,Re-evaluate with absolute thresholds; do not rank only relative to the same word other categories.
P0,eclair,0.311,,desserts,DESSERTS,Sweet dishes served at the end of a meal,hard_only,0.97,0.92,hard_only despite high internal obviousness,Eclair is a sweet dish served as dessert,Re-evaluate with absolute thresholds; do not rank only relative to the same word other categories.
P0,macaron,0.301,,desserts,DESSERTS,Sweet dishes served at the end of a meal,hard_only,0.97,0.92,hard_only despite high internal obviousness,Macaron is a sweet dish served as dessert,Re-evaluate with absolute thresholds; do not rank only relative to the same word other categories.
P0,loveseat,0.263,,furniture,FURNITURE,Movable household furniture,hard_only,0.97,0.92,hard_only despite high internal obviousness,Loveseat is a piece of household furniture,Re-evaluate with absolute thresholds; do not rank only relative to the same word other categories.
P0,awl,0.344,,hand_tools,HAND TOOLS,Tools held in the hand and used for building or repair work,hard_only,0.97,0.9,hard_only despite high internal obviousness,Awl is a hand tool used for building or repair,Re-evaluate with absolute thresholds; do not rank only relative to the same word other categories.
P0,loafer,0.343,,footwear,FOOTWEAR,Things worn on the feet,hard_only,0.97,0.9,hard_only despite high internal obviousness,Loafer is worn on the feet,Re-evaluate with absolute thresholds; do not rank only relative to the same word other categories.
P0,cleat,0.339,,footwear,FOOTWEAR,Things worn on the feet,hard_only,0.97,0.9,hard_only despite high internal obviousness,Cleat is worn on the feet,Re-evaluate with absolute thresholds; do not rank only relative to the same word other categories.
P0,macchiato,0.334,,hot_drinks,HOT DRINKS,Drinks normally served hot,hard_only,0.97,0.9,hard_only despite high internal obviousness,Macchiato is normally served as a hot drink,Re-evaluate with absolute thresholds; do not rank only relative to the same word other categories.
P0,moccasin,0.329,,footwear,FOOTWEAR,Things worn on the feet,hard_only,0.97,0.9,hard_only despite high internal obviousness,Moccasin is worn on the feet,Re-evaluate with absolute thresholds; do not rank only relative to the same word other categories.
P0,kefir,0.304,,dairy_products,DAIRY PRODUCTS,Foods made from milk or sold in the dairy section,hard_only,0.97,0.9,hard_only despite high internal obviousness,Kefir is a dairy product made from milk,Re-evaluate with absolute thresholds; do not rank only relative to the same word other categories.
P0,sunroom,0.291,,home_rooms,HOUSE ROOMS,Rooms and spaces inside an ordinary house,hard_only,0.97,0.9,hard_only despite high internal obviousness,Sunroom is a room or space inside a house,Re-evaluate with absolute thresholds; do not rank only relative to the same word other categories.
P0,cockatiel,0.271,,pets,PETS,Animals commonly kept as household pets in the United States,hard_only,0.97,0.9,hard_only despite high internal obviousness,Cockatiel is commonly kept as a household pet,Re-evaluate with absolute thresholds; do not rank only relative to the same word other categories.
P0,wader,0.26,,footwear,FOOTWEAR,Things worn on the feet,hard_only,0.97,0.9,hard_only despite high internal obviousness,Wader is worn on the feet,Re-evaluate with absolute thresholds; do not rank only relative to the same word other categories.
P1,petunia,0.354,,flowers,FLOWERS,Kinds of flowers commonly sold or grown in gardens,hard_only,0.97,0.88,hard_only despite high internal obviousness,Petunia is a kind of flower,Re-evaluate with absolute thresholds; do not rank only relative to the same word other categories.
P1,scrubber,0.353,,cleaning_supplies,CLEANING SUPPLIES,Tools and products used to clean a house,hard_only,0.97,0.88,hard_only despite high internal obviousness,Scrubber is used for cleaning a house,Re-evaluate with absolute thresholds; do not rank only relative to the same word other categories.
P1,gnat,0.351,,insects,INSECTS,Insects and other small bugs an average person recognizes,hard_only,0.97,0.88,hard_only despite high internal obviousness,Gnat is a common insect,Re-evaluate with absolute thresholds; do not rank only relative to the same word other categories.
P1,kombucha,0.35,,cold_drinks,COLD DRINKS,Drinks normally served cold,hard_only,0.97,0.88,hard_only despite high internal obviousness,Kombucha is normally served cold,Re-evaluate with absolute thresholds; do not rank only relative to the same word other categories.
P1,quasar,0.347,,space_objects,SPACE OBJECTS,Objects found in outer space,hard_only,0.97,0.88,hard_only despite high internal obviousness,Quasar is an object found in outer space,Re-evaluate with absolute thresholds; do not rank only relative to the same word other categories.
P1,silkworm,0.343,,insects,INSECTS,Insects and other small bugs an average person recognizes,hard_only,0.97,0.88,hard_only despite high internal obviousness,Silkworm is a common insect,Re-evaluate with absolute thresholds; do not rank only relative to the same word other categories.
P1,aphid,0.341,,insects,INSECTS,Insects and other small bugs an average person recognizes,hard_only,0.97,0.88,hard_only despite high internal obviousness,Aphid is a common insect,Re-evaluate with absolute thresholds; do not rank only relative to the same word other categories.
P1,quesadilla,0.333,,fast_food_items,DRIVE THRU,Items ordered at an American fast food counter,hard_only,0.97,0.88,hard_only despite high internal obviousness,Quesadilla is ordered at a fast food counter,Re-evaluate with absolute thresholds; do not rank only relative to the same word other categories.
P1,whiteout,0.331,,office_supplies,OFFICE SUPPLIES,Small items kept in an office desk and used for paperwork,hard_only,0.97,0.88,hard_only despite high internal obviousness,Whiteout is an office supply used for paperwork,Re-evaluate with absolute thresholds; do not rank only relative to the same word other categories.
P1,podiatrist,0.324,,medical_jobs,MEDICAL JOBS,Jobs held by people who treat patients or work in healthcare,hard_only,0.97,0.88,hard_only despite high internal obviousness,Podiatrist is a job in healthcare,Re-evaluate with absolute thresholds; do not rank only relative to the same word other categories.
P1,squeegee,0.314,,cleaning_supplies,CLEANING SUPPLIES,Tools and products used to clean a house,hard_only,0.97,0.88,hard_only despite high internal obviousness,Squeegee is used for cleaning a house,Re-evaluate with absolute thresholds; do not rank only relative to the same word other categories.
P1,masher,0.314,,kitchen_tools,KITCHEN TOOLS,Handheld tools and utensils used to prepare food in a kitchen,hard_only,0.97,0.88,hard_only despite high internal obviousness,Masher is a tool used to prepare food in a kitchen,Re-evaluate with absolute thresholds; do not rank only relative to the same word other categories.
P1,begonia,0.304,,flowers,FLOWERS,Kinds of flowers commonly sold or grown in gardens,hard_only,0.97,0.88,hard_only despite high internal obviousness,Begonia is a kind of flower,Re-evaluate with absolute thresholds; do not rank only relative to the same word other categories.
P1,spork,0.304,,silverware,SILVERWARE,Eating utensils laid out at a table setting,hard_only,0.97,0.88,hard_only despite high internal obviousness,Spork is an eating utensil at a table setting,Re-evaluate with absolute thresholds; do not rank only relative to the same word other categories.
P1,Kwanzaa,0.303,,holidays,HOLIDAYS,Holidays widely celebrated in the United States,hard_only,0.97,0.88,hard_only despite high internal obviousness,Kwanzaa is a holiday widely celebrated in the United States,Re-evaluate with absolute thresholds; do not rank only relative to the same word other categories.
P1,doorframe,0.29,,parts_of_a_house,HOUSE PARTS,Structural parts of a house,hard_only,0.97,0.88,hard_only despite high internal obviousness,Doorframe is a structural part of a house,Re-evaluate with absolute thresholds; do not rank only relative to the same word other categories.
P1,zinnia,0.289,,flowers,FLOWERS,Kinds of flowers commonly sold or grown in gardens,hard_only,0.97,0.88,hard_only despite high internal obviousness,Zinnia is a kind of flower,Re-evaluate with absolute thresholds; do not rank only relative to the same word other categories.
P1,gearshift,0.286,,car_parts,CAR PARTS,Physical parts of an ordinary passenger car,hard_only,0.97,0.88,hard_only despite high internal obviousness,Gearshift is a part of an ordinary car,Re-evaluate with absolute thresholds; do not rank only relative to the same word other categories.
P1,glovebox,0.277,,car_parts,CAR PARTS,Physical parts of an ordinary passenger car,hard_only,0.97,0.88,hard_only despite high internal obviousness,Glovebox is a part of an ordinary car,Re-evaluate with absolute thresholds; do not rank only relative to the same word other categories.
P1,slushie,0.277,,cold_drinks,COLD DRINKS,Drinks normally served cold,hard_only,0.97,0.88,hard_only despite high internal obviousness,Slushie is normally served cold,Re-evaluate with absolute thresholds; do not rank only relative to the same word other categories.
P1,horchata,0.273,,cold_drinks,COLD DRINKS,Drinks normally served cold,hard_only,0.97,0.88,hard_only despite high internal obviousness,Horchata is normally served cold,Re-evaluate with absolute thresholds; do not rank only relative to the same word other categories.
P1,Juneteenth,0.254,,holidays,HOLIDAYS,Holidays widely celebrated in the United States,hard_only,0.97,0.88,hard_only despite high internal obviousness,Juneteenth is a holiday widely celebrated in the United States,Re-evaluate with absolute thresholds; do not rank only relative to the same word other categories.
P1,meerkat,0.356,,african_animals,AFRICAN ANIMALS,Wild animals associated with the African savanna,hard_only,0.97,0.85,hard_only despite high internal obviousness,Meerkat lives on the African savanna,Re-evaluate with absolute thresholds; do not rank only relative to the same word other categories.
P1,warthog,0.356,,african_animals,AFRICAN ANIMALS,Wild animals associated with the African savanna,hard_only,0.97,0.85,hard_only despite high internal obviousness,Warthog lives on the African savanna,Re-evaluate with absolute thresholds; do not rank only relative to the same word other categories.
P1,touchpad,0.356,,computer_parts,COMPUTER PARTS,Physical parts of a personal computer,hard_only,0.97,0.85,hard_only despite high internal obviousness,Touchpad is a physical part of a computer,Re-evaluate with absolute thresholds; do not rank only relative to the same word other categories.
P1,guppy,0.356,,fish_species,FISH,Kinds of fish an average person can name,hard_only,0.97,0.85,hard_only despite high internal obviousness,Guppy is a kind of fish,Re-evaluate with absolute thresholds; do not rank only relative to the same word other categories.
P1,scrubber,0.353,,cleaning_tools,CLEANING TOOLS,Tools used for cleaning and tidying,hard_only,0.97,0.85,hard_only despite high internal obviousness,Scrubber is a tool used for cleaning,Re-evaluate with absolute thresholds; do not rank only relative to the same word other categories.
P1,chickenpox,0.353,,illnesses,ILLNESSES,Common illnesses an average person can name,hard_only,0.97,0.85,hard_only despite high internal obviousness,Chickenpox is a common illness,Re-evaluate with absolute thresholds; do not rank only relative to the same word other categories.
P1,bagger,0.353,,store_jobs,STORE JOBS,Jobs held by people who work in shops and stores,hard_only,0.97,0.85,hard_only despite high internal obviousness,Bagger is a job in a shop or store,Re-evaluate with absolute thresholds; do not rank only relative to the same word other categories.
P1,saute,0.351,,cooking_actions,COOKING ACTIONS,Verbs describing something a cook does to food,hard_only,0.97,0.85,hard_only despite high internal obviousness,To saute is something a cook does to food,Re-evaluate with absolute thresholds; do not rank only relative to the same word other categories.
P1,humidifier,0.351,,home_electronics,HOME ELECTRONICS,Electronic devices used in a home,hard_only,0.97,0.85,hard_only despite high internal obviousness,Humidifier is an electronic device used at home,Re-evaluate with absolute thresholds; do not rank only relative to the same word other categories.
P1,arugula,0.351,,pizza_toppings,PIZZA TOPPINGS,Ingredients commonly put on top of a pizza,hard_only,0.97,0.85,hard_only despite high internal obviousness,Arugula is a common pizza topping,Re-evaluate with absolute thresholds; do not rank only relative to the same word other categories.
P1,stocker,0.351,,store_jobs,STORE JOBS,Jobs held by people who work in shops and stores,hard_only,0.97,0.85,hard_only despite high internal obviousness,Stocker is a job in a shop or store,Re-evaluate with absolute thresholds; do not rank only relative to the same word other categories.
P1,Tweety,0.35,,cartoon_characters,CARTOON CHARACTERS,Classic cartoon characters,hard_only,0.97,0.85,hard_only despite high internal obviousness,Tweety is a classic cartoon character,Re-evaluate with absolute thresholds; do not rank only relative to the same word other categories.
P1,bisque,0.35,,soups,SOUPS AND STEWS,Kinds of soup and stew,hard_only,0.97,0.85,hard_only despite high internal obviousness,Bisque is a kind of soup or stew,Re-evaluate with absolute thresholds; do not rank only relative to the same word other categories.
P1,bobsled,0.347,,winter_sports,WINTER SPORTS,Sports played on snow or ice,hard_only,0.97,0.85,hard_only despite high internal obviousness,Bobsled is a sport played on snow or ice,Re-evaluate with absolute thresholds; do not rank only relative to the same word other categories.
P1,jenga,0.346,,board_games,BOARD GAMES,Games played on a board with pieces or cards on a table,hard_only,0.97,0.85,hard_only despite high internal obviousness,Jenga is a board game played on a table,Re-evaluate with absolute thresholds; do not rank only relative to the same word other categories.
P1,nightcap,0.343,,sleepwear,SLEEPWEAR,Clothing worn to bed,hard_only,0.97,0.85,hard_only despite high internal obviousness,Nightcap is worn to bed,Re-evaluate with absolute thresholds; do not rank only relative to the same word other categories.
P1,trudge,0.343,,ways_of_moving,WAYS OF MOVING,Verbs describing a way a person moves their body from place to place,hard_only,0.97,0.85,hard_only despite high internal obviousness,To trudge is a way a person moves from place to place,Re-evaluate with absolute thresholds; do not rank only relative to the same word other categories.
P1,turnstile,0.341,,amusement_park,AMUSEMENT PARK,Rides and things found at an amusement park,hard_only,0.97,0.85,hard_only despite high internal obviousness,Turnstile is found at an amusement park,Re-evaluate with absolute thresholds; do not rank only relative to the same word other categories.
P1,thermals,0.341,,winter_clothing,WINTER CLOTHING,Clothing worn specifically to stay warm in cold weather,hard_only,0.97,0.85,hard_only despite high internal obviousness,Thermals is worn to stay warm in cold weather,Re-evaluate with absolute thresholds; do not rank only relative to the same word other categories.
P1,birdwatching,0.339,,camping_and_outdoors,OUTDOOR ACTIVITIES,Recreational activities done outdoors,hard_only,0.97,0.85,hard_only despite high internal obviousness,Birdwatching is a recreational activity done outdoors,Re-evaluate with absolute thresholds; do not rank only relative to the same word other categories.
P1,picnicking,0.336,,camping_and_outdoors,OUTDOOR ACTIVITIES,Recreational activities done outdoors,hard_only,0.97,0.85,hard_only despite high internal obviousness,Picnicking is a recreational activity done outdoors,Re-evaluate with absolute thresholds; do not rank only relative to the same word other categories.
P1,macchiato,0.334,,coffee_drinks,COFFEE DRINKS,Ways coffee is prepared and served,hard_only,0.97,0.85,hard_only despite high internal obviousness,Macchiato is a way coffee is served,Re-evaluate with absolute thresholds; do not rank only relative to the same word other categories.
P1,Tinkerbell,0.333,,disney_characters,DISNEY CHARACTERS,Characters from Disney animated films,hard_only,0.97,0.85,hard_only despite high internal obviousness,Tinkerbell is a Disney character,Re-evaluate with absolute thresholds; do not rank only relative to the same word other categories.
P1,macaw,0.333,,jungle_animals,JUNGLE ANIMALS,Animals that live in tropical jungles and rainforests,hard_only,0.97,0.85,hard_only despite high internal obviousness,Macaw lives in the jungle,Re-evaluate with absolute thresholds; do not rank only relative to the same word other categories.
P1,aioli,0.33,,condiments,CONDIMENTS,Things squeezed or spooned onto food at the table,hard_only,0.97,0.85,hard_only despite high internal obviousness,Aioli is put on food at the table,Re-evaluate with absolute thresholds; do not rank only relative to the same word other categories.
P1,Popeyes,0.329,,fast_food_chains,FAST FOOD,Fast food restaurant chains in America,hard_only,0.97,0.85,hard_only despite high internal obviousness,Popeyes is an American fast food chain,Re-evaluate with absolute thresholds; do not rank only relative to the same word other categories.
P1,roofer,0.327,,building_trades,BUILDING TRADES,Skilled trades that build and repair buildings,hard_only,0.97,0.85,hard_only despite high internal obviousness,Roofer is a skilled building trade,Re-evaluate with absolute thresholds; do not rank only relative to the same word other categories.
P1,Whataburger,0.327,,fast_food_chains,FAST FOOD,Fast food restaurant chains in America,hard_only,0.97,0.85,hard_only despite high internal obviousness,Whataburger is an American fast food chain,Re-evaluate with absolute thresholds; do not rank only relative to the same word other categories.
P1,tapir,0.327,,jungle_animals,JUNGLE ANIMALS,Animals that live in tropical jungles and rainforests,hard_only,0.97,0.85,hard_only despite high internal obviousness,Tapir lives in the jungle,Re-evaluate with absolute thresholds; do not rank only relative to the same word other categories.
P1,funhouse,0.326,,amusement_park,AMUSEMENT PARK,Rides and things found at an amusement park,hard_only,0.97,0.85,hard_only despite high internal obviousness,Funhouse is found at an amusement park,Re-evaluate with absolute thresholds; do not rank only relative to the same word other categories.
P1,yahtzee,0.326,,board_games,BOARD GAMES,Games played on a board with pieces or cards on a table,hard_only,0.97,0.85,hard_only despite high internal obviousness,Yahtzee is a board game played on a table,Re-evaluate with absolute thresholds; do not rank only relative to the same word other categories.
P1,cultivator,0.326,,garden_tools,GARDEN TOOLS,Tools used for gardening and yard work,hard_only,0.97,0.85,hard_only despite high internal obviousness,Cultivator is a tool used for gardening,Re-evaluate with absolute thresholds; do not rank only relative to the same word other categories.
P1,sandcastle,0.324,,sea_shore_things,BEACH THINGS,Things you find on an ocean beach,hard_only,0.97,0.85,hard_only despite high internal obviousness,Sandcastle is found on an ocean beach,Re-evaluate with absolute thresholds; do not rank only relative to the same word other categories.
P1,glazier,0.323,,building_trades,BUILDING TRADES,Skilled trades that build and repair buildings,hard_only,0.97,0.85,hard_only despite high internal obviousness,Glazier is a skilled building trade,Re-evaluate with absolute thresholds; do not rank only relative to the same word other categories.
P1,geocaching,0.323,,camping_and_outdoors,OUTDOOR ACTIVITIES,Recreational activities done outdoors,hard_only,0.97,0.85,hard_only despite high internal obviousness,Geocaching is a recreational activity done outdoors,Re-evaluate with absolute thresholds; do not rank only relative to the same word other categories.
P1,borscht,0.323,,soups,SOUPS AND STEWS,Kinds of soup and stew,hard_only,0.97,0.85,hard_only despite high internal obviousness,Borscht is a kind of soup or stew,Re-evaluate with absolute thresholds; do not rank only relative to the same word other categories.
P1,spyglass,0.321,,pirate_words,PIRATE WORDS,Things and words associated with pirates,hard_only,0.97,0.85,hard_only despite high internal obviousness,Spyglass is associated with pirates,Re-evaluate with absolute thresholds; do not rank only relative to the same word other categories.
P1,greeter,0.321,,store_jobs,STORE JOBS,Jobs held by people who work in shops and stores,hard_only,0.97,0.85,hard_only despite high internal obviousness,Greeter is a job in a shop or store,Re-evaluate with absolute thresholds; do not rank only relative to the same word other categories.
P1,plasterer,0.319,,building_trades,BUILDING TRADES,Skilled trades that build and repair buildings,hard_only,0.97,0.85,hard_only despite high internal obviousness,Plasterer is a skilled building trade,Re-evaluate with absolute thresholds; do not rank only relative to the same word other categories.
P1,teacups,0.317,,amusement_park,AMUSEMENT PARK,Rides and things found at an amusement park,hard_only,0.97,0.85,hard_only despite high internal obviousness,Teacups is found at an amusement park,Re-evaluate with absolute thresholds; do not rank only relative to the same word other categories.
P1,ferryman,0.317,,transport_jobs,TRANSPORT JOBS,"Jobs held by people who drive, fly or pilot for a living",hard_only,0.97,0.85,hard_only despite high internal obviousness,"Ferryman is a job driving, flying or piloting",Re-evaluate with absolute thresholds; do not rank only relative to the same word other categories.
P1,squeegee,0.314,,cleaning_tools,CLEANING TOOLS,Tools used for cleaning and tidying,hard_only,0.97,0.85,hard_only despite high internal obviousness,Squeegee is a tool used for cleaning,Re-evaluate with absolute thresholds; do not rank only relative to the same word other categories.
P1,gazpacho,0.313,,soups,SOUPS AND STEWS,Kinds of soup and stew,hard_only,0.97,0.85,hard_only despite high internal obviousness,Gazpacho is a kind of soup or stew,Re-evaluate with absolute thresholds; do not rank only relative to the same word other categories.
P1,goulash,0.313,,soups,SOUPS AND STEWS,Kinds of soup and stew,hard_only,0.97,0.85,hard_only despite high internal obviousness,Goulash is a kind of soup or stew,Re-evaluate with absolute thresholds; do not rank only relative to the same word other categories.
P1,hayride,0.31,,seasons_fall,FALL THINGS,Things associated with autumn,hard_only,0.97,0.85,hard_only despite high internal obviousness,Hayride is associated with autumn,Re-evaluate with absolute thresholds; do not rank only relative to the same word other categories.
P1,earmuffs,0.31,,winter_clothing,WINTER CLOTHING,Clothing worn specifically to stay warm in cold weather,hard_only,0.97,0.85,hard_only despite high internal obviousness,Earmuffs is worn to stay warm in cold weather,Re-evaluate with absolute thresholds; do not rank only relative to the same word other categories.
P1,portcullis,0.309,,castle_things,CASTLE THINGS,Parts and features of a medieval castle,hard_only,0.97,0.85,hard_only despite high internal obviousness,Portcullis is part of a medieval castle,Re-evaluate with absolute thresholds; do not rank only relative to the same word other categories.
P1,carafe,0.309,,dishes_and_glassware,DISHES,Things you eat and drink from at a table,hard_only,0.97,0.85,hard_only despite high internal obviousness,Carafe is something you eat or drink from,Re-evaluate with absolute thresholds; do not rank only relative to the same word other categories.
P1,snowshoeing,0.307,,winter_sports,WINTER SPORTS,Sports played on snow or ice,hard_only,0.97,0.85,hard_only despite high internal obviousness,Snowshoeing is a sport played on snow or ice,Re-evaluate with absolute thresholds; do not rank only relative to the same word other categories.
P1,elderberry,0.304,,berries,BERRIES,Small soft fruits called berries in everyday American English,hard_only,0.97,0.85,hard_only despite high internal obviousness,Elderberry is a berry,Re-evaluate with absolute thresholds; do not rank only relative to the same word other categories.
P1,preschooler,0.304,,life_stages,STAGES OF LIFE,Words for the stages of a human life,hard_only,0.97,0.85,hard_only despite high internal obviousness,Preschooler is a stage of human life,Re-evaluate with absolute thresholds; do not rank only relative to the same word other categories.
P1,framer,0.303,,building_trades,BUILDING TRADES,Skilled trades that build and repair buildings,hard_only,0.97,0.85,hard_only despite high internal obviousness,Framer is a skilled building trade,Re-evaluate with absolute thresholds; do not rank only relative to the same word other categories.
P1,merchandiser,0.303,,store_jobs,STORE JOBS,Jobs held by people who work in shops and stores,hard_only,0.97,0.85,hard_only despite high internal obviousness,Merchandiser is a job in a shop or store,Re-evaluate with absolute thresholds; do not rank only relative to the same word other categories.
P1,breadcrumb,0.294,,fairy_tale_things,TALE OBJECTS,Objects that appear in classic fairy tales,hard_only,0.97,0.85,hard_only despite high internal obviousness,Breadcrumb appears in classic fairy tales,Re-evaluate with absolute thresholds; do not rank only relative to the same word other categories.
P1,tendril,0.29,,plant_parts,PLANT PARTS,Parts of a growing plant,hard_only,0.97,0.85,hard_only despite high internal obviousness,Tendril is a part of a growing plant,Re-evaluate with absolute thresholds; do not rank only relative to the same word other categories.
P1,frappe,0.284,,coffee_drinks,COFFEE DRINKS,Ways coffee is prepared and served,hard_only,0.97,0.85,hard_only despite high internal obviousness,Frappe is a way coffee is served,Re-evaluate with absolute thresholds; do not rank only relative to the same word other categories.
P1,Wendys,0.284,,fast_food_chains,FAST FOOD,Fast food restaurant chains in America,hard_only,0.97,0.85,hard_only despite high internal obviousness,Wendys is an American fast food chain,Re-evaluate with absolute thresholds; do not rank only relative to the same word other categories.
P1,tiler,0.273,,building_trades,BUILDING TRADES,Skilled trades that build and repair buildings,hard_only,0.97,0.85,hard_only despite high internal obviousness,Tiler is a skilled building trade,Re-evaluate with absolute thresholds; do not rank only relative to the same word other categories.
P1,edger,0.273,,garden_tools,GARDEN TOOLS,Tools used for gardening and yard work,hard_only,0.97,0.85,hard_only despite high internal obviousness,Edger is a tool used for gardening,Re-evaluate with absolute thresholds; do not rank only relative to the same word other categories.
P1,minestrone,0.27,,soups,SOUPS AND STEWS,Kinds of soup and stew,hard_only,0.97,0.85,hard_only despite high internal obviousness,Minestrone is a kind of soup or stew,Re-evaluate with absolute thresholds; do not rank only relative to the same word other categories.
P1,nightshirt,0.267,,sleepwear,SLEEPWEAR,Clothing worn to bed,hard_only,0.97,0.85,hard_only despite high internal obviousness,Nightshirt is worn to bed,Re-evaluate with absolute thresholds; do not rank only relative to the same word other categories.
P1,tobogganing,0.267,,winter_sports,WINTER SPORTS,Sports played on snow or ice,hard_only,0.97,0.85,hard_only despite high internal obviousness,Tobogganing is a sport played on snow or ice,Re-evaluate with absolute thresholds; do not rank only relative to the same word other categories.
P1,clothespin,0.261,,laundry_things,LAUNDRY THINGS,Things used to wash and dry clothes,hard_only,0.97,0.85,hard_only despite high internal obviousness,Clothespin is used to wash or dry clothes,Re-evaluate with absolute thresholds; do not rank only relative to the same word other categories.
P1,gumdrop,0.26,,candy,CANDY,Sweets sold in a candy aisle,hard_only,0.97,0.85,hard_only despite high internal obviousness,Gumdrop is a kind of candy,Re-evaluate with absolute thresholds; do not rank only relative to the same word other categories.
P1,seeder,0.26,,garden_tools,GARDEN TOOLS,Tools used for gardening and yard work,hard_only,0.97,0.85,hard_only despite high internal obviousness,Seeder is a tool used for gardening,Re-evaluate with absolute thresholds; do not rank only relative to the same word other categories.
P1,battlement,0.253,,castle_things,CASTLE THINGS,Parts and features of a medieval castle,hard_only,0.97,0.85,hard_only despite high internal obviousness,Battlement is part of a medieval castle,Re-evaluate with absolute thresholds; do not rank only relative to the same word other categories.
P1,boysenberry,0.247,,berries,BERRIES,Small soft fruits called berries in everyday American English,hard_only,0.97,0.85,hard_only despite high internal obviousness,Boysenberry is a berry,Re-evaluate with absolute thresholds; do not rank only relative to the same word other categories.
P1,doubloon,0.24,,pirate_words,PIRATE WORDS,Things and words associated with pirates,hard_only,0.97,0.85,hard_only despite high internal obviousness,Doubloon is associated with pirates,Re-evaluate with absolute thresholds; do not rank only relative to the same word other categories.
P1,jetway,0.237,,airport_words,AIRPORT WORDS,"Words for things, places or roles you encounter at an airport",hard_only,0.97,0.85,hard_only despite high internal obviousness,Jetway is something you encounter at an airport,Re-evaluate with absolute thresholds; do not rank only relative to the same word other categories.
P1,ramekin,0.236,,dishes_and_glassware,DISHES,Things you eat and drink from at a table,hard_only,0.97,0.85,hard_only despite high internal obviousness,Ramekin is something you eat or drink from,Re-evaluate with absolute thresholds; do not rank only relative to the same word other categories.
P1,cornstalk,0.234,,seasons_fall,FALL THINGS,Things associated with autumn,hard_only,0.97,0.85,hard_only despite high internal obviousness,Cornstalk is associated with autumn,Re-evaluate with absolute thresholds; do not rank only relative to the same word other categories.
P1,mancala,0.23,,board_games,BOARD GAMES,Games played on a board with pieces or cards on a table,hard_only,0.97,0.85,hard_only despite high internal obviousness,Mancala is a board game played on a table,Re-evaluate with absolute thresholds; do not rank only relative to the same word other categories.
P1,pruner,0.23,,garden_tools,GARDEN TOOLS,Tools used for gardening and yard work,hard_only,0.97,0.85,hard_only despite high internal obviousness,Pruner is a tool used for gardening,Re-evaluate with absolute thresholds; do not rank only relative to the same word other categories.
P1,Arbys,0.229,,fast_food_chains,FAST FOOD,Fast food restaurant chains in America,hard_only,0.97,0.85,hard_only despite high internal obviousness,Arbys is an American fast food chain,Re-evaluate with absolute thresholds; do not rank only relative to the same word other categories.
P1,cortado,0.227,,coffee_drinks,COFFEE DRINKS,Ways coffee is prepared and served,hard_only,0.97,0.85,hard_only despite high internal obviousness,Cortado is a way coffee is served,Re-evaluate with absolute thresholds; do not rank only relative to the same word other categories.
P1,consomme,0.216,,soups,SOUPS AND STEWS,Kinds of soup and stew,hard_only,0.97,0.85,hard_only despite high internal obviousness,Consomme is a kind of soup or stew,Re-evaluate with absolute thresholds; do not rank only relative to the same word other categories.
P1,weeder,0.214,,garden_tools,GARDEN TOOLS,Tools used for gardening and yard work,hard_only,0.97,0.85,hard_only despite high internal obviousness,Weeder is a tool used for gardening,Re-evaluate with absolute thresholds; do not rank only relative to the same word other categories.
P1,windsurfing,0.354,,water_sports,WATER SPORTS,Sports played in or on the water,hard_only,0.97,0.82,hard_only despite high internal obviousness,Windsurfing is a sport played in or on the water,Re-evaluate with absolute thresholds; do not rank only relative to the same word other categories.
P1,biplane,0.351,,aircraft,AIRCRAFT,Machines that fly through the air carrying people or cargo,hard_only,0.97,0.82,hard_only despite high internal obviousness,Biplane is a flying machine,Re-evaluate with absolute thresholds; do not rank only relative to the same word other categories.
P1,Jack and the Beanstalk,0.351,,fairy_tales,FAIRY TALES,Classic fairy tales children know,hard_only,0.97,0.82,hard_only despite high internal obviousness,Jack and the Beanstalk is a classic fairy tale,Re-evaluate with absolute thresholds; do not rank only relative to the same word other categories.
P1,guardrail,0.35,,road_things,ROAD THINGS,Things you see on or beside a road,hard_only,0.97,0.82,hard_only despite high internal obviousness,Guardrail is seen on or beside a road,Re-evaluate with absolute thresholds; do not rank only relative to the same word other categories.
P1,Hansel and Gretel,0.343,,fairy_tales,FAIRY TALES,Classic fairy tales children know,hard_only,0.97,0.82,hard_only despite high internal obviousness,Hansel and Gretel is a classic fairy tale,Re-evaluate with absolute thresholds; do not rank only relative to the same word other categories.
P1,minibar,0.343,,hotel_words,HOTEL WORDS,Things and roles found at a hotel,hard_only,0.97,0.82,hard_only despite high internal obviousness,Minibar is found at a hotel,Re-evaluate with absolute thresholds; do not rank only relative to the same word other categories.
P1,rowboat,0.34,,boats,BOATS AND SHIPS,Kinds of watercraft,hard_only,0.97,0.82,hard_only despite high internal obviousness,Rowboat is a kind of watercraft,Re-evaluate with absolute thresholds; do not rank only relative to the same word other categories.
P1,planer,0.337,,power_tools,POWER TOOLS,Tools driven by electricity or a motor,hard_only,0.97,0.82,hard_only despite high internal obviousness,Planer is a tool driven by a motor,Re-evaluate with absolute thresholds; do not rank only relative to the same word other categories.
P1,playpen,0.336,,baby_things,BABY THINGS,Things used to care for a baby,hard_only,0.97,0.82,hard_only despite high internal obviousness,Playpen is used to care for a baby,Re-evaluate with absolute thresholds; do not rank only relative to the same word other categories.
P1,streetlight,0.336,,road_things,ROAD THINGS,Things you see on or beside a road,hard_only,0.97,0.82,hard_only despite high internal obviousness,Streetlight is seen on or beside a road,Re-evaluate with absolute thresholds; do not rank only relative to the same word other categories.
P1,Jainism,0.333,,world_religions,WORLD RELIGIONS,Major religions of the world,hard_only,0.97,0.82,hard_only despite high internal obviousness,Jainism is a major world religion,Re-evaluate with absolute thresholds; do not rank only relative to the same word other categories.
P1,Sikhism,0.331,,world_religions,WORLD RELIGIONS,Major religions of the world,hard_only,0.97,0.82,hard_only despite high internal obviousness,Sikhism is a major world religion,Re-evaluate with absolute thresholds; do not rank only relative to the same word other categories.
P1,lozenge,0.33,,medicine_cabinet,MEDICINE CABINET,Things kept in a home medicine cabinet,hard_only,0.97,0.82,hard_only despite high internal obviousness,Lozenge is kept in a home medicine cabinet,Re-evaluate with absolute thresholds; do not rank only relative to the same word other categories.
P1,narwhal,0.326,,sea_mammals,SEA MAMMALS,Mammals that live in the sea,hard_only,0.97,0.82,hard_only despite high internal obviousness,Narwhal is a mammal that lives in the sea,Re-evaluate with absolute thresholds; do not rank only relative to the same word other categories.
P1,mudslide,0.324,,natural_disasters,NATURAL DISASTERS,Destructive natural events,hard_only,0.97,0.82,hard_only despite high internal obviousness,Mudslide is a destructive natural event,Re-evaluate with absolute thresholds; do not rank only relative to the same word other categories.
P1,Zoroastrianism,0.323,,world_religions,WORLD RELIGIONS,Major religions of the world,hard_only,0.97,0.82,hard_only despite high internal obviousness,Zoroastrianism is a major world religion,Re-evaluate with absolute thresholds; do not rank only relative to the same word other categories.
P1,Kohls,0.321,,retail_stores,RETAIL STORES,Large retail store chains in America,hard_only,0.97,0.82,hard_only despite high internal obviousness,Kohls is an American retail chain,Re-evaluate with absolute thresholds; do not rank only relative to the same word other categories.
P1,Twix,0.316,,candy_brands,CANDY BRANDS,Candy brands sold in American stores,hard_only,0.97,0.82,hard_only despite high internal obviousness,Twix is an American candy brand,Re-evaluate with absolute thresholds; do not rank only relative to the same word other categories.
P1,Whoppers,0.307,,candy_brands,CANDY BRANDS,Candy brands sold in American stores,hard_only,0.97,0.82,hard_only despite high internal obviousness,Whoppers is an American candy brand,Re-evaluate with absolute thresholds; do not rank only relative to the same word other categories.
P1,nightlight,0.307,,lighting,LIGHTING,Devices that light a home,hard_only,0.97,0.82,hard_only despite high internal obviousness,Nightlight is a device that lights a home,Re-evaluate with absolute thresholds; do not rank only relative to the same word other categories.
P1,floodlight,0.303,,lighting,LIGHTING,Devices that light a home,hard_only,0.97,0.82,hard_only despite high internal obviousness,Floodlight is a device that lights a home,Re-evaluate with absolute thresholds; do not rank only relative to the same word other categories.
P1,antacid,0.303,,medicine_cabinet,MEDICINE CABINET,Things kept in a home medicine cabinet,hard_only,0.97,0.82,hard_only despite high internal obviousness,Antacid is kept in a home medicine cabinet,Re-evaluate with absolute thresholds; do not rank only relative to the same word other categories.
P1,Macys,0.303,,retail_stores,RETAIL STORES,Large retail store chains in America,hard_only,0.97,0.82,hard_only despite high internal obviousness,Macys is an American retail chain,Re-evaluate with absolute thresholds; do not rank only relative to the same word other categories.
P1,Twizzlers,0.291,,candy_brands,CANDY BRANDS,Candy brands sold in American stores,hard_only,0.97,0.82,hard_only despite high internal obviousness,Twizzlers is an American candy brand,Re-evaluate with absolute thresholds; do not rank only relative to the same word other categories.
P1,Rumpelstiltskin,0.291,,fairy_tales,FAIRY TALES,Classic fairy tales children know,hard_only,0.97,0.82,hard_only despite high internal obviousness,Rumpelstiltskin is a classic fairy tale,Re-evaluate with absolute thresholds; do not rank only relative to the same word other categories.
P1,sconce,0.29,,lighting,LIGHTING,Devices that light a home,hard_only,0.97,0.82,hard_only despite high internal obviousness,Sconce is a device that lights a home,Re-evaluate with absolute thresholds; do not rank only relative to the same word other categories.
P1,wakeboarding,0.29,,water_sports,WATER SPORTS,Sports played in or on the water,hard_only,0.97,0.82,hard_only despite high internal obviousness,Wakeboarding is a sport played in or on the water,Re-evaluate with absolute thresholds; do not rank only relative to the same word other categories.
P1,Schweppes,0.286,,soda_brands,SODA BRANDS,Soft drink brands sold in the United States,hard_only,0.97,0.82,hard_only despite high internal obviousness,Schweppes is an American soft drink brand,Re-evaluate with absolute thresholds; do not rank only relative to the same word other categories.
P1,hieroglyph,0.283,,egypt_things,ANCIENT EGYPT,Things associated with ancient Egypt,hard_only,0.97,0.82,hard_only despite high internal obviousness,Hieroglyph is associated with ancient Egypt,Re-evaluate with absolute thresholds; do not rank only relative to the same word other categories.
P1,bellhop,0.283,,hotel_words,HOTEL WORDS,Things and roles found at a hotel,hard_only,0.97,0.82,hard_only despite high internal obviousness,Bellhop is found at a hotel,Re-evaluate with absolute thresholds; do not rank only relative to the same word other categories.
P1,dugong,0.283,,sea_mammals,SEA MAMMALS,Mammals that live in the sea,hard_only,0.97,0.82,hard_only despite high internal obviousness,Dugong is a mammal that lives in the sea,Re-evaluate with absolute thresholds; do not rank only relative to the same word other categories.
P1,7up,0.281,,soda_brands,SODA BRANDS,Soft drink brands sold in the United States,hard_only,0.97,0.82,hard_only despite high internal obviousness,7up is an American soft drink brand,Re-evaluate with absolute thresholds; do not rank only relative to the same word other categories.
P1,Sunkist,0.28,,soda_brands,SODA BRANDS,Soft drink brands sold in the United States,hard_only,0.97,0.82,hard_only despite high internal obviousness,Sunkist is an American soft drink brand,Re-evaluate with absolute thresholds; do not rank only relative to the same word other categories.
P1,spectacled bear,0.276,,bears_and_big_animals,BEARS,Kinds of bear,hard_only,0.97,0.82,hard_only despite high internal obviousness,Spectacled bear is a kind of bear,Re-evaluate with absolute thresholds; do not rank only relative to the same word other categories.
P1,Airheads,0.274,,candy_brands,CANDY BRANDS,Candy brands sold in American stores,hard_only,0.97,0.82,hard_only despite high internal obviousness,Airheads is an American candy brand,Re-evaluate with absolute thresholds; do not rank only relative to the same word other categories.
P1,Butterfinger,0.273,,candy_brands,CANDY BRANDS,Candy brands sold in American stores,hard_only,0.97,0.82,hard_only despite high internal obviousness,Butterfinger is an American candy brand,Re-evaluate with absolute thresholds; do not rank only relative to the same word other categories.
P1,Bahá'í,0.27,,world_religions,WORLD RELIGIONS,Major religions of the world,hard_only,0.97,0.82,hard_only despite high internal obviousness,Baháʼí is a major world religion,Re-evaluate with absolute thresholds; do not rank only relative to the same word other categories.
P1,Thumbelina,0.267,,fairy_tales,FAIRY TALES,Classic fairy tales children know,hard_only,0.97,0.82,hard_only despite high internal obviousness,Thumbelina is a classic fairy tale,Re-evaluate with absolute thresholds; do not rank only relative to the same word other categories.
P1,paddleboarding,0.256,,water_sports,WATER SPORTS,Sports played in or on the water,hard_only,0.97,0.82,hard_only despite high internal obviousness,Paddleboarding is a sport played in or on the water,Re-evaluate with absolute thresholds; do not rank only relative to the same word other categories.
P1,highchair,0.25,,baby_things,BABY THINGS,Things used to care for a baby,hard_only,0.97,0.82,hard_only despite high internal obviousness,Highchair is used to care for a baby,Re-evaluate with absolute thresholds; do not rank only relative to the same word other categories.
P1,Reeses,0.246,,candy_brands,CANDY BRANDS,Candy brands sold in American stores,hard_only,0.97,0.82,hard_only despite high internal obviousness,Reeses is an American candy brand,Re-evaluate with absolute thresholds; do not rank only relative to the same word other categories.
P1,canopic jar,0.237,,egypt_things,ANCIENT EGYPT,Things associated with ancient Egypt,hard_only,0.97,0.82,hard_only despite high internal obviousness,Canopic jar is associated with ancient Egypt,Re-evaluate with absolute thresholds; do not rank only relative to the same word other categories.
P1,Faygo,0.23,,soda_brands,SODA BRANDS,Soft drink brands sold in the United States,hard_only,0.97,0.82,hard_only despite high internal obviousness,Faygo is an American soft drink brand,Re-evaluate with absolute thresholds; do not rank only relative to the same word other categories.
P1,teether,0.221,,baby_things,BABY THINGS,Things used to care for a baby,hard_only,0.97,0.82,hard_only despite high internal obviousness,Teether is used to care for a baby,Re-evaluate with absolute thresholds; do not rank only relative to the same word other categories.
P1,camera,0.696,,screens,THINGS WITH SCREENS,Everyday devices that have a screen,hard_only,0.97,0.8,hard_only despite high internal obviousness and high familiarity,Camera has a screen,Re-evaluate with absolute thresholds; do not rank only relative to the same word other categories.
P1,guest room,0.646,,places_you_sleep,SLEEPING PLACES,Places where people sleep away from home,hard_only,0.97,0.8,hard_only despite high internal obviousness and high familiarity,Guest room is a place people sleep away from home,Re-evaluate with absolute thresholds; do not rank only relative to the same word other categories.
P1,e-reader,0.613,,screens,THINGS WITH SCREENS,Everyday devices that have a screen,hard_only,0.97,0.8,hard_only despite high internal obviousness and high familiarity,E-reader has a screen,Re-evaluate with absolute thresholds; do not rank only relative to the same word other categories.
P1,nail polish,0.564,,things_worn_on_hands,HAND WEAR,Things worn on the hands,hard_only,0.97,0.8,hard_only despite high internal obviousness,Nail polish is worn on the hands,Re-evaluate with absolute thresholds; do not rank only relative to the same word other categories.
P1,ATM,0.55,,screens,THINGS WITH SCREENS,Everyday devices that have a screen,hard_only,0.97,0.8,hard_only despite high internal obviousness,Atm has a screen,Re-evaluate with absolute thresholds; do not rank only relative to the same word other categories.
P1,microwave,0.543,,screens,THINGS WITH SCREENS,Everyday devices that have a screen,hard_only,0.97,0.8,hard_only despite high internal obviousness,Microwave has a screen,Re-evaluate with absolute thresholds; do not rank only relative to the same word other categories.
P1,boxing glove,0.514,,things_worn_on_hands,HAND WEAR,Things worn on the hands,hard_only,0.97,0.8,hard_only despite high internal obviousness,Boxing glove is worn on the hands,Re-evaluate with absolute thresholds; do not rank only relative to the same word other categories.
P1,sleeper car,0.493,,places_you_sleep,SLEEPING PLACES,Places where people sleep away from home,hard_only,0.97,0.8,hard_only despite high internal obviousness,Sleeper car is a place people sleep away from home,Re-evaluate with absolute thresholds; do not rank only relative to the same word other categories.
P1,treadmill,0.479,,screens,THINGS WITH SCREENS,Everyday devices that have a screen,hard_only,0.97,0.8,hard_only despite high internal obviousness,Treadmill has a screen,Re-evaluate with absolute thresholds; do not rank only relative to the same word other categories.
P1,oven mitt,0.466,,things_worn_on_hands,HAND WEAR,Things worn on the hands,hard_only,0.97,0.8,hard_only despite high internal obviousness,Oven mitt is worn on the hands,Re-evaluate with absolute thresholds; do not rank only relative to the same word other categories.
P1,gauntlet,0.449,,things_worn_on_hands,HAND WEAR,Things worn on the hands,hard_only,0.97,0.8,hard_only despite high internal obviousness,Gauntlet is worn on the hands,Re-evaluate with absolute thresholds; do not rank only relative to the same word other categories.
P1,neigh,0.356,,animal_sounds,ANIMAL SOUNDS,English words for the sound an animal makes,hard_only,0.97,0.8,hard_only despite high internal obviousness,Neigh is the English word for a sound an animal makes,Re-evaluate with absolute thresholds; do not rank only relative to the same word other categories.
P1,tempura,0.356,,japanese_dishes,JAPANESE DISHES,Dishes from Japanese cuisine,hard_only,0.97,0.8,hard_only despite high internal obviousness,Tempura is a dish from Japanese cuisine,Re-evaluate with absolute thresholds; do not rank only relative to the same word other categories.
P1,breastplate,0.356,,knights_and_armor,KNIGHT THINGS,Things a medieval knight used or wore,hard_only,0.97,0.8,hard_only despite high internal obviousness,Breastplate was used or worn by a medieval knight,Re-evaluate with absolute thresholds; do not rank only relative to the same word other categories.
P1,aviary,0.356,,places_with_animals,PLACES WITH ANIMALS,Places where animals are kept or seen,hard_only,0.97,0.8,hard_only despite high internal obviousness,Aviary is a place where animals are kept or seen,Re-evaluate with absolute thresholds; do not rank only relative to the same word other categories.
P1,Yom Kippur,0.356,,religious_holidays,RELIGIOUS HOLIDAYS,Holidays with religious origins,hard_only,0.97,0.8,hard_only despite high internal obviousness,Yom Kippur is a holiday with religious origins,Re-evaluate with absolute thresholds; do not rank only relative to the same word other categories.
P1,beading,0.354,,crafts,CRAFTS,Handmade crafts people do as a hobby,hard_only,0.97,0.8,hard_only despite high internal obviousness,Beading is a handmade craft hobby,Re-evaluate with absolute thresholds; do not rank only relative to the same word other categories.
P1,soba,0.354,,japanese_dishes,JAPANESE DISHES,Dishes from Japanese cuisine,hard_only,0.97,0.8,hard_only despite high internal obviousness,Soba is a dish from Japanese cuisine,Re-evaluate with absolute thresholds; do not rank only relative to the same word other categories.
P1,sommelier,0.354,,kitchen_jobs,KITCHEN JOBS,Jobs held by people who work in a restaurant kitchen or food service,hard_only,0.97,0.8,hard_only despite high internal obviousness,Sommelier is a job in a restaurant kitchen or food service,Re-evaluate with absolute thresholds; do not rank only relative to the same word other categories.
P1,kestrel,0.353,,birds_of_prey,BIRDS OF PREY,Birds that hunt other animals,hard_only,0.97,0.8,hard_only despite high internal obviousness,Kestrel is a bird that hunts other animals,Re-evaluate with absolute thresholds; do not rank only relative to the same word other categories.
P1,chickenpox,0.353,,diseases,DISEASES,Diseases an average person can name,hard_only,0.97,0.8,hard_only despite high internal obviousness,Chickenpox is a disease,Re-evaluate with absolute thresholds; do not rank only relative to the same word other categories.
P1,udon,0.353,,japanese_dishes,JAPANESE DISHES,Dishes from Japanese cuisine,hard_only,0.97,0.8,hard_only despite high internal obviousness,Udon is a dish from Japanese cuisine,Re-evaluate with absolute thresholds; do not rank only relative to the same word other categories.
P1,speculum,0.353,,medical_tools,MEDICAL TOOLS,Instruments a doctor or nurse uses,hard_only,0.97,0.8,hard_only despite high internal obviousness,Speculum is an instrument a doctor or nurse uses,Re-evaluate with absolute thresholds; do not rank only relative to the same word other categories.
P1,sidewinder,0.353,,snakes,SNAKES,Kinds of snake,hard_only,0.97,0.8,hard_only despite high internal obviousness,Sidewinder is a kind of snake,Re-evaluate with absolute thresholds; do not rank only relative to the same word other categories.
P1,saute,0.351,,cooking_methods,COOKING METHODS,Methods used to cook food,hard_only,0.97,0.8,hard_only despite high internal obviousness,Saute is a method used to cook food,Re-evaluate with absolute thresholds; do not rank only relative to the same word other categories.
P1,tiramisu,0.351,,italian_dishes,ITALIAN DISHES,Dishes from Italian cuisine widely eaten in the United States,hard_only,0.97,0.8,hard_only despite high internal obviousness,Tiramisu is a dish from Italian cuisine,Re-evaluate with absolute thresholds; do not rank only relative to the same word other categories.
P1,arugula,0.351,,salad_ingredients,SALAD INGREDIENTS,Ingredients tossed into an ordinary green salad,hard_only,0.97,0.8,hard_only despite high internal obviousness,Arugula goes into an ordinary green salad,Re-evaluate with absolute thresholds; do not rank only relative to the same word other categories.
P1,flatbread,0.35,,bread_types,BREAD TYPES,Kinds of bread and baked goods made from dough,hard_only,0.97,0.8,hard_only despite high internal obviousness,Flatbread is a kind of bread or baked dough,Re-evaluate with absolute thresholds; do not rank only relative to the same word other categories.
P1,citron,0.35,,citrus_fruits,CITRUS FRUITS,Fruits of the citrus family with a thick peel and juicy segments,hard_only,0.97,0.8,hard_only despite high internal obviousness,Citron is a citrus fruit,Re-evaluate with absolute thresholds; do not rank only relative to the same word other categories.
P1,waders,0.35,,fishing_hobby,FISHING TRIP,Things taken on a fishing trip,hard_only,0.97,0.8,hard_only despite high internal obviousness,Waders is taken on a fishing trip,Re-evaluate with absolute thresholds; do not rank only relative to the same word other categories.
P1,tater tots,0.35,,potato_dishes,POTATO DISHES,Ways potatoes are cooked and served,hard_only,0.97,0.8,hard_only despite high internal obviousness,Tater tots is a way potatoes are served,Re-evaluate with absolute thresholds; do not rank only relative to the same word other categories.
P1,Purim,0.35,,religious_holidays,RELIGIOUS HOLIDAYS,Holidays with religious origins,hard_only,0.97,0.8,hard_only despite high internal obviousness,Purim is a holiday with religious origins,Re-evaluate with absolute thresholds; do not rank only relative to the same word other categories.
P1,primavera,0.349,,pasta_dishes,PASTA DISHES,Named pasta dishes,hard_only,0.97,0.8,hard_only despite high internal obviousness,Primavera is a named pasta dish,Re-evaluate with absolute thresholds; do not rank only relative to the same word other categories.
P1,mahi mahi,0.349,,seafood,SEAFOOD,Fish and shellfish eaten as food,hard_only,0.97,0.8,hard_only despite high internal obviousness,Mahi mahi is eaten as seafood,Re-evaluate with absolute thresholds; do not rank only relative to the same word other categories.
P1,smokehouse,0.347,,farm_buildings,FARM BUILDINGS,Buildings and structures on a farm,hard_only,0.97,0.8,hard_only despite high internal obviousness,Smokehouse is a building or structure on a farm,Re-evaluate with absolute thresholds; do not rank only relative to the same word other categories.
P1,macaque,0.347,,monkeys_and_apes,MONKEYS AND APES,Kinds of monkey and ape,hard_only,0.97,0.8,hard_only despite high internal obviousness,Macaque is a monkey or ape,Re-evaluate with absolute thresholds; do not rank only relative to the same word other categories.
P1,bobsled,0.347,,olympic_sports,OLYMPIC SPORTS,Sports contested at the modern Olympic Games,hard_only,0.97,0.8,hard_only despite high internal obviousness,Bobsled is contested at the Olympic Games,Re-evaluate with absolute thresholds; do not rank only relative to the same word other categories.
P1,yurt,0.347,,places_you_sleep,SLEEPING PLACES,Places where people sleep away from home,hard_only,0.97,0.8,hard_only despite high internal obviousness,Yurt is a place people sleep away from home,Re-evaluate with absolute thresholds; do not rank only relative to the same word other categories.
P1,ellipsis,0.347,,punctuation,PUNCTUATION MARKS,Marks used to punctuate written English,hard_only,0.97,0.8,hard_only despite high internal obviousness,Ellipsis is a punctuation mark,Re-evaluate with absolute thresholds; do not rank only relative to the same word other categories.
P1,Sumer,0.346,,ancient_civilizations,ANCIENT CIVILIZATIONS,Civilizations of the ancient world,hard_only,0.97,0.8,hard_only despite high internal obviousness,Sumer is an ancient civilization,Re-evaluate with absolute thresholds; do not rank only relative to the same word other categories.
P1,Demeter,0.346,,greek_gods,GREEK GODS,Gods and goddesses of Greek mythology,hard_only,0.97,0.8,hard_only despite high internal obviousness,Demeter is a god of Greek mythology,Re-evaluate with absolute thresholds; do not rank only relative to the same word other categories.
P1,mochi,0.346,,japanese_dishes,JAPANESE DISHES,Dishes from Japanese cuisine,hard_only,0.97,0.8,hard_only despite high internal obviousness,Mochi is a dish from Japanese cuisine,Re-evaluate with absolute thresholds; do not rank only relative to the same word other categories.
P1,basilisk,0.346,,mythical_monsters,MYTHICAL MONSTERS,Monsters from myth and legend,hard_only,0.97,0.8,hard_only despite high internal obviousness,Basilisk is a monster from myth or legend,Re-evaluate with absolute thresholds; do not rank only relative to the same word other categories.
P1,pastrami,0.346,,sandwich_fillings,SANDWICH FILLINGS,Things commonly put inside a sandwich,hard_only,0.97,0.8,hard_only despite high internal obviousness,Pastrami is commonly put inside a sandwich,Re-evaluate with absolute thresholds; do not rank only relative to the same word other categories.
P1,puppetry,0.346,,theater_arts,PERFORMING ARTS,Arts performed in front of an audience,hard_only,0.97,0.8,hard_only despite high internal obviousness,Puppetry is performed in front of an audience,Re-evaluate with absolute thresholds; do not rank only relative to the same word other categories.
P1,groomer,0.344,,beauty_jobs,BEAUTY JOBS,"Jobs held by people who work on hair, nails and appearance",hard_only,0.97,0.8,hard_only despite high internal obviousness,"Groomer is a job working on hair, nails or appearance",Re-evaluate with absolute thresholds; do not rank only relative to the same word other categories.
P1,scrapbooking,0.344,,crafts,CRAFTS,Handmade crafts people do as a hobby,hard_only,0.97,0.8,hard_only despite high internal obviousness,Scrapbooking is a handmade craft hobby,Re-evaluate with absolute thresholds; do not rank only relative to the same word other categories.
P1,flaxseed,0.344,,nuts_and_seeds,NUTS AND SEEDS,Edible nuts and seeds sold as food,hard_only,0.97,0.8,hard_only despite high internal obviousness,Flaxseed is an edible nut or seed,Re-evaluate with absolute thresholds; do not rank only relative to the same word other categories.
P1,bowtie,0.343,,fashion_accessories,FASHION ACCESSORIES,Items added to complete a look,hard_only,0.97,0.8,hard_only despite high internal obviousness,Bowtie is added to complete a look,Re-evaluate with absolute thresholds; do not rank only relative to the same word other categories.
P1,bowtie,0.343,,formal_wear,FORMAL WEAR,Clothing worn to a formal occasion,hard_only,0.97,0.8,hard_only despite high internal obviousness,Bowtie is worn to a formal occasion,Re-evaluate with absolute thresholds; do not rank only relative to the same word other categories.
P1,bonobo,0.34,,monkeys_and_apes,MONKEYS AND APES,Kinds of monkey and ape,hard_only,0.97,0.8,hard_only despite high internal obviousness,Bonobo is a monkey or ape,Re-evaluate with absolute thresholds; do not rank only relative to the same word other categories.
P1,hopscotch,0.34,,playground_games,PLAYGROUND GAMES,Games children play at recess,hard_only,0.97,0.8,hard_only despite high internal obviousness,Hopscotch is a game children play at recess,Re-evaluate with absolute thresholds; do not rank only relative to the same word other categories.
P1,boombox,0.34,,sound_devices,SOUND DEVICES,Devices that record or play sound,hard_only,0.97,0.8,hard_only despite high internal obviousness,Boombox records or plays sound,Re-evaluate with absolute thresholds; do not rank only relative to the same word other categories.
P1,oolong,0.34,,teas,TEAS,Kinds of tea,hard_only,0.97,0.8,hard_only despite high internal obviousness,Oolong is a kind of tea,Re-evaluate with absolute thresholds; do not rank only relative to the same word other categories.
P1,Crayola,0.339,,famous_brands,FAMOUS BRANDS,Brand names most Americans recognize,hard_only,0.97,0.8,hard_only despite high internal obviousness,Crayola is a brand name most Americans recognize,Re-evaluate with absolute thresholds; do not rank only relative to the same word other categories.
P1,birdwatching,0.339,,hobby_verbs,HOBBY ACTIVITIES,Activities people do as a hobby,hard_only,0.97,0.8,hard_only despite high internal obviousness,Birdwatching is an activity people do as a hobby,Re-evaluate with absolute thresholds; do not rank only relative to the same word other categories.
P1,capuchin,0.339,,monkeys_and_apes,MONKEYS AND APES,Kinds of monkey and ape,hard_only,0.97,0.8,hard_only despite high internal obviousness,Capuchin is a monkey or ape,Re-evaluate with absolute thresholds; do not rank only relative to the same word other categories.
P1,xylophone,0.339,,music_class_things,MUSIC CLASS,Things used in a school music class,hard_only,0.97,0.8,hard_only despite high internal obviousness,Xylophone is used in a school music class,Re-evaluate with absolute thresholds; do not rank only relative to the same word other categories.
P1,earbud,0.337,,sound_devices,SOUND DEVICES,Devices that record or play sound,hard_only,0.97,0.8,hard_only despite high internal obviousness,Earbud records or plays sound,Re-evaluate with absolute thresholds; do not rank only relative to the same word other categories.
P1,kettlebell,0.336,,gym_equipment,GYM EQUIPMENT,Equipment used for exercise in a fitness gym,hard_only,0.97,0.8,hard_only despite high internal obviousness,Kettlebell is equipment used for exercise in a gym,Re-evaluate with absolute thresholds; do not rank only relative to the same word other categories.
P1,streetlight,0.336,,light_sources,LIGHT SOURCES,Things that give off light,hard_only,0.97,0.8,hard_only despite high internal obviousness,Streetlight gives off light,Re-evaluate with absolute thresholds; do not rank only relative to the same word other categories.
P1,hairbrush,0.336,,things_in_a_purse,PURSE THINGS,Things carried in a purse,hard_only,0.97,0.8,hard_only despite high internal obviousness,Hairbrush is carried in a purse,Re-evaluate with absolute thresholds; do not rank only relative to the same word other categories.
P1,thresher,0.334,,farm_machines,FARM MACHINES,Machines used on a modern farm,hard_only,0.97,0.8,hard_only despite high internal obviousness,Thresher is a machine used on a farm,Re-evaluate with absolute thresholds; do not rank only relative to the same word other categories.
P1,cannoli,0.334,,italian_dishes,ITALIAN DISHES,Dishes from Italian cuisine widely eaten in the United States,hard_only,0.97,0.8,hard_only despite high internal obviousness,Cannoli is a dish from Italian cuisine,Re-evaluate with absolute thresholds; do not rank only relative to the same word other categories.
P1,kickball,0.334,,playground_games,PLAYGROUND GAMES,Games children play at recess,hard_only,0.97,0.8,hard_only despite high internal obviousness,Kickball is a game children play at recess,Re-evaluate with absolute thresholds; do not rank only relative to the same word other categories.
P1,ocelot,0.334,,wild_cats,WILD CATS,Wild members of the cat family,hard_only,0.97,0.8,hard_only despite high internal obviousness,Ocelot is a wild cat,Re-evaluate with absolute thresholds; do not rank only relative to the same word other categories.
P1,lemming,0.333,,arctic_animals,ARCTIC ANIMALS,Animals that live in the cold polar regions,hard_only,0.97,0.8,hard_only despite high internal obviousness,Lemming lives in a cold polar region,Re-evaluate with absolute thresholds; do not rank only relative to the same word other categories.
P1,colorist,0.333,,beauty_jobs,BEAUTY JOBS,"Jobs held by people who work on hair, nails and appearance",hard_only,0.97,0.8,hard_only despite high internal obviousness,"Colorist is a job working on hair, nails or appearance",Re-evaluate with absolute thresholds; do not rank only relative to the same word other categories.
P1,hymnal,0.333,,church_things,CHURCH THINGS,Things found inside a church,hard_only,0.97,0.8,hard_only despite high internal obviousness,Hymnal is found inside a church,Re-evaluate with absolute thresholds; do not rank only relative to the same word other categories.
P1,quesadilla,0.333,,mexican_dishes,MEXICAN DISHES,Dishes from Mexican cuisine widely eaten in the United States,hard_only,0.97,0.8,hard_only despite high internal obviousness,Quesadilla is a dish from Mexican cuisine,Re-evaluate with absolute thresholds; do not rank only relative to the same word other categories.
P1,carbonara,0.331,,italian_dishes,ITALIAN DISHES,Dishes from Italian cuisine widely eaten in the United States,hard_only,0.97,0.8,hard_only despite high internal obviousness,Carbonara is a dish from Italian cuisine,Re-evaluate with absolute thresholds; do not rank only relative to the same word other categories.
P1,carbonara,0.331,,pasta_dishes,PASTA DISHES,Named pasta dishes,hard_only,0.97,0.8,hard_only despite high internal obviousness,Carbonara is a named pasta dish,Re-evaluate with absolute thresholds; do not rank only relative to the same word other categories.
P1,spacesuit,0.331,,space_travel,SPACE TRAVEL,Things involved in traveling into space,hard_only,0.97,0.8,hard_only despite high internal obviousness,Spacesuit is involved in traveling into space,Re-evaluate with absolute thresholds; do not rank only relative to the same word other categories.
P1,aioli,0.33,,sauces,SAUCES,Sauces used in cooking,hard_only,0.97,0.8,hard_only despite high internal obviousness,Aioli is a sauce used in cooking,Re-evaluate with absolute thresholds; do not rank only relative to the same word other categories.
P1,hailstorm,0.33,,storms,STORMS,Kinds of violent weather events,hard_only,0.97,0.8,hard_only despite high internal obviousness,Hailstorm is a kind of violent weather event,Re-evaluate with absolute thresholds; do not rank only relative to the same word other categories.
P1,docent,0.329,,museum_words,MUSEUM WORDS,Things found in an art museum,hard_only,0.97,0.8,hard_only despite high internal obviousness,Docent is found in an art museum,Re-evaluate with absolute thresholds; do not rank only relative to the same word other categories.
P1,katsu,0.327,,japanese_dishes,JAPANESE DISHES,Dishes from Japanese cuisine,hard_only,0.97,0.8,hard_only despite high internal obviousness,Katsu is a dish from Japanese cuisine,Re-evaluate with absolute thresholds; do not rank only relative to the same word other categories.
P1,au gratin,0.327,,potato_dishes,POTATO DISHES,Ways potatoes are cooked and served,hard_only,0.97,0.8,hard_only despite high internal obviousness,Au gratin is a way potatoes are served,Re-evaluate with absolute thresholds; do not rank only relative to the same word other categories.
P1,narwhal,0.326,,arctic_animals,ARCTIC ANIMALS,Animals that live in the cold polar regions,hard_only,0.97,0.8,hard_only despite high internal obviousness,Narwhal lives in a cold polar region,Re-evaluate with absolute thresholds; do not rank only relative to the same word other categories.
P1,cultivator,0.326,,farm_machines,FARM MACHINES,Machines used on a modern farm,hard_only,0.97,0.8,hard_only despite high internal obviousness,Cultivator is a machine used on a farm,Re-evaluate with absolute thresholds; do not rank only relative to the same word other categories.
P1,bunkhouse,0.326,,places_you_sleep,SLEEPING PLACES,Places where people sleep away from home,hard_only,0.97,0.8,hard_only despite high internal obviousness,Bunkhouse is a place people sleep away from home,Re-evaluate with absolute thresholds; do not rank only relative to the same word other categories.
P1,terrapin,0.326,,reptiles,REPTILES,Cold-blooded scaly animals classed as reptiles,hard_only,0.97,0.8,hard_only despite high internal obviousness,Terrapin is a reptile,Re-evaluate with absolute thresholds; do not rank only relative to the same word other categories.
P1,copperhead,0.326,,snakes,SNAKES,Kinds of snake,hard_only,0.97,0.8,hard_only despite high internal obviousness,Copperhead is a kind of snake,Re-evaluate with absolute thresholds; do not rank only relative to the same word other categories.
P1,biscotti,0.324,,cookie_types,COOKIE TYPES,Kinds of cookie baked at home or sold in stores,hard_only,0.97,0.8,hard_only despite high internal obviousness,Biscotti is a kind of cookie,Re-evaluate with absolute thresholds; do not rank only relative to the same word other categories.
P1,coveralls,0.324,,work_uniforms,UNIFORMS,Outfits worn as a required uniform for work or school,hard_only,0.97,0.8,hard_only despite high internal obviousness,Coveralls is worn as a required uniform,Re-evaluate with absolute thresholds; do not rank only relative to the same word other categories.
P1,baler,0.323,,farm_machines,FARM MACHINES,Machines used on a modern farm,hard_only,0.97,0.8,hard_only despite high internal obviousness,Baler is a machine used on a farm,Re-evaluate with absolute thresholds; do not rank only relative to the same word other categories.
P1,Phoenicia,0.321,,ancient_civilizations,ANCIENT CIVILIZATIONS,Civilizations of the ancient world,hard_only,0.97,0.8,hard_only despite high internal obviousness,Phoenicia is an ancient civilization,Re-evaluate with absolute thresholds; do not rank only relative to the same word other categories.
P1,manticore,0.321,,mythical_monsters,MYTHICAL MONSTERS,Monsters from myth and legend,hard_only,0.97,0.8,hard_only despite high internal obviousness,Manticore is a monster from myth or legend,Re-evaluate with absolute thresholds; do not rank only relative to the same word other categories.
P1,declutter,0.319,,cleaning_actions,CLEANING ACTIONS,Actions done when cleaning something,hard_only,0.97,0.8,hard_only despite high internal obviousness,To declutter is done when cleaning,Re-evaluate with absolute thresholds; do not rank only relative to the same word other categories.
P1,philly cheesesteak,0.319,,sandwich_types,SANDWICH TYPES,Named kinds of sandwich,hard_only,0.97,0.8,hard_only despite high internal obviousness,Philly cheesesteak is a named kind of sandwich,Re-evaluate with absolute thresholds; do not rank only relative to the same word other categories.
P1,groundskeeper,0.319,,sports_jobs,SPORTS JOBS,Jobs held by people who work in professional sports,hard_only,0.97,0.8,hard_only despite high internal obviousness,Groundskeeper is a job in professional sports,Re-evaluate with absolute thresholds; do not rank only relative to the same word other categories.
P1,byway,0.319,,streets_and_roads,KINDS OF ROADS,Kinds of road and pathway,hard_only,0.97,0.8,hard_only despite high internal obviousness,Byway is a kind of road or pathway,Re-evaluate with absolute thresholds; do not rank only relative to the same word other categories.
P1,cassock,0.319,,work_uniforms,UNIFORMS,Outfits worn as a required uniform for work or school,hard_only,0.97,0.8,hard_only despite high internal obviousness,Cassock is worn as a required uniform,Re-evaluate with absolute thresholds; do not rank only relative to the same word other categories.
P1,sparkler,0.317,,new_year_things,NEW YEAR,Things associated with New Year celebrations,hard_only,0.97,0.8,hard_only despite high internal obviousness,Sparkler is associated with New Year,Re-evaluate with absolute thresholds; do not rank only relative to the same word other categories.
P1,thumbprint,0.316,,cookie_types,COOKIE TYPES,Kinds of cookie baked at home or sold in stores,hard_only,0.97,0.8,hard_only despite high internal obviousness,Thumbprint is a kind of cookie,Re-evaluate with absolute thresholds; do not rank only relative to the same word other categories.
P1,Hephaestus,0.316,,greek_gods,GREEK GODS,Gods and goddesses of Greek mythology,hard_only,0.97,0.8,hard_only despite high internal obviousness,Hephaestus is a god of Greek mythology,Re-evaluate with absolute thresholds; do not rank only relative to the same word other categories.
P1,calzone,0.314,,italian_dishes,ITALIAN DISHES,Dishes from Italian cuisine widely eaten in the United States,hard_only,0.97,0.8,hard_only despite high internal obviousness,Calzone is a dish from Italian cuisine,Re-evaluate with absolute thresholds; do not rank only relative to the same word other categories.
P1,churro,0.311,,mexican_dishes,MEXICAN DISHES,Dishes from Mexican cuisine widely eaten in the United States,hard_only,0.97,0.8,hard_only despite high internal obviousness,Churro is a dish from Mexican cuisine,Re-evaluate with absolute thresholds; do not rank only relative to the same word other categories.
P1,ear muffs,0.311,,safety_gear,SAFETY GEAR,Equipment worn to stay safe while working,hard_only,0.97,0.8,hard_only despite high internal obviousness,Ear muffs is worn to stay safe while working,Re-evaluate with absolute thresholds; do not rank only relative to the same word other categories.
P1,churro,0.311,,street_food,STREET FOOD,Foods sold from street carts and stands,hard_only,0.97,0.8,hard_only despite high internal obviousness,Churro is sold from a street cart,Re-evaluate with absolute thresholds; do not rank only relative to the same word other categories.
P1,switchback,0.31,,hiking_words,HIKING WORDS,Things involved in hiking a trail,hard_only,0.97,0.8,hard_only despite high internal obviousness,Switchback is involved in hiking a trail,Re-evaluate with absolute thresholds; do not rank only relative to the same word other categories.
P1,officiant,0.31,,people_at_a_wedding,WEDDING PEOPLE,People with a role at a wedding,hard_only,0.97,0.8,hard_only despite high internal obviousness,Officiant has a role at a wedding,Re-evaluate with absolute thresholds; do not rank only relative to the same word other categories.
P1,Rosh Hashanah,0.31,,religious_holidays,RELIGIOUS HOLIDAYS,Holidays with religious origins,hard_only,0.97,0.8,hard_only despite high internal obviousness,Rosh Hashanah is a holiday with religious origins,Re-evaluate with absolute thresholds; do not rank only relative to the same word other categories.
P1,pincushion,0.309,,sewing_supplies,SEWING SUPPLIES,Items used for sewing and mending clothes,hard_only,0.97,0.8,hard_only despite high internal obviousness,Pincushion is used for sewing or mending clothes,Re-evaluate with absolute thresholds; do not rank only relative to the same word other categories.
P1,edamame,0.307,,japanese_dishes,JAPANESE DISHES,Dishes from Japanese cuisine,hard_only,0.97,0.8,hard_only despite high internal obviousness,Edamame is a dish from Japanese cuisine,Re-evaluate with absolute thresholds; do not rank only relative to the same word other categories.
P1,bruschetta,0.306,,italian_dishes,ITALIAN DISHES,Dishes from Italian cuisine widely eaten in the United States,hard_only,0.97,0.8,hard_only despite high internal obviousness,Bruschetta is a dish from Italian cuisine,Re-evaluate with absolute thresholds; do not rank only relative to the same word other categories.
P1,skink,0.306,,reptiles,REPTILES,Cold-blooded scaly animals classed as reptiles,hard_only,0.97,0.8,hard_only despite high internal obviousness,Skink is a reptile,Re-evaluate with absolute thresholds; do not rank only relative to the same word other categories.
P1,chainmail,0.304,,knights_and_armor,KNIGHT THINGS,Things a medieval knight used or wore,hard_only,0.97,0.8,hard_only despite high internal obviousness,Chainmail was used or worn by a medieval knight,Re-evaluate with absolute thresholds; do not rank only relative to the same word other categories.
P1,bleat,0.303,,animal_sounds,ANIMAL SOUNDS,English words for the sound an animal makes,hard_only,0.97,0.8,hard_only despite high internal obviousness,Bleat is the English word for a sound an animal makes,Re-evaluate with absolute thresholds; do not rank only relative to the same word other categories.
P1,hoagie,0.303,,sandwich_types,SANDWICH TYPES,Named kinds of sandwich,hard_only,0.97,0.8,hard_only despite high internal obviousness,Hoagie is a named kind of sandwich,Re-evaluate with absolute thresholds; do not rank only relative to the same word other categories.
P1,Hestia,0.301,,greek_gods,GREEK GODS,Gods and goddesses of Greek mythology,hard_only,0.97,0.8,hard_only despite high internal obviousness,Hestia is a god of Greek mythology,Re-evaluate with absolute thresholds; do not rank only relative to the same word other categories.
P1,goshawk,0.3,,birds_of_prey,BIRDS OF PREY,Birds that hunt other animals,hard_only,0.97,0.8,hard_only despite high internal obviousness,Goshawk is a bird that hunts other animals,Re-evaluate with absolute thresholds; do not rank only relative to the same word other categories.
P1,acrostic,0.3,,puzzle_types,PUZZLES,Kinds of puzzle people solve for fun,hard_only,0.97,0.8,hard_only despite high internal obviousness,Acrostic is a kind of puzzle,Re-evaluate with absolute thresholds; do not rank only relative to the same word other categories.
P1,cribbage,0.297,,card_games,CARD GAMES,Games played with a deck of cards,hard_only,0.97,0.8,hard_only despite high internal obviousness,Cribbage is a card game,Re-evaluate with absolute thresholds; do not rank only relative to the same word other categories.
P1,burpee,0.297,,exercise_words,EXERCISE WORDS,Movements done as physical exercise,hard_only,0.97,0.8,hard_only despite high internal obviousness,Burpee is done as physical exercise,Re-evaluate with absolute thresholds; do not rank only relative to the same word other categories.
P1,focaccia,0.296,,bread_types,BREAD TYPES,Kinds of bread and baked goods made from dough,hard_only,0.97,0.8,hard_only despite high internal obviousness,Focaccia is a kind of bread or baked dough,Re-evaluate with absolute thresholds; do not rank only relative to the same word other categories.
P1,pullup,0.296,,exercise_words,EXERCISE WORDS,Movements done as physical exercise,hard_only,0.97,0.8,hard_only despite high internal obviousness,Pullup is done as physical exercise,Re-evaluate with absolute thresholds; do not rank only relative to the same word other categories.
P1,focaccia,0.296,,italian_dishes,ITALIAN DISHES,Dishes from Italian cuisine widely eaten in the United States,hard_only,0.97,0.8,hard_only despite high internal obviousness,Focaccia is a dish from Italian cuisine,Re-evaluate with absolute thresholds; do not rank only relative to the same word other categories.
P1,fajita,0.296,,mexican_dishes,MEXICAN DISHES,Dishes from Mexican cuisine widely eaten in the United States,hard_only,0.97,0.8,hard_only despite high internal obviousness,Fajita is a dish from Mexican cuisine,Re-evaluate with absolute thresholds; do not rank only relative to the same word other categories.
P1,pinecone,0.296,,things_in_the_forest,FOREST THINGS,Things you find walking through a forest,hard_only,0.97,0.8,hard_only despite high internal obviousness,Pinecone is found in a forest,Re-evaluate with absolute thresholds; do not rank only relative to the same word other categories.
P1,pushup,0.294,,exercise_words,EXERCISE WORDS,Movements done as physical exercise,hard_only,0.97,0.8,hard_only despite high internal obviousness,Pushup is done as physical exercise,Re-evaluate with absolute thresholds; do not rank only relative to the same word other categories.
P1,ptarmigan,0.293,,arctic_animals,ARCTIC ANIMALS,Animals that live in the cold polar regions,hard_only,0.97,0.8,hard_only despite high internal obviousness,Ptarmigan lives in a cold polar region,Re-evaluate with absolute thresholds; do not rank only relative to the same word other categories.
P1,challah,0.293,,bread_types,BREAD TYPES,Kinds of bread and baked goods made from dough,hard_only,0.97,0.8,hard_only despite high internal obviousness,Challah is a kind of bread or baked dough,Re-evaluate with absolute thresholds; do not rank only relative to the same word other categories.
P1,macaroon,0.293,,cookie_types,COOKIE TYPES,Kinds of cookie baked at home or sold in stores,hard_only,0.97,0.8,hard_only despite high internal obviousness,Macaroon is a kind of cookie,Re-evaluate with absolute thresholds; do not rank only relative to the same word other categories.
P1,marmoset,0.293,,monkeys_and_apes,MONKEYS AND APES,Kinds of monkey and ape,hard_only,0.97,0.8,hard_only despite high internal obviousness,Marmoset is a monkey or ape,Re-evaluate with absolute thresholds; do not rank only relative to the same word other categories.
P1,mousepad,0.293,,video_gaming,GAMING SETUP,Things in a video gaming setup,hard_only,0.97,0.8,hard_only despite high internal obviousness,Mousepad is part of a video gaming setup,Re-evaluate with absolute thresholds; do not rank only relative to the same word other categories.
P1,halberd,0.293,,weapons_of_the_past,OLD WEAPONS,Weapons used before modern firearms,hard_only,0.97,0.8,hard_only despite high internal obviousness,Halberd is a weapon used before modern firearms,Re-evaluate with absolute thresholds; do not rank only relative to the same word other categories.
P1,carnitas,0.291,,mexican_dishes,MEXICAN DISHES,Dishes from Mexican cuisine widely eaten in the United States,hard_only,0.97,0.8,hard_only despite high internal obviousness,Carnitas is a dish from Mexican cuisine,Re-evaluate with absolute thresholds; do not rank only relative to the same word other categories.
P1,serval,0.291,,wild_cats,WILD CATS,Wild members of the cat family,hard_only,0.97,0.8,hard_only despite high internal obviousness,Serval is a wild cat,Re-evaluate with absolute thresholds; do not rank only relative to the same word other categories.
P1,ciabatta,0.287,,bread_types,BREAD TYPES,Kinds of bread and baked goods made from dough,hard_only,0.97,0.8,hard_only despite high internal obviousness,Ciabatta is a kind of bread or baked dough,Re-evaluate with absolute thresholds; do not rank only relative to the same word other categories.
P1,matchbook,0.287,,collecting_hobbies,COLLECTIBLES,Things people collect as a hobby,hard_only,0.97,0.8,hard_only despite high internal obviousness,Matchbook is collected as a hobby,Re-evaluate with absolute thresholds; do not rank only relative to the same word other categories.
P1,braise,0.287,,cooking_methods,COOKING METHODS,Methods used to cook food,hard_only,0.97,0.8,hard_only despite high internal obviousness,Braise is a method used to cook food,Re-evaluate with absolute thresholds; do not rank only relative to the same word other categories.
P1,macrame,0.286,,crafts,CRAFTS,Handmade crafts people do as a hobby,hard_only,0.97,0.8,hard_only despite high internal obviousness,Macrame is a handmade craft hobby,Re-evaluate with absolute thresholds; do not rank only relative to the same word other categories.
P1,soundbar,0.286,,sound_devices,SOUND DEVICES,Devices that record or play sound,hard_only,0.97,0.8,hard_only despite high internal obviousness,Soundbar records or plays sound,Re-evaluate with absolute thresholds; do not rank only relative to the same word other categories.
P1,sifter,0.284,,cooking_hobby,HOME BAKING,Things a home baker uses,hard_only,0.97,0.8,hard_only despite high internal obviousness,Sifter is used by a home baker,Re-evaluate with absolute thresholds; do not rank only relative to the same word other categories.
P1,caracal,0.284,,wild_cats,WILD CATS,Wild members of the cat family,hard_only,0.97,0.8,hard_only despite high internal obviousness,Caracal is a wild cat,Re-evaluate with absolute thresholds; do not rank only relative to the same word other categories.
P1,breakdance,0.283,,dance_styles,DANCE STYLES,Styles of dance,hard_only,0.97,0.8,hard_only despite high internal obviousness,Breakdance is a style of dance,Re-evaluate with absolute thresholds; do not rank only relative to the same word other categories.
P1,baked ziti,0.283,,pasta_dishes,PASTA DISHES,Named pasta dishes,hard_only,0.97,0.8,hard_only despite high internal obviousness,Baked ziti is a named pasta dish,Re-evaluate with absolute thresholds; do not rank only relative to the same word other categories.
P1,whinny,0.281,,animal_sounds,ANIMAL SOUNDS,English words for the sound an animal makes,hard_only,0.97,0.8,hard_only despite high internal obviousness,Whinny is the English word for a sound an animal makes,Re-evaluate with absolute thresholds; do not rank only relative to the same word other categories.
P1,manicurist,0.281,,beauty_jobs,BEAUTY JOBS,"Jobs held by people who work on hair, nails and appearance",hard_only,0.97,0.8,hard_only despite high internal obviousness,"Manicurist is a job working on hair, nails or appearance",Re-evaluate with absolute thresholds; do not rank only relative to the same word other categories.
P1,caprese,0.28,,salads,SALADS,Named kinds of salad,hard_only,0.97,0.8,hard_only despite high internal obviousness,Caprese is a named kind of salad,Re-evaluate with absolute thresholds; do not rank only relative to the same word other categories.
P1,hayloft,0.279,,farm_buildings,FARM BUILDINGS,Buildings and structures on a farm,hard_only,0.97,0.8,hard_only despite high internal obviousness,Hayloft is a building or structure on a farm,Re-evaluate with absolute thresholds; do not rank only relative to the same word other categories.
P1,esthetician,0.277,,beauty_jobs,BEAUTY JOBS,"Jobs held by people who work on hair, nails and appearance",hard_only,0.97,0.8,hard_only despite high internal obviousness,"Esthetician is a job working on hair, nails or appearance",Re-evaluate with absolute thresholds; do not rank only relative to the same word other categories.
P1,bifocals,0.277,,eyewear,EYEWEAR,Things worn over the eyes,hard_only,0.97,0.8,hard_only despite high internal obviousness,Bifocals is worn over the eyes,Re-evaluate with absolute thresholds; do not rank only relative to the same word other categories.
P1,crouton,0.277,,salad_ingredients,SALAD INGREDIENTS,Ingredients tossed into an ordinary green salad,hard_only,0.97,0.8,hard_only despite high internal obviousness,Crouton goes into an ordinary green salad,Re-evaluate with absolute thresholds; do not rank only relative to the same word other categories.
P1,gyoza,0.274,,japanese_dishes,JAPANESE DISHES,Dishes from Japanese cuisine,hard_only,0.97,0.8,hard_only despite high internal obviousness,Gyoza is a dish from Japanese cuisine,Re-evaluate with absolute thresholds; do not rank only relative to the same word other categories.
P1,horchata,0.273,,mexican_dishes,MEXICAN DISHES,Dishes from Mexican cuisine widely eaten in the United States,hard_only,0.97,0.8,hard_only despite high internal obviousness,Horchata is a dish from Mexican cuisine,Re-evaluate with absolute thresholds; do not rank only relative to the same word other categories.
P1,empanada,0.271,,mexican_dishes,MEXICAN DISHES,Dishes from Mexican cuisine widely eaten in the United States,hard_only,0.97,0.8,hard_only despite high internal obviousness,Empanada is a dish from Mexican cuisine,Re-evaluate with absolute thresholds; do not rank only relative to the same word other categories.
P1,whelk,0.271,,shellfish,SHELLFISH,Sea animals with a shell that people eat,hard_only,0.97,0.8,hard_only despite high internal obviousness,Whelk is a shellfish people eat,Re-evaluate with absolute thresholds; do not rank only relative to the same word other categories.
P1,cosmetologist,0.27,,beauty_jobs,BEAUTY JOBS,"Jobs held by people who work on hair, nails and appearance",hard_only,0.97,0.8,hard_only despite high internal obviousness,"Cosmetologist is a job working on hair, nails or appearance",Re-evaluate with absolute thresholds; do not rank only relative to the same word other categories.
P1,pumpernickel,0.27,,bread_types,BREAD TYPES,Kinds of bread and baked goods made from dough,hard_only,0.97,0.8,hard_only despite high internal obviousness,Pumpernickel is a kind of bread or baked dough,Re-evaluate with absolute thresholds; do not rank only relative to the same word other categories.
P1,minestrone,0.27,,italian_dishes,ITALIAN DISHES,Dishes from Italian cuisine widely eaten in the United States,hard_only,0.97,0.8,hard_only despite high internal obviousness,Minestrone is a dish from Italian cuisine,Re-evaluate with absolute thresholds; do not rank only relative to the same word other categories.
P1,upholsterer,0.27,,repair_jobs,REPAIR JOBS,Jobs held by people who fix broken things,hard_only,0.97,0.8,hard_only despite high internal obviousness,Upholsterer is a job fixing broken things,Re-evaluate with absolute thresholds; do not rank only relative to the same word other categories.
P1,rooibos,0.27,,teas,TEAS,Kinds of tea,hard_only,0.97,0.8,hard_only despite high internal obviousness,Rooibos is a kind of tea,Re-evaluate with absolute thresholds; do not rank only relative to the same word other categories.
P1,euchre,0.266,,card_games,CARD GAMES,Games played with a deck of cards,hard_only,0.97,0.8,hard_only despite high internal obviousness,Euchre is a card game,Re-evaluate with absolute thresholds; do not rank only relative to the same word other categories.
P1,kumquat,0.266,,citrus_fruits,CITRUS FRUITS,Fruits of the citrus family with a thick peel and juicy segments,hard_only,0.97,0.8,hard_only despite high internal obviousness,Kumquat is a citrus fruit,Re-evaluate with absolute thresholds; do not rank only relative to the same word other categories.
P1,bechamel,0.264,,sauces,SAUCES,Sauces used in cooking,hard_only,0.97,0.8,hard_only despite high internal obviousness,Bechamel is a sauce used in cooking,Re-evaluate with absolute thresholds; do not rank only relative to the same word other categories.
P1,sword swallower,0.263,,circus_words,CIRCUS WORDS,"People, animals and objects you see at a traditional circus",hard_only,0.97,0.8,hard_only despite high internal obviousness,Sword swallower is something you see at a traditional circus,Re-evaluate with absolute thresholds; do not rank only relative to the same word other categories.
P1,canasta,0.261,,card_games,CARD GAMES,Games played with a deck of cards,hard_only,0.97,0.8,hard_only despite high internal obviousness,Canasta is a card game,Re-evaluate with absolute thresholds; do not rank only relative to the same word other categories.
P1,seeder,0.26,,farm_machines,FARM MACHINES,Machines used on a modern farm,hard_only,0.97,0.8,hard_only despite high internal obviousness,Seeder is a machine used on a farm,Re-evaluate with absolute thresholds; do not rank only relative to the same word other categories.
P1,antipasto,0.259,,italian_dishes,ITALIAN DISHES,Dishes from Italian cuisine widely eaten in the United States,hard_only,0.97,0.8,hard_only despite high internal obviousness,Antipasto is a dish from Italian cuisine,Re-evaluate with absolute thresholds; do not rank only relative to the same word other categories.
P1,outbox,0.257,,email_words,EMAIL WORDS,Parts and actions of an email message,hard_only,0.97,0.8,hard_only despite high internal obviousness,Outbox is part of an email message,Re-evaluate with absolute thresholds; do not rank only relative to the same word other categories.
P1,yakitori,0.257,,japanese_dishes,JAPANESE DISHES,Dishes from Japanese cuisine,hard_only,0.97,0.8,hard_only despite high internal obviousness,Yakitori is a dish from Japanese cuisine,Re-evaluate with absolute thresholds; do not rank only relative to the same word other categories.
P1,pomelo,0.256,,citrus_fruits,CITRUS FRUITS,Fruits of the citrus family with a thick peel and juicy segments,hard_only,0.97,0.8,hard_only despite high internal obviousness,Pomelo is a citrus fruit,Re-evaluate with absolute thresholds; do not rank only relative to the same word other categories.
P1,chimichurri,0.254,,sauces,SAUCES,Sauces used in cooking,hard_only,0.97,0.8,hard_only despite high internal obviousness,Chimichurri is a sauce used in cooking,Re-evaluate with absolute thresholds; do not rank only relative to the same word other categories.
P1,tostada,0.253,,mexican_dishes,MEXICAN DISHES,Dishes from Mexican cuisine widely eaten in the United States,hard_only,0.97,0.8,hard_only despite high internal obviousness,Tostada is a dish from Mexican cuisine,Re-evaluate with absolute thresholds; do not rank only relative to the same word other categories.
P1,parmigiana,0.251,,italian_dishes,ITALIAN DISHES,Dishes from Italian cuisine widely eaten in the United States,hard_only,0.97,0.8,hard_only despite high internal obviousness,Parmigiana is a dish from Italian cuisine,Re-evaluate with absolute thresholds; do not rank only relative to the same word other categories.
P1,hosta,0.249,,garden_plants,GARDEN PLANTS,Plants people grow in a home garden,hard_only,0.97,0.8,hard_only despite high internal obviousness,Hosta is grown in a home garden,Re-evaluate with absolute thresholds; do not rank only relative to the same word other categories.
P1,spellbook,0.249,,magic_objects,MAGIC OBJECTS,Objects with magical powers in stories,hard_only,0.97,0.8,hard_only despite high internal obviousness,Spellbook is a magical object in stories,Re-evaluate with absolute thresholds; do not rank only relative to the same word other categories.
P1,tamarin,0.249,,monkeys_and_apes,MONKEYS AND APES,Kinds of monkey and ape,hard_only,0.97,0.8,hard_only despite high internal obviousness,Tamarin is a monkey or ape,Re-evaluate with absolute thresholds; do not rank only relative to the same word other categories.
P1,croquette,0.249,,potato_dishes,POTATO DISHES,Ways potatoes are cooked and served,hard_only,0.97,0.8,hard_only despite high internal obviousness,Croquette is a way potatoes are served,Re-evaluate with absolute thresholds; do not rank only relative to the same word other categories.
P1,cummerbund,0.246,,formal_wear,FORMAL WEAR,Clothing worn to a formal occasion,hard_only,0.97,0.8,hard_only despite high internal obviousness,Cummerbund is worn to a formal occasion,Re-evaluate with absolute thresholds; do not rank only relative to the same word other categories.
P1,snickerdoodle,0.243,,cookie_types,COOKIE TYPES,Kinds of cookie baked at home or sold in stores,hard_only,0.97,0.8,hard_only despite high internal obviousness,Snickerdoodle is a kind of cookie,Re-evaluate with absolute thresholds; do not rank only relative to the same word other categories.
P1,mandrill,0.243,,monkeys_and_apes,MONKEYS AND APES,Kinds of monkey and ape,hard_only,0.97,0.8,hard_only despite high internal obviousness,Mandrill is a monkey or ape,Re-evaluate with absolute thresholds; do not rank only relative to the same word other categories.
P1,hairband,0.241,,fashion_accessories,FASHION ACCESSORIES,Items added to complete a look,hard_only,0.97,0.8,hard_only despite high internal obviousness,Hairband is added to complete a look,Re-evaluate with absolute thresholds; do not rank only relative to the same word other categories.
P1,cryptogram,0.24,,puzzle_types,PUZZLES,Kinds of puzzle people solve for fun,hard_only,0.97,0.8,hard_only despite high internal obviousness,Cryptogram is a kind of puzzle,Re-evaluate with absolute thresholds; do not rank only relative to the same word other categories.
P1,pinochle,0.239,,card_games,CARD GAMES,Games played with a deck of cards,hard_only,0.97,0.8,hard_only despite high internal obviousness,Pinochle is a card game,Re-evaluate with absolute thresholds; do not rank only relative to the same word other categories.
P1,busser,0.236,,kitchen_jobs,KITCHEN JOBS,Jobs held by people who work in a restaurant kitchen or food service,hard_only,0.97,0.8,hard_only despite high internal obviousness,Busser is a job in a restaurant kitchen or food service,Re-evaluate with absolute thresholds; do not rank only relative to the same word other categories.
P1,maraca,0.236,,music_class_things,MUSIC CLASS,Things used in a school music class,hard_only,0.97,0.8,hard_only despite high internal obviousness,Maraca is used in a school music class,Re-evaluate with absolute thresholds; do not rank only relative to the same word other categories.
P1,noisemaker,0.236,,new_year_things,NEW YEAR,Things associated with New Year celebrations,hard_only,0.97,0.8,hard_only despite high internal obviousness,Noisemaker is associated with New Year,Re-evaluate with absolute thresholds; do not rank only relative to the same word other categories.
P1,pozole,0.231,,mexican_dishes,MEXICAN DISHES,Dishes from Mexican cuisine widely eaten in the United States,hard_only,0.97,0.8,hard_only despite high internal obviousness,Pozole is a dish from Mexican cuisine,Re-evaluate with absolute thresholds; do not rank only relative to the same word other categories.
P1,pruner,0.23,,gardening_hobby,GARDEN HOBBY,Things a hobby gardener uses,hard_only,0.97,0.8,hard_only despite high internal obviousness,Pruner is used by a hobby gardener,Re-evaluate with absolute thresholds; do not rank only relative to the same word other categories.
P1,rubiks cube,0.23,,puzzle_types,PUZZLES,Kinds of puzzle people solve for fun,hard_only,0.97,0.8,hard_only despite high internal obviousness,Rubiks cube is a kind of puzzle,Re-evaluate with absolute thresholds; do not rank only relative to the same word other categories.
P1,puttanesca,0.227,,pasta_dishes,PASTA DISHES,Named pasta dishes,hard_only,0.97,0.8,hard_only despite high internal obviousness,Puttanesca is a named pasta dish,Re-evaluate with absolute thresholds; do not rank only relative to the same word other categories.
P1,laminator,0.22,,office_machines,OFFICE MACHINES,Machines used in an office,hard_only,0.97,0.8,hard_only despite high internal obviousness,Laminator is a machine used in an office,Re-evaluate with absolute thresholds; do not rank only relative to the same word other categories.
P1,glowstick,0.219,,light_sources,LIGHT SOURCES,Things that give off light,hard_only,0.97,0.8,hard_only despite high internal obviousness,Glowstick gives off light,Re-evaluate with absolute thresholds; do not rank only relative to the same word other categories.
P1,brainteaser,0.219,,puzzle_types,PUZZLES,Kinds of puzzle people solve for fun,hard_only,0.97,0.8,hard_only despite high internal obviousness,Brainteaser is a kind of puzzle,Re-evaluate with absolute thresholds; do not rank only relative to the same word other categories.
P1,arepa,0.219,,street_food,STREET FOOD,Foods sold from street carts and stands,hard_only,0.97,0.8,hard_only despite high internal obviousness,Arepa is sold from a street cart,Re-evaluate with absolute thresholds; do not rank only relative to the same word other categories.
P1,tangram,0.217,,puzzle_types,PUZZLES,Kinds of puzzle people solve for fun,hard_only,0.97,0.8,hard_only despite high internal obviousness,Tangram is a kind of puzzle,Re-evaluate with absolute thresholds; do not rank only relative to the same word other categories.
P1,proofer,0.207,,baker_words,BAKERY WORDS,Things found in a bakery,hard_only,0.97,0.8,hard_only despite high internal obviousness,Proofer is found in a bakery,Re-evaluate with absolute thresholds; do not rank only relative to the same word other categories.
P1,latke,0.206,,potato_dishes,POTATO DISHES,Ways potatoes are cooked and served,hard_only,0.97,0.8,hard_only despite high internal obviousness,Latke is a way potatoes are served,Re-evaluate with absolute thresholds; do not rank only relative to the same word other categories.
P1,elote,0.2,,mexican_dishes,MEXICAN DISHES,Dishes from Mexican cuisine widely eaten in the United States,hard_only,0.97,0.8,hard_only despite high internal obviousness,Elote is a dish from Mexican cuisine,Re-evaluate with absolute thresholds; do not rank only relative to the same word other categories.
P1,elote,0.2,,street_food,STREET FOOD,Foods sold from street carts and stands,hard_only,0.97,0.8,hard_only despite high internal obviousness,Elote is sold from a street cart,Re-evaluate with absolute thresholds; do not rank only relative to the same word other categories.
P2,can,0.923,,things_made_of_metal,METAL THINGS,Everyday things normally made of metal,hard_only,0.97,0.78,hard_only despite high familiarity,Can is normally made of metal,Re-evaluate with absolute thresholds; do not rank only relative to the same word other categories.
P2,door,0.726,,things_made_of_wood,WOODEN THINGS,Everyday things normally made of wood,hard_only,0.97,0.78,hard_only despite high familiarity,Door is normally made of wood,Re-evaluate with absolute thresholds; do not rank only relative to the same word other categories.
P2,screen,0.693,screen_display,things_made_of_glass,GLASS THINGS,Everyday things normally made of glass,hard_only,0.97,0.78,hard_only despite high familiarity,Screen is normally made of glass,Re-evaluate with absolute thresholds; do not rank only relative to the same word other categories.
P2,clock,0.633,,things_that_plug_in,PLUGGED IN,Household devices powered by plugging into an outlet,hard_only,0.97,0.78,hard_only despite high familiarity,Clock is powered by plugging into an outlet,Re-evaluate with absolute thresholds; do not rank only relative to the same word other categories.
P2,card,0.72,card_plastic,things_made_of_plastic,PLASTIC THINGS,Everyday things normally made of plastic,hard_only,0.97,0.75,hard_only despite high familiarity,Card is normally made of plastic,Re-evaluate with absolute thresholds; do not rank only relative to the same word other categories.
P2,mine,0.72,,underground_places,UNDERGROUND PLACES,Places that are below ground level,hard_only,0.97,0.75,hard_only despite high familiarity,Mine is below ground level,Re-evaluate with absolute thresholds; do not rank only relative to the same word other categories.
P2,chair,0.67,,things_made_of_plastic,PLASTIC THINGS,Everyday things normally made of plastic,hard_only,0.97,0.75,hard_only despite high familiarity,Chair is normally made of plastic,Re-evaluate with absolute thresholds; do not rank only relative to the same word other categories.
P2,battery,0.646,,recycled_materials,RECYCLABLE MATERIALS,Materials that can be recycled,hard_only,0.97,0.75,hard_only despite high familiarity,Battery can be recycled,Re-evaluate with absolute thresholds; do not rank only relative to the same word other categories.
P2,wings,0.634,,things_that_come_in_pairs,PAIRED THINGS,Things that normally come in twos,hard_only,0.97,0.75,hard_only despite high familiarity,Wings normally comes in a pair,Re-evaluate with absolute thresholds; do not rank only relative to the same word other categories.
P2,rubber,0.604,,recycled_materials,RECYCLABLE MATERIALS,Materials that can be recycled,hard_only,0.97,0.75,hard_only despite high familiarity,Rubber can be recycled,Re-evaluate with absolute thresholds; do not rank only relative to the same word other categories.
P2,security guard,0.657,,jobs_that_wear_uniforms,UNIFORMED JOBS,Jobs where a uniform is normally worn to work,hard_only,0.97,0.72,hard_only despite high familiarity,Security guard normally wears a uniform to work,Re-evaluate with absolute thresholds; do not rank only relative to the same word other categories.
P2,bus driver,0.641,,jobs_that_wear_uniforms,UNIFORMED JOBS,Jobs where a uniform is normally worn to work,hard_only,0.97,0.72,hard_only despite high familiarity,Bus driver normally wears a uniform to work,Re-evaluate with absolute thresholds; do not rank only relative to the same word other categories.
P2,church bell,0.641,,things_that_ring,RINGING THINGS,Things that ring or chime,hard_only,0.97,0.72,hard_only despite high familiarity,Church bell rings or chimes,Re-evaluate with absolute thresholds; do not rank only relative to the same word other categories.
P2,cash register,0.631,,things_that_ring,RINGING THINGS,Things that ring or chime,hard_only,0.97,0.72,hard_only despite high familiarity,Cash register rings or chimes,Re-evaluate with absolute thresholds; do not rank only relative to the same word other categories.
P2,dinner bell,0.624,,things_that_ring,RINGING THINGS,Things that ring or chime,hard_only,0.97,0.72,hard_only despite high familiarity,Dinner bell rings or chimes,Re-evaluate with absolute thresholds; do not rank only relative to the same word other categories.
P2,nail,0.601,nail_body,things_that_grow_on_you,BODY GROWTHS,Things that grow naturally on the human body,hard_only,0.97,0.72,hard_only despite high familiarity,Nail grows naturally on the human body,Re-evaluate with absolute thresholds; do not rank only relative to the same word other categories.
P2,book,0.776,,things_that_open,OPENING THINGS,Everyday objects that open and close,hard_only,0.97,0.7,hard_only despite high familiarity,Book opens and closes,Re-evaluate with absolute thresholds; do not rank only relative to the same word other categories.
P2,child,0.757,,things_that_grow,GROWING THINGS,Living things that grow larger over time,hard_only,0.97,0.7,hard_only despite high familiarity,Child grows larger over time,Re-evaluate with absolute thresholds; do not rank only relative to the same word other categories.
P2,record,0.744,,things_that_spin,SPINNING THINGS,Everyday things that spin or rotate,hard_only,0.97,0.7,hard_only despite high familiarity,Record spins or rotates,Re-evaluate with absolute thresholds; do not rank only relative to the same word other categories.
P2,bank,0.737,,places_you_wait,WAITING PLACES,Places where people commonly stand in line,hard_only,0.97,0.7,hard_only despite high familiarity,Bank is a place where people wait in line,Re-evaluate with absolute thresholds; do not rank only relative to the same word other categories.
P2,key,0.731,,things_in_a_junk_drawer,JUNK DRAWER,Small odds and ends that pile up in a kitchen drawer,hard_only,0.97,0.7,hard_only despite high familiarity,Key piles up in a junk drawer,Re-evaluate with absolute thresholds; do not rank only relative to the same word other categories.
P2,key,0.731,,things_on_a_keychain,KEYCHAIN THINGS,Things hanging from a keychain,hard_only,0.97,0.7,hard_only despite high familiarity,Key hangs from a keychain,Re-evaluate with absolute thresholds; do not rank only relative to the same word other categories.
P2,post office,0.73,,places_you_wait,WAITING PLACES,Places where people commonly stand in line,hard_only,0.97,0.7,hard_only despite high familiarity,Post office is a place where people wait in line,Re-evaluate with absolute thresholds; do not rank only relative to the same word other categories.
P2,blood,0.729,,body_fluids,BODY FLUIDS,Fluids produced by the human body,hard_only,0.97,0.7,hard_only despite high familiarity,Blood is a fluid produced by the body,Re-evaluate with absolute thresholds; do not rank only relative to the same word other categories.
P2,oil,0.729,oil_cooking,things_that_float,FLOATING THINGS,Things that float on water,hard_only,0.97,0.7,hard_only despite high familiarity,Oil floats on water,Re-evaluate with absolute thresholds; do not rank only relative to the same word other categories.
P2,hair,0.726,,things_that_grow,GROWING THINGS,Living things that grow larger over time,hard_only,0.97,0.7,hard_only despite high familiarity,Hair grows larger over time,Re-evaluate with absolute thresholds; do not rank only relative to the same word other categories.
P2,mark,0.721,,short_names,SHORT NAMES,First names with only one syllable,hard_only,0.97,0.7,hard_only despite high familiarity,Mark is a one syllable first name,Re-evaluate with absolute thresholds; do not rank only relative to the same word other categories.
P2,Paul,0.719,,short_names,SHORT NAMES,First names with only one syllable,hard_only,0.97,0.7,hard_only despite high familiarity,Paul is a one syllable first name,Re-evaluate with absolute thresholds; do not rank only relative to the same word other categories.
P2,ice,0.714,,shiny_things,SHINY THINGS,Things that reflect light and look shiny,hard_only,0.97,0.7,hard_only despite high familiarity,Ice reflects light and looks shiny,Re-evaluate with absolute thresholds; do not rank only relative to the same word other categories.
P2,stop sign,0.707,,red_things,RED THINGS,Everyday things that are typically red in color,hard_only,0.97,0.7,hard_only despite high familiarity,Stop sign is typically red in color,Re-evaluate with absolute thresholds; do not rank only relative to the same word other categories.
P2,force field,0.704,,science_fiction_space,SCI FI,Words used in space science fiction,hard_only,0.97,0.7,hard_only despite high familiarity,Force field is used in space science fiction,Re-evaluate with absolute thresholds; do not rank only relative to the same word other categories.
P2,camera,0.696,,things_with_buttons,THINGS WITH BUTTONS,Everyday objects operated by pressing buttons,hard_only,0.97,0.7,hard_only despite high familiarity,Camera is operated by pressing buttons,Re-evaluate with absolute thresholds; do not rank only relative to the same word other categories.
P2,screen,0.693,screen_display,things_that_break,FRAGILE THINGS,Things that break easily when dropped,hard_only,0.97,0.7,hard_only despite high familiarity,Screen breaks easily when dropped,Re-evaluate with absolute thresholds; do not rank only relative to the same word other categories.
P2,wind,0.691,,fast_things,FAST THINGS,Things known for moving very fast,hard_only,0.97,0.7,hard_only despite high familiarity,Wind is known for moving very fast,Re-evaluate with absolute thresholds; do not rank only relative to the same word other categories.
P2,airport,0.691,,places_you_wait,WAITING PLACES,Places where people commonly stand in line,hard_only,0.97,0.7,hard_only despite high familiarity,Airport is a place where people wait in line,Re-evaluate with absolute thresholds; do not rank only relative to the same word other categories.
P2,rose,0.689,,short_names,SHORT NAMES,First names with only one syllable,hard_only,0.97,0.7,hard_only despite high familiarity,Rose is a one syllable first name,Re-evaluate with absolute thresholds; do not rank only relative to the same word other categories.
P2,window,0.686,,square_things,SQUARE THINGS,Everyday things shaped like a square,hard_only,0.97,0.7,hard_only despite high familiarity,Window is shaped like a square,Re-evaluate with absolute thresholds; do not rank only relative to the same word other categories.
P2,doctor office,0.683,,places_you_wait,WAITING PLACES,Places where people commonly stand in line,hard_only,0.97,0.7,hard_only despite high familiarity,Doctor office is a place where people wait in line,Re-evaluate with absolute thresholds; do not rank only relative to the same word other categories.
P2,map,0.68,,things_in_a_glove_box,GLOVE BOX,Things kept in a car glove compartment,hard_only,0.97,0.7,hard_only despite high familiarity,Map is kept in a car glove compartment,Re-evaluate with absolute thresholds; do not rank only relative to the same word other categories.
P2,horse,0.68,,things_that_carry_people,PEOPLE MOVERS,Things built to carry a person from one place to another,hard_only,0.97,0.7,hard_only despite high familiarity,Horse carries a person from place to place,Re-evaluate with absolute thresholds; do not rank only relative to the same word other categories.
P2,net,0.68,,things_with_holes,THINGS WITH HOLES,Everyday things that have holes in them,hard_only,0.97,0.7,hard_only despite high familiarity,Net has holes in it,Re-evaluate with absolute thresholds; do not rank only relative to the same word other categories.
P2,bus stop,0.679,,places_you_wait,WAITING PLACES,Places where people commonly stand in line,hard_only,0.97,0.7,hard_only despite high familiarity,Bus stop is a place where people wait in line,Re-evaluate with absolute thresholds; do not rank only relative to the same word other categories.
P2,ice pick,0.677,,things_that_cut,SHARP THINGS,Everyday things with a sharp edge or point,hard_only,0.97,0.7,hard_only despite high familiarity,Ice pick has a sharp edge or point,Re-evaluate with absolute thresholds; do not rank only relative to the same word other categories.
P2,study hall,0.674,,quiet_places,QUIET PLACES,Places where people are expected to stay quiet,hard_only,0.97,0.7,hard_only despite high familiarity,Study hall is a place where people stay quiet,Re-evaluate with absolute thresholds; do not rank only relative to the same word other categories.
P2,Scott,0.674,,short_names,SHORT NAMES,First names with only one syllable,hard_only,0.97,0.7,hard_only despite high familiarity,Scott is a one syllable first name,Re-evaluate with absolute thresholds; do not rank only relative to the same word other categories.
P2,museum,0.673,,quiet_places,QUIET PLACES,Places where people are expected to stay quiet,hard_only,0.97,0.7,hard_only despite high familiarity,Museum is a place where people stay quiet,Re-evaluate with absolute thresholds; do not rank only relative to the same word other categories.
P2,milk,0.666,,body_fluids,BODY FLUIDS,Fluids produced by the human body,hard_only,0.97,0.7,hard_only despite high familiarity,Milk is a fluid produced by the body,Re-evaluate with absolute thresholds; do not rank only relative to the same word other categories.
P2,matches,0.656,,things_in_a_junk_drawer,JUNK DRAWER,Small odds and ends that pile up in a kitchen drawer,hard_only,0.97,0.7,hard_only despite high familiarity,Matches piles up in a junk drawer,Re-evaluate with absolute thresholds; do not rank only relative to the same word other categories.
P2,fire truck,0.65,,red_things,RED THINGS,Everyday things that are typically red in color,hard_only,0.97,0.7,hard_only despite high familiarity,Fire truck is typically red in color,Re-evaluate with absolute thresholds; do not rank only relative to the same word other categories.
P2,battery,0.646,,things_in_a_junk_drawer,JUNK DRAWER,Small odds and ends that pile up in a kitchen drawer,hard_only,0.97,0.7,hard_only despite high familiarity,Battery piles up in a junk drawer,Re-evaluate with absolute thresholds; do not rank only relative to the same word other categories.
P2,golf course,0.644,,things_with_holes,THINGS WITH HOLES,Everyday things that have holes in them,hard_only,0.97,0.7,hard_only despite high familiarity,Golf course has holes in it,Re-evaluate with absolute thresholds; do not rank only relative to the same word other categories.
P2,cable car,0.641,,things_that_carry_people,PEOPLE MOVERS,Things built to carry a person from one place to another,hard_only,0.97,0.7,hard_only despite high familiarity,Cable car carries a person from place to place,Re-evaluate with absolute thresholds; do not rank only relative to the same word other categories.
P2,picture frame,0.639,,square_things,SQUARE THINGS,Everyday things shaped like a square,hard_only,0.97,0.7,hard_only despite high familiarity,Picture frame is shaped like a square,Re-evaluate with absolute thresholds; do not rank only relative to the same word other categories.
P2,egg,0.637,,things_that_break,FRAGILE THINGS,Things that break easily when dropped,hard_only,0.97,0.7,hard_only despite high familiarity,Egg breaks easily when dropped,Re-evaluate with absolute thresholds; do not rank only relative to the same word other categories.
P2,Luke,0.636,,short_names,SHORT NAMES,First names with only one syllable,hard_only,0.97,0.7,hard_only despite high familiarity,Luke is a one syllable first name,Re-evaluate with absolute thresholds; do not rank only relative to the same word other categories.
P2,sand,0.634,,soft_things,SOFT THINGS,Things that feel soft to the touch,hard_only,0.97,0.7,hard_only despite high familiarity,Sand feels soft to the touch,Re-evaluate with absolute thresholds; do not rank only relative to the same word other categories.
P2,tag,0.634,tag_label,things_on_a_keychain,KEYCHAIN THINGS,Things hanging from a keychain,hard_only,0.97,0.7,hard_only despite high familiarity,Tag hangs from a keychain,Re-evaluate with absolute thresholds; do not rank only relative to the same word other categories.
P2,clock,0.633,,round_things,ROUND THINGS,Everyday objects whose normal shape is round or circular,hard_only,0.97,0.7,hard_only despite high familiarity,Clock is normally round in shape,Re-evaluate with absolute thresholds; do not rank only relative to the same word other categories.
P2,cash register,0.631,,things_with_buttons,THINGS WITH BUTTONS,Everyday objects operated by pressing buttons,hard_only,0.97,0.7,hard_only despite high familiarity,Cash register is operated by pressing buttons,Re-evaluate with absolute thresholds; do not rank only relative to the same word other categories.
P2,belt,0.631,,things_with_holes,THINGS WITH HOLES,Everyday things that have holes in them,hard_only,0.97,0.7,hard_only despite high familiarity,Belt has holes in it,Re-evaluate with absolute thresholds; do not rank only relative to the same word other categories.
P2,hair tie,0.63,,things_you_tie,TIED THINGS,Things fastened by tying a knot or bow,hard_only,0.97,0.7,hard_only despite high familiarity,Hair tie is fastened by tying,Re-evaluate with absolute thresholds; do not rank only relative to the same word other categories.
P2,string,0.629,,things_in_a_junk_drawer,JUNK DRAWER,Small odds and ends that pile up in a kitchen drawer,hard_only,0.97,0.7,hard_only despite high familiarity,String piles up in a junk drawer,Re-evaluate with absolute thresholds; do not rank only relative to the same word other categories.
P2,crystal,0.629,,things_that_grow,GROWING THINGS,Living things that grow larger over time,hard_only,0.97,0.7,hard_only despite high familiarity,Crystal grows larger over time,Re-evaluate with absolute thresholds; do not rank only relative to the same word other categories.
P2,shell,0.627,,things_that_break,FRAGILE THINGS,Things that break easily when dropped,hard_only,0.97,0.7,hard_only despite high familiarity,Shell breaks easily when dropped,Re-evaluate with absolute thresholds; do not rank only relative to the same word other categories.
P2,shell,0.627,,things_that_open,OPENING THINGS,Everyday objects that open and close,hard_only,0.97,0.7,hard_only despite high familiarity,Shell opens and closes,Re-evaluate with absolute thresholds; do not rank only relative to the same word other categories.
P2,pen,0.626,pen_writing,things_in_a_glove_box,GLOVE BOX,Things kept in a car glove compartment,hard_only,0.97,0.7,hard_only despite high familiarity,Pen is kept in a car glove compartment,Re-evaluate with absolute thresholds; do not rank only relative to the same word other categories.
P2,hook,0.624,hook_fastener,things_that_cut,SHARP THINGS,Everyday things with a sharp edge or point,hard_only,0.97,0.7,hard_only despite high familiarity,Hook has a sharp edge or point,Re-evaluate with absolute thresholds; do not rank only relative to the same word other categories.
P2,honey,0.624,,yellow_things,YELLOW THINGS,Everyday things that are typically yellow in color,hard_only,0.97,0.7,hard_only despite high familiarity,Honey is typically yellow in color,Re-evaluate with absolute thresholds; do not rank only relative to the same word other categories.
P2,tear,0.621,,body_fluids,BODY FLUIDS,Fluids produced by the human body,hard_only,0.97,0.7,hard_only despite high familiarity,Tear is a fluid produced by the body,Re-evaluate with absolute thresholds; do not rank only relative to the same word other categories.
P2,theater,0.621,,places_you_wait,WAITING PLACES,Places where people commonly stand in line,hard_only,0.97,0.7,hard_only despite high familiarity,Theater is a place where people wait in line,Re-evaluate with absolute thresholds; do not rank only relative to the same word other categories.
P2,theater,0.621,,quiet_places,QUIET PLACES,Places where people are expected to stay quiet,hard_only,0.97,0.7,hard_only despite high familiarity,Theater is a place where people stay quiet,Re-evaluate with absolute thresholds; do not rank only relative to the same word other categories.
P2,Ann,0.621,,short_names,SHORT NAMES,First names with only one syllable,hard_only,0.97,0.7,hard_only despite high familiarity,Ann is a one syllable first name,Re-evaluate with absolute thresholds; do not rank only relative to the same word other categories.
P2,Bruce,0.62,,short_names,SHORT NAMES,First names with only one syllable,hard_only,0.97,0.7,hard_only despite high familiarity,Bruce is a one syllable first name,Re-evaluate with absolute thresholds; do not rank only relative to the same word other categories.
P2,Kate,0.62,,short_names,SHORT NAMES,First names with only one syllable,hard_only,0.97,0.7,hard_only despite high familiarity,Kate is a one syllable first name,Re-evaluate with absolute thresholds; do not rank only relative to the same word other categories.
P2,manual,0.617,,things_in_a_glove_box,GLOVE BOX,Things kept in a car glove compartment,hard_only,0.97,0.7,hard_only despite high familiarity,Manual is kept in a car glove compartment,Re-evaluate with absolute thresholds; do not rank only relative to the same word other categories.
P2,registration,0.617,,things_in_a_glove_box,GLOVE BOX,Things kept in a car glove compartment,hard_only,0.97,0.7,hard_only despite high familiarity,Registration is kept in a car glove compartment,Re-evaluate with absolute thresholds; do not rank only relative to the same word other categories.
P2,jet,0.613,,loud_things,LOUD THINGS,Things that make a loud noise,hard_only,0.97,0.7,hard_only despite high familiarity,Jet makes a loud noise,Re-evaluate with absolute thresholds; do not rank only relative to the same word other categories.
P2,piano key,0.607,,black_things,BLACK THINGS,Everyday things that are typically black in color,hard_only,0.97,0.7,hard_only despite high familiarity,Piano key is typically black in color,Re-evaluate with absolute thresholds; do not rank only relative to the same word other categories.
P2,loaded,0.607,,fullness_words,FULLNESS WORDS,Words describing how full something is,hard_only,0.97,0.7,hard_only despite high familiarity,Loaded describes how full something is,Re-evaluate with absolute thresholds; do not rank only relative to the same word other categories.
P2,apple butter,0.606,,things_you_spread,SPREADS,Foods that are spread with a knife onto bread or toast,hard_only,0.97,0.7,hard_only despite high familiarity,Apple butter is spread onto bread with a knife,Re-evaluate with absolute thresholds; do not rank only relative to the same word other categories.
P2,chef,0.604,,jobs_with_tools,JOBS WITH TOOLS,Jobs where hand tools are used every day,hard_only,0.97,0.7,hard_only despite high familiarity,Chef uses hand tools every day,Re-evaluate with absolute thresholds; do not rank only relative to the same word other categories.
P2,snake,0.604,,long_thin_things,THIN THINGS,Everyday things that are long and thin,hard_only,0.97,0.7,hard_only despite high familiarity,Snake is long and thin,Re-evaluate with absolute thresholds; do not rank only relative to the same word other categories.
P2,exam room,0.604,,quiet_places,QUIET PLACES,Places where people are expected to stay quiet,hard_only,0.97,0.7,hard_only despite high familiarity,Exam room is a place where people stay quiet,Re-evaluate with absolute thresholds; do not rank only relative to the same word other categories.
P2,laptop,0.604,,things_that_open,OPENING THINGS,Everyday objects that open and close,hard_only,0.97,0.7,hard_only despite high familiarity,Laptop opens and closes,Re-evaluate with absolute thresholds; do not rank only relative to the same word other categories.
P2,nail,0.601,nail_body,things_that_grow,GROWING THINGS,Living things that grow larger over time,hard_only,0.97,0.7,hard_only despite high familiarity,Nail grows larger over time,Re-evaluate with absolute thresholds; do not rank only relative to the same word other categories.
P2,mini tool,0.6,,things_on_a_keychain,KEYCHAIN THINGS,Things hanging from a keychain,hard_only,0.97,0.7,hard_only despite high familiarity,Mini tool hangs from a keychain,Re-evaluate with absolute thresholds; do not rank only relative to the same word other categories.
P2,high five,0.753,,body_language,BODY LANGUAGE,Gestures people make with the body to communicate,hard_only,0.97,0.68,hard_only despite high familiarity,High five is a gesture that communicates something,Re-evaluate with absolute thresholds; do not rank only relative to the same word other categories.
P2,issue,0.747,,comic_words,COMIC BOOKS,Words used about comic books,hard_only,0.97,0.68,hard_only despite high familiarity,Issue is used when talking about comic books,Re-evaluate with absolute thresholds; do not rank only relative to the same word other categories.
P2,press,0.737,press_machine,vineyard_words,VINEYARD WORDS,Things found in a vineyard,hard_only,0.97,0.68,hard_only despite high familiarity,Press is found in a vineyard,Re-evaluate with absolute thresholds; do not rank only relative to the same word other categories.
P2,oil,0.729,oil_crude,ocean_products,SEA HARVEST,Useful things people harvest from the sea,hard_only,0.97,0.68,hard_only despite high familiarity,Oil is harvested from the sea,Re-evaluate with absolute thresholds; do not rank only relative to the same word other categories.
P2,hair,0.726,,light_things,LIGHT THINGS,Things that weigh almost nothing,hard_only,0.97,0.68,hard_only despite high familiarity,Hair weighs almost nothing,Re-evaluate with absolute thresholds; do not rank only relative to the same word other categories.
P2,safe,0.724,,heavy_things,HEAVY THINGS,Things that are hard to lift because of their weight,hard_only,0.97,0.68,hard_only despite high familiarity,Safe is hard to lift because of its weight,Re-evaluate with absolute thresholds; do not rank only relative to the same word other categories.
P2,goal,0.723,,therapy_words,THERAPY WORDS,Words used in physical and mental therapy,hard_only,0.97,0.68,hard_only despite high familiarity,Goal is used in therapy,Re-evaluate with absolute thresholds; do not rank only relative to the same word other categories.
P2,base,0.721,,model_building,MODEL KITS,Things used to build scale models,hard_only,0.97,0.68,hard_only despite high familiarity,Base is used to build scale models,Re-evaluate with absolute thresholds; do not rank only relative to the same word other categories.
P2,box,0.72,,magic_tricks,MAGIC PROPS,Props used in performing magic tricks,hard_only,0.97,0.68,hard_only despite high familiarity,Box is a prop used in magic tricks,Re-evaluate with absolute thresholds; do not rank only relative to the same word other categories.
P2,card,0.72,card_playing,magic_tricks,MAGIC PROPS,Props used in performing magic tricks,hard_only,0.97,0.68,hard_only despite high familiarity,Card is a prop used in magic tricks,Re-evaluate with absolute thresholds; do not rank only relative to the same word other categories.
P2,note,0.72,note_scent,perfume_words,FRAGRANCE WORDS,Words used to describe perfumes and scents,hard_only,0.97,0.68,hard_only despite high familiarity,Note is used to describe a scent,Re-evaluate with absolute thresholds; do not rank only relative to the same word other categories.
P2,cross,0.714,,superstitions,SUPERSTITION THINGS,Objects tied to common superstitions,hard_only,0.97,0.68,hard_only despite high familiarity,Cross is tied to a common superstition,Re-evaluate with absolute thresholds; do not rank only relative to the same word other categories.
P2,old growth,0.707,,forest_types,KINDS OF FOREST,Kinds of forest and woodland,hard_only,0.97,0.68,hard_only despite high familiarity,Old growth is a kind of forest,Re-evaluate with absolute thresholds; do not rank only relative to the same word other categories.
P2,dream,0.701,,fortune_telling,FORTUNE TELLING,Things used to tell fortunes,hard_only,0.97,0.68,hard_only despite high familiarity,Dream is used to tell fortunes,Re-evaluate with absolute thresholds; do not rank only relative to the same word other categories.
P2,scale,0.69,,model_building,MODEL KITS,Things used to build scale models,hard_only,0.97,0.68,hard_only despite high familiarity,Scale is used to build scale models,Re-evaluate with absolute thresholds; do not rank only relative to the same word other categories.
P2,artist,0.686,,comic_words,COMIC BOOKS,Words used about comic books,hard_only,0.97,0.68,hard_only despite high familiarity,Artist is used when talking about comic books,Re-evaluate with absolute thresholds; do not rank only relative to the same word other categories.
P2,sign language,0.684,,signals_and_codes,SIGNALS AND CODES,Systems used to send coded messages,hard_only,0.97,0.68,hard_only despite high familiarity,Sign language is a system for sending coded messages,Re-evaluate with absolute thresholds; do not rank only relative to the same word other categories.
P2,cross arms,0.657,,body_language,BODY LANGUAGE,Gestures people make with the body to communicate,hard_only,0.97,0.68,hard_only despite high familiarity,Cross arms is a gesture that communicates something,Re-evaluate with absolute thresholds; do not rank only relative to the same word other categories.
P2,salt,0.657,,superstitions,SUPERSTITION THINGS,Objects tied to common superstitions,hard_only,0.97,0.68,hard_only despite high familiarity,Salt is tied to a common superstition,Re-evaluate with absolute thresholds; do not rank only relative to the same word other categories.
P2,origin,0.65,,comic_words,COMIC BOOKS,Words used about comic books,hard_only,0.97,0.68,hard_only despite high familiarity,Origin is used when talking about comic books,Re-evaluate with absolute thresholds; do not rank only relative to the same word other categories.
P2,panel,0.65,,comic_words,COMIC BOOKS,Words used about comic books,hard_only,0.97,0.68,hard_only despite high familiarity,Panel is used when talking about comic books,Re-evaluate with absolute thresholds; do not rank only relative to the same word other categories.
P2,paint,0.646,,model_building,MODEL KITS,Things used to build scale models,hard_only,0.97,0.68,hard_only despite high familiarity,Paint is used to build scale models,Re-evaluate with absolute thresholds; do not rank only relative to the same word other categories.
P2,nose,0.644,,skateboarding,SKATEBOARDING WORDS,Words used in skateboarding,hard_only,0.97,0.68,hard_only despite high familiarity,Nose is used in skateboarding,Re-evaluate with absolute thresholds; do not rank only relative to the same word other categories.
P2,rough,0.641,,sea_weather,SEA CONDITIONS,Words describing conditions at sea,hard_only,0.97,0.68,hard_only despite high familiarity,Rough describes a condition at sea,Re-evaluate with absolute thresholds; do not rank only relative to the same word other categories.
P2,mirror,0.639,,magic_tricks,MAGIC PROPS,Props used in performing magic tricks,hard_only,0.97,0.68,hard_only despite high familiarity,Mirror is a prop used in magic tricks,Re-evaluate with absolute thresholds; do not rank only relative to the same word other categories.
P2,mirror,0.639,,superstitions,SUPERSTITION THINGS,Objects tied to common superstitions,hard_only,0.97,0.68,hard_only despite high familiarity,Mirror is tied to a common superstition,Re-evaluate with absolute thresholds; do not rank only relative to the same word other categories.
P2,mount,0.639,,telescope_words,TELESCOPE WORDS,Parts and words used with a telescope,hard_only,0.97,0.68,hard_only despite high familiarity,Mount is used with a telescope,Re-evaluate with absolute thresholds; do not rank only relative to the same word other categories.
P2,tea leaves,0.637,,fortune_telling,FORTUNE TELLING,Things used to tell fortunes,hard_only,0.97,0.68,hard_only despite high familiarity,Tea leaves is used to tell fortunes,Re-evaluate with absolute thresholds; do not rank only relative to the same word other categories.
P2,thread,0.634,,light_things,LIGHT THINGS,Things that weigh almost nothing,hard_only,0.97,0.68,hard_only despite high familiarity,Thread weighs almost nothing,Re-evaluate with absolute thresholds; do not rank only relative to the same word other categories.
P2,dust,0.63,,light_things,LIGHT THINGS,Things that weigh almost nothing,hard_only,0.97,0.68,hard_only despite high familiarity,Dust weighs almost nothing,Re-evaluate with absolute thresholds; do not rank only relative to the same word other categories.
P2,knife,0.63,,model_building,MODEL KITS,Things used to build scale models,hard_only,0.97,0.68,hard_only despite high familiarity,Knife is used to build scale models,Re-evaluate with absolute thresholds; do not rank only relative to the same word other categories.
P2,remote,0.63,remote_device,robot_words,ROBOT WORDS,Words used when talking about robots,hard_only,0.97,0.68,hard_only despite high familiarity,Remote is used when talking about robots,Re-evaluate with absolute thresholds; do not rank only relative to the same word other categories.
P2,deck,0.63,,skateboarding,SKATEBOARDING WORDS,Words used in skateboarding,hard_only,0.97,0.68,hard_only despite high familiarity,Deck is used in skateboarding,Re-evaluate with absolute thresholds; do not rank only relative to the same word other categories.
P2,sea monster,0.627,,sea_myths,SEA LEGENDS,Creatures and stories from sea legend,hard_only,0.97,0.68,hard_only despite high familiarity,Sea monster comes from sea legend,Re-evaluate with absolute thresholds; do not rank only relative to the same word other categories.
P2,instructions,0.624,,model_building,MODEL KITS,Things used to build scale models,hard_only,0.97,0.68,hard_only despite high familiarity,Instructions is used to build scale models,Re-evaluate with absolute thresholds; do not rank only relative to the same word other categories.
P2,strip,0.623,,comic_words,COMIC BOOKS,Words used about comic books,hard_only,0.97,0.68,hard_only despite high familiarity,Strip is used when talking about comic books,Re-evaluate with absolute thresholds; do not rank only relative to the same word other categories.
P2,smoke signal,0.62,,signals_and_codes,SIGNALS AND CODES,Systems used to send coded messages,hard_only,0.97,0.68,hard_only despite high familiarity,Smoke signal is a system for sending coded messages,Re-evaluate with absolute thresholds; do not rank only relative to the same word other categories.
P2,morning glory,0.617,,vines,VINES AND CLIMBERS,Plants that climb or trail along a surface,hard_only,0.97,0.68,hard_only despite high familiarity,Morning glory is a plant that climbs or trails,Re-evaluate with absolute thresholds; do not rank only relative to the same word other categories.
P2,piano,0.616,,heavy_things,HEAVY THINGS,Things that are hard to lift because of their weight,hard_only,0.97,0.68,hard_only despite high familiarity,Piano is hard to lift because of its weight,Re-evaluate with absolute thresholds; do not rank only relative to the same word other categories.
P2,shake head,0.614,,body_language,BODY LANGUAGE,Gestures people make with the body to communicate,hard_only,0.97,0.68,hard_only despite high familiarity,Shake head is a gesture that communicates something,Re-evaluate with absolute thresholds; do not rank only relative to the same word other categories.
P2,ghost ship,0.614,,sea_myths,SEA LEGENDS,Creatures and stories from sea legend,hard_only,0.97,0.68,hard_only despite high familiarity,Ghost ship comes from sea legend,Re-evaluate with absolute thresholds; do not rank only relative to the same word other categories.
P2,flag signal,0.614,,signals_and_codes,SIGNALS AND CODES,Systems used to send coded messages,hard_only,0.97,0.68,hard_only despite high familiarity,Flag signal is a system for sending coded messages,Re-evaluate with absolute thresholds; do not rank only relative to the same word other categories.
P2,guaranteed,0.613,,certainty_words,CERTAINTY WORDS,Words describing how sure something is,hard_only,0.97,0.68,hard_only despite high familiarity,Guaranteed describes how sure something is,Re-evaluate with absolute thresholds; do not rank only relative to the same word other categories.
P2,filter,0.611,,telescope_words,TELESCOPE WORDS,Parts and words used with a telescope,hard_only,0.97,0.68,hard_only despite high familiarity,Filter is used with a telescope,Re-evaluate with absolute thresholds; do not rank only relative to the same word other categories.
P2,cloud forest,0.609,,forest_types,KINDS OF FOREST,Kinds of forest and woodland,hard_only,0.97,0.68,hard_only despite high familiarity,Cloud forest is a kind of forest,Re-evaluate with absolute thresholds; do not rank only relative to the same word other categories.
P2,palm,0.604,,fortune_telling,FORTUNE TELLING,Things used to tell fortunes,hard_only,0.97,0.68,hard_only despite high familiarity,Palm is used to tell fortunes,Re-evaluate with absolute thresholds; do not rank only relative to the same word other categories.
P2,sand dollar,0.601,,shells,SEASHELLS,Kinds of seashell found on a beach,hard_only,0.97,0.68,hard_only despite high familiarity,Sand dollar is a kind of seashell,Re-evaluate with absolute thresholds; do not rank only relative to the same word other categories.
P2,knock on wood,0.601,,superstitions,SUPERSTITION THINGS,Objects tied to common superstitions,hard_only,0.97,0.68,hard_only despite high familiarity,Knock on wood is tied to a common superstition,Re-evaluate with absolute thresholds; do not rank only relative to the same word other categories.
P2,time,0.899,,words_after_air,AIR ___,Words that form a familiar English compound when placed after the word air,hard_only,0.97,0.65,hard_only despite high familiarity,"time forms the familiar compound ""air time""",Re-evaluate with absolute thresholds; do not rank only relative to the same word other categories.
P2,over,0.869,,words_before_time,___ TIME,Words that form a familiar English phrase when placed before the word time,hard_only,0.97,0.65,hard_only despite high familiarity,"over forms the familiar phrase ""over time""",Re-evaluate with absolute thresholds; do not rank only relative to the same word other categories.
P2,way,0.859,,words_after_air,AIR ___,Words that form a familiar English compound when placed after the word air,hard_only,0.97,0.65,hard_only despite high familiarity,"way forms the familiar compound ""air way""",Re-evaluate with absolute thresholds; do not rank only relative to the same word other categories.
P2,day,0.85,,words_after_snow,SNOW ___,Words that form a familiar English compound when placed after the word snow,hard_only,0.97,0.65,hard_only despite high familiarity,"day forms the familiar compound ""snow day""",Re-evaluate with absolute thresholds; do not rank only relative to the same word other categories.
P2,love,0.831,,words_before_bird,___ BIRD,Words that form a familiar English compound when placed before the word bird,hard_only,0.97,0.65,hard_only despite high familiarity,"love forms the familiar compound ""lovebird""",Re-evaluate with absolute thresholds; do not rank only relative to the same word other categories.
P2,show,0.811,,words_after_air,AIR ___,Words that form a familiar English compound when placed after the word air,hard_only,0.97,0.65,hard_only despite high familiarity,"show forms the familiar compound ""air show""",Re-evaluate with absolute thresholds; do not rank only relative to the same word other categories.
P2,show,0.811,,words_before_room,___ ROOM,Words that form a familiar English phrase when placed before the word room,hard_only,0.97,0.65,hard_only despite high familiarity,"show forms the familiar phrase ""show room""",Re-evaluate with absolute thresholds; do not rank only relative to the same word other categories.
P2,big,0.81,,words_before_time,___ TIME,Words that form a familiar English phrase when placed before the word time,hard_only,0.97,0.65,hard_only despite high familiarity,"big forms the familiar phrase ""big time""",Re-evaluate with absolute thresholds; do not rank only relative to the same word other categories.
P2,hard,0.79,,words_before_ball,___ BALL,Words that form a familiar English compound when placed before the word ball,hard_only,0.97,0.65,hard_only despite high familiarity,"hard forms the familiar compound ""hardball""",Re-evaluate with absolute thresholds; do not rank only relative to the same word other categories.
P2,states,0.789,,words_before_man,___ MAN,Words that form a familiar English compound when placed before the word man,hard_only,0.97,0.65,hard_only despite high familiarity,"states forms the familiar compound ""statesman""",Re-evaluate with absolute thresholds; do not rank only relative to the same word other categories.
P2,white,0.787,white_color,parts_of_the_eye,EYE PARTS,Parts of the human eye,hard_only,0.97,0.65,hard_only despite high familiarity,White is a part of the human eye,Re-evaluate with absolute thresholds; do not rank only relative to the same word other categories.
P2,head,0.787,head_body,words_before_light,___ LIGHT,Words that form a familiar English compound when placed before the word light,hard_only,0.97,0.65,hard_only despite high familiarity,"head forms the familiar compound ""headlight""",Re-evaluate with absolute thresholds; do not rank only relative to the same word other categories.
P2,line,0.784,line_drawn,words_after_air,AIR ___,Words that form a familiar English compound when placed after the word air,hard_only,0.97,0.65,hard_only despite high familiarity,"line forms the familiar compound ""air line""",Re-evaluate with absolute thresholds; do not rank only relative to the same word other categories.
P2,black,0.78,,words_before_box,___ BOX,Words that form a familiar English compound when placed before the word box,hard_only,0.97,0.65,hard_only despite high familiarity,"black forms the familiar compound ""black box""",Re-evaluate with absolute thresholds; do not rank only relative to the same word other categories.
P2,war,0.78,,words_before_time,___ TIME,Words that form a familiar English phrase when placed before the word time,hard_only,0.97,0.65,hard_only despite high familiarity,"war forms the familiar phrase ""war time""",Re-evaluate with absolute thresholds; do not rank only relative to the same word other categories.
P2,post,0.776,post_pole,things_that_stick_out,HAMMERED THINGS,Things a hammer is normally used on,hard_only,0.97,0.65,hard_only despite high familiarity,Post is something you hammer,Re-evaluate with absolute thresholds; do not rank only relative to the same word other categories.
P2,book,0.776,,words_before_bag,___ BAG,Words that form a familiar English compound when placed before the word bag,hard_only,0.97,0.65,hard_only despite high familiarity,"book forms the familiar compound ""book bag""",Re-evaluate with absolute thresholds; do not rank only relative to the same word other categories.
P2,air,0.767,,words_before_bag,___ BAG,Words that form a familiar English compound when placed before the word bag,hard_only,0.97,0.65,hard_only despite high familiarity,"air forms the familiar compound ""air bag""",Re-evaluate with absolute thresholds; do not rank only relative to the same word other categories.
P2,low,0.761,,words_before_ball,___ BALL,Words that form a familiar English compound when placed before the word ball,hard_only,0.97,0.65,hard_only despite high familiarity,"low forms the familiar compound ""lowball""",Re-evaluate with absolute thresholds; do not rank only relative to the same word other categories.
P2,short,0.761,,words_before_cake,___ CAKE,Words that form a familiar English compound when placed before the word cake,hard_only,0.97,0.65,hard_only despite high familiarity,"short forms the familiar compound ""short cake""",Re-evaluate with absolute thresholds; do not rank only relative to the same word other categories.
P2,check,0.759,check_rain,words_after_rain,RAIN ___,Words that form a familiar English compound when placed after the word rain,hard_only,0.97,0.65,hard_only despite high familiarity,"check forms the familiar compound ""rain check""",Re-evaluate with absolute thresholds; do not rank only relative to the same word other categories.
P2,fire,0.757,,words_before_ball,___ BALL,Words that form a familiar English compound when placed before the word ball,hard_only,0.97,0.65,hard_only despite high familiarity,"fire forms the familiar compound ""fireball""",Re-evaluate with absolute thresholds; do not rank only relative to the same word other categories.
P2,field,0.749,,words_after_air,AIR ___,Words that form a familiar English compound when placed after the word air,hard_only,0.97,0.65,hard_only despite high familiarity,"field forms the familiar compound ""air field""",Re-evaluate with absolute thresholds; do not rank only relative to the same word other categories.
P2,mother,0.749,,words_before_ball,___ BALL,Words that form a familiar English compound when placed before the word ball,hard_only,0.97,0.65,hard_only despite high familiarity,"mother forms the familiar compound ""motherball""",Re-evaluate with absolute thresholds; do not rank only relative to the same word other categories.
P2,force,0.747,,words_after_air,AIR ___,Words that form a familiar English compound when placed after the word air,hard_only,0.97,0.65,hard_only despite high familiarity,"force forms the familiar compound ""air force""",Re-evaluate with absolute thresholds; do not rank only relative to the same word other categories.
P2,hold,0.741,,whaling_and_fishing,FISHING FLEET,Things used in commercial fishing,hard_only,0.97,0.65,hard_only despite high familiarity,Hold is used in commercial fishing,Re-evaluate with absolute thresholds; do not rank only relative to the same word other categories.
P2,bank,0.737,,words_after_snow,SNOW ___,Words that form a familiar English compound when placed after the word snow,hard_only,0.97,0.65,hard_only despite high familiarity,"bank forms the familiar compound ""snow bank""",Re-evaluate with absolute thresholds; do not rank only relative to the same word other categories.
P2,fall,0.733,,words_after_snow,SNOW ___,Words that form a familiar English compound when placed after the word snow,hard_only,0.97,0.65,hard_only despite high familiarity,"fall forms the familiar compound ""snow fall""",Re-evaluate with absolute thresholds; do not rank only relative to the same word other categories.
P2,match,0.733,,words_before_box,___ BOX,Words that form a familiar English compound when placed before the word box,hard_only,0.97,0.65,hard_only despite high familiarity,"match forms the familiar compound ""match box""",Re-evaluate with absolute thresholds; do not rank only relative to the same word other categories.
P2,door,0.726,,words_before_man,___ MAN,Words that form a familiar English compound when placed before the word man,hard_only,0.97,0.65,hard_only despite high familiarity,"door forms the familiar compound ""doorman""",Re-evaluate with absolute thresholds; do not rank only relative to the same word other categories.
P2,base,0.721,,chemistry_words,CHEMISTRY WORDS,Words used in chemistry class,hard_only,0.97,0.65,hard_only despite high familiarity,Base is a word used in chemistry,Re-evaluate with absolute thresholds; do not rank only relative to the same word other categories.
P2,store,0.717,,words_before_room,___ ROOM,Words that form a familiar English phrase when placed before the word room,hard_only,0.97,0.65,hard_only despite high familiarity,"store forms the familiar phrase ""store room""",Re-evaluate with absolute thresholds; do not rank only relative to the same word other categories.
P2,section,0.714,,instruments_in_an_orchestra,ORCHESTRA SECTIONS,Sections and roles in a symphony orchestra,hard_only,0.97,0.65,hard_only despite high familiarity,Section is a section or role in an orchestra,Re-evaluate with absolute thresholds; do not rank only relative to the same word other categories.
P2,ice,0.714,,words_before_bag,___ BAG,Words that form a familiar English compound when placed before the word bag,hard_only,0.97,0.65,hard_only despite high familiarity,"ice forms the familiar compound ""ice bag""",Re-evaluate with absolute thresholds; do not rank only relative to the same word other categories.
P2,lady,0.707,,words_before_bird,___ BIRD,Words that form a familiar English compound when placed before the word bird,hard_only,0.97,0.65,hard_only despite high familiarity,"lady forms the familiar compound ""ladybird""",Re-evaluate with absolute thresholds; do not rank only relative to the same word other categories.
P2,dance,0.704,,words_after_rain,RAIN ___,Words that form a familiar English compound when placed after the word rain,hard_only,0.97,0.65,hard_only despite high familiarity,"dance forms the familiar compound ""rain dance""",Re-evaluate with absolute thresholds; do not rank only relative to the same word other categories.
P2,fan,0.703,fan_person,crowd_words,AUDIENCE WORDS,Words for people watching an event,hard_only,0.97,0.65,hard_only despite high familiarity,Fan is a word for someone watching an event,Re-evaluate with absolute thresholds; do not rank only relative to the same word other categories.
P2,spring,0.703,,things_that_stretch,STRETCHY THINGS,Things that stretch when pulled,hard_only,0.97,0.65,hard_only despite high familiarity,Spring stretches when pulled,Re-evaluate with absolute thresholds; do not rank only relative to the same word other categories.
P2,cash,0.703,,words_before_box,___ BOX,Words that form a familiar English compound when placed before the word box,hard_only,0.97,0.65,hard_only despite high familiarity,"cash forms the familiar compound ""cash box""",Re-evaluate with absolute thresholds; do not rank only relative to the same word other categories.
P2,skin,0.701,,things_that_stretch,STRETCHY THINGS,Things that stretch when pulled,hard_only,0.97,0.65,hard_only despite high familiarity,Skin stretches when pulled,Re-evaluate with absolute thresholds; do not rank only relative to the same word other categories.
P2,man o war,0.7,,jellyfish_and_soft,SOFT CREATURES,Soft bodied sea creatures without bones,hard_only,0.97,0.65,hard_only despite high familiarity,Man o war is a soft bodied sea creature,Re-evaluate with absolute thresholds; do not rank only relative to the same word other categories.
P2,fish,0.7,,smelly_things,SMELLY THINGS,Things with a very strong smell,hard_only,0.97,0.65,hard_only despite high familiarity,Fish has a very strong smell,Re-evaluate with absolute thresholds; do not rank only relative to the same word other categories.
P2,fish,0.7,,words_after_sun,SUN ___,Words that form a familiar English compound when placed after the word sun,hard_only,0.97,0.65,hard_only despite high familiarity,"fish forms the familiar compound ""sun fish""",Re-evaluate with absolute thresholds; do not rank only relative to the same word other categories.
P2,block,0.697,block_shield,words_after_sun,SUN ___,Words that form a familiar English compound when placed after the word sun,hard_only,0.97,0.65,hard_only despite high familiarity,"block forms the familiar compound ""sun block""",Re-evaluate with absolute thresholds; do not rank only relative to the same word other categories.
P2,playing card,0.696,,things_that_have_a_face,FACED THINGS,Objects described as having a face,hard_only,0.97,0.65,hard_only despite high familiarity,Playing card is described as having a face,Re-evaluate with absolute thresholds; do not rank only relative to the same word other categories.
P2,police officer,0.693,,night_shift_jobs,NIGHT SHIFT,Jobs commonly worked overnight,hard_only,0.97,0.65,hard_only despite high familiarity,Police officer is commonly worked overnight,Re-evaluate with absolute thresholds; do not rank only relative to the same word other categories.
P2,paper cut,0.693,,things_that_hurt,PAINFUL THINGS,Everyday things that cause physical pain,hard_only,0.97,0.65,hard_only despite high familiarity,Paper cut causes physical pain,Re-evaluate with absolute thresholds; do not rank only relative to the same word other categories.
P2,mobile,0.693,,words_after_snow,SNOW ___,Words that form a familiar English compound when placed after the word snow,hard_only,0.97,0.65,hard_only despite high familiarity,"mobile forms the familiar compound ""snow mobile""",Re-evaluate with absolute thresholds; do not rank only relative to the same word other categories.
P2,cast on,0.684,,knitting_words,KNITTING WORDS,Things used in knitting and crochet,hard_only,0.97,0.65,hard_only despite high familiarity,Cast on is used in knitting or crochet,Re-evaluate with absolute thresholds; do not rank only relative to the same word other categories.
P2,bag,0.684,,words_after_air,AIR ___,Words that form a familiar English compound when placed after the word air,hard_only,0.97,0.65,hard_only despite high familiarity,"bag forms the familiar compound ""air bag""",Re-evaluate with absolute thresholds; do not rank only relative to the same word other categories.
P2,gift,0.683,,words_before_bag,___ BAG,Words that form a familiar English compound when placed before the word bag,hard_only,0.97,0.65,hard_only despite high familiarity,"gift forms the familiar compound ""gift bag""",Re-evaluate with absolute thresholds; do not rank only relative to the same word other categories.
P2,cat,0.683,,words_before_bird,___ BIRD,Words that form a familiar English compound when placed before the word bird,hard_only,0.97,0.65,hard_only despite high familiarity,"cat forms the familiar compound ""catbird""",Re-evaluate with absolute thresholds; do not rank only relative to the same word other categories.
P2,setting,0.681,,jewelry_making,JEWELRY SUPPLIES,Things used to make jewelry,hard_only,0.97,0.65,hard_only despite high familiarity,Setting is used to make jewelry,Re-evaluate with absolute thresholds; do not rank only relative to the same word other categories.
P2,birth,0.681,,words_before_cake,___ CAKE,Words that form a familiar English compound when placed before the word cake,hard_only,0.97,0.65,hard_only despite high familiarity,"birth forms the familiar compound ""birth cake""",Re-evaluate with absolute thresholds; do not rank only relative to the same word other categories.
P2,port,0.676,,words_after_air,AIR ___,Words that form a familiar English compound when placed after the word air,hard_only,0.97,0.65,hard_only despite high familiarity,"port forms the familiar compound ""air port""",Re-evaluate with absolute thresholds; do not rank only relative to the same word other categories.
P2,mail,0.674,,words_after_air,AIR ___,Words that form a familiar English compound when placed after the word air,hard_only,0.97,0.65,hard_only despite high familiarity,"mail forms the familiar compound ""air mail""",Re-evaluate with absolute thresholds; do not rank only relative to the same word other categories.
P2,mail,0.674,,words_before_bag,___ BAG,Words that form a familiar English compound when placed before the word bag,hard_only,0.97,0.65,hard_only despite high familiarity,"mail forms the familiar compound ""mail bag""",Re-evaluate with absolute thresholds; do not rank only relative to the same word other categories.
P2,proof,0.671,,printing_words,PRINTING WORDS,Things used in printing,hard_only,0.97,0.65,hard_only despite high familiarity,Proof is used in printing,Re-evaluate with absolute thresholds; do not rank only relative to the same word other categories.
P2,film camera,0.671,,things_with_screens_history,OLD TECHNOLOGY,Technology that has mostly been replaced,hard_only,0.97,0.65,hard_only despite high familiarity,Film camera is technology that has mostly been replaced,Re-evaluate with absolute thresholds; do not rank only relative to the same word other categories.
P2,forest,0.671,,words_after_rain,RAIN ___,Words that form a familiar English compound when placed after the word rain,hard_only,0.97,0.65,hard_only despite high familiarity,"forest forms the familiar compound ""rain forest""",Re-evaluate with absolute thresholds; do not rank only relative to the same word other categories.
P2,suit,0.671,suit_clothing,words_after_snow,SNOW ___,Words that form a familiar English compound when placed after the word snow,hard_only,0.97,0.65,hard_only despite high familiarity,"suit forms the familiar compound ""snow suit""",Re-evaluate with absolute thresholds; do not rank only relative to the same word other categories.
P2,chair,0.67,,words_before_man,___ MAN,Words that form a familiar English compound when placed before the word man,hard_only,0.97,0.65,hard_only despite high familiarity,"chair forms the familiar compound ""chairman""",Re-evaluate with absolute thresholds; do not rank only relative to the same word other categories.
P2,snow,0.666,,words_before_ball,___ BALL,Words that form a familiar English compound when placed before the word ball,hard_only,0.97,0.65,hard_only despite high familiarity,"snow forms the familiar compound ""snowball""",Re-evaluate with absolute thresholds; do not rank only relative to the same word other categories.
P2,Death Valley,0.663,,deserts_and_wild_places,DESERTS,Major deserts of the world,hard_only,0.97,0.65,hard_only despite high familiarity,Death Valley is a major desert,Re-evaluate with absolute thresholds; do not rank only relative to the same word other categories.
P2,meat,0.661,,words_before_ball,___ BALL,Words that form a familiar English compound when placed before the word ball,hard_only,0.97,0.65,hard_only despite high familiarity,"meat forms the familiar compound ""meatball""",Re-evaluate with absolute thresholds; do not rank only relative to the same word other categories.
P2,jail,0.66,,words_before_bird,___ BIRD,Words that form a familiar English compound when placed before the word bird,hard_only,0.97,0.65,hard_only despite high familiarity,"jail forms the familiar compound ""jailbird""",Re-evaluate with absolute thresholds; do not rank only relative to the same word other categories.
P2,salt,0.657,,chemistry_words,CHEMISTRY WORDS,Words used in chemistry class,hard_only,0.97,0.65,hard_only despite high familiarity,Salt is a word used in chemistry,Re-evaluate with absolute thresholds; do not rank only relative to the same word other categories.
P2,row,0.657,,knitting_words,KNITTING WORDS,Things used in knitting and crochet,hard_only,0.97,0.65,hard_only despite high familiarity,Row is used in knitting or crochet,Re-evaluate with absolute thresholds; do not rank only relative to the same word other categories.
P2,security guard,0.657,,night_shift_jobs,NIGHT SHIFT,Jobs commonly worked overnight,hard_only,0.97,0.65,hard_only despite high familiarity,Security guard is commonly worked overnight,Re-evaluate with absolute thresholds; do not rank only relative to the same word other categories.
P2,guest,0.654,,crowd_words,AUDIENCE WORDS,Words for people watching an event,hard_only,0.97,0.65,hard_only despite high familiarity,Guest is a word for someone watching an event,Re-evaluate with absolute thresholds; do not rank only relative to the same word other categories.
P2,radio host,0.653,,night_shift_jobs,NIGHT SHIFT,Jobs commonly worked overnight,hard_only,0.97,0.65,hard_only despite high familiarity,Radio host is commonly worked overnight,Re-evaluate with absolute thresholds; do not rank only relative to the same word other categories.
P2,tight,0.653,,words_after_air,AIR ___,Words that form a familiar English compound when placed after the word air,hard_only,0.97,0.65,hard_only despite high familiarity,"tight forms the familiar compound ""air tight""",Re-evaluate with absolute thresholds; do not rank only relative to the same word other categories.
P2,button,0.651,button_mushroom,mushroom_types,MUSHROOM TYPES,Kinds of edible and wild mushrooms,hard_only,0.97,0.65,hard_only despite high familiarity,Button is a kind of mushroom,Re-evaluate with absolute thresholds; do not rank only relative to the same word other categories.
P2,plate,0.65,,printing_words,PRINTING WORDS,Things used in printing,hard_only,0.97,0.65,hard_only despite high familiarity,Plate is used in printing,Re-evaluate with absolute thresholds; do not rank only relative to the same word other categories.
P2,witness,0.646,,crowd_words,AUDIENCE WORDS,Words for people watching an event,hard_only,0.97,0.65,hard_only despite high familiarity,Witness is a word for someone watching an event,Re-evaluate with absolute thresholds; do not rank only relative to the same word other categories.
P2,cap,0.644,,words_after_snow,SNOW ___,Words that form a familiar English compound when placed after the word snow,hard_only,0.97,0.65,hard_only despite high familiarity,"cap forms the familiar compound ""snow cap""",Re-evaluate with absolute thresholds; do not rank only relative to the same word other categories.
P2,lock,0.644,,words_before_room,___ ROOM,Words that form a familiar English phrase when placed before the word room,hard_only,0.97,0.65,hard_only despite high familiarity,"lock forms the familiar phrase ""lock room""",Re-evaluate with absolute thresholds; do not rank only relative to the same word other categories.
P2,miller,0.643,,old_professions,HISTORIC TRADES,Trades that were common in past centuries,hard_only,0.97,0.65,hard_only despite high familiarity,Miller was a common trade in past centuries,Re-evaluate with absolute thresholds; do not rank only relative to the same word other categories.
P2,angel,0.636,,words_after_snow,SNOW ___,Words that form a familiar English compound when placed after the word snow,hard_only,0.97,0.65,hard_only despite high familiarity,"angel forms the familiar compound ""snow angel""",Re-evaluate with absolute thresholds; do not rank only relative to the same word other categories.
P2,muscle,0.634,,things_that_stretch,STRETCHY THINGS,Things that stretch when pulled,hard_only,0.97,0.65,hard_only despite high familiarity,Muscle stretches when pulled,Re-evaluate with absolute thresholds; do not rank only relative to the same word other categories.
P2,sand,0.634,,words_before_bag,___ BAG,Words that form a familiar English compound when placed before the word bag,hard_only,0.97,0.65,hard_only despite high familiarity,"sand forms the familiar compound ""sand bag""",Re-evaluate with absolute thresholds; do not rank only relative to the same word other categories.
P2,sand,0.634,,words_before_box,___ BOX,Words that form a familiar English compound when placed before the word box,hard_only,0.97,0.65,hard_only despite high familiarity,"sand forms the familiar compound ""sand box""",Re-evaluate with absolute thresholds; do not rank only relative to the same word other categories.
P2,gym,0.633,,words_before_bag,___ BAG,Words that form a familiar English compound when placed before the word bag,hard_only,0.97,0.65,hard_only despite high familiarity,"gym forms the familiar compound ""gym bag""",Re-evaluate with absolute thresholds; do not rank only relative to the same word other categories.
P2,pocket watch,0.631,,time_capsule_things,BYGONE THINGS,Everyday objects that are no longer commonly used,hard_only,0.97,0.65,hard_only despite high familiarity,Pocket watch is no longer commonly used,Re-evaluate with absolute thresholds; do not rank only relative to the same word other categories.
P2,layer,0.629,,archaeology_words,ARCHAEOLOGY WORDS,Things involved in digging up the past,hard_only,0.97,0.65,hard_only despite high familiarity,Layer is involved in digging up the past,Re-evaluate with absolute thresholds; do not rank only relative to the same word other categories.
P2,pot,0.629,,whaling_and_fishing,FISHING FLEET,Things used in commercial fishing,hard_only,0.97,0.65,hard_only despite high familiarity,Pot is used in commercial fishing,Re-evaluate with absolute thresholds; do not rank only relative to the same word other categories.
P2,strip,0.623,,words_after_air,AIR ___,Words that form a familiar English compound when placed after the word air,hard_only,0.97,0.65,hard_only despite high familiarity,"strip forms the familiar compound ""air strip""",Re-evaluate with absolute thresholds; do not rank only relative to the same word other categories.
P2,steam engine,0.621,,industrial_revolution,INDUSTRIAL AGE,Things associated with the industrial revolution,hard_only,0.97,0.65,hard_only despite high familiarity,Steam engine is associated with the industrial revolution,Re-evaluate with absolute thresholds; do not rank only relative to the same word other categories.
P2,carbon dating,0.617,,archaeology_words,ARCHAEOLOGY WORDS,Things involved in digging up the past,hard_only,0.97,0.65,hard_only despite high familiarity,Carbon dating is involved in digging up the past,Re-evaluate with absolute thresholds; do not rank only relative to the same word other categories.
P2,registration,0.617,,printing_words,PRINTING WORDS,Things used in printing,hard_only,0.97,0.65,hard_only despite high familiarity,Registration is used in printing,Re-evaluate with absolute thresholds; do not rank only relative to the same word other categories.
P2,mouse,0.616,mouse_animal,quiet_things,QUIET THINGS,Things that make almost no sound,hard_only,0.97,0.65,hard_only despite high familiarity,Mouse makes almost no sound,Re-evaluate with absolute thresholds; do not rank only relative to the same word other categories.
P2,darkness,0.614,,deep_sea,DEEP SEA,Things found in the deep ocean,hard_only,0.97,0.65,hard_only despite high familiarity,Darkness is found in the deep ocean,Re-evaluate with absolute thresholds; do not rank only relative to the same word other categories.
P2,slip,0.611,,pottery_words,POTTERY WORDS,Things used in making pottery,hard_only,0.97,0.65,hard_only despite high familiarity,Slip is used in making pottery,Re-evaluate with absolute thresholds; do not rank only relative to the same word other categories.
P2,stroke,0.61,stroke_sun,words_after_sun,SUN ___,Words that form a familiar English compound when placed after the word sun,hard_only,0.97,0.65,hard_only despite high familiarity,"stroke forms the familiar compound ""sun stroke""",Re-evaluate with absolute thresholds; do not rank only relative to the same word other categories.
P2,cooper,0.609,,old_professions,HISTORIC TRADES,Trades that were common in past centuries,hard_only,0.97,0.65,hard_only despite high familiarity,Cooper was a common trade in past centuries,Re-evaluate with absolute thresholds; do not rank only relative to the same word other categories.
P2,oxygen,0.607,,body_science,HUMAN BIOLOGY,Scientific words about how the human body works,hard_only,0.97,0.65,hard_only despite high familiarity,Oxygen is a scientific word about the human body,Re-evaluate with absolute thresholds; do not rank only relative to the same word other categories.
P2,screw,0.607,,words_before_ball,___ BALL,Words that form a familiar English compound when placed before the word ball,hard_only,0.97,0.65,hard_only despite high familiarity,"screw forms the familiar compound ""screwball""",Re-evaluate with absolute thresholds; do not rank only relative to the same word other categories.
P2,shoe,0.606,,words_after_snow,SNOW ___,Words that form a familiar English compound when placed after the word snow,hard_only,0.97,0.65,hard_only despite high familiarity,"shoe forms the familiar compound ""snow shoe""",Re-evaluate with absolute thresholds; do not rank only relative to the same word other categories.
P2,DJ,0.604,,night_shift_jobs,NIGHT SHIFT,Jobs commonly worked overnight,hard_only,0.97,0.65,hard_only despite high familiarity,DJ is commonly worked overnight,Re-evaluate with absolute thresholds; do not rank only relative to the same word other categories.
P2,baker,0.604,,night_shift_jobs,NIGHT SHIFT,Jobs commonly worked overnight,hard_only,0.97,0.65,hard_only despite high familiarity,Baker is commonly worked overnight,Re-evaluate with absolute thresholds; do not rank only relative to the same word other categories.
P2,swim,0.601,,animal_verbs,ANIMAL MOVEMENTS,Verbs for the way particular animals move,hard_only,0.97,0.65,hard_only despite high familiarity,Swim is a way an animal moves,Re-evaluate with absolute thresholds; do not rank only relative to the same word other categories.
P2,snap,0.601,,scary_sounds,SCARY SOUNDS,Sounds that make people uneasy,hard_only,0.97,0.65,hard_only despite high familiarity,Snap is a sound that makes people uneasy,Re-evaluate with absolute thresholds; do not rank only relative to the same word other categories.
P2,duck,0.601,duck_meat,words_before_sauce,___ SAUCE,Words that form a familiar English expression when placed before the word sauce,hard_only,0.97,0.65,hard_only despite high familiarity,"duck forms the familiar expression ""duck sauce""",Re-evaluate with absolute thresholds; do not rank only relative to the same word other categories.
P2,prison uniform,0.6,,striped_things,STRIPED THINGS,Things that normally have stripes,hard_only,0.97,0.65,hard_only despite high familiarity,Prison uniform normally has stripes,Re-evaluate with absolute thresholds; do not rank only relative to the same word other categories.
P2,think,0.869,,quiet_actions,SILENT ACTIONS,Actions that make almost no noise,hard_only,0.97,0.62,hard_only despite high familiarity,Think makes almost no noise when done,Re-evaluate with absolute thresholds; do not rank only relative to the same word other categories.
P2,read,0.791,,quiet_actions,SILENT ACTIONS,Actions that make almost no noise,hard_only,0.97,0.62,hard_only despite high familiarity,Read makes almost no noise when done,Re-evaluate with absolute thresholds; do not rank only relative to the same word other categories.
P2,child,0.757,,words_before_proof,___ PROOF,Words that form a familiar English compound when placed before the word proof,hard_only,0.97,0.62,hard_only despite high familiarity,"child forms the familiar compound ""childproof""",Re-evaluate with absolute thresholds; do not rank only relative to the same word other categories.
P2,child,0.757,,yoga_poses,YOGA POSES,Named poses used in yoga,hard_only,0.97,0.62,hard_only despite high familiarity,Child is a yoga pose,Re-evaluate with absolute thresholds; do not rank only relative to the same word other categories.
P2,sound,0.736,sound_noise,words_before_proof,___ PROOF,Words that form a familiar English compound when placed before the word proof,hard_only,0.97,0.62,hard_only despite high familiarity,"sound forms the familiar compound ""soundproof""",Re-evaluate with absolute thresholds; do not rank only relative to the same word other categories.
P2,green,0.733,green_unripe,olive_types,OLIVE TYPES,Varieties of olive and olive oil,hard_only,0.97,0.62,hard_only despite high familiarity,Green is a variety of olive or olive oil,Re-evaluate with absolute thresholds; do not rank only relative to the same word other categories.
P2,full english,0.719,,world_breakfasts,WORLD BREAKFAST,Breakfast foods eaten in other countries,hard_only,0.97,0.62,hard_only despite high familiarity,Full english is a breakfast food eaten in another country,Re-evaluate with absolute thresholds; do not rank only relative to the same word other categories.
P2,kid,0.713,,baby_animal_words_more,YOUNG ANIMALS,Less common words for young animals,hard_only,0.97,0.62,hard_only despite high familiarity,Kid is a word for a young animal,Re-evaluate with absolute thresholds; do not rank only relative to the same word other categories.
P2,degree,0.706,degree_angle,space_measurements,SPACE MEASUREMENTS,Units used to measure distance and time in space,hard_only,0.97,0.62,hard_only despite high familiarity,Degree is a unit used to measure space,Re-evaluate with absolute thresholds; do not rank only relative to the same word other categories.
P2,block,0.697,block_stop,self_defense_moves,SELF DEFENSE,Basic self defense moves,hard_only,0.97,0.62,hard_only despite high familiarity,Block is a basic self defense move,Re-evaluate with absolute thresholds; do not rank only relative to the same word other categories.
P2,cell,0.696,cell_room,monastery_life,MONASTERY THINGS,Things found in a monastery,hard_only,0.97,0.62,hard_only despite high familiarity,Cell is found in a monastery,Re-evaluate with absolute thresholds; do not rank only relative to the same word other categories.
P2,scale,0.69,,startup_words,STARTUP WORDS,Words used when starting a new company,hard_only,0.97,0.62,hard_only despite high familiarity,Scale is used when starting a new company,Re-evaluate with absolute thresholds; do not rank only relative to the same word other categories.
P2,Paris,0.689,,place_names_as_names,PLACE NAMES,First names that are also place names,hard_only,0.97,0.62,hard_only despite high familiarity,Paris is a place name also used as a first name,Re-evaluate with absolute thresholds; do not rank only relative to the same word other categories.
P2,garden,0.681,,monastery_life,MONASTERY THINGS,Things found in a monastery,hard_only,0.97,0.62,hard_only despite high familiarity,Garden is found in a monastery,Re-evaluate with absolute thresholds; do not rank only relative to the same word other categories.
P2,Israel,0.681,,place_names_as_names,PLACE NAMES,First names that are also place names,hard_only,0.97,0.62,hard_only despite high familiarity,Israel is a place name also used as a first name,Re-evaluate with absolute thresholds; do not rank only relative to the same word other categories.
P2,figure eight,0.677,,knots,KNOTS,Named knots tied in rope,hard_only,0.97,0.62,hard_only despite high familiarity,Figure eight is a named knot,Re-evaluate with absolute thresholds; do not rank only relative to the same word other categories.
P2,core,0.676,,muscles,MUSCLES,Muscles an average person can name,hard_only,0.97,0.62,hard_only despite high familiarity,Core is a muscle,Re-evaluate with absolute thresholds; do not rank only relative to the same word other categories.
P2,spanish,0.676,,olive_types,OLIVE TYPES,Varieties of olive and olive oil,hard_only,0.97,0.62,hard_only despite high familiarity,Spanish is a variety of olive or olive oil,Re-evaluate with absolute thresholds; do not rank only relative to the same word other categories.
P2,mountain,0.676,,yoga_poses,YOGA POSES,Named poses used in yoga,hard_only,0.97,0.62,hard_only despite high familiarity,Mountain is a yoga pose,Re-evaluate with absolute thresholds; do not rank only relative to the same word other categories.
P2,mistake,0.667,,words_before_proof,___ PROOF,Words that form a familiar English compound when placed before the word proof,hard_only,0.97,0.62,hard_only despite high familiarity,"mistake forms the familiar compound ""mistakeproof""",Re-evaluate with absolute thresholds; do not rank only relative to the same word other categories.
P2,cook,0.664,cook_person,nautical_ranks,SHIP CREW,Roles in the crew of a ship,hard_only,0.97,0.62,hard_only despite high familiarity,Cook is a role in a ship crew,Re-evaluate with absolute thresholds; do not rank only relative to the same word other categories.
P2,smile,0.663,,quiet_actions,SILENT ACTIONS,Actions that make almost no noise,hard_only,0.97,0.62,hard_only despite high familiarity,Smile makes almost no noise when done,Re-evaluate with absolute thresholds; do not rank only relative to the same word other categories.
P2,escape,0.663,,self_defense_moves,SELF DEFENSE,Basic self defense moves,hard_only,0.97,0.62,hard_only despite high familiarity,Escape is a basic self defense move,Re-evaluate with absolute thresholds; do not rank only relative to the same word other categories.
P2,evidence bag,0.661,,detective_procedures,FORENSICS WORDS,Words used in forensic investigation,hard_only,0.97,0.62,hard_only despite high familiarity,Evidence bag is used in forensic investigation,Re-evaluate with absolute thresholds; do not rank only relative to the same word other categories.
P2,funding,0.661,,startup_words,STARTUP WORDS,Words used when starting a new company,hard_only,0.97,0.62,hard_only despite high familiarity,Funding is used when starting a new company,Re-evaluate with absolute thresholds; do not rank only relative to the same word other categories.
P2,wave,0.66,wave_hand,quiet_actions,SILENT ACTIONS,Actions that make almost no noise,hard_only,0.97,0.62,hard_only despite high familiarity,Wave makes almost no noise when done,Re-evaluate with absolute thresholds; do not rank only relative to the same word other categories.
P2,half moon,0.66,,yoga_poses,YOGA POSES,Named poses used in yoga,hard_only,0.97,0.62,hard_only despite high familiarity,Half moon is a yoga pose,Re-evaluate with absolute thresholds; do not rank only relative to the same word other categories.
P2,motion,0.656,,legal_terms,COURT TERMS,Terms used in legal proceedings,hard_only,0.97,0.62,hard_only despite high familiarity,Motion is a term used in legal proceedings,Re-evaluate with absolute thresholds; do not rank only relative to the same word other categories.
P2,plate,0.65,,rock_cycle_words,GEOLOGY WORDS,Words used to describe the earth and its rocks,hard_only,0.97,0.62,hard_only despite high familiarity,Plate is a word used in geology,Re-evaluate with absolute thresholds; do not rank only relative to the same word other categories.
P2,first mate,0.649,,nautical_ranks,SHIP CREW,Roles in the crew of a ship,hard_only,0.97,0.62,hard_only despite high familiarity,First mate is a role in a ship crew,Re-evaluate with absolute thresholds; do not rank only relative to the same word other categories.
P2,Sydney,0.647,,place_names_as_names,PLACE NAMES,First names that are also place names,hard_only,0.97,0.62,hard_only despite high familiarity,Sydney is a place name also used as a first name,Re-evaluate with absolute thresholds; do not rank only relative to the same word other categories.
P2,Jordan,0.644,,place_names_as_names,PLACE NAMES,First names that are also place names,hard_only,0.97,0.62,hard_only despite high familiarity,Jordan is a place name also used as a first name,Re-evaluate with absolute thresholds; do not rank only relative to the same word other categories.
P2,engineer,0.643,,nautical_ranks,SHIP CREW,Roles in the crew of a ship,hard_only,0.97,0.62,hard_only despite high familiarity,Engineer is a role in a ship crew,Re-evaluate with absolute thresholds; do not rank only relative to the same word other categories.
P2,Georgia,0.637,,place_names_as_names,PLACE NAMES,First names that are also place names,hard_only,0.97,0.62,hard_only despite high familiarity,Georgia is a place name also used as a first name,Re-evaluate with absolute thresholds; do not rank only relative to the same word other categories.
P2,founder,0.637,,startup_words,STARTUP WORDS,Words used when starting a new company,hard_only,0.97,0.62,hard_only despite high familiarity,Founder is used when starting a new company,Re-evaluate with absolute thresholds; do not rank only relative to the same word other categories.
P2,shock,0.637,,words_before_proof,___ PROOF,Words that form a familiar English compound when placed before the word proof,hard_only,0.97,0.62,hard_only despite high familiarity,"shock forms the familiar compound ""shockproof""",Re-evaluate with absolute thresholds; do not rank only relative to the same word other categories.
P2,tape,0.634,,detective_procedures,FORENSICS WORDS,Words used in forensic investigation,hard_only,0.97,0.62,hard_only despite high familiarity,Tape is used in forensic investigation,Re-evaluate with absolute thresholds; do not rank only relative to the same word other categories.
P2,pitch,0.633,,startup_words,STARTUP WORDS,Words used when starting a new company,hard_only,0.97,0.62,hard_only despite high familiarity,Pitch is used when starting a new company,Re-evaluate with absolute thresholds; do not rank only relative to the same word other categories.
P2,grab release,0.631,,self_defense_moves,SELF DEFENSE,Basic self defense moves,hard_only,0.97,0.62,hard_only despite high familiarity,Grab release is a basic self defense move,Re-evaluate with absolute thresholds; do not rank only relative to the same word other categories.
P2,Austin,0.623,,place_names_as_names,PLACE NAMES,First names that are also place names,hard_only,0.97,0.62,hard_only despite high familiarity,Austin is a place name also used as a first name,Re-evaluate with absolute thresholds; do not rank only relative to the same word other categories.
P2,trap,0.619,,muscles,MUSCLES,Muscles an average person can name,hard_only,0.97,0.62,hard_only despite high familiarity,Trap is a muscle,Re-evaluate with absolute thresholds; do not rank only relative to the same word other categories.
P2,equity,0.614,,startup_words,STARTUP WORDS,Words used when starting a new company,hard_only,0.97,0.62,hard_only despite high familiarity,Equity is used when starting a new company,Re-evaluate with absolute thresholds; do not rank only relative to the same word other categories.
P2,seed round,0.614,,startup_words,STARTUP WORDS,Words used when starting a new company,hard_only,0.97,0.62,hard_only despite high familiarity,Seed round is used when starting a new company,Re-evaluate with absolute thresholds; do not rank only relative to the same word other categories.
P2,fishing cat,0.614,,wild_cats_small,SMALL CATS,Smaller members of the wild cat family,hard_only,0.97,0.62,hard_only despite high familiarity,Fishing cat is a small wild cat,Re-evaluate with absolute thresholds; do not rank only relative to the same word other categories.
P2,fool,0.613,,words_before_proof,___ PROOF,Words that form a familiar English compound when placed before the word proof,hard_only,0.97,0.62,hard_only despite high familiarity,"fool forms the familiar compound ""foolproof""",Re-evaluate with absolute thresholds; do not rank only relative to the same word other categories.
P2,sand cat,0.611,,wild_cats_small,SMALL CATS,Smaller members of the wild cat family,hard_only,0.97,0.62,hard_only despite high familiarity,Sand cat is a small wild cat,Re-evaluate with absolute thresholds; do not rank only relative to the same word other categories.
P2,breathe,0.609,,quiet_actions,SILENT ACTIONS,Actions that make almost no noise,hard_only,0.97,0.62,hard_only despite high familiarity,Breathe makes almost no noise when done,Re-evaluate with absolute thresholds; do not rank only relative to the same word other categories.
P2,venture,0.609,,startup_words,STARTUP WORDS,Words used when starting a new company,hard_only,0.97,0.62,hard_only despite high familiarity,Venture is used when starting a new company,Re-evaluate with absolute thresholds; do not rank only relative to the same word other categories.
P2,cheese plate,0.609,,world_breakfasts,WORLD BREAKFAST,Breakfast foods eaten in other countries,hard_only,0.97,0.62,hard_only despite high familiarity,Cheese plate is a breakfast food eaten in another country,Re-evaluate with absolute thresholds; do not rank only relative to the same word other categories.
P2,fruit plate,0.609,,world_breakfasts,WORLD BREAKFAST,Breakfast foods eaten in other countries,hard_only,0.97,0.62,hard_only despite high familiarity,Fruit plate is a breakfast food eaten in another country,Re-evaluate with absolute thresholds; do not rank only relative to the same word other categories.
P2,Brooklyn,0.607,,place_names_as_names,PLACE NAMES,First names that are also place names,hard_only,0.97,0.62,hard_only despite high familiarity,Brooklyn is a place name also used as a first name,Re-evaluate with absolute thresholds; do not rank only relative to the same word other categories.
P2,bullet,0.606,,words_before_proof,___ PROOF,Words that form a familiar English compound when placed before the word proof,hard_only,0.97,0.62,hard_only despite high familiarity,"bullet forms the familiar compound ""bulletproof""",Re-evaluate with absolute thresholds; do not rank only relative to the same word other categories.
P2,phoenix,0.601,phoenix_city,place_names_as_names,PLACE NAMES,First names that are also place names,hard_only,0.97,0.62,hard_only despite high familiarity,Phoenix is a place name also used as a first name,Re-evaluate with absolute thresholds; do not rank only relative to the same word other categories.
P2,be,0.97,,words_before_side,___ SIDE,Words that form a familiar English compound when placed before the word side,hard_only,0.97,0.6,hard_only despite high familiarity,"be forms the familiar compound ""beside""",Re-evaluate with absolute thresholds; do not rank only relative to the same word other categories.
P2,out,0.911,,words_after_hand,HAND ___,Words that form a familiar English compound when placed after the word hand,hard_only,0.97,0.6,hard_only despite high familiarity,"out forms the familiar compound ""hand out""",Re-evaluate with absolute thresholds; do not rank only relative to the same word other categories.
P2,first,0.873,,words_after_head,HEAD ___,Words that form a familiar English compound when placed after the word head,hard_only,0.97,0.6,hard_only despite high familiarity,"first forms the familiar compound ""head first""",Re-evaluate with absolute thresholds; do not rank only relative to the same word other categories.
P2,back,0.863,,words_after_horse,HORSE ___,Words that form a familiar English compound when placed after the word horse,hard_only,0.97,0.6,hard_only despite high familiarity,"back forms the familiar compound ""horse back""",Re-evaluate with absolute thresholds; do not rank only relative to the same word other categories.
P2,way,0.859,,words_after_head,HEAD ___,Words that form a familiar English compound when placed after the word head,hard_only,0.97,0.6,hard_only despite high familiarity,"way forms the familiar compound ""head way""",Re-evaluate with absolute thresholds; do not rank only relative to the same word other categories.
P2,year,0.851,,words_before_book,___ BOOK,Words that form a familiar English compound when placed before the word book,hard_only,0.97,0.6,hard_only despite high familiarity,"year forms the familiar compound ""year book""",Re-evaluate with absolute thresholds; do not rank only relative to the same word other categories.
P2,school,0.816,,animal_groups,ANIMAL GROUPS,Collective nouns for groups of animals,hard_only,0.97,0.6,hard_only despite high familiarity,School is the word for a group of animals,Re-evaluate with absolute thresholds; do not rank only relative to the same word other categories.
P2,school,0.816,,words_before_house,___ HOUSE,Words that form a familiar English compound when placed before the word house,hard_only,0.97,0.6,hard_only despite high familiarity,"school forms the familiar compound ""school house""",Re-evaluate with absolute thresholds; do not rank only relative to the same word other categories.
P2,end,0.811,,words_after_book,WORDS AFTER BOOK,Words that form a familiar English compound when placed after the word book,hard_only,0.97,0.6,hard_only despite high familiarity,"end forms the familiar compound ""book end""",Re-evaluate with absolute thresholds; do not rank only relative to the same word other categories.
P2,play,0.801,,words_after_horse,HORSE ___,Words that form a familiar English compound when placed after the word horse,hard_only,0.97,0.6,hard_only despite high familiarity,"play forms the familiar compound ""horse play""",Re-evaluate with absolute thresholds; do not rank only relative to the same word other categories.
P2,let,0.8,,words_after_book,WORDS AFTER BOOK,Words that form a familiar English compound when placed after the word book,hard_only,0.97,0.6,hard_only despite high familiarity,"let forms the familiar compound ""book let""",Re-evaluate with absolute thresholds; do not rank only relative to the same word other categories.
P2,power,0.789,,words_after_horse,HORSE ___,Words that form a familiar English compound when placed after the word horse,hard_only,0.97,0.6,hard_only despite high familiarity,"power forms the familiar compound ""horse power""",Re-evaluate with absolute thresholds; do not rank only relative to the same word other categories.
P2,side,0.786,,words_before_board,___ BOARD,Words that form a familiar English compound when placed before the word board,hard_only,0.97,0.6,hard_only despite high familiarity,"side forms the familiar compound ""sideboard""",Re-evaluate with absolute thresholds; do not rank only relative to the same word other categories.
P2,line,0.784,line_kitchen,kitchen_brigade,KITCHEN SLANG,Terms used in a restaurant kitchen,hard_only,0.97,0.6,hard_only despite high familiarity,Line is a term used in a restaurant kitchen,Re-evaluate with absolute thresholds; do not rank only relative to the same word other categories.
P2,line,0.784,line_drawn,words_after_head,HEAD ___,Words that form a familiar English compound when placed after the word head,hard_only,0.97,0.6,hard_only despite high familiarity,"line forms the familiar compound ""head line""",Re-evaluate with absolute thresholds; do not rank only relative to the same word other categories.
P2,line,0.784,line_drawn,words_after_water,WATER ___,Words that form a familiar English compound when placed after the word water,hard_only,0.97,0.6,hard_only despite high familiarity,"line forms the familiar compound ""water line""",Re-evaluate with absolute thresholds; do not rank only relative to the same word other categories.
P2,country,0.783,,words_before_side,___ SIDE,Words that form a familiar English compound when placed before the word side,hard_only,0.97,0.6,hard_only despite high familiarity,"country forms the familiar compound ""countryside""",Re-evaluate with absolute thresholds; do not rank only relative to the same word other categories.
P2,order up,0.777,,kitchen_brigade,KITCHEN SLANG,Terms used in a restaurant kitchen,hard_only,0.97,0.6,hard_only despite high familiarity,Order up is a term used in a restaurant kitchen,Re-evaluate with absolute thresholds; do not rank only relative to the same word other categories.
P2,level,0.773,,masonry_words,MASONRY WORDS,Things a mason works with,hard_only,0.97,0.6,hard_only despite high familiarity,Level is something a mason works with,Re-evaluate with absolute thresholds; do not rank only relative to the same word other categories.
P2,hand,0.773,hand_body,words_before_work,___ WORK,Words that form a familiar English compound when placed before the word work,hard_only,0.97,0.6,hard_only despite high familiarity,"hand forms the familiar compound ""hand work""",Re-evaluate with absolute thresholds; do not rank only relative to the same word other categories.
P2,air,0.767,,insulating_materials,INSULATING MATERIALS,Materials used to keep heat or sound in or out,hard_only,0.97,0.6,hard_only despite high familiarity,Air is used to keep heat or sound in or out,Re-evaluate with absolute thresholds; do not rank only relative to the same word other categories.
P2,class,0.766,,programming_words,PROGRAMMING WORDS,Words used when writing computer programs,hard_only,0.97,0.6,hard_only despite high familiarity,Class is used when writing computer programs,Re-evaluate with absolute thresholds; do not rank only relative to the same word other categories.
P2,saw,0.763,,words_after_hand,HAND ___,Words that form a familiar English compound when placed after the word hand,hard_only,0.97,0.6,hard_only despite high familiarity,"saw forms the familiar compound ""hand saw""",Re-evaluate with absolute thresholds; do not rank only relative to the same word other categories.
P2,light,0.761,light_bright,words_after_head,HEAD ___,Words that form a familiar English compound when placed after the word head,hard_only,0.97,0.6,hard_only despite high familiarity,"light forms the familiar compound ""head light""",Re-evaluate with absolute thresholds; do not rank only relative to the same word other categories.
P2,light,0.761,light_bright,words_before_house,___ HOUSE,Words that form a familiar English compound when placed before the word house,hard_only,0.97,0.6,hard_only despite high familiarity,"light forms the familiar compound ""light house""",Re-evaluate with absolute thresholds; do not rank only relative to the same word other categories.
P2,age,0.76,,words_after_foot,FOOT ___,Words that form a familiar English compound when placed after the word foot,hard_only,0.97,0.6,hard_only despite high familiarity,"age forms the familiar compound ""foot age""",Re-evaluate with absolute thresholds; do not rank only relative to the same word other categories.
P2,fire,0.757,,kitchen_brigade,KITCHEN SLANG,Terms used in a restaurant kitchen,hard_only,0.97,0.6,hard_only despite high familiarity,Fire is a term used in a restaurant kitchen,Re-evaluate with absolute thresholds; do not rank only relative to the same word other categories.
P2,phone,0.757,,words_after_head,HEAD ___,Words that form a familiar English compound when placed after the word head,hard_only,0.97,0.6,hard_only despite high familiarity,"phone forms the familiar compound ""head phone""",Re-evaluate with absolute thresholds; do not rank only relative to the same word other categories.
P2,fire,0.757,,words_before_side,___ SIDE,Words that form a familiar English compound when placed before the word side,hard_only,0.97,0.6,hard_only despite high familiarity,"fire forms the familiar compound ""fireside""",Re-evaluate with absolute thresholds; do not rank only relative to the same word other categories.
P2,works,0.756,,words_after_fire,FIRE ___,Words that form a familiar English compound when placed after the word fire,hard_only,0.97,0.6,hard_only despite high familiarity,"works forms the familiar compound ""fire works""",Re-evaluate with absolute thresholds; do not rank only relative to the same word other categories.
P2,front,0.754,,words_after_water,WATER ___,Words that form a familiar English compound when placed after the word water,hard_only,0.97,0.6,hard_only despite high familiarity,"front forms the familiar compound ""water front""",Re-evaluate with absolute thresholds; do not rank only relative to the same word other categories.
P2,cut,0.749,,gem_cuts,GEM CUTS,Words used to describe cut and set gemstones,hard_only,0.97,0.6,hard_only despite high familiarity,Cut describes a cut or setting of a gemstone,Re-evaluate with absolute thresholds; do not rank only relative to the same word other categories.
P2,board,0.749,board_plank,words_after_head,HEAD ___,Words that form a familiar English compound when placed after the word head,hard_only,0.97,0.6,hard_only despite high familiarity,"board forms the familiar compound ""head board""",Re-evaluate with absolute thresholds; do not rank only relative to the same word other categories.
P2,road,0.749,,words_before_house,___ HOUSE,Words that form a familiar English compound when placed before the word house,hard_only,0.97,0.6,hard_only despite high familiarity,"road forms the familiar compound ""road house""",Re-evaluate with absolute thresholds; do not rank only relative to the same word other categories.
P2,road,0.749,,words_before_work,___ WORK,Words that form a familiar English compound when placed before the word work,hard_only,0.97,0.6,hard_only despite high familiarity,"road forms the familiar compound ""road work""",Re-evaluate with absolute thresholds; do not rank only relative to the same word other categories.
P2,rest,0.747,rest_sleep,words_after_foot,FOOT ___,Words that form a familiar English compound when placed after the word foot,hard_only,0.97,0.6,hard_only despite high familiarity,"rest forms the familiar compound ""foot rest""",Re-evaluate with absolute thresholds; do not rank only relative to the same word other categories.
P2,rest,0.747,rest_sleep,words_after_head,HEAD ___,Words that form a familiar English compound when placed after the word head,hard_only,0.97,0.6,hard_only despite high familiarity,"rest forms the familiar compound ""head rest""",Re-evaluate with absolute thresholds; do not rank only relative to the same word other categories.
P2,strong,0.746,,words_after_head,HEAD ___,Words that form a familiar English compound when placed after the word head,hard_only,0.97,0.6,hard_only despite high familiarity,"strong forms the familiar compound ""head strong""",Re-evaluate with absolute thresholds; do not rank only relative to the same word other categories.
P2,club,0.743,,words_after_book,WORDS AFTER BOOK,Words that form a familiar English compound when placed after the word book,hard_only,0.97,0.6,hard_only despite high familiarity,"club forms the familiar compound ""book club""",Re-evaluate with absolute thresholds; do not rank only relative to the same word other categories.
P2,sense,0.741,,words_after_horse,HORSE ___,Words that form a familiar English compound when placed after the word horse,hard_only,0.97,0.6,hard_only despite high familiarity,"sense forms the familiar compound ""horse sense""",Re-evaluate with absolute thresholds; do not rank only relative to the same word other categories.
P2,king,0.739,,words_before_fish,___ FISH,Words that form a familiar English compound when placed before the word fish,hard_only,0.97,0.6,hard_only despite high familiarity,"king forms the familiar compound ""kingfish""",Re-evaluate with absolute thresholds; do not rank only relative to the same word other categories.
P2,guess,0.739,,words_before_work,___ WORK,Words that form a familiar English compound when placed before the word work,hard_only,0.97,0.6,hard_only despite high familiarity,"guess forms the familiar compound ""guess work""",Re-evaluate with absolute thresholds; do not rank only relative to the same word other categories.
P2,key,0.731,,words_before_board,___ BOARD,Words that form a familiar English compound when placed before the word board,hard_only,0.97,0.6,hard_only despite high familiarity,"key forms the familiar compound ""keyboard""",Re-evaluate with absolute thresholds; do not rank only relative to the same word other categories.
P2,cup,0.73,,words_before_board,___ BOARD,Words that form a familiar English compound when placed before the word board,hard_only,0.97,0.6,hard_only despite high familiarity,"cup forms the familiar compound ""cupboard""",Re-evaluate with absolute thresholds; do not rank only relative to the same word other categories.
P2,November,0.729,,alphabet_code,RADIO ALPHABET,Code words used to spell letters over a radio,hard_only,0.97,0.6,hard_only despite high familiarity,November is a code word for a letter of the alphabet,Re-evaluate with absolute thresholds; do not rank only relative to the same word other categories.
P2,walk in,0.726,,kitchen_brigade,KITCHEN SLANG,Terms used in a restaurant kitchen,hard_only,0.97,0.6,hard_only despite high familiarity,Walk in is a term used in a restaurant kitchen,Re-evaluate with absolute thresholds; do not rank only relative to the same word other categories.
P2,hair,0.726,,words_after_horse,HORSE ___,Words that form a familiar English compound when placed after the word horse,hard_only,0.97,0.6,hard_only despite high familiarity,"hair forms the familiar compound ""horse hair""",Re-evaluate with absolute thresholds; do not rank only relative to the same word other categories.
P2,sign,0.726,,words_before_board,___ BOARD,Words that form a familiar English compound when placed before the word board,hard_only,0.97,0.6,hard_only despite high familiarity,"sign forms the familiar compound ""signboard""",Re-evaluate with absolute thresholds; do not rank only relative to the same word other categories.
P2,bed,0.724,,river_features,RIVER FEATURES,Parts and features of a river described in everyday English,hard_only,0.97,0.6,hard_only despite high familiarity,Bed is a feature or part of a river,Re-evaluate with absolute thresholds; do not rank only relative to the same word other categories.
P2,bed,0.724,,words_after_water,WATER ___,Words that form a familiar English compound when placed after the word water,hard_only,0.97,0.6,hard_only despite high familiarity,"bed forms the familiar compound ""water bed""",Re-evaluate with absolute thresholds; do not rank only relative to the same word other categories.
P2,pass,0.721,,kitchen_brigade,KITCHEN SLANG,Terms used in a restaurant kitchen,hard_only,0.97,0.6,hard_only despite high familiarity,Pass is a term used in a restaurant kitchen,Re-evaluate with absolute thresholds; do not rank only relative to the same word other categories.
P2,mark,0.721,,words_after_water,WATER ___,Words that form a familiar English compound when placed after the word water,hard_only,0.97,0.6,hard_only despite high familiarity,"mark forms the familiar compound ""water mark""",Re-evaluate with absolute thresholds; do not rank only relative to the same word other categories.
P2,pass,0.721,,words_before_book,___ BOOK,Words that form a familiar English compound when placed before the word book,hard_only,0.97,0.6,hard_only despite high familiarity,"pass forms the familiar compound ""pass book""",Re-evaluate with absolute thresholds; do not rank only relative to the same word other categories.
P2,base,0.721,,words_before_line,___ LINE,Words that form a familiar English compound when placed before the word line,hard_only,0.97,0.6,hard_only despite high familiarity,"base forms the familiar compound ""base line""",Re-evaluate with absolute thresholds; do not rank only relative to the same word other categories.
P2,India,0.72,,alphabet_code,RADIO ALPHABET,Code words used to spell letters over a radio,hard_only,0.97,0.6,hard_only despite high familiarity,India is a code word for a letter of the alphabet,Re-evaluate with absolute thresholds; do not rank only relative to the same word other categories.
P2,ball,0.72,ball_sphere,words_after_fire,FIRE ___,Words that form a familiar English compound when placed after the word fire,hard_only,0.97,0.6,hard_only despite high familiarity,"ball forms the familiar compound ""fire ball""",Re-evaluate with absolute thresholds; do not rank only relative to the same word other categories.
P2,ball,0.72,ball_sphere,words_after_hand,HAND ___,Words that form a familiar English compound when placed after the word hand,hard_only,0.97,0.6,hard_only despite high familiarity,"ball forms the familiar compound ""hand ball""",Re-evaluate with absolute thresholds; do not rank only relative to the same word other categories.
P2,gas,0.716,,welding_words,WELDING WORDS,Things used in welding metal,hard_only,0.97,0.6,hard_only despite high familiarity,Gas is used in welding metal,Re-evaluate with absolute thresholds; do not rank only relative to the same word other categories.
P2,gun,0.709,,words_after_hand,HAND ___,Words that form a familiar English compound when placed after the word hand,hard_only,0.97,0.6,hard_only despite high familiarity,"gun forms the familiar compound ""hand gun""",Re-evaluate with absolute thresholds; do not rank only relative to the same word other categories.
P2,gun,0.709,,words_after_water,WATER ___,Words that form a familiar English compound when placed after the word water,hard_only,0.97,0.6,hard_only despite high familiarity,"gun forms the familiar compound ""water gun""",Re-evaluate with absolute thresholds; do not rank only relative to the same word other categories.
P2,Hotel,0.707,,alphabet_code,RADIO ALPHABET,Code words used to spell letters over a radio,hard_only,0.97,0.6,hard_only despite high familiarity,Hotel is a code word for a letter of the alphabet,Re-evaluate with absolute thresholds; do not rank only relative to the same word other categories.
P2,master,0.704,,words_after_head,HEAD ___,Words that form a familiar English compound when placed after the word head,hard_only,0.97,0.6,hard_only despite high familiarity,"master forms the familiar compound ""head master""",Re-evaluate with absolute thresholds; do not rank only relative to the same word other categories.
P2,band,0.703,band_ring,gem_cuts,GEM CUTS,Words used to describe cut and set gemstones,hard_only,0.97,0.6,hard_only despite high familiarity,Band describes a cut or setting of a gemstone,Re-evaluate with absolute thresholds; do not rank only relative to the same word other categories.
P2,foot,0.696,foot_body,words_before_work,___ WORK,Words that form a familiar English compound when placed before the word work,hard_only,0.97,0.6,hard_only despite high familiarity,"foot forms the familiar compound ""foot work""",Re-evaluate with absolute thresholds; do not rank only relative to the same word other categories.
P2,library,0.694,,programming_words,PROGRAMMING WORDS,Words used when writing computer programs,hard_only,0.97,0.6,hard_only despite high familiarity,Library is used when writing computer programs,Re-evaluate with absolute thresholds; do not rank only relative to the same word other categories.
P2,tree,0.693,,words_before_line,___ LINE,Words that form a familiar English compound when placed before the word line,hard_only,0.97,0.6,hard_only despite high familiarity,"tree forms the familiar compound ""tree line""",Re-evaluate with absolute thresholds; do not rank only relative to the same word other categories.
P2,seat,0.689,,words_after_back,BACK ___,Words that form a familiar English compound when placed after the word back,hard_only,0.97,0.6,hard_only despite high familiarity,"seat forms the familiar compound ""back seat""",Re-evaluate with absolute thresholds; do not rank only relative to the same word other categories.
P2,ring,0.687,,words_before_side,___ SIDE,Words that form a familiar English compound when placed before the word side,hard_only,0.97,0.6,hard_only despite high familiarity,"ring forms the familiar compound ""ringside""",Re-evaluate with absolute thresholds; do not rank only relative to the same word other categories.
P2,Mike,0.686,,alphabet_code,RADIO ALPHABET,Code words used to spell letters over a radio,hard_only,0.97,0.6,hard_only despite high familiarity,Mike is a code word for a letter of the alphabet,Re-evaluate with absolute thresholds; do not rank only relative to the same word other categories.
P2,setting,0.681,,gem_cuts,GEM CUTS,Words used to describe cut and set gemstones,hard_only,0.97,0.6,hard_only despite high familiarity,Setting describes a cut or setting of a gemstone,Re-evaluate with absolute thresholds; do not rank only relative to the same word other categories.
P2,balance,0.68,,accounting_words,ACCOUNTING WORDS,Words used in bookkeeping and accounting,hard_only,0.97,0.6,hard_only despite high familiarity,Balance is used in bookkeeping,Re-evaluate with absolute thresholds; do not rank only relative to the same word other categories.
P2,dress,0.68,,words_after_head,HEAD ___,Words that form a familiar English compound when placed after the word head,hard_only,0.97,0.6,hard_only despite high familiarity,"dress forms the familiar compound ""head dress""",Re-evaluate with absolute thresholds; do not rank only relative to the same word other categories.
P2,net,0.68,,words_before_work,___ WORK,Words that form a familiar English compound when placed before the word work,hard_only,0.97,0.6,hard_only despite high familiarity,"net forms the familiar compound ""net work""",Re-evaluate with absolute thresholds; do not rank only relative to the same word other categories.
P2,fly,0.679,fly_insect,words_after_horse,HORSE ___,Words that form a familiar English compound when placed after the word horse,hard_only,0.97,0.6,hard_only despite high familiarity,"fly forms the familiar compound ""horse fly""",Re-evaluate with absolute thresholds; do not rank only relative to the same word other categories.
P2,arm,0.676,,words_after_fire,FIRE ___,Words that form a familiar English compound when placed after the word fire,hard_only,0.97,0.6,hard_only despite high familiarity,"arm forms the familiar compound ""fire arm""",Re-evaluate with absolute thresholds; do not rank only relative to the same word other categories.
P2,valley,0.674,,roofing_words,ROOFING WORDS,Things used in roofing a house,hard_only,0.97,0.6,hard_only despite high familiarity,Valley is used in roofing a house,Re-evaluate with absolute thresholds; do not rank only relative to the same word other categories.
P2,picked,0.674,,words_after_hand,HAND ___,Words that form a familiar English compound when placed after the word hand,hard_only,0.97,0.6,hard_only despite high familiarity,"picked forms the familiar compound ""hand picked""",Re-evaluate with absolute thresholds; do not rank only relative to the same word other categories.
P2,joint,0.673,,masonry_words,MASONRY WORDS,Things a mason works with,hard_only,0.97,0.6,hard_only despite high familiarity,Joint is something a mason works with,Re-evaluate with absolute thresholds; do not rank only relative to the same word other categories.
P2,boat,0.673,,words_before_house,___ HOUSE,Words that form a familiar English compound when placed before the word house,hard_only,0.97,0.6,hard_only despite high familiarity,"boat forms the familiar compound ""boat house""",Re-evaluate with absolute thresholds; do not rank only relative to the same word other categories.
P2,proof,0.671,,words_after_fire,FIRE ___,Words that form a familiar English compound when placed after the word fire,hard_only,0.97,0.6,hard_only despite high familiarity,"proof forms the familiar compound ""fire proof""",Re-evaluate with absolute thresholds; do not rank only relative to the same word other categories.
P2,proof,0.671,,words_after_water,WATER ___,Words that form a familiar English compound when placed after the word water,hard_only,0.97,0.6,hard_only despite high familiarity,"proof forms the familiar compound ""water proof""",Re-evaluate with absolute thresholds; do not rank only relative to the same word other categories.
P2,white balance,0.67,,photography_terms,CAMERA SETTINGS,Settings and controls on a camera,hard_only,0.97,0.6,hard_only despite high familiarity,White balance is a camera setting or control,Re-evaluate with absolute thresholds; do not rank only relative to the same word other categories.
P2,jersey,0.666,,cattle_and_farm_breeds,FARM BREEDS,"Breeds of cattle, sheep and pigs raised on farms",hard_only,0.97,0.6,hard_only despite high familiarity,Jersey is a farm animal breed,Re-evaluate with absolute thresholds; do not rank only relative to the same word other categories.
P2,storm,0.666,,words_after_fire,FIRE ___,Words that form a familiar English compound when placed after the word fire,hard_only,0.97,0.6,hard_only despite high familiarity,"storm forms the familiar compound ""fire storm""",Re-evaluate with absolute thresholds; do not rank only relative to the same word other categories.
P2,lights,0.663,,words_after_foot,FOOT ___,Words that form a familiar English compound when placed after the word foot,hard_only,0.97,0.6,hard_only despite high familiarity,"lights forms the familiar compound ""foot lights""",Re-evaluate with absolute thresholds; do not rank only relative to the same word other categories.
P2,Golf,0.651,,alphabet_code,RADIO ALPHABET,Code words used to spell letters over a radio,hard_only,0.97,0.6,hard_only despite high familiarity,Golf is a code word for a letter of the alphabet,Re-evaluate with absolute thresholds; do not rank only relative to the same word other categories.
P2,tip,0.65,tip_point,welding_words,WELDING WORDS,Things used in welding metal,hard_only,0.97,0.6,hard_only despite high familiarity,Tip is used in welding metal,Re-evaluate with absolute thresholds; do not rank only relative to the same word other categories.
P2,battery,0.646,,things_that_shrink,SHRINKING THINGS,Things that get smaller over time or with heat,hard_only,0.97,0.6,hard_only despite high familiarity,Battery gets smaller over time,Re-evaluate with absolute thresholds; do not rank only relative to the same word other categories.
P2,miller,0.643,,historic_jobs,BYGONE JOBS,Jobs that were common in the past but are rare today,hard_only,0.97,0.6,hard_only despite high familiarity,Miller was a common job in the past,Re-evaluate with absolute thresholds; do not rank only relative to the same word other categories.
P2,tower,0.643,,words_after_water,WATER ___,Words that form a familiar English compound when placed after the word water,hard_only,0.97,0.6,hard_only despite high familiarity,"tower forms the familiar compound ""water tower""",Re-evaluate with absolute thresholds; do not rank only relative to the same word other categories.
P2,pride,0.641,,animal_groups,ANIMAL GROUPS,Collective nouns for groups of animals,hard_only,0.97,0.6,hard_only despite high familiarity,Pride is the word for a group of animals,Re-evaluate with absolute thresholds; do not rank only relative to the same word other categories.
P2,depth of field,0.639,,photography_terms,CAMERA SETTINGS,Settings and controls on a camera,hard_only,0.97,0.6,hard_only despite high familiarity,Depth of field is a camera setting or control,Re-evaluate with absolute thresholds; do not rank only relative to the same word other categories.
P2,bone,0.639,,words_after_back,BACK ___,Words that form a familiar English compound when placed after the word back,hard_only,0.97,0.6,hard_only despite high familiarity,"bone forms the familiar compound ""back bone""",Re-evaluate with absolute thresholds; do not rank only relative to the same word other categories.
P2,princess cut,0.636,,gem_cuts,GEM CUTS,Words used to describe cut and set gemstones,hard_only,0.97,0.6,hard_only despite high familiarity,Princess cut describes a cut or setting of a gemstone,Re-evaluate with absolute thresholds; do not rank only relative to the same word other categories.
P2,angel,0.636,,words_before_fish,___ FISH,Words that form a familiar English compound when placed before the word fish,hard_only,0.97,0.6,hard_only despite high familiarity,"angel forms the familiar compound ""angelfish""",Re-evaluate with absolute thresholds; do not rank only relative to the same word other categories.
P2,savings,0.634,,things_that_shrink,SHRINKING THINGS,Things that get smaller over time or with heat,hard_only,0.97,0.6,hard_only despite high familiarity,Savings gets smaller over time,Re-evaluate with absolute thresholds; do not rank only relative to the same word other categories.
P2,sand,0.634,,words_before_paper,___ PAPER,Words that form a familiar English compound when placed before the word paper,hard_only,0.97,0.6,hard_only despite high familiarity,"sand forms the familiar compound ""sand paper""",Re-evaluate with absolute thresholds; do not rank only relative to the same word other categories.
P2,Charlie,0.633,,alphabet_code,RADIO ALPHABET,Code words used to spell letters over a radio,hard_only,0.97,0.6,hard_only despite high familiarity,Charlie is a code word for a letter of the alphabet,Re-evaluate with absolute thresholds; do not rank only relative to the same word other categories.
P2,rail,0.63,,words_after_hand,HAND ___,Words that form a familiar English compound when placed after the word hand,hard_only,0.97,0.6,hard_only despite high familiarity,"rail forms the familiar compound ""hand rail""",Re-evaluate with absolute thresholds; do not rank only relative to the same word other categories.
P2,ward,0.624,,words_after_back,BACK ___,Words that form a familiar English compound when placed after the word back,hard_only,0.97,0.6,hard_only despite high familiarity,"ward forms the familiar compound ""back ward""",Re-evaluate with absolute thresholds; do not rank only relative to the same word other categories.
P2,sword,0.624,,words_before_fish,___ FISH,Words that form a familiar English compound when placed before the word fish,hard_only,0.97,0.6,hard_only despite high familiarity,"sword forms the familiar compound ""swordfish""",Re-evaluate with absolute thresholds; do not rank only relative to the same word other categories.
P2,boom,0.619,,sailing_terms,SAILING TERMS,Terms used when sailing a boat,hard_only,0.97,0.6,hard_only despite high familiarity,Boom is a term used when sailing,Re-evaluate with absolute thresholds; do not rank only relative to the same word other categories.
P2,boom,0.619,,sailing_words,SAILING WORDS,Words used aboard a sailing boat,hard_only,0.97,0.6,hard_only despite high familiarity,Boom is a word used aboard a sailing boat,Re-evaluate with absolute thresholds; do not rank only relative to the same word other categories.
P2,versus,0.617,,latin_phrases,LATIN PHRASES,Latin phrases used in everyday English,hard_only,0.97,0.6,hard_only despite high familiarity,Versus is a Latin phrase used in English,Re-evaluate with absolute thresholds; do not rank only relative to the same word other categories.
P2,punch,0.617,punch_hit,words_before_line,___ LINE,Words that form a familiar English compound when placed before the word line,hard_only,0.97,0.6,hard_only despite high familiarity,"punch forms the familiar compound ""punch line""",Re-evaluate with absolute thresholds; do not rank only relative to the same word other categories.
P2,Oscar,0.616,,alphabet_code,RADIO ALPHABET,Code words used to spell letters over a radio,hard_only,0.97,0.6,hard_only despite high familiarity,Oscar is a code word for a letter of the alphabet,Re-evaluate with absolute thresholds; do not rank only relative to the same word other categories.
P2,grave,0.616,,music_tempo_terms,TEMPO TERMS,Italian words used to mark tempo in music,hard_only,0.97,0.6,hard_only despite high familiarity,Grave is an Italian word used to mark tempo in music,Re-evaluate with absolute thresholds; do not rank only relative to the same word other categories.
P2,piano,0.616,,music_tempo_terms,TEMPO TERMS,Italian words used to mark tempo in music,hard_only,0.97,0.6,hard_only despite high familiarity,Piano is an Italian word used to mark tempo in music,Re-evaluate with absolute thresholds; do not rank only relative to the same word other categories.
P2,agenda,0.614,,latin_phrases,LATIN PHRASES,Latin phrases used in everyday English,hard_only,0.97,0.6,hard_only despite high familiarity,Agenda is a Latin phrase used in English,Re-evaluate with absolute thresholds; do not rank only relative to the same word other categories.
P2,filter,0.611,,words_before_paper,___ PAPER,Words that form a familiar English compound when placed before the word paper,hard_only,0.97,0.6,hard_only despite high familiarity,"filter forms the familiar compound ""filter paper""",Re-evaluate with absolute thresholds; do not rank only relative to the same word other categories.
P2,cooper,0.609,,historic_jobs,BYGONE JOBS,Jobs that were common in the past but are rare today,hard_only,0.97,0.6,hard_only despite high familiarity,Cooper was a common job in the past,Re-evaluate with absolute thresholds; do not rank only relative to the same word other categories.
P2,per se,0.609,,latin_phrases,LATIN PHRASES,Latin phrases used in everyday English,hard_only,0.97,0.6,hard_only despite high familiarity,Per se is a Latin phrase used in English,Re-evaluate with absolute thresholds; do not rank only relative to the same word other categories.
P2,deposit,0.606,,erosion_words,EROSION WORDS,Ways water shapes the land over time,hard_only,0.97,0.6,hard_only despite high familiarity,Deposit is a way water shapes the land,Re-evaluate with absolute thresholds; do not rank only relative to the same word other categories.
P2,shoe,0.606,,words_after_horse,HORSE ___,Words that form a familiar English compound when placed after the word horse,hard_only,0.97,0.6,hard_only despite high familiarity,"shoe forms the familiar compound ""horse shoe""",Re-evaluate with absolute thresholds; do not rank only relative to the same word other categories.
P2,snake,0.604,,spotted_and_striped,STRIPED ANIMALS,Animals whose coat has clear stripes,hard_only,0.97,0.6,hard_only despite high familiarity,Snake has a striped coat,Re-evaluate with absolute thresholds; do not rank only relative to the same word other categories.
P2,quarters,0.604,,words_after_head,HEAD ___,Words that form a familiar English compound when placed after the word head,hard_only,0.97,0.6,hard_only despite high familiarity,"quarters forms the familiar compound ""head quarters""",Re-evaluate with absolute thresholds; do not rank only relative to the same word other categories.
P2,arc,0.601,,welding_words,WELDING WORDS,Things used in welding metal,hard_only,0.97,0.6,hard_only despite high familiarity,Arc is used in welding metal,Re-evaluate with absolute thresholds; do not rank only relative to the same word other categories.
P2,bug,0.6,,programming_words,PROGRAMMING WORDS,Words used when writing computer programs,hard_only,0.97,0.6,hard_only despite high familiarity,Bug is used when writing computer programs,Re-evaluate with absolute thresholds; do not rank only relative to the same word other categories.
P2,home,0.83,,words_before_ground,___ GROUND,Words that form a familiar English compound when placed before the word ground,hard_only,0.97,0.58,hard_only despite high familiarity,"home forms the familiar compound ""home ground""",Re-evaluate with absolute thresholds; do not rank only relative to the same word other categories.
P2,high,0.821,,words_before_ground,___ GROUND,Words that form a familiar English compound when placed before the word ground,hard_only,0.97,0.58,hard_only despite high familiarity,"high forms the familiar compound ""high ground""",Re-evaluate with absolute thresholds; do not rank only relative to the same word other categories.
P2,under,0.819,,words_before_ground,___ GROUND,Words that form a familiar English compound when placed before the word ground,hard_only,0.97,0.58,hard_only despite high familiarity,"under forms the familiar compound ""under ground""",Re-evaluate with absolute thresholds; do not rank only relative to the same word other categories.
P2,battle,0.706,,words_before_ground,___ GROUND,Words that form a familiar English compound when placed before the word ground,hard_only,0.97,0.58,hard_only despite high familiarity,"battle forms the familiar compound ""battle ground""",Re-evaluate with absolute thresholds; do not rank only relative to the same word other categories.
P2,camp,0.684,,words_before_ground,___ GROUND,Words that form a familiar English compound when placed before the word ground,hard_only,0.97,0.58,hard_only despite high familiarity,"camp forms the familiar compound ""camp ground""",Re-evaluate with absolute thresholds; do not rank only relative to the same word other categories.
P2,head,0.787,head_body,words_before_master,___ MASTER,Words that form a familiar English compound when placed before the word master,hard_only,0.97,0.55,hard_only despite high familiarity,"head forms the familiar compound ""headmaster""",Re-evaluate with absolute thresholds; do not rank only relative to the same word other categories.
P2,post,0.776,post_mail,words_before_master,___ MASTER,Words that form a familiar English compound when placed before the word master,hard_only,0.97,0.55,hard_only despite high familiarity,"post forms the familiar compound ""postmaster""",Re-evaluate with absolute thresholds; do not rank only relative to the same word other categories.
P2,cut,0.749,,card_tricks,CARD TRICKS,Terms used in performing card tricks,hard_only,0.97,0.55,hard_only despite high familiarity,Cut is a term used in card tricks,Re-evaluate with absolute thresholds; do not rank only relative to the same word other categories.
P2,key,0.731,,words_before_stone,___ STONE,Words that form a familiar English compound when placed before the word stone,hard_only,0.97,0.55,hard_only despite high familiarity,"key forms the familiar compound ""key stone""",Re-evaluate with absolute thresholds; do not rank only relative to the same word other categories.
P2,pass,0.721,,card_tricks,CARD TRICKS,Terms used in performing card tricks,hard_only,0.97,0.55,hard_only despite high familiarity,Pass is a term used in card tricks,Re-evaluate with absolute thresholds; do not rank only relative to the same word other categories.
P2,station,0.716,station_place,words_before_master,___ MASTER,Words that form a familiar English compound when placed before the word master,hard_only,0.97,0.55,hard_only despite high familiarity,"station forms the familiar compound ""stationmaster""",Re-evaluate with absolute thresholds; do not rank only relative to the same word other categories.
P2,leading,0.714,,printing_and_type,TYPOGRAPHY WORDS,Words used to describe printed type,hard_only,0.97,0.55,hard_only despite high familiarity,Leading describes printed type,Re-evaluate with absolute thresholds; do not rank only relative to the same word other categories.
P2,point size,0.713,,printing_and_type,TYPOGRAPHY WORDS,Words used to describe printed type,hard_only,0.97,0.55,hard_only despite high familiarity,Point size describes printed type,Re-evaluate with absolute thresholds; do not rank only relative to the same word other categories.
P2,grand,0.701,,words_before_master,___ MASTER,Words that form a familiar English compound when placed before the word master,hard_only,0.97,0.55,hard_only despite high familiarity,"grand forms the familiar compound ""grandmaster""",Re-evaluate with absolute thresholds; do not rank only relative to the same word other categories.
P2,spread,0.687,,card_tricks,CARD TRICKS,Terms used in performing card tricks,hard_only,0.97,0.55,hard_only despite high familiarity,Spread is a term used in card tricks,Re-evaluate with absolute thresholds; do not rank only relative to the same word other categories.
P2,ring,0.687,,juggling_words,JUGGLING WORDS,Words used in juggling,hard_only,0.97,0.55,hard_only despite high familiarity,Ring is used in juggling,Re-evaluate with absolute thresholds; do not rank only relative to the same word other categories.
P2,ring,0.687,,words_before_master,___ MASTER,Words that form a familiar English compound when placed before the word master,hard_only,0.97,0.55,hard_only despite high familiarity,"ring forms the familiar compound ""ringmaster""",Re-evaluate with absolute thresholds; do not rank only relative to the same word other categories.
P2,web,0.677,,words_before_master,___ MASTER,Words that form a familiar English compound when placed before the word master,hard_only,0.97,0.55,hard_only despite high familiarity,"web forms the familiar compound ""webmaster""",Re-evaluate with absolute thresholds; do not rank only relative to the same word other categories.
P2,moon,0.671,,words_before_stone,___ STONE,Words that form a familiar English compound when placed before the word stone,hard_only,0.97,0.55,hard_only despite high familiarity,"moon forms the familiar compound ""moon stone""",Re-evaluate with absolute thresholds; do not rank only relative to the same word other categories.
P2,mile,0.656,,words_before_stone,___ STONE,Words that form a familiar English compound when placed before the word stone,hard_only,0.97,0.55,hard_only despite high familiarity,"mile forms the familiar compound ""mile stone""",Re-evaluate with absolute thresholds; do not rank only relative to the same word other categories.
P2,flag,0.654,,words_before_stone,___ STONE,Words that form a familiar English compound when placed before the word stone,hard_only,0.97,0.55,hard_only despite high familiarity,"flag forms the familiar compound ""flag stone""",Re-evaluate with absolute thresholds; do not rank only relative to the same word other categories.
P2,pattern,0.651,,juggling_words,JUGGLING WORDS,Words used in juggling,hard_only,0.97,0.55,hard_only despite high familiarity,Pattern is used in juggling,Re-evaluate with absolute thresholds; do not rank only relative to the same word other categories.
P2,flash,0.636,,juggling_words,JUGGLING WORDS,Words used in juggling,hard_only,0.97,0.55,hard_only despite high familiarity,Flash is used in juggling,Re-evaluate with absolute thresholds; do not rank only relative to the same word other categories.
P2,sand,0.634,,words_before_stone,___ STONE,Words that form a familiar English compound when placed before the word stone,hard_only,0.97,0.55,hard_only despite high familiarity,"sand forms the familiar compound ""sand stone""",Re-evaluate with absolute thresholds; do not rank only relative to the same word other categories.
P2,reveal,0.633,,card_tricks,CARD TRICKS,Terms used in performing card tricks,hard_only,0.97,0.55,hard_only despite high familiarity,Reveal is a term used in card tricks,Re-evaluate with absolute thresholds; do not rank only relative to the same word other categories.
P2,pitch,0.633,,pine_and_cones,CONIFER WORDS,Words about pine trees and their cones,hard_only,0.97,0.55,hard_only despite high familiarity,Pitch has to do with pine trees,Re-evaluate with absolute thresholds; do not rank only relative to the same word other categories.
P2,double lift,0.626,,card_tricks,CARD TRICKS,Terms used in performing card tricks,hard_only,0.97,0.55,hard_only despite high familiarity,Double lift is a term used in card tricks,Re-evaluate with absolute thresholds; do not rank only relative to the same word other categories.
P2,column,0.619,,printing_and_type,TYPOGRAPHY WORDS,Words used to describe printed type,hard_only,0.97,0.55,hard_only despite high familiarity,Column describes printed type,Re-evaluate with absolute thresholds; do not rank only relative to the same word other categories.
P2,margin,0.61,,printing_and_type,TYPOGRAPHY WORDS,Words used to describe printed type,hard_only,0.97,0.55,hard_only despite high familiarity,Margin describes printed type,Re-evaluate with absolute thresholds; do not rank only relative to the same word other categories.
P2,spy,0.606,,words_before_master,___ MASTER,Words that form a familiar English compound when placed before the word master,hard_only,0.97,0.55,hard_only despite high familiarity,"spy forms the familiar compound ""spymaster""",Re-evaluate with absolute thresholds; do not rank only relative to the same word other categories.
P2,palm,0.604,,card_tricks,CARD TRICKS,Terms used in performing card tricks,hard_only,0.97,0.55,hard_only despite high familiarity,Palm is a term used in card tricks,Re-evaluate with absolute thresholds; do not rank only relative to the same word other categories.
P2,key,0.731,key_lock,bedroom_things,BEDROOM THINGS,Objects normally found in a bedroom,hard_only,0.6,0.3,hard_only despite high familiarity,House keys are usually left on the nightstand,Re-evaluate with absolute thresholds; do not rank only relative to the same word other categories.
P2,ticket,0.659,ticket_order,kitchen_brigade,KITCHEN SLANG,Terms used in a restaurant kitchen,hard_only,0.97,0.3,hard_only despite high familiarity,Ticket is a term used in a restaurant kitchen,Re-evaluate with absolute thresholds; do not rank only relative to the same word other categories.
P2,pitch,0.633,pitch_tar,sticky_things,STICKY THINGS,Substances that stick to whatever they touch,hard_only,0.9,0.3,hard_only despite high familiarity,Pitch is the thick sticky tar used to seal boats,Re-evaluate with absolute thresholds; do not rank only relative to the same word other categories.
P2,watch,0.763,watch_warning,weather_forecast_terms,FORECAST TERMS,Terms used in a weather forecast,hard_only,0.97,0.25,hard_only despite high familiarity,Watch is used in a weather forecast,Re-evaluate with absolute thresholds; do not rank only relative to the same word other categories.
P2,club,0.743,club_stick,gym_equipment,GYM EQUIPMENT,Equipment used for exercise in a fitness gym,hard_only,0.7,0.25,hard_only despite high familiarity,An Indian club is a weighted stick swung for exercise,Re-evaluate with absolute thresholds; do not rank only relative to the same word other categories.
P2,screen,0.693,screen_basketball,basketball_words,BASKETBALL WORDS,Words used to describe plays and roles in basketball,hard_only,0.97,0.25,hard_only despite high familiarity,Screen is a word used in a basketball game,Re-evaluate with absolute thresholds; do not rank only relative to the same word other categories.
P2,bridge,0.681,bridge_move,wrestling_words,WRESTLING WORDS,Words used in wrestling,hard_only,0.97,0.25,hard_only despite high familiarity,Bridge is used in wrestling,Re-evaluate with absolute thresholds; do not rank only relative to the same word other categories.
P2,bridge,0.681,bridge_move,yoga_poses,YOGA POSES,Named poses used in yoga,hard_only,0.97,0.25,hard_only despite high familiarity,Bridge is a yoga pose,Re-evaluate with absolute thresholds; do not rank only relative to the same word other categories.
P2,wave,0.66,wave_dance,dance_moves,DANCE MOVES,Named dance moves,hard_only,0.97,0.25,hard_only despite high familiarity,Wave is a named dance move,Re-evaluate with absolute thresholds; do not rank only relative to the same word other categories.
P2,hook,0.624,hook_crochet,knitting_words,KNITTING WORDS,Things used in knitting and crochet,hard_only,0.97,0.25,hard_only despite high familiarity,Hook is used in knitting or crochet,Re-evaluate with absolute thresholds; do not rank only relative to the same word other categories.
P2,monitor,0.624,monitor_lizard,lizards,LIZARDS,Kinds of lizard,hard_only,0.97,0.25,hard_only despite high familiarity,Monitor is a kind of lizard,Re-evaluate with absolute thresholds; do not rank only relative to the same word other categories.
P2,monitor,0.624,monitor_lizard,reptiles,REPTILES,Cold-blooded scaly animals classed as reptiles,hard_only,0.97,0.25,hard_only despite high familiarity,Monitor is a reptile,Re-evaluate with absolute thresholds; do not rank only relative to the same word other categories.
P2,bow,0.614,bow_ship,sailing_words,SAILING WORDS,Words used aboard a sailing boat,hard_only,0.97,0.25,hard_only despite high familiarity,Bow is a word used aboard a sailing boat,Re-evaluate with absolute thresholds; do not rank only relative to the same word other categories.
P2,bow,0.614,bow_arc,words_after_rain,RAIN ___,Words that form a familiar English compound when placed after the word rain,hard_only,0.97,0.25,hard_only despite high familiarity,"bow forms the familiar compound ""rain bow""",Re-evaluate with absolute thresholds; do not rank only relative to the same word other categories.
