quartet_key,category_key,label,rule,tier,review_state,solver_state,difficulty,words
animal_actions__1,animal_actions,ANIMAL ACTIONS,Actions typical of animals rather than people,normal,auto_validated,unique,0.28,nest | hunt | hatch | shed
animal_actions__2,animal_actions,ANIMAL ACTIONS,Actions typical of animals rather than people,normal,auto_validated,unique,0.315,migrate | burrow | spawn | perch
animal_actions__3,animal_actions,ANIMAL ACTIONS,Actions typical of animals rather than people,normal,auto_validated,unique,0.327,graze | roost | forage | pounce
building_actions__1,building_actions,BUILDING ACTIONS,Actions done when building or repairing something,normal,auto_validated,unique,0.222,saw | paint | measure | level
building_actions__2,building_actions,BUILDING ACTIONS,Actions done when building or repairing something,normal,auto_validated,unique,0.239,nail | sand | screw | mount
building_actions__3,building_actions,BUILDING ACTIONS,Actions done when building or repairing something,normal,auto_validated,unique,0.248,drill | hammer | bolt | install
carrying_actions__1,carrying_actions,CARRYING ACTIONS,Ways of carrying or moving an object,normal,auto_validated,unique,0.263,push | pull | carry | transport
carrying_actions__2,carrying_actions,CARRYING ACTIONS,Ways of carrying or moving an object,normal,auto_validated,unique,0.279,slide | lift | drag | load
carrying_actions__3,carrying_actions,CARRYING ACTIONS,Ways of carrying or moving an object,normal,auto_validated,unique,0.304,toss | haul | tow | shove
cleaning_actions__1,cleaning_actions,CLEANING ACTIONS,Actions done when cleaning something,normal,auto_validated,unique,0.228,polish | wash | dust | dry
cleaning_actions__2,cleaning_actions,CLEANING ACTIONS,Actions done when cleaning something,normal,auto_validated,unique,0.244,wipe | sweep | vacuum | shine
cleaning_actions__3,cleaning_actions,CLEANING ACTIONS,Actions done when cleaning something,normal,auto_validated,unique,0.266,scrub | mop | rinse | tidy
cooking_actions__1,cooking_actions,COOKING ACTIONS,Verbs describing something a cook does to food,normal,auto_validated,unique,0.201,stir | slice | steam | drain
cooking_actions__2,cooking_actions,COOKING ACTIONS,Verbs describing something a cook does to food,normal,auto_validated,unique,0.21,fry | bake | blend | toss
cooking_actions__3,cooking_actions,COOKING ACTIONS,Verbs describing something a cook does to food,normal,auto_validated,unique,0.213,boil | grill | roast | peel
destroying_actions__1,destroying_actions,BREAKING ACTIONS,Actions that damage or destroy something,normal,auto_validated,unique,0.274,break | tear | rip | split
destroying_actions__2,destroying_actions,BREAKING ACTIONS,Actions that damage or destroy something,normal,auto_validated,unique,0.289,smash | crush | snap | burst
destroying_actions__3,destroying_actions,BREAKING ACTIONS,Actions that damage or destroy something,normal,auto_validated,unique,0.317,squash | crumble | dent | shred
driving_actions__1,driving_actions,DRIVING ACTIONS,Actions done while driving a car,normal,auto_validated,unique,0.222,park | shift | reverse | signal
driving_actions__2,driving_actions,DRIVING ACTIONS,Actions done while driving a car,normal,auto_validated,unique,0.245,stall | brake | yield | cruise
driving_actions__3,driving_actions,DRIVING ACTIONS,Actions done while driving a car,normal,auto_validated,unique,0.259,steer | accelerate | merge | idle
eating_actions__1,eating_actions,EATING ACTIONS,Actions done while eating or drinking,normal,auto_validated,unique,0.228,bite | taste | drink | feast
eating_actions__2,eating_actions,EATING ACTIONS,Actions done while eating or drinking,normal,auto_validated,unique,0.255,swallow | sip | lick | snack
eating_actions__3,eating_actions,EATING ACTIONS,Actions done while eating or drinking,normal,auto_validated,unique,0.279,chew | gulp | munch | devour
garden_actions__1,garden_actions,GARDEN ACTIONS,Actions done while gardening,normal,auto_validated,unique,0.262,plant | water | weed | seed
garden_actions__2,garden_actions,GARDEN ACTIONS,Actions done while gardening,normal,auto_validated,unique,0.288,trim | dig | harvest | transplant
garden_actions__3,garden_actions,GARDEN ACTIONS,Actions done while gardening,normal,auto_validated,unique,0.317,sow | rake | mow | compost
giving_and_taking__1,giving_and_taking,GIVING AND TAKING,Verbs about transferring something to or from someone,normal,auto_validated,unique,0.259,hand | give | offer | buy
giving_and_taking__2,giving_and_taking,GIVING AND TAKING,Verbs about transferring something to or from someone,normal,auto_validated,unique,0.259,take | share | return | sell
giving_and_taking__3,giving_and_taking,GIVING AND TAKING,Verbs about transferring something to or from someone,normal,auto_validated,unique,0.269,receive | trade | deliver | collect
hand_actions__1,hand_actions,HAND ACTIONS,Actions performed with the hands,normal,auto_validated,unique,0.216,point | hold | catch | write
hand_actions__2,hand_actions,HAND ACTIONS,Actions performed with the hands,normal,auto_validated,unique,0.221,wave | push | pull | throw
hand_actions__3,hand_actions,HAND ACTIONS,Actions performed with the hands,normal,auto_validated,unique,0.237,tap | grab | knock | shake
joining_actions__1,joining_actions,JOINING ACTIONS,Actions that join two things together,normal,auto_validated,unique,0.277,link | tie | button | tape
joining_actions__2,joining_actions,JOINING ACTIONS,Actions that join two things together,normal,auto_validated,unique,0.305,glue | clip | zip | attach
joining_actions__3,joining_actions,JOINING ACTIONS,Actions that join two things together,normal,auto_validated,unique,0.314,staple | knot | bind | stitch
money_actions__1,money_actions,MONEY ACTIONS,Actions people do with money,normal,auto_validated,unique,0.21,bill | spend | save | pay
money_actions__2,money_actions,MONEY ACTIONS,Actions people do with money,normal,auto_validated,unique,0.225,tip | earn | invest | budget
money_actions__3,money_actions,MONEY ACTIONS,Actions people do with money,normal,auto_validated,unique,0.242,donate | owe | withdraw | deposit
opening_actions__1,opening_actions,OPENING ACTIONS,Actions that open or uncover something,normal,auto_validated,unique,0.278,lift | open | unlock | reveal
opening_actions__2,opening_actions,OPENING ACTIONS,Actions that open or uncover something,normal,auto_validated,unique,0.318,peel | pry | unfold | uncover
opening_actions__3,opening_actions,OPENING ACTIONS,Actions that open or uncover something,normal,auto_validated,unique,0.359,unwrap | unzip | unscrew | unroll
quiet_actions__1,quiet_actions,SILENT ACTIONS,Actions that make almost no noise,normal,auto_validated,unique,0.317,think | read | sleep | smile
quiet_actions__2,quiet_actions,SILENT ACTIONS,Actions that make almost no noise,normal,auto_validated,unique,0.351,stare | nod | sneak | breathe
quiet_actions__3,quiet_actions,SILENT ACTIONS,Actions that make almost no noise,normal,auto_validated,unique,0.368,whisper | wink | glide | blink
school_actions__1,school_actions,SCHOOL ACTIONS,Actions done at school,normal,auto_validated,unique,0.21,learn | read | review | research
school_actions__2,school_actions,SCHOOL ACTIONS,Actions done at school,normal,auto_validated,unique,0.213,write | study | teach | grade
school_actions__3,school_actions,SCHOOL ACTIONS,Actions done at school,normal,auto_validated,unique,0.243,spell | quiz | submit | calculate
sleeping_actions__1,sleeping_actions,SLEEP ACTIONS,Things a person does while sleeping or falling asleep,normal,auto_validated,unique,0.256,rest | dream | turn | stretch
sleeping_actions__2,sleeping_actions,SLEEP ACTIONS,Things a person does while sleeping or falling asleep,normal,auto_validated,unique,0.299,toss | nap | drift off | slumber
sports_actions__1,sports_actions,SPORTS ACTIONS,Actions done while playing sports,normal,auto_validated,unique,0.211,score | catch | serve | pass
sports_actions__2,sports_actions,SPORTS ACTIONS,Actions done while playing sports,normal,auto_validated,unique,0.219,pitch | throw | kick | shoot
sports_actions__3,sports_actions,SPORTS ACTIONS,Actions done while playing sports,normal,auto_validated,unique,0.241,dive | tackle | swing | spike
thinking_actions__1,thinking_actions,THINKING ACTIONS,Verbs for mental activity,normal,auto_validated,unique,0.25,focus | forget | doubt | consider
thinking_actions__2,thinking_actions,THINKING ACTIONS,Verbs for mental activity,normal,auto_validated,unique,0.25,imagine | guess | learn | judge
thinking_actions__3,thinking_actions,THINKING ACTIONS,Verbs for mental activity,normal,auto_validated,unique,0.25,think | remember | plan | wonder
water_actions__1,water_actions,WATER ACTIONS,Actions done in or with water,normal,auto_validated,unique,0.283,sink | swim | wash | flood
water_actions__2,water_actions,WATER ACTIONS,Actions done in or with water,normal,auto_validated,unique,0.291,drain | dive | pour | spray
water_actions__3,water_actions,WATER ACTIONS,Actions done in or with water,normal,auto_validated,unique,0.299,wade | splash | float | spill
ways_of_laughing__1,ways_of_laughing,WAYS OF LAUGHING,Verbs for different kinds of laughing,normal,auto_validated,unique,0.34,laugh | giggle | chuckle | roar
ways_of_laughing__2,ways_of_laughing,WAYS OF LAUGHING,Verbs for different kinds of laughing,normal,auto_validated,unique,0.383,snicker | cackle | howl | snort
ways_of_looking__1,ways_of_looking,WAYS OF LOOKING,Verbs describing a way of looking at something,normal,auto_validated,unique,0.276,watch | peer | spy | survey
ways_of_looking__2,ways_of_looking,WAYS OF LOOKING,Verbs describing a way of looking at something,normal,auto_validated,unique,0.296,stare | glance | observe | scan
ways_of_looking__3,ways_of_looking,WAYS OF LOOKING,Verbs describing a way of looking at something,normal,auto_validated,unique,0.312,peek | gaze | glare | inspect
ways_of_moving__1,ways_of_moving,WAYS OF MOVING,Verbs describing a way a person moves their body from place to place,normal,auto_validated,unique,0.17,march | walk | run | race
ways_of_moving__2,ways_of_moving,WAYS OF MOVING,Verbs describing a way a person moves their body from place to place,normal,auto_validated,unique,0.183,spring | jump | slide | hop
ways_of_moving__3,ways_of_moving,WAYS OF MOVING,Verbs describing a way a person moves their body from place to place,normal,auto_validated,unique,0.2,dash | skip | swim | climb
ways_of_speaking__1,ways_of_speaking,WAYS OF SPEAKING,Verbs describing a way of saying something aloud,normal,auto_validated,unique,0.242,shout | scream | sing | announce
ways_of_speaking__2,ways_of_speaking,WAYS OF SPEAKING,Verbs describing a way of saying something aloud,normal,auto_validated,unique,0.258,whisper | yell | gossip | declare
ways_of_speaking__3,ways_of_speaking,WAYS OF SPEAKING,Verbs describing a way of saying something aloud,normal,auto_validated,unique,0.279,chant | recite | chatter | growl
weather_actions__1,weather_actions,WEATHER ACTIONS,Verbs describing what weather does,normal,auto_validated,unique,0.258,rain | snow | blow | clear
weather_actions__2,weather_actions,WEATHER ACTIONS,Verbs describing what weather does,normal,auto_validated,unique,0.279,shine | flood | thunder | freeze
weather_actions__3,weather_actions,WEATHER ACTIONS,Verbs describing what weather does,normal,auto_validated,unique,0.295,pour | hail | thaw | melt
african_animals__1,african_animals,AFRICAN ANIMALS,Wild animals associated with the African savanna,normal,auto_validated,unique,0.181,leopard | lion | elephant | buffalo
african_animals__2,african_animals,AFRICAN ANIMALS,Wild animals associated with the African savanna,normal,auto_validated,unique,0.204,giraffe | zebra | rhino | crocodile
african_animals__3,african_animals,AFRICAN ANIMALS,Wild animals associated with the African savanna,normal,auto_validated,unique,0.216,vulture | hippo | cheetah | antelope
amphibians_and_bugs__1,amphibians_and_bugs,AMPHIBIANS,Animals that live both in water and on land as amphibians,normal,auto_validated,unique,0.328,frog | toad | tree frog | wood frog
animal_babies__1,animal_babies,BABY ANIMALS,English words for the young of an animal species,normal,auto_validated,unique,0.227,lamb | puppy | chick | kid
animal_babies__2,animal_babies,BABY ANIMALS,English words for the young of an animal species,normal,auto_validated,unique,0.243,calf | fry | joey | bunny
animal_babies__3,animal_babies,BABY ANIMALS,English words for the young of an animal species,normal,auto_validated,unique,0.253,kitten | cub | colt | pup
animal_body_parts__1,animal_body_parts,ANIMAL PARTS,Body parts that animals have but people do not,normal,auto_validated,unique,0.195,trunk | horn | tail | wing
animal_body_parts__2,animal_body_parts,ANIMAL PARTS,Body parts that animals have but people do not,normal,auto_validated,unique,0.223,paw | claw | fin | gill
animal_body_parts__3,animal_body_parts,ANIMAL PARTS,Body parts that animals have but people do not,normal,auto_validated,unique,0.234,mane | beak | fang | hump
animal_coverings__1,animal_coverings,ANIMAL COVERINGS,Things that cover an animal body,normal,auto_validated,unique,0.266,scale | skin | hair | down
animal_coverings__2,animal_coverings,ANIMAL COVERINGS,Things that cover an animal body,normal,auto_validated,unique,0.288,coat | shell | fur | hide
animal_coverings__3,animal_coverings,ANIMAL COVERINGS,Things that cover an animal body,normal,auto_validated,unique,0.313,feather | wool | spine | fleece
animal_groups__1,animal_groups,ANIMAL GROUPS,Collective nouns for groups of animals,normal,auto_validated,unique,0.332,school | pack | pride | drove
animal_groups__2,animal_groups,ANIMAL GROUPS,Collective nouns for groups of animals,normal,auto_validated,unique,0.364,herd | flock | colony | litter
animal_groups__3,animal_groups,ANIMAL GROUPS,Collective nouns for groups of animals,normal,auto_validated,unique,0.376,swarm | pod | troop | brood
animal_homes__1,animal_homes,ANIMAL HOMES,Words for the places animals live in,normal,auto_validated,unique,0.239,stable | web | hole | shell
animal_homes__2,animal_homes,ANIMAL HOMES,Words for the places animals live in,normal,auto_validated,unique,0.252,pen | cave | lodge | warren
animal_homes__3,animal_homes,ANIMAL HOMES,Words for the places animals live in,normal,auto_validated,unique,0.265,mound | nest | den | barn
animal_sounds__1,animal_sounds,ANIMAL SOUNDS,English words for the sound an animal makes,normal,auto_validated,unique,0.249,bark | roar | buzz | tweet
animal_sounds__2,animal_sounds,ANIMAL SOUNDS,English words for the sound an animal makes,normal,auto_validated,unique,0.276,meow | coo | bray | yelp
animal_sounds__3,animal_sounds,ANIMAL SOUNDS,English words for the sound an animal makes,normal,auto_validated,unique,0.281,growl | howl | moo | grunt
animal_verbs__1,animal_verbs,ANIMAL MOVEMENTS,Verbs for the way particular animals move,normal,auto_validated,unique,0.342,swim | hop | leap | soar
animal_verbs__2,animal_verbs,ANIMAL MOVEMENTS,Verbs for the way particular animals move,normal,auto_validated,unique,0.363,dart | crawl | perch | glide
animal_verbs__3,animal_verbs,ANIMAL MOVEMENTS,Verbs for the way particular animals move,normal,auto_validated,unique,0.377,burrow | trot | swoop | flutter
animals_with_shells__1,animals_with_shells,ANIMALS WITH SHELLS,Animals whose body is protected by a hard shell,normal,auto_validated,unique,0.312,crab | lobster | turtle | snail
animals_with_shells__2,animals_with_shells,ANIMALS WITH SHELLS,Animals whose body is protected by a hard shell,normal,auto_validated,unique,0.327,clam | oyster | beetle | tortoise
aquarium_tank__1,aquarium_tank,AQUARIUM,What lives in or belongs to a glass tank of water,normal,auto_validated,unique,,coral | fish | filter | gravel
arctic_animals__1,arctic_animals,ARCTIC ANIMALS,Animals that live in the Arctic north,normal,auto_validated,unique,0.225,seal | polar bear | arctic fox | moose
arctic_animals__2,arctic_animals,ARCTIC ANIMALS,Animals that live in the Arctic north,normal,auto_validated,unique,0.249,reindeer | snowy owl | husky | wolverine
arctic_animals__3,arctic_animals,ARCTIC ANIMALS,Animals that live in the Arctic north,normal,auto_validated,unique,0.262,walrus | orca | caribou | musk ox
birds__1,birds,BIRDS,Bird species an average American can name,normal,auto_validated,unique,0.102,turkey | chicken | robin | blue jay
birds__2,birds,BIRDS,Bird species an average American can name,normal,auto_validated,unique,0.119,crane | cardinal | duck | eagle
cat_things__1,cat_things,CAT THINGS,Something you associate with keeping a cat,normal,auto_validated,unique,0.344,scratch | meow | litter | catnip
dog_breeds__1,dog_breeds,DOG BREEDS,Breeds of domestic dog recognized by an average American,normal,auto_validated,unique,0.239,bulldog | boxer | shepherd | labrador
dog_breeds__2,dog_breeds,DOG BREEDS,Breeds of domestic dog recognized by an average American,normal,auto_validated,unique,0.254,husky | terrier | chihuahua | greyhound
dog_breeds__3,dog_breeds,DOG BREEDS,Breeds of domestic dog recognized by an average American,normal,auto_validated,unique,0.261,poodle | beagle | collie | pug
dog_things__1,dog_things,DOG THINGS,Something you associate with keeping a dog,normal,auto_validated,unique,0.325,kennel | collar | bone | fetch
extinct_animals__1,extinct_animals,EXTINCT ANIMALS,Extinct animals and animal groups people recognize by name,normal,auto_validated,unique,0.276,dinosaur | mammoth | raptor | bones
extinct_animals__2,extinct_animals,EXTINCT ANIMALS,Extinct animals and animal groups people recognize by name,normal,auto_validated,unique,0.311,dodo | saber tooth | tyrannosaurus | mastodon
farm_animals__1,farm_animals,FARM ANIMALS,Animals commonly kept on an ordinary farm,normal,auto_validated,unique,0.071,horse | chicken | cat | dog
farm_animals__2,farm_animals,FARM ANIMALS,Animals commonly kept on an ordinary farm,normal,auto_validated,unique,0.088,turkey | duck | sheep | bull
farm_bird_words__1,farm_bird_words,POULTRY,Birds raised for meat or eggs on a farm,normal,auto_validated,unique,0.286,turkey | duck | chicken | chick
farm_bird_words__2,farm_bird_words,POULTRY,Birds raised for meat or eggs on a farm,normal,auto_validated,unique,0.319,rooster | hen | goose | pigeon
flying_animals__1,flying_animals,FLYING ANIMALS,Animals that can fly under their own power,normal,auto_validated,unique,0.172,bat | duck | robin | eagle
flying_animals__2,flying_animals,FLYING ANIMALS,Animals that can fly under their own power,normal,auto_validated,unique,0.184,goose | owl | bee | butterfly
giant_animals__1,giant_animals,GIANT ANIMALS,An animal known for its very large size,normal,auto_validated,unique,0.25,elephant | giraffe | hippo | moose
horse_words__1,horse_words,HORSE WORDS,Words for kinds of horses and horse gear,normal,auto_validated,unique,0.305,pony | saddle | harness | stable
horse_words__2,horse_words,HORSE WORDS,Words for kinds of horses and horse gear,normal,auto_validated,unique,0.318,groom | colt | mare | jockey
horse_words__3,horse_words,HORSE WORDS,Words for kinds of horses and horse gear,normal,auto_validated,unique,0.332,stallion | mane | trot | reins
insects__1,insects,BUGS,Insects and other small bugs an average person recognizes,normal,auto_validated,unique,0.133,fly | bee | cricket | spider
insects__2,insects,BUGS,Insects and other small bugs an average person recognizes,normal,auto_validated,unique,0.156,tick | ant | butterfly | mosquito
insects__3,insects,BUGS,Insects and other small bugs an average person recognizes,normal,auto_validated,unique,0.169,beetle | moth | flea | roach
jungle_animals__1,jungle_animals,JUNGLE ANIMALS,Animals that live in tropical jungles and rainforests,normal,auto_validated,unique,0.177,snake | monkey | tiger | frog
jungle_animals__2,jungle_animals,JUNGLE ANIMALS,Animals that live in tropical jungles and rainforests,normal,auto_validated,unique,0.196,leopard | gorilla | panther | python
jungle_animals__3,jungle_animals,JUNGLE ANIMALS,Animals that live in tropical jungles and rainforests,normal,auto_validated,unique,0.209,parrot | jaguar | sloth | boa
nocturnal_animals__1,nocturnal_animals,NOCTURNAL ANIMALS,Animals that are active at night and rest during the day,normal,auto_validated,unique,0.299,mouse | cricket | fox | wolf
nocturnal_animals__2,nocturnal_animals,NOCTURNAL ANIMALS,Animals that are active at night and rest during the day,normal,auto_validated,unique,0.323,bat | mole | owl | beaver
nocturnal_animals__3,nocturnal_animals,NOCTURNAL ANIMALS,Animals that are active at night and rest during the day,normal,auto_validated,unique,0.338,moth | badger | cougar | leopard
ocean_animals__1,ocean_animals,OCEAN ANIMALS,Animals that live in the ocean,normal,auto_validated,unique,0.139,seal | whale | shark | turtle
ocean_animals__2,ocean_animals,OCEAN ANIMALS,Animals that live in the ocean,normal,auto_validated,unique,0.151,dolphin | crab | coral | shrimp
pests__1,pests,PESTS,Animals treated as household or garden pests,normal,auto_validated,unique,0.3,mouse | tick | ant | rat
pests__2,pests,PESTS,Animals treated as household or garden pests,normal,auto_validated,unique,0.317,mole | pigeon | mosquito | snail
pet_store__1,pet_store,PET STORE,What a pet store sells or keeps in stock,normal,auto_validated,unique,,leash | cage | pets | birds
pets__1,pets,PETS,Animals commonly kept as household pets in the United States,normal,auto_validated,unique,0.104,mouse | cat | dog | snake
pets__2,pets,PETS,Animals commonly kept as household pets in the United States,normal,auto_validated,unique,0.131,rabbit | turtle | guinea pig | pony
pets__3,pets,PETS,Animals commonly kept as household pets in the United States,normal,auto_validated,unique,0.14,parrot | lizard | fish | bird
pond_animals__1,pond_animals,POND ANIMALS,Animals that live in or around a freshwater pond,normal,auto_validated,unique,0.24,duck | turtle | fish | water bug
pond_animals__2,pond_animals,POND ANIMALS,Animals that live in or around a freshwater pond,normal,auto_validated,unique,0.26,goose | swan | frog | snail
pond_animals__3,pond_animals,POND ANIMALS,Animals that live in or around a freshwater pond,normal,auto_validated,unique,0.275,mosquito | beaver | newt | otter
reptiles__1,reptiles,REPTILES,Cold-blooded scaly animals classed as reptiles,normal,auto_validated,unique,0.226,turtle | snake | lizard | python
reptiles__2,reptiles,REPTILES,Cold-blooded scaly animals classed as reptiles,normal,auto_validated,unique,0.246,crocodile | alligator | cobra | viper
reptiles__3,reptiles,REPTILES,Cold-blooded scaly animals classed as reptiles,normal,auto_validated,unique,0.257,boa | chameleon | tortoise | anaconda
rodents__1,rodents,RODENTS,Small gnawing mammals classed as rodents,normal,auto_validated,unique,0.262,mouse | guinea pig | rat | squirrel
rodents__2,rodents,RODENTS,Small gnawing mammals classed as rodents,normal,auto_validated,unique,0.287,hamster | beaver | groundhog | prairie dog
rodents__3,rodents,RODENTS,Small gnawing mammals classed as rodents,normal,auto_validated,unique,0.311,porcupine | chipmunk | vole | gopher
spotted_and_striped__1,spotted_and_striped,STRIPED ANIMALS,Animals whose coat has clear stripes,normal,auto_validated,unique,0.356,bee | snake | badger | tiger
spotted_and_striped__2,spotted_and_striped,STRIPED ANIMALS,Animals whose coat has clear stripes,normal,auto_validated,unique,0.386,wasp | raccoon | skunk | zebra
wild_cats__1,wild_cats,WILD CATS,Wild members of the cat family,normal,auto_validated,unique,0.224,leopard | tiger | panther | lion
wild_cats__2,wild_cats,WILD CATS,Wild members of the cat family,normal,auto_validated,unique,0.249,cougar | jaguar | cheetah | puma
zoo_animals__1,zoo_animals,ZOO ANIMALS,Animals commonly seen at an American zoo,normal,auto_validated,unique,0.126,seal | tiger | lion | bear
zoo_animals__2,zoo_animals,ZOO ANIMALS,Animals commonly seen at an American zoo,normal,auto_validated,unique,0.146,penguin | monkey | elephant | camel
zoo_animals__3,zoo_animals,ZOO ANIMALS,Animals commonly seen at an American zoo,normal,auto_validated,unique,0.159,gorilla | rhino | kangaroo | panda
animal_names_male_female__1,animal_names_male_female,ANIMAL GENDERS,Words for the male or female of an animal species,normal,auto_validated,unique,0.318,cow | bull | ram | tom
animal_names_male_female__2,animal_names_male_female,ANIMAL GENDERS,Words for the male or female of an animal species,normal,auto_validated,unique,0.336,buck | doe | drake | jenny
animal_names_male_female__3,animal_names_male_female,ANIMAL GENDERS,Words for the male or female of an animal species,normal,auto_validated,unique,0.355,sow | hen | mare | boar
antelope_and_grazers__1,antelope_and_grazers,GRAZING ANIMALS,Animals that graze on grass in herds,normal,auto_validated,unique,0.344,zebra | buffalo | bison | elk
antelope_and_grazers__2,antelope_and_grazers,GRAZING ANIMALS,Animals that graze on grass in herds,normal,auto_validated,unique,0.364,antelope | impala | yak | gnu
antelope_and_grazers__3,antelope_and_grazers,GRAZING ANIMALS,Animals that graze on grass in herds,normal,auto_validated,unique,0.383,gazelle | wildebeest | springbok | oryx
crustaceans__1,crustaceans,CRUSTACEANS,Animals classed as crustaceans: a hard shell and many jointed legs,normal,auto_validated,unique,0.336,crab | shrimp | king crab | pill bug
crustaceans__2,crustaceans,CRUSTACEANS,Animals classed as crustaceans: a hard shell and many jointed legs,normal,auto_validated,unique,0.363,lobster | crayfish | prawn | hermit crab
exotic_pets__1,exotic_pets,EXOTIC PETS,Unusual animals people keep as pets,normal,auto_validated,unique,0.349,parrot | hedgehog | python | tortoise
exotic_pets__2,exotic_pets,EXOTIC PETS,Unusual animals people keep as pets,normal,auto_validated,unique,0.366,ferret | gecko | sugar glider | hermit crab
marsupials__1,marsupials,MARSUPIALS,Animals that carry young in a pouch,normal,auto_validated,unique,0.359,kangaroo | koala | sugar glider | tasmanian devil
marsupials__2,marsupials,MARSUPIALS,Animals that carry young in a pouch,normal,auto_validated,unique,0.386,opossum | wombat | wallaby | bandicoot
pack_animals__1,pack_animals,WORK ANIMALS,Animals used to carry loads or do work,normal,auto_validated,unique,0.308,horse | dog | elephant | water buffalo
pack_animals__2,pack_animals,WORK ANIMALS,Animals used to carry loads or do work,normal,auto_validated,unique,0.345,donkey | mule | ox | camel
pack_animals__3,pack_animals,WORK ANIMALS,Animals used to carry loads or do work,normal,auto_validated,unique,0.361,reindeer | husky | yak | llama
parrots_and_exotic_birds__1,parrots_and_exotic_birds,EXOTIC BIRDS,Colorful birds kept as pets or seen in zoos,normal,auto_validated,unique,0.378,parrot | parakeet | cockatoo | budgie
seals_and_walruses__1,seals_and_walruses,SEAL FAMILY,"Kinds of seal, sea lion and walrus",normal,auto_validated,unique,0.368,harbor seal | elephant seal | sea lion | fur seal
seals_and_walruses__2,seals_and_walruses,SEAL FAMILY,"Kinds of seal, sea lion and walrus",normal,auto_validated,unique,0.391,walrus | leopard seal | harp seal | monk seal
turtles_and_tortoises__1,turtles_and_tortoises,TURTLES,Kinds of turtle and tortoise,normal,auto_validated,unique,0.333,sea turtle | box turtle | painted turtle | green turtle
turtles_and_tortoises__2,turtles_and_tortoises,TURTLES,Kinds of turtle and tortoise,normal,auto_validated,unique,0.367,tortoise | terrapin | snapping turtle | slider
wading_birds__1,wading_birds,WADING BIRDS,Birds with long legs that wade in shallow water,normal,auto_validated,unique,0.364,crane | flamingo | stork | heron
wading_birds__2,wading_birds,WADING BIRDS,Birds with long legs that wade in shallow water,normal,auto_validated,unique,0.392,ibis | sandpiper | stilt | plover
waterfowl__1,waterfowl,WATERFOWL,Birds that swim on lakes and ponds,normal,auto_validated,unique,0.295,duck | goose | swan | teal
waterfowl__2,waterfowl,WATERFOWL,Birds that swim on lakes and ponds,normal,auto_validated,unique,0.334,pelican | loon | coot | mallard
wild_cats_small__1,wild_cats_small,SMALL CATS,Smaller members of the wild cat family,normal,auto_validated,unique,0.392,lynx | bobcat | sand cat | fishing cat
wild_cattle__1,wild_cattle,WILD CATTLE,A large hoofed animal of the cattle family,normal,auto_validated,unique,0.35,ox | buffalo | bison | angus
worms_and_crawlers__1,worms_and_crawlers,WORMS,Long soft bodied crawlers commonly called worms in English,normal,auto_validated,unique,0.381,earthworm | tapeworm | leech | nightcrawler
art_styles__1,art_styles,ART STYLES,Named styles of visual art,normal,auto_validated,unique,0.286,abstract | pop art | renaissance | folk art
art_styles__2,art_styles,ART STYLES,Named styles of visual art,normal,auto_validated,unique,0.316,realism | baroque | gothic | art deco
art_styles__3,art_styles,ART STYLES,Named styles of visual art,normal,auto_validated,unique,0.342,impressionism | surrealism | minimalism | modernism
art_tools__1,art_tools,ART TOOLS,Tools an artist uses to make art,normal,auto_validated,unique,0.196,pen | brush | knife | roller
art_tools__2,art_tools,ART TOOLS,Tools an artist uses to make art,normal,auto_validated,unique,0.212,mold | palette | canvas | pencil
art_tools__3,art_tools,ART TOOLS,Tools an artist uses to make art,normal,auto_validated,unique,0.231,sponge | charcoal | kiln | loom
calligraphy__1,calligraphy,CALLIGRAPHY,A term belonging to fine handwriting,normal,auto_validated,unique,0.512,italic | flourish | cursive | lettering
color_words_advanced__1,color_words_advanced,SHADES OF COLOR,Words for particular shades of color,normal,auto_validated,unique,0.297,mint | coral | amber | olive
color_words_advanced__2,color_words_advanced,SHADES OF COLOR,Words for particular shades of color,normal,auto_validated,unique,0.304,sage | ivory | jade | rust
color_words_advanced__3,color_words_advanced,SHADES OF COLOR,Words for particular shades of color,normal,auto_validated,unique,0.311,charcoal | scarlet | crimson | mustard
crafts__1,crafts,CRAFTS,Handmade crafts people do as a hobby,normal,auto_validated,unique,0.253,sewing | pottery | candle making | soap making
crafts__2,crafts,CRAFTS,Handmade crafts people do as a hobby,normal,auto_validated,unique,0.272,knitting | embroidery | crochet | weaving
crafts__3,crafts,CRAFTS,Handmade crafts people do as a hobby,normal,auto_validated,unique,0.29,quilting | origami | woodworking | calligraphy
decorative_things__1,decorative_things,DECORATIONS,Things used to decorate a room or an event,normal,auto_validated,unique,0.237,painting | sculpture | banner | mobile
decorative_things__2,decorative_things,DECORATIONS,Things used to decorate a room or an event,normal,auto_validated,unique,0.26,candle | rug | curtain | balloon
decorative_things__3,decorative_things,DECORATIONS,Things used to decorate a room or an event,normal,auto_validated,unique,0.272,vase | garland | mural | lantern
drawing_words__1,drawing_words,DRAWING WORDS,Words used when drawing a picture,normal,auto_validated,unique,0.268,line | perspective | trace | highlight
drawing_words__2,drawing_words,DRAWING WORDS,Words used when drawing a picture,normal,auto_validated,unique,0.282,sketch | shade | curve | proportion
drawing_words__3,drawing_words,DRAWING WORDS,Words used when drawing a picture,normal,auto_validated,unique,0.293,blend | hatch | outline | erase
famous_artworks__1,famous_artworks,FAMOUS ARTWORKS,Artworks most people can name,normal,auto_validated,unique,0.322,The Scream | David | Last Supper | American Gothic
famous_artworks__2,famous_artworks,FAMOUS ARTWORKS,Artworks most people can name,normal,auto_validated,unique,0.353,Mona Lisa | Starry Night | The Thinker | Venus de Milo
jewelry_making__1,jewelry_making,JEWELRY SUPPLIES,Things used to make jewelry,normal,auto_validated,unique,0.318,wire | chain | thread | setting
jewelry_making__2,jewelry_making,JEWELRY SUPPLIES,Things used to make jewelry,normal,auto_validated,unique,0.339,hook | gem | ring blank | cord
jewelry_making__3,jewelry_making,JEWELRY SUPPLIES,Things used to make jewelry,normal,auto_validated,unique,0.371,bead | clasp | solder | pendant
museum_words__1,museum_words,MUSEUM WORDS,Things found in an art museum,normal,auto_validated,unique,0.218,painting | frame | guide | collection
museum_words__2,museum_words,MUSEUM WORDS,Things found in an art museum,normal,auto_validated,unique,0.231,gallery | audio tour | gift shop | portrait
museum_words__3,museum_words,MUSEUM WORDS,Things found in an art museum,normal,auto_validated,unique,0.244,sculpture | exhibit | rope | admission
paint_types__1,paint_types,KINDS OF PAINT,Kinds of paint used by artists and decorators,normal,auto_validated,unique,0.292,spray | primer | chalk paint | finger paint
paint_types__2,paint_types,KINDS OF PAINT,Kinds of paint used by artists and decorators,normal,auto_validated,unique,0.313,watercolor | acrylic | latex | enamel
photography_styles__1,photography_styles,PHOTO SUBJECTS,Kinds of pictures a photographer takes,normal,auto_validated,unique,0.259,still life | close up | group shot | action shot
photography_styles__2,photography_styles,PHOTO SUBJECTS,Kinds of pictures a photographer takes,normal,auto_validated,unique,0.285,portrait | landscape | aerial | wedding photo
photography_styles__3,photography_styles,PHOTO SUBJECTS,Kinds of pictures a photographer takes,normal,auto_validated,unique,0.313,selfie | panorama | candid | macro
pottery_studio__1,pottery_studio,POTTERY STUDIO,A material or ware made in a pottery studio,normal,auto_validated,unique,0.488,ceramic | urn | terracotta | earthenware
pottery_words__1,pottery_words,POTTERY WORDS,Things used in making pottery,normal,auto_validated,unique,0.317,wheel | bowl | pot | fire
pottery_words__2,pottery_words,POTTERY WORDS,Things used in making pottery,normal,auto_validated,unique,0.341,mold | tile | clay | slip
pottery_words__3,pottery_words,POTTERY WORDS,Things used in making pottery,normal,auto_validated,unique,0.367,plaster | kiln | glaze | vase
sculptors_studio__1,sculptors_studio,SCULPTORS STUDIO,Something a sculptor makes or mounts work on,normal,auto_validated,unique,0.512,pedestal | figurine | plinth | mould
sculpture_materials__1,sculpture_materials,SCULPTURE MATERIALS,Materials sculptors carve or cast,normal,auto_validated,unique,0.261,stone | ice | metal | glass
sculpture_materials__2,sculpture_materials,SCULPTURE MATERIALS,Materials sculptors carve or cast,normal,auto_validated,unique,0.276,sand | clay | wood | concrete
sculpture_materials__3,sculpture_materials,SCULPTURE MATERIALS,Materials sculptors carve or cast,normal,auto_validated,unique,0.296,wax | marble | bronze | granite
street_art__1,street_art,STREET ART,A form or technique of street art,normal,auto_validated,unique,0.394,mural | stencil | graffiti | tagging
textures__1,textures,TEXTURES,Words describing how a surface feels,normal,auto_validated,unique,0.328,smooth | rough | sticky | polished
textures__2,textures,TEXTURES,Words describing how a surface feels,normal,auto_validated,unique,0.35,fuzzy | slick | glossy | matte
textures__3,textures,TEXTURES,Words describing how a surface feels,normal,auto_validated,unique,0.364,bumpy | silky | coarse | prickly
theater_arts__1,theater_arts,PERFORMING ARTS,Arts performed in front of an audience,normal,auto_validated,unique,0.215,dance | play | concert | magic
theater_arts__2,theater_arts,PERFORMING ARTS,Arts performed in front of an audience,normal,auto_validated,unique,0.23,opera | musical | comedy | poetry reading
theater_arts__3,theater_arts,PERFORMING ARTS,Arts performed in front of an audience,normal,auto_validated,unique,0.263,ballet | circus | recital | improv
body_movements__1,body_movements,BODY MOVEMENTS,Movements the human body makes,normal,auto_validated,unique,0.223,wave | jump | stretch | kick
body_movements__2,body_movements,BODY MOVEMENTS,Movements the human body makes,normal,auto_validated,unique,0.239,twist | breathe | bend | lean
body_movements__3,body_movements,BODY MOVEMENTS,Movements the human body makes,normal,auto_validated,unique,0.257,clap | nod | blink | cough
body_parts__1,body_parts,BODY PARTS,External parts of the human body,normal,auto_validated,unique,0.065,foot | head | hand | back
body_parts__2,body_parts,BODY PARTS,External parts of the human body,normal,auto_validated,unique,0.076,chest | arm | leg | neck
body_parts__3,body_parts,BODY PARTS,External parts of the human body,normal,auto_validated,unique,0.083,shoulder | hip | finger | stomach
body_sounds__1,body_sounds,BODY SOUNDS,Sounds the human body makes on its own,normal,auto_validated,unique,0.283,laugh | sneeze | cough | cry
body_sounds__2,body_sounds,BODY SOUNDS,Sounds the human body makes on its own,normal,auto_validated,unique,0.303,growl | sigh | gasp | whistle
body_sounds__3,body_sounds,BODY SOUNDS,Sounds the human body makes on its own,normal,auto_validated,unique,0.327,yawn | gulp | grunt | hiccup
body_systems__1,body_systems,BODY SYSTEMS,Systems that make up the human body,normal,auto_validated,unique,0.342,nervous | immune | muscular | respiratory
body_systems__2,body_systems,BODY SYSTEMS,Systems that make up the human body,normal,auto_validated,unique,0.37,digestive | skeletal | endocrine | urinary
bones__1,bones,BONES,Bones of the human skeleton,normal,auto_validated,unique,0.251,spine | skull | shoulder blade | hip bone
bones__2,bones,BONES,Bones of the human skeleton,normal,auto_validated,unique,0.264,rib | shin bone | wrist bone | ankle bone
bones__3,bones,BONES,Bones of the human skeleton,normal,auto_validated,unique,0.295,femur | collarbone | pelvis | vertebra
breathing__1,breathing,BREATHING,An act or substance belonging to breathing,normal,auto_validated,unique,0.35,breathe | gasp | inhale | exhale
dentist_things__1,dentist_things,DENTIST THINGS,Things found at a dentist office,normal,auto_validated,unique,0.223,crown | X-ray | mirror | chair
dentist_things__2,dentist_things,DENTIST THINGS,Things found at a dentist office,normal,auto_validated,unique,0.25,drill | plaque | filling | brace
dentist_things__3,dentist_things,DENTIST THINGS,Things found at a dentist office,normal,auto_validated,unique,0.269,rinse | toothbrush | cavity | suction
exercise_words__1,exercise_words,EXERCISE WORDS,Movements done as physical exercise,normal,auto_validated,unique,0.227,press | stretch | jumping jack | row
exercise_words__2,exercise_words,EXERCISE WORDS,Movements done as physical exercise,normal,auto_validated,unique,0.255,crunch | sprint | curl | dip
exercise_words__3,exercise_words,EXERCISE WORDS,Movements done as physical exercise,normal,auto_validated,unique,0.277,jog | squat | lunge | plank
face_parts__1,face_parts,FACE PARTS,Parts of the human face,normal,auto_validated,unique,0.093,mouth | temple | eye | nose
face_parts__2,face_parts,FACE PARTS,Parts of the human face,normal,auto_validated,unique,0.115,chin | jaw | ear | lip
face_parts__3,face_parts,FACE PARTS,Parts of the human face,normal,auto_validated,unique,0.127,forehead | cheek | iris | pupil
fingers_and_toes__1,fingers_and_toes,DIGITS,Names for individual fingers and toes,normal,auto_validated,unique,0.277,index finger | ring finger | middle finger | big toe
fingers_and_toes__2,fingers_and_toes,DIGITS,Names for individual fingers and toes,normal,auto_validated,unique,0.287,toe | thumb | little toe | digit
hair_words__1,hair_words,HAIR WORDS,Words for hairstyles and things done to hair,normal,auto_validated,unique,0.227,wave | part | bob | layer
hair_words__2,hair_words,HAIR WORDS,Words for hairstyles and things done to hair,normal,auto_validated,unique,0.25,trim | highlight | bang | bald
hair_words__3,hair_words,HAIR WORDS,Words for hairstyles and things done to hair,normal,auto_validated,unique,0.271,bun | curl | wig | bangs
hand_parts__1,hand_parts,HAND PARTS,Parts of the human hand,normal,auto_validated,unique,0.227,finger | ring finger | middle finger | joint
hand_parts__2,hand_parts,HAND PARTS,Parts of the human hand,normal,auto_validated,unique,0.239,palm | nail | index finger | grip
hand_parts__3,hand_parts,HAND PARTS,Parts of the human hand,normal,auto_validated,unique,0.26,wrist | thumb | pinky | tendon
hospital_things__1,hospital_things,HOSPITAL THINGS,Things and places found in a hospital,normal,auto_validated,unique,0.176,bed | emergency room | X-ray | waiting room
hospital_things__2,hospital_things,HOSPITAL THINGS,Things and places found in a hospital,normal,auto_validated,unique,0.191,monitor | chart | IV | ward
hospital_things__3,hospital_things,HOSPITAL THINGS,Things and places found in a hospital,normal,auto_validated,unique,0.21,gown | wheelchair | oxygen mask | ambulance
illnesses__1,illnesses,ILLNESSES,Common illnesses an average person can name,normal,auto_validated,unique,0.19,cold | fever | diabetes | infection
illnesses__2,illnesses,ILLNESSES,Common illnesses an average person can name,normal,auto_validated,unique,0.216,flu | asthma | pneumonia | rash
illnesses__3,illnesses,ILLNESSES,Common illnesses an average person can name,normal,auto_validated,unique,0.229,allergy | migraine | measles | arthritis
internal_organs__1,internal_organs,INTERNAL ORGANS,Organs inside the human body,normal,auto_validated,unique,0.182,heart | stomach | liver | brain
internal_organs__2,internal_organs,INTERNAL ORGANS,Organs inside the human body,normal,auto_validated,unique,0.211,lung | kidney | artery | vein
internal_organs__3,internal_organs,INTERNAL ORGANS,Organs inside the human body,normal,auto_validated,unique,0.223,bladder | colon | womb | marrow
medicine_cabinet__1,medicine_cabinet,MEDICINE CABINET,Things kept in a home medicine cabinet,normal,auto_validated,unique,0.202,vitamin | alcohol | eye drops | ice pack
medicine_cabinet__2,medicine_cabinet,MEDICINE CABINET,Things kept in a home medicine cabinet,normal,auto_validated,unique,0.242,aspirin | bandage | cough syrup | sunscreen
medicine_cabinet__3,medicine_cabinet,MEDICINE CABINET,Things kept in a home medicine cabinet,normal,auto_validated,unique,0.258,thermometer | ointment | gauze | cotton swab
muscles__1,muscles,MUSCLES,Muscles an average person can name,normal,auto_validated,unique,0.345,calf | abs | trap | core
muscles__2,muscles,MUSCLES,Muscles an average person can name,normal,auto_validated,unique,0.379,quad | hamstring | lat | forearm
parts_of_a_bird__1,parts_of_a_bird,PARTS OF A BIRD,A body part belonging to a bird,normal,auto_validated,unique,0.275,tail | beak | crest | feathers
parts_of_the_eye__1,parts_of_the_eye,EYE PARTS,Parts of the human eye,normal,auto_validated,unique,0.349,iris | pupil | brow | lens
parts_of_the_eye__2,parts_of_the_eye,EYE PARTS,Parts of the human eye,normal,auto_validated,unique,0.362,socket | retina | tear duct | optic nerve
senses_and_perception__1,senses_and_perception,THE SENSES,Ways the human body senses the world,normal,auto_validated,unique,0.196,hearing | touch | pain | pressure
senses_and_perception__2,senses_and_perception,THE SENSES,Ways the human body senses the world,normal,auto_validated,unique,0.205,taste | sight | balance | temperature
senses_and_perception__3,senses_and_perception,THE SENSES,Ways the human body senses the world,normal,auto_validated,unique,0.236,smell | hunger | thirst | itch
symptoms__1,symptoms,SYMPTOMS,Signs that a person feels unwell,normal,auto_validated,unique,0.247,cough | fever | headache | fatigue
symptoms__2,symptoms,SYMPTOMS,Signs that a person feels unwell,normal,auto_validated,unique,0.259,rash | swelling | sore throat | congestion
symptoms__3,symptoms,SYMPTOMS,Signs that a person feels unwell,normal,auto_validated,unique,0.27,nausea | chills | ache | itching
things_that_grow_on_you__1,things_that_grow_on_you,BODY GROWTHS,Things that grow naturally on the human body,normal,auto_validated,unique,0.276,skin | hair | beard | tooth
things_that_grow_on_you__2,things_that_grow_on_you,BODY GROWTHS,Things that grow naturally on the human body,normal,auto_validated,unique,0.324,mole | eyebrow | eyelash | mustache
things_that_grow_on_you__3,things_that_grow_on_you,BODY GROWTHS,Things that grow naturally on the human body,normal,auto_validated,unique,0.354,whisker | freckle | callus | wart
things_that_hurt__1,things_that_hurt,PAINFUL THINGS,Everyday things that cause physical pain,normal,auto_validated,unique,0.319,headache | burn | cut | paper cut
things_that_hurt__2,things_that_hurt,PAINFUL THINGS,Everyday things that cause physical pain,normal,auto_validated,unique,0.359,pinch | bee sting | thorn | scrape
things_that_hurt__3,things_that_hurt,PAINFUL THINGS,Everyday things that cause physical pain,normal,auto_validated,unique,0.377,cramp | bruise | splinter | blister
airlines__1,airlines,AIRLINES,Major passenger airlines,normal,auto_validated,unique,0.243,United | American | Spirit | Air France
airlines__2,airlines,AIRLINES,Major passenger airlines,normal,auto_validated,unique,0.274,delta | Southwest | Alaska | Frontier
airlines__3,airlines,AIRLINES,Major passenger airlines,normal,auto_validated,unique,0.307,Lufthansa | Emirates | Qantas | British Airways
appliance_brands__1,appliance_brands,APPLIANCE BRANDS,Brands of home appliance,normal,auto_validated,unique,0.335,GE | LG | Samsung | Hoover
appliance_brands__2,appliance_brands,APPLIANCE BRANDS,Brands of home appliance,normal,auto_validated,unique,0.365,Whirlpool | Kenmore | Bosch | Dyson
appliance_brands__3,appliance_brands,APPLIANCE BRANDS,Brands of home appliance,normal,auto_validated,unique,0.396,Maytag | KitchenAid | Amana | Electrolux
bank_brands__1,bank_brands,BANK BRANDS,Major American retail banks,normal,auto_validated,unique,0.337,Chase | Capital One | US Bank | Fifth Third
bank_brands__2,bank_brands,BANK BRANDS,Major American retail banks,normal,auto_validated,unique,0.368,Wells Fargo | TD Bank | Ally | Regions Bank
camera_and_electronics__1,camera_and_electronics,ELECTRONICS BRANDS,Brands of consumer electronics,normal,auto_validated,unique,0.271,Sony | Canon | Sharp | Pioneer
camera_and_electronics__2,camera_and_electronics,ELECTRONICS BRANDS,Brands of consumer electronics,normal,auto_validated,unique,0.306,Nikon | Kodak | Philips | Bose
camera_and_electronics__3,camera_and_electronics,ELECTRONICS BRANDS,Brands of consumer electronics,normal,auto_validated,unique,0.322,Panasonic | Toshiba | Fujifilm | Polaroid
candy_brands__1,candy_brands,CANDY BRANDS,Candy brands sold in American stores,normal,auto_validated,unique,0.267,Hershey | Milky Way | Nerds | Almond Joy
candy_brands__2,candy_brands,CANDY BRANDS,Candy brands sold in American stores,normal,auto_validated,unique,0.288,Snickers | Skittles | Starburst | Jolly Rancher
candy_brands__3,candy_brands,CANDY BRANDS,Candy brands sold in American stores,normal,auto_validated,unique,0.308,Twix | Kitkat | Tootsie Roll | Whoppers
car_models__1,car_models,CAR MODELS,Well known car model names,normal,auto_validated,unique,0.292,Civic | Accord | Explorer | Ranger
car_models__2,car_models,CAR MODELS,Well known car model names,normal,auto_validated,unique,0.306,beetle | Mustang | Corvette | Charger
car_models__3,car_models,CAR MODELS,Well known car model names,normal,auto_validated,unique,0.323,impala | Prius | Tahoe | Camaro
cereal_brands__1,cereal_brands,CEREAL BRANDS,Breakfast cereal brands sold in America,normal,auto_validated,unique,0.27,Lucky Charms | Special K | Grape Nuts | Life
cereal_brands__2,cereal_brands,CEREAL BRANDS,Breakfast cereal brands sold in America,normal,auto_validated,unique,0.319,Frosted Flakes | Corn Flakes | Raisin Bran | Cocoa Puffs
cereal_brands__3,cereal_brands,CEREAL BRANDS,Breakfast cereal brands sold in America,normal,auto_validated,unique,0.343,Cheerios | Froot Loops | Rice Krispies | Trix
clothing_brands__1,clothing_brands,CLOTHING BRANDS,Well known clothing and shoe brands,normal,auto_validated,unique,0.229,Nike | Gap | New Balance | Champion
clothing_brands__2,clothing_brands,CLOTHING BRANDS,Well known clothing and shoe brands,normal,auto_validated,unique,0.265,Adidas | Levi | Converse | Vans
clothing_brands__3,clothing_brands,CLOTHING BRANDS,Well known clothing and shoe brands,normal,auto_validated,unique,0.285,puma | Reebok | Wrangler | Fruit of the Loom
coffee_brands__1,coffee_brands,COFFEE BRANDS,Coffee brands and coffee shops,normal,auto_validated,unique,0.327,caribou | Starbucks | Maxwell House | Community
fast_food_chains__1,fast_food_chains,FAST FOOD,Fast food restaurant chains in America,normal,auto_validated,unique,0.197,Burger King | Subway | Dairy Queen | Five Guys
fast_food_chains__2,fast_food_chains,FAST FOOD,Fast food restaurant chains in America,normal,auto_validated,unique,0.22,McDonalds | Taco Bell | Pizza Hut | Sonic
fast_food_chains__3,fast_food_chains,FAST FOOD,Fast food restaurant chains in America,normal,auto_validated,unique,0.251,KFC | Dominos | Chipotle | Panera
frozen_treat_brands__1,frozen_treat_brands,FROZEN TREATS,Brands and products sold in the American ice cream aisle,normal,auto_validated,unique,0.333,Ben and Jerry | Blue Bell | Popsicle | Magnum
hotel_chains__1,hotel_chains,HOTEL CHAINS,Major hotel chains,normal,auto_validated,unique,0.312,Holiday Inn | Best Western | Four Seasons | Days Inn
hotel_chains__2,hotel_chains,HOTEL CHAINS,Major hotel chains,normal,auto_validated,unique,0.349,Marriott | Hilton | Hyatt | Motel 6
hotel_chains__3,hotel_chains,HOTEL CHAINS,Major hotel chains,normal,auto_validated,unique,0.382,Sheraton | Ramada | Westin | Radisson
paint_and_home__1,paint_and_home,HARDWARE BRANDS,Brands sold at a hardware store,normal,auto_validated,unique,0.388,Gorilla Glue | Scotch | Weber | Ace
payment_brands__1,payment_brands,PAYMENT BRANDS,Card networks and payment apps used in America,normal,auto_validated,unique,0.298,Apple Pay | Cash App | Square | Google Pay
payment_brands__2,payment_brands,PAYMENT BRANDS,Card networks and payment apps used in America,normal,auto_validated,unique,0.329,Visa | Discover | PayPal | Stripe
retail_stores__1,retail_stores,RETAIL STORES,Large retail store chains in America,normal,auto_validated,unique,0.218,Target | Dollar General | Home Depot | Best Buy
retail_stores__2,retail_stores,RETAIL STORES,Large retail store chains in America,normal,auto_validated,unique,0.258,Walmart | Costco | Sears | Staples
retail_stores__3,retail_stores,RETAIL STORES,Large retail store chains in America,normal,auto_validated,unique,0.283,Kroger | Safeway | Nordstrom | Aldi
snack_brands__1,snack_brands,SNACK BRANDS,Brands of packaged snacks,normal,auto_validated,unique,0.307,goldfish | Lays | Ritz | Oreo
snack_brands__2,snack_brands,SNACK BRANDS,Brands of packaged snacks,normal,auto_validated,unique,0.329,Doritos | Cheetos | Chips Ahoy | Wheat Thins
snack_brands__3,snack_brands,SNACK BRANDS,Brands of packaged snacks,normal,auto_validated,unique,0.35,Pringles | Fritos | Nabisco | Keebler
soda_brands__1,soda_brands,SODA BRANDS,Soft drink brands sold in the United States,normal,auto_validated,unique,0.231,crush | Coke | Dr Pepper | Canada Dry
soda_brands__2,soda_brands,SODA BRANDS,Soft drink brands sold in the United States,normal,auto_validated,unique,0.268,Pepsi | Sprite | Mountain Dew | Squirt
soda_brands__3,soda_brands,SODA BRANDS,Soft drink brands sold in the United States,normal,auto_validated,unique,0.318,Fanta | 7up | Schweppes | Sunkist
sports_brands__1,sports_brands,SPORTS BRANDS,Brands of sports equipment,normal,auto_validated,unique,0.311,Wilson | Bauer | Prince | Franklin
sports_brands__2,sports_brands,SPORTS BRANDS,Brands of sports equipment,normal,auto_validated,unique,0.362,Spalding | Rawlings | Callaway | Easton
tool_brands__1,tool_brands,TOOL BRANDS,Brands of hand and power tools,normal,auto_validated,unique,0.368,Stanley | Black and Decker | Milwaukee | Snap On
toy_brands__1,toy_brands,TOY BRANDS,Well known toy brands,normal,auto_validated,unique,0.281,Lego | Fisher Price | Hot Wheels | Lincoln Logs
toy_brands__2,toy_brands,TOY BRANDS,Well known toy brands,normal,auto_validated,unique,0.315,Hasbro | Barbie | Nerf | Play Doh
toy_brands__3,toy_brands,TOY BRANDS,Well known toy brands,normal,auto_validated,unique,0.332,Mattel | Crayola | Etch a Sketch | Slinky
watch_and_luxury__1,watch_and_luxury,LUXURY BRANDS,Well known luxury brands,normal,auto_validated,unique,0.34,Chanel | Tiffany | Omega | Ferrari
watch_and_luxury__2,watch_and_luxury,LUXURY BRANDS,Well known luxury brands,normal,auto_validated,unique,0.355,Rolex | Gucci | Hermes | Lamborghini
watch_and_luxury__3,watch_and_luxury,LUXURY BRANDS,Well known luxury brands,normal,auto_validated,unique,0.362,Prada | Cartier | Dior | Burberry
advertising_words__1,advertising_words,ADVERTISING WORDS,Words used in advertising and marketing,normal,auto_validated,unique,0.261,brand | ad | campaign | commercial
advertising_words__2,advertising_words,ADVERTISING WORDS,Words used in advertising and marketing,normal,auto_validated,unique,0.292,banner | billboard | logo | sponsor
advertising_words__3,advertising_words,ADVERTISING WORDS,Words used in advertising and marketing,normal,auto_validated,unique,0.305,coupon | slogan | promo | endorsement
banking_words__1,banking_words,BANKING WORDS,Words used at a bank,normal,auto_validated,unique,0.216,check | interest | account | statement
banking_words__2,banking_words,BANKING WORDS,Words used at a bank,normal,auto_validated,unique,0.225,branch | balance | loan | transfer
banking_words__3,banking_words,BANKING WORDS,Words used at a bank,normal,auto_validated,unique,0.241,pin | deposit | mortgage | safe deposit
business_words__1,business_words,BUSINESS WORDS,Words used in running a business,normal,auto_validated,unique,0.216,market | loss | contract | stock
business_words__2,business_words,BUSINESS WORDS,Words used in running a business,normal,auto_validated,unique,0.222,budget | profit | revenue | partner
business_words__3,business_words,BUSINESS WORDS,Words used in running a business,normal,auto_validated,unique,0.239,client | expense | asset | franchise
car_brands__1,car_brands,CAR BRANDS,Car manufacturers sold in the United States,normal,auto_validated,unique,0.237,ford | Toyota | BMW | Mercedes
car_brands__2,car_brands,CAR BRANDS,Car manufacturers sold in the United States,normal,auto_validated,unique,0.248,Honda | Nissan | Jeep | Dodge
car_brands__3,car_brands,CAR BRANDS,Car manufacturers sold in the United States,normal,auto_validated,unique,0.259,Chevrolet | Volkswagen | Volvo | Audi
coins_and_bills__1,coins_and_bills,US MONEY,Coins and bills used in the United States,normal,auto_validated,unique,0.171,bill | five | ten | cent
coins_and_bills__2,coins_and_bills,US MONEY,Coins and bills used in the United States,normal,auto_validated,unique,0.179,quarter | dollar | twenty | hundred
coins_and_bills__3,coins_and_bills,US MONEY,Coins and bills used in the United States,normal,auto_validated,unique,0.196,coin | penny | half dollar | fifty
currencies__1,currencies,CURRENCIES,Names of national currencies,normal,auto_validated,unique,0.259,pound | dollar | won | real
currencies__2,currencies,CURRENCIES,Names of national currencies,normal,auto_validated,unique,0.307,euro | yen | franc | rupee
famous_brands__1,famous_brands,FAMOUS BRANDS,Brand names most Americans recognize,normal,auto_validated,unique,0.241,ford | Nike | Lego | Disney
famous_brands__2,famous_brands,FAMOUS BRANDS,Brand names most Americans recognize,normal,auto_validated,unique,0.262,Adidas | Levi | Harley | Chevrolet
famous_brands__3,famous_brands,FAMOUS BRANDS,Brand names most Americans recognize,normal,auto_validated,unique,0.273,Pepsi | McDonalds | Kodak | Coca Cola
insurance_and_legal__1,insurance_and_legal,CONTRACT WORDS,Words used in contracts and agreements,normal,auto_validated,unique,0.314,term | policy | claim | notice
insurance_and_legal__2,insurance_and_legal,CONTRACT WORDS,Words used in contracts and agreements,normal,auto_validated,unique,0.331,signature | premium | witness | agreement
insurance_and_legal__3,insurance_and_legal,CONTRACT WORDS,Words used in contracts and agreements,normal,auto_validated,unique,0.349,clause | renewal | liability | breach
job_hunting__1,job_hunting,JOB HUNTING,Words used when looking for a job,normal,auto_validated,unique,0.25,offer | contract | position | opening
job_hunting__2,job_hunting,JOB HUNTING,Words used when looking for a job,normal,auto_validated,unique,0.254,interview | application | reference | benefits
job_hunting__3,job_hunting,JOB HUNTING,Words used when looking for a job,normal,auto_validated,unique,0.27,salary | cover letter | hire | portfolio
mail_words__1,mail_words,MAIL WORDS,Things involved in sending mail,normal,auto_validated,unique,0.212,letter | address | return address | post office
mail_words__2,mail_words,MAIL WORDS,Things involved in sending mail,normal,auto_validated,unique,0.232,package | carrier | tracking | label
mail_words__3,mail_words,MAIL WORDS,Things involved in sending mail,normal,auto_validated,unique,0.252,stamp | envelope | courier | zip code
money_words__1,money_words,MONEY WORDS,"Everyday English words for money, payments and personal finance",normal,auto_validated,unique,0.17,bank | bill | cash | change
money_words__2,money_words,MONEY WORDS,"Everyday English words for money, payments and personal finance",normal,auto_validated,unique,0.17,check | credit | interest | tax
money_words__3,money_words,MONEY WORDS,"Everyday English words for money, payments and personal finance",normal,auto_validated,unique,0.175,capital | budget | loan | debt
office_words__1,office_words,OFFICE WORDS,Things and routines found in an office workplace,normal,auto_validated,unique,0.18,meeting | break room | boss | conference call
office_words__2,office_words,OFFICE WORDS,Things and routines found in an office workplace,normal,auto_validated,unique,0.201,shift | deadline | desk | calendar
office_words__3,office_words,OFFICE WORDS,Things and routines found in an office workplace,normal,auto_validated,unique,0.217,printer | badge | overtime | water cooler
restaurant_words__1,restaurant_words,RESTAURANT WORDS,Things and roles found at a restaurant,normal,auto_validated,unique,0.17,bill | bar | special | order
restaurant_words__2,restaurant_words,RESTAURANT WORDS,Things and roles found at a restaurant,normal,auto_validated,unique,0.177,host | table | counter | kitchen
restaurant_words__3,restaurant_words,RESTAURANT WORDS,Things and roles found at a restaurant,normal,auto_validated,unique,0.195,tip | menu | chef | booth
shopping_words__1,shopping_words,SHOPPING WORDS,Words used while shopping in a store,normal,auto_validated,unique,0.174,sale | bag | price | register
shopping_words__2,shopping_words,SHOPPING WORDS,Words used while shopping in a store,normal,auto_validated,unique,0.198,shelf | tag | discount | basket
shopping_words__3,shopping_words,SHOPPING WORDS,Words used while shopping in a store,normal,auto_validated,unique,0.208,refund | receipt | cart | clearance
startup_words__1,startup_words,STARTUP WORDS,Words used when starting a new company,normal,auto_validated,unique,0.328,pitch | founder | funding | launch
startup_words__2,startup_words,STARTUP WORDS,Words used when starting a new company,normal,auto_validated,unique,0.343,investor | equity | venture | seed round
startup_words__3,startup_words,STARTUP WORDS,Words used when starting a new company,normal,auto_validated,unique,0.365,prototype | incubator | valuation | runway
store_types__1,store_types,KINDS OF STORES,Kinds of shops found in a town or mall,normal,auto_validated,unique,0.152,gift shop | hardware store | pet shop | market
store_types__2,store_types,KINDS OF STORES,Kinds of shops found in a town or mall,normal,auto_validated,unique,0.167,grocery | cafe | toy store | shoe store
store_types__3,store_types,KINDS OF STORES,Kinds of shops found in a town or mall,normal,auto_validated,unique,0.181,bakery | pharmacy | butcher | salon
tech_companies__1,tech_companies,TECH COMPANIES,Well-known technology companies or consumer technology brands,normal,auto_validated,unique,0.181,apple | Google | Microsoft | Amazon
tech_companies__2,tech_companies,TECH COMPANIES,Well-known technology companies or consumer technology brands,normal,auto_validated,unique,0.201,Samsung | Sony | Netflix | Nintendo
tech_companies__3,tech_companies,TECH COMPANIES,Well-known technology companies or consumer technology brands,normal,auto_validated,unique,0.209,Intel | IBM | Uber | Zoom
tickets_and_passes__1,tickets_and_passes,TICKETS AND PASSES,A word belonging to paying to enter or travel,normal,auto_validated,unique,0.388,pass | receipt | fare | entry
trading_floor__1,trading_floor,TRADING FLOOR,A term used trading shares,normal,auto_validated,unique,0.475,portfolio | dividend | bullish | broker
african_cities__1,african_cities,AFRICAN CITIES,Well known cities in Africa,normal,auto_validated,unique,0.338,Cairo | Lagos | Cape Town | Alexandria
african_cities__2,african_cities,AFRICAN CITIES,Well known cities in Africa,normal,auto_validated,unique,0.361,Nairobi | Casablanca | Durban | Pretoria
african_cities__3,african_cities,AFRICAN CITIES,Well known cities in Africa,normal,auto_validated,unique,0.373,Accra | Dakar | Tunis | Khartoum
airports_and_ports__1,airports_and_ports,TRANSPORT HUBS,Famous airports and transport hubs,normal,auto_validated,unique,0.362,Dubai International | Grand Central | Penn Station | Union Station
airports_and_ports__2,airports_and_ports,TRANSPORT HUBS,Famous airports and transport hubs,normal,auto_validated,unique,0.403,Heathrow | JFK | LAX | Charles de Gaulle
american_east_cities__1,american_east_cities,EAST COAST,Cities on the American East Coast,normal,auto_validated,unique,0.232,buffalo | Boston | Philadelphia | Baltimore
american_east_cities__2,american_east_cities,EAST COAST,Cities on the American East Coast,normal,auto_validated,unique,0.247,Richmond | Norfolk | Portland | Albany
american_east_cities__3,american_east_cities,EAST COAST,Cities on the American East Coast,normal,auto_validated,unique,0.257,Charleston | Providence | Hartford | Newark
american_west_cities__1,american_west_cities,WEST COAST,Cities on the American West Coast,normal,auto_validated,unique,0.229,Portland | Seattle | San Diego | Long Beach
american_west_cities__2,american_west_cities,WEST COAST,Cities on the American West Coast,normal,auto_validated,unique,0.248,San Jose | Sacramento | Oakland | Berkeley
american_west_cities__3,american_west_cities,WEST COAST,Cities on the American West Coast,normal,auto_validated,unique,0.262,Fresno | Anaheim | Santa Monica | Eugene
asian_cities__1,asian_cities,ASIAN CITIES,Well known cities in Asia,normal,auto_validated,unique,0.285,Shanghai | Mumbai | Delhi | Manila
asian_cities__2,asian_cities,ASIAN CITIES,Well known cities in Asia,normal,auto_validated,unique,0.303,Osaka | Karachi | Jakarta | Chennai
asian_cities__3,asian_cities,ASIAN CITIES,Well known cities in Asia,normal,auto_validated,unique,0.309,Kyoto | Hanoi | Lahore | Hyderabad
capital_cities_more__1,capital_cities_more,MORE CAPITALS,Capital cities less commonly named,normal,auto_validated,unique,0.334,Wellington | Brussels | Stockholm | Sofia
capital_cities_more__2,capital_cities_more,MORE CAPITALS,Capital cities less commonly named,normal,auto_validated,unique,0.345,Nairobi | Canberra | Ankara | Copenhagen
capital_cities_more__3,capital_cities_more,MORE CAPITALS,Capital cities less commonly named,normal,auto_validated,unique,0.36,Riyadh | Islamabad | Bern | Bucharest
city_nicknames__1,city_nicknames,CITY NICKNAMES,Nicknames given to famous cities,normal,auto_validated,unique,0.333,Big Apple | Music City | Big Easy | Queen City
city_nicknames__2,city_nicknames,CITY NICKNAMES,Nicknames given to famous cities,normal,auto_validated,unique,0.346,Motor City | Sin City | Steel City | Mile High City
european_cities__1,european_cities,EUROPEAN CITIES,Well known cities in Europe,normal,auto_validated,unique,0.231,Barcelona | Edinburgh | Manchester | Liverpool
european_cities__2,european_cities,EUROPEAN CITIES,Well known cities in Europe,normal,auto_validated,unique,0.247,Munich | Milan | Florence | Geneva
european_cities__3,european_cities,EUROPEAN CITIES,Well known cities in Europe,normal,auto_validated,unique,0.257,Venice | Naples | Hamburg | Lyon
midwest_cities__1,midwest_cities,MIDWEST CITIES,Cities in the American Midwest,normal,auto_validated,unique,0.265,Chicago | Detroit | Kansas City | St Louis
midwest_cities__2,midwest_cities,MIDWEST CITIES,Cities in the American Midwest,normal,auto_validated,unique,0.284,Milwaukee | Cleveland | Columbus | Cincinnati
midwest_cities__3,midwest_cities,MIDWEST CITIES,Cities in the American Midwest,normal,auto_validated,unique,0.299,Minneapolis | Indianapolis | Omaha | Toledo
resort_towns__1,resort_towns,RESORT DESTINATIONS,Places people travel to for vacation,normal,auto_validated,unique,0.325,Key West | Palm Springs | Bali | Monaco
resort_towns__2,resort_towns,RESORT DESTINATIONS,Places people travel to for vacation,normal,auto_validated,unique,0.352,Maui | Aspen | Myrtle Beach | Maldives
resort_towns__3,resort_towns,RESORT DESTINATIONS,Places people travel to for vacation,normal,auto_validated,unique,0.36,Napa | Vail | Lake Tahoe | Ibiza
south_american_cities__1,south_american_cities,LATIN CITIES,Well known cities in South America,normal,auto_validated,unique,0.35,Rio de Janeiro | Buenos Aires | Santiago | Caracas
south_american_cities__2,south_american_cities,LATIN CITIES,Well known cities in South America,normal,auto_validated,unique,0.367,Sao Paulo | Bogota | Montevideo | La Paz
south_american_cities__3,south_american_cities,LATIN CITIES,Well known cities in South America,normal,auto_validated,unique,0.379,Quito | Medellin | Brasilia | Cartagena
southern_cities__1,southern_cities,SOUTHERN CITIES,Cities in the American South,normal,auto_validated,unique,0.22,mobile | Dallas | Miami | Little Rock
southern_cities__2,southern_cities,SOUTHERN CITIES,Cities in the American South,normal,auto_validated,unique,0.233,Atlanta | New Orleans | Houston | Austin
southern_cities__3,southern_cities,SOUTHERN CITIES,Cities in the American South,normal,auto_validated,unique,0.243,Nashville | Charlotte | Birmingham | Tampa
accessories__1,accessories,ACCESSORIES,Small items worn or carried to complete an outfit,normal,auto_validated,unique,0.232,watch | tie | wallet | hat
accessories__2,accessories,ACCESSORIES,Small items worn or carried to complete an outfit,normal,auto_validated,unique,0.25,belt | purse | gloves | umbrella
accessories__3,accessories,ACCESSORIES,Small items worn or carried to complete an outfit,normal,auto_validated,unique,0.263,scarf | sunglasses | backpack | clutch
clothing_items__1,clothing_items,CLOTHING ITEMS,Garments worn on the body,normal,auto_validated,unique,0.075,suit | shirt | dress | hat
clothing_items__2,clothing_items,CLOTHING ITEMS,Garments worn on the body,normal,auto_validated,unique,0.083,tie | coat | pants | tank top
clothing_items__3,clothing_items,CLOTHING ITEMS,Garments worn on the body,normal,auto_validated,unique,0.097,skirt | jacket | jeans | shorts
clothing_parts__1,clothing_parts,GARMENT PARTS,Parts sewn into a piece of clothing,normal,auto_validated,unique,0.239,hood | button | pocket | belt loop
clothing_parts__2,clothing_parts,GARMENT PARTS,Parts sewn into a piece of clothing,normal,auto_validated,unique,0.257,sleeve | collar | lining | strap
clothing_parts__3,clothing_parts,GARMENT PARTS,Parts sewn into a piece of clothing,normal,auto_validated,unique,0.276,buckle | cuff | zipper | seam
clothing_sizes__1,clothing_sizes,CLOTHING SIZES,Words used for clothing sizes and fit,normal,auto_validated,unique,0.25,small | large | regular | plus
clothing_sizes__2,clothing_sizes,CLOTHING SIZES,Words used for clothing sizes and fit,normal,auto_validated,unique,0.26,medium | tall | tight | wide
clothing_sizes__3,clothing_sizes,CLOTHING SIZES,Words used for clothing sizes and fit,normal,auto_validated,unique,0.283,petite | slim | loose | narrow
fabrics__1,fabrics,FABRICS,Materials that clothes are made from,normal,auto_validated,unique,0.245,canvas | cotton | silk | leather
fabrics__2,fabrics,FABRICS,Materials that clothes are made from,normal,auto_validated,unique,0.264,wool | velvet | nylon | lace
fabrics__3,fabrics,FABRICS,Materials that clothes are made from,normal,auto_validated,unique,0.275,fleece | linen | denim | satin
footwear__1,footwear,FOOTWEAR,Things worn on the feet,normal,auto_validated,unique,0.124,pump | oxford | flat | slip on
footwear__2,footwear,FOOTWEAR,Things worn on the feet,normal,auto_validated,unique,0.148,boot | heel | wedge | hiking boot
footwear__3,footwear,FOOTWEAR,Things worn on the feet,normal,auto_validated,unique,0.17,sock | sneaker | slipper | flip-flop
formal_wear__1,formal_wear,FORMAL WEAR,Clothing worn to a formal occasion,normal,auto_validated,unique,0.232,suit | dress shoes | evening dress | cocktail dress
formal_wear__2,formal_wear,FORMAL WEAR,Clothing worn to a formal occasion,normal,auto_validated,unique,0.264,gown | tails | sash | veil
formal_wear__3,formal_wear,FORMAL WEAR,Clothing worn to a formal occasion,normal,auto_validated,unique,0.299,bowtie | cufflinks | tuxedo | waistcoat
hats__1,hats,HATS,Things worn on the head,normal,auto_validated,unique,0.186,crown | cap | top hat | hard hat
hats__2,hats,HATS,Things worn on the head,normal,auto_validated,unique,0.198,hood | helmet | sun hat | baseball cap
hats__3,hats,HATS,Things worn on the head,normal,auto_validated,unique,0.226,bonnet | cowboy hat | bowler | panama
jewelry__1,jewelry,JEWELRY,Decorative items worn on the body as jewelry,normal,auto_validated,unique,0.148,ring | watch | chain | charm
jewelry__2,jewelry,JEWELRY,Decorative items worn on the body as jewelry,normal,auto_validated,unique,0.186,pendant | necklace | bracelet | stud
jewelry__3,jewelry,JEWELRY,Decorative items worn on the body as jewelry,normal,auto_validated,unique,0.208,earring | brooch | hoop | tiara
jewelry_box__1,jewelry_box,JEWELRY BOX,What is kept in a jewelry box or what it is made of,normal,auto_validated,unique,,clasp | velvet | gemstones | jewelry
kids_clothing__1,kids_clothing,KIDS CLOTHING,Clothing made especially for babies and children,normal,auto_validated,unique,0.267,overalls | sun hat | jumper | diaper
kids_clothing__2,kids_clothing,KIDS CLOTHING,Clothing made especially for babies and children,normal,auto_validated,unique,0.3,bib | onesie | booties | mittens
laundry_care__1,laundry_care,LAUNDRY CARE,Things done to clothes to keep them clean and neat,normal,auto_validated,unique,0.263,iron | press | dry | sort
laundry_care__2,laundry_care,LAUNDRY CARE,Things done to clothes to keep them clean and neat,normal,auto_validated,unique,0.274,steam | wash | hang | dry clean
laundry_care__3,laundry_care,LAUNDRY CARE,Things done to clothes to keep them clean and neat,normal,auto_validated,unique,0.309,rinse | soak | fold | bleach
rainy_day_gear__1,rainy_day_gear,RAINY DAY GEAR,Something you wear or meet on a rainy day,normal,auto_validated,unique,0.319,hood | umbrella | boots | puddle
sewing_words__1,sewing_words,SEWING WORDS,Words used when sewing or altering clothes,normal,auto_validated,unique,0.288,pin | thread | pattern | alter
sewing_words__2,sewing_words,SEWING WORDS,Words used when sewing or altering clothes,normal,auto_validated,unique,0.311,needle | stitch | lining | tuck
sewing_words__3,sewing_words,SEWING WORDS,Words used when sewing or altering clothes,normal,auto_validated,unique,0.323,dart | cuff | seam | yarn
shoe_parts__1,shoe_parts,SHOE PARTS,Parts of a shoe,normal,auto_validated,unique,0.281,sole | toe | tongue | upper
shoe_parts__2,shoe_parts,SHOE PARTS,Parts of a shoe,normal,auto_validated,unique,0.301,arch | heel | lace | strap
shoe_parts__3,shoe_parts,SHOE PARTS,Parts of a shoe,normal,auto_validated,unique,0.32,buckle | tread | cushion | shank
sleepwear__1,sleepwear,SLEEPWEAR,Clothing worn to bed,normal,auto_validated,unique,0.217,robe | boxers | sleep mask | lounge pants
sleepwear__2,sleepwear,SLEEPWEAR,Clothing worn to bed,normal,auto_validated,unique,0.248,pajamas | nightgown | slippers | onesie
swimwear__1,swimwear,SWIMWEAR,Clothing worn for swimming,normal,auto_validated,unique,0.188,swim cap | cover up | one piece | board shorts
swimwear__2,swimwear,SWIMWEAR,Clothing worn for swimming,normal,auto_validated,unique,0.226,trunks | bikini | goggles | rash guard
things_with_pockets__1,things_with_pockets,THINGS WITH POCKETS,Clothes and bags that have pockets,normal,auto_validated,unique,0.288,coat | shirt | jacket | cargo pants
things_with_pockets__2,things_with_pockets,THINGS WITH POCKETS,Clothes and bags that have pockets,normal,auto_validated,unique,0.306,jeans | vest | purse | backpack
things_with_pockets__3,things_with_pockets,THINGS WITH POCKETS,Clothes and bags that have pockets,normal,auto_validated,unique,0.324,apron | hoodie | robe | suitcase
things_worn_on_hands__1,things_worn_on_hands,HAND WEAR,Things worn on the hands,normal,auto_validated,unique,0.222,ring | cast | watch | nail polish
things_worn_on_hands__2,things_worn_on_hands,HAND WEAR,Things worn on the hands,normal,auto_validated,unique,0.264,glove | bracelet | oven mitt | boxing glove
things_worn_on_hands__3,things_worn_on_hands,HAND WEAR,Things worn on the hands,normal,auto_validated,unique,0.292,bandage | mitten | splint | gauntlet
things_you_button__1,things_you_button,BUTTONED THINGS,Clothes and objects fastened with buttons,normal,auto_validated,unique,0.332,coat | shirt | pants | cuff
things_you_button__2,things_you_button,BUTTONED THINGS,Clothes and objects fastened with buttons,normal,auto_validated,unique,0.347,jacket | sweater | jeans | pajamas
things_you_tie__1,things_you_tie,TIED THINGS,Things fastened by tying a knot or bow,normal,auto_validated,unique,0.287,tie | rope | belt | hair tie
things_you_tie__2,things_you_tie,TIED THINGS,Things fastened by tying a knot or bow,normal,auto_validated,unique,0.318,knot | scarf | sash | ribbon
things_you_tie__3,things_you_tie,TIED THINGS,Things fastened by tying a knot or bow,normal,auto_validated,unique,0.354,bowtie | bandana | drawstring | laces
wardrobe__1,wardrobe,WARDROBE,"What hangs, sits or is stored in the place you keep clothes",normal,auto_validated,unique,,hanger | closet | footwear | hats
winter_cabin__1,winter_cabin,WINTER CABIN,Something warm you wear or use in deep winter,normal,auto_validated,unique,0.575,thermals | snowshoe | earmuffs | toboggan
winter_clothing__1,winter_clothing,WINTER CLOTHING,Clothing worn specifically to stay warm in cold weather,normal,auto_validated,unique,0.17,hood | coat | snow pants | down jacket
winter_clothing__2,winter_clothing,WINTER CLOTHING,Clothing worn specifically to stay warm in cold weather,normal,auto_validated,unique,0.186,boot | sweater | glove | ski mask
winter_clothing__3,winter_clothing,WINTER CLOTHING,Clothing worn specifically to stay warm in cold weather,normal,auto_validated,unique,0.204,fleece | scarf | wool socks | shawl
work_uniforms__1,work_uniforms,UNIFORMS,Outfits worn as a required uniform for work or school,normal,auto_validated,unique,0.241,badge | hard hat | lab coat | chef coat
work_uniforms__2,work_uniforms,UNIFORMS,Outfits worn as a required uniform for work or school,normal,auto_validated,unique,0.272,apron | scrubs | vest | blazer
work_uniforms__3,work_uniforms,UNIFORMS,Outfits worn as a required uniform for work or school,normal,auto_validated,unique,0.292,jumpsuit | kilt | tunic | smock
birthday_party__1,birthday_party,BIRTHDAY PARTY,Something you associate with a birthday party,normal,auto_validated,unique,0.287,balloon | gift | wish | candles
easter__1,easter,EASTER,Something you associate with Easter,normal,auto_validated,unique,0.344,chick | bunny | basket | eggs
fairy_tale__1,fairy_tale,FAIRY TALE,A character or object out of a fairy tale,normal,auto_validated,unique,0.419,troll | gnome | gingerbread | godmother
festivals__1,festivals,WORLD FESTIVALS,Festivals celebrated around the world,normal,auto_validated,unique,0.331,Carnival | Lunar New Year | Day of the Dead | Bastille Day
festivals__2,festivals,WORLD FESTIVALS,Festivals celebrated around the world,normal,auto_validated,unique,0.374,Oktoberfest | Mardi Gras | Diwali | Cinco de Mayo
greek_letters__1,greek_letters,GREEK LETTERS,Letters of the Greek alphabet,normal,auto_validated,unique,0.271,delta | alpha | beta | xi
greek_letters__2,greek_letters,GREEK LETTERS,Letters of the Greek alphabet,normal,auto_validated,unique,0.284,Omega | gamma | pi | chi
greek_letters__3,greek_letters,GREEK LETTERS,Letters of the Greek alphabet,normal,auto_validated,unique,0.295,mu | nu | sigma | phi
haunted_house__1,haunted_house,HAUNTED HOUSE,A word belonging to ghost stories and hauntings,normal,auto_validated,unique,0.55,banshee | poltergeist | cobwebs | ouija
kinds_of_humor__1,kinds_of_humor,KINDS OF HUMOR,A form of humor or a way of being funny,normal,auto_validated,unique,0.319,joke | parody | irony | prank
latin_phrases__1,latin_phrases,LATIN PHRASES,Latin phrases used in everyday English,normal,auto_validated,unique,0.375,versus | per se | agenda | per capita
latin_phrases__2,latin_phrases,LATIN PHRASES,Latin phrases used in everyday English,normal,auto_validated,unique,0.397,status quo | vice versa | ad hoc | alter ego
latin_phrases__3,latin_phrases,LATIN PHRASES,Latin phrases used in everyday English,normal,auto_validated,unique,0.418,bona fide | alma mater | alibi | quid pro quo
manners__1,manners,MANNERS WORDS,Words used when teaching good manners,normal,auto_validated,unique,0.25,please | sorry | may I | respect
manners__2,manners,MANNERS WORDS,Words used when teaching good manners,normal,auto_validated,unique,0.253,thank you | waiting | listening | turn taking
manners__3,manners,MANNERS WORDS,Words used when teaching good manners,normal,auto_validated,unique,0.271,excuse me | sharing | apologize | patience
museum_hall__1,museum_hall,MUSEUM HALL,A display or person found in a museum hall,normal,auto_validated,unique,0.475,archive | Antiquity | diorama | display
pirate_cove__1,pirate_cove,PIRATE COVE,A word from pirate tales beyond the obvious ones,normal,auto_validated,unique,0.556,spyglass | buccaneer | marooned | plunder
playground_games__1,playground_games,PLAYGROUND GAMES,Games children play at recess,normal,auto_validated,unique,0.23,hide and seek | four square | simon says | capture the flag
playground_games__2,playground_games,PLAYGROUND GAMES,Games children play at recess,normal,auto_validated,unique,0.249,jump rope | red rover | freeze tag | hot potato
playground_games__3,playground_games,PLAYGROUND GAMES,Games children play at recess,normal,auto_validated,unique,0.289,marbles | hopscotch | dodgeball | duck duck goose
superstition_numbers__1,superstition_numbers,NUMBER WORDS,Words for numbers and counting,normal,auto_validated,unique,0.195,five | eight | couple | few
superstition_numbers__2,superstition_numbers,NUMBER WORDS,Words for numbers and counting,normal,auto_validated,unique,0.195,one | four | million | half
superstition_numbers__3,superstition_numbers,NUMBER WORDS,Words for numbers and counting,normal,auto_validated,unique,0.195,single | ten | six | seven
traditional_clothing__1,traditional_clothing,TRADITIONAL CLOTHING,Traditional garments from world cultures,normal,auto_validated,unique,0.376,turban | kilt | kimono | sari
ufo_sighting__1,ufo_sighting,UFO SIGHTING,A word belonging to stories of flying saucers,normal,auto_validated,unique,0.475,martian | roswell | sighting | hovering
video_game_classics__1,video_game_classics,RETRO GAMES,Video games known across generations,normal,auto_validated,unique,0.29,Sonic | Pac Man | Mario | Donkey Kong
video_game_classics__2,video_game_classics,RETRO GAMES,Video games known across generations,normal,auto_validated,unique,0.311,Zelda | Space Invaders | Pong | Asteroids
video_game_classics__3,video_game_classics,RETRO GAMES,Video games known across generations,normal,auto_validated,unique,0.329,centipede | Tetris | Pinball | Solitaire
world_currencies_more__1,world_currencies_more,MORE CURRENCIES,Currencies used in particular countries,normal,auto_validated,unique,0.374,yen | real | yuan | rand
world_currencies_more__2,world_currencies_more,MORE CURRENCIES,Currencies used in particular countries,normal,auto_validated,unique,0.419,peso | rupee | lira | kroner
world_dances__1,world_dances,WORLD DANCES,Traditional dances from around the world,normal,auto_validated,unique,0.336,tango | salsa | waltz | square dance
world_dances__2,world_dances,WORLD DANCES,Traditional dances from around the world,normal,auto_validated,unique,0.362,samba | polka | hula | irish jig
world_hats__1,world_hats,WORLD HATS,Traditional headwear from world cultures,normal,auto_validated,unique,0.399,bowler | conical hat | tam | panama
world_hats__2,world_hats,WORLD HATS,Traditional headwear from world cultures,normal,auto_validated,unique,0.423,beret | sombrero | turban | fez
world_instruments__1,world_instruments,WORLD INSTRUMENTS,Musical instruments from cultures around the world,normal,auto_validated,unique,0.371,bagpipes | koto | ukulele | steel drum
age_words__1,age_words,AGE WORDS,Words describing how old something is,normal,auto_validated,unique,0.251,fresh | new | old | modern
age_words__2,age_words,AGE WORDS,Words describing how old something is,normal,auto_validated,unique,0.262,ancient | aged | brand new | contemporary
age_words__3,age_words,AGE WORDS,Words describing how old something is,normal,auto_validated,unique,0.289,vintage | antique | worn | prehistoric
brightness_words__1,brightness_words,BRIGHTNESS WORDS,Words describing how much light something gives,normal,auto_validated,unique,0.318,dark | bright | shining | dull
brightness_words__2,brightness_words,BRIGHTNESS WORDS,Words describing how much light something gives,normal,auto_validated,unique,0.345,dim | glowing | faint | shady
brightness_words__3,brightness_words,BRIGHTNESS WORDS,Words describing how much light something gives,normal,auto_validated,unique,0.358,dazzling | radiant | gloomy | luminous
certainty_words__1,certainty_words,CERTAINTY WORDS,Words describing how sure something is,normal,auto_validated,unique,0.296,certain | likely | maybe | perhaps
certainty_words__2,certainty_words,CERTAINTY WORDS,Words describing how sure something is,normal,auto_validated,unique,0.305,unlikely | possible | sure | obvious
certainty_words__3,certainty_words,CERTAINTY WORDS,Words describing how sure something is,normal,auto_validated,unique,0.334,definite | probable | guaranteed | uncertain
cleanliness_words__1,cleanliness_words,CLEANLINESS WORDS,Words describing how clean something is,normal,auto_validated,unique,0.273,clean | dirty | messy | neat
cleanliness_words__2,cleanliness_words,CLEANLINESS WORDS,Words describing how clean something is,normal,auto_validated,unique,0.297,polished | filthy | dusty | stained
cleanliness_words__3,cleanliness_words,CLEANLINESS WORDS,Words describing how clean something is,normal,auto_validated,unique,0.308,tidy | sterile | muddy | immaculate
difficulty_words__1,difficulty_words,DIFFICULTY WORDS,Words describing how hard a task is,normal,auto_validated,unique,0.251,hard | easy | simple | complex
difficulty_words__2,difficulty_words,DIFFICULTY WORDS,Words describing how hard a task is,normal,auto_validated,unique,0.267,tough | challenging | demanding | impossible
difficulty_words__3,difficulty_words,DIFFICULTY WORDS,Words describing how hard a task is,normal,auto_validated,unique,0.3,tricky | straightforward | tedious | manageable
distance_words__1,distance_words,DISTANCE WORDS,Words describing how far something is,normal,auto_validated,unique,0.25,near | far | close | beyond
distance_words__2,distance_words,DISTANCE WORDS,Words describing how far something is,normal,auto_validated,unique,0.257,nearby | next door | within reach | opposite
distance_words__3,distance_words,DISTANCE WORDS,Words describing how far something is,normal,auto_validated,unique,0.275,remote | distant | adjacent | alongside
frequency_words__1,frequency_words,FREQUENCY WORDS,Words describing how often something happens,normal,auto_validated,unique,0.29,always | never | often | daily
frequency_words__2,frequency_words,FREQUENCY WORDS,Words describing how often something happens,normal,auto_validated,unique,0.3,sometimes | weekly | frequently | constantly
frequency_words__3,frequency_words,FREQUENCY WORDS,Words describing how often something happens,normal,auto_validated,unique,0.312,rarely | occasionally | annually | monthly
fullness_words__1,fullness_words,FULLNESS WORDS,Words describing how full something is,normal,auto_validated,unique,0.306,full | empty | packed | loaded
fullness_words__2,fullness_words,FULLNESS WORDS,Words describing how full something is,normal,auto_validated,unique,0.326,hollow | crowded | stuffed | bare
fullness_words__3,fullness_words,FULLNESS WORDS,Words describing how full something is,normal,auto_validated,unique,0.346,vacant | sparse | jammed | deserted
noise_adjectives__1,noise_adjectives,VOLUME WORDS,Words describing how loud something is,normal,auto_validated,unique,0.259,soft | loud | quiet | still
noise_adjectives__2,noise_adjectives,VOLUME WORDS,Words describing how loud something is,normal,auto_validated,unique,0.293,faint | noisy | silent | roaring
noise_adjectives__3,noise_adjectives,VOLUME WORDS,Words describing how loud something is,normal,auto_validated,unique,0.324,deafening | hushed | booming | muffled
order_words__1,order_words,ORDER WORDS,Words describing position in a sequence,normal,auto_validated,unique,0.241,first | final | following | former
order_words__2,order_words,ORDER WORDS,Words describing position in a sequence,normal,auto_validated,unique,0.241,last | next | previous | middle
order_words__3,order_words,ORDER WORDS,Words describing position in a sequence,normal,auto_validated,unique,0.246,second | third | initial | latter
personality_traits__1,personality_traits,PERSONALITY TRAITS,An adjective describing a person's character,normal,auto_validated,unique,0.287,curious | honest | brave | kind
quantity_words__1,quantity_words,QUANTITY WORDS,Words describing how much of something there is,normal,auto_validated,unique,0.241,few | many | several | none
quantity_words__2,quantity_words,QUANTITY WORDS,Words describing how much of something there is,normal,auto_validated,unique,0.249,load | plenty | some | bunch
quantity_words__3,quantity_words,QUANTITY WORDS,Words describing how much of something there is,normal,auto_validated,unique,0.271,dozens | handful | pile | ton
shape_adjectives__1,shape_adjectives,SHAPE ADJECTIVES,Words describing the shape of an object,normal,auto_validated,unique,0.251,round | Square | wide | straight
shape_adjectives__2,shape_adjectives,SHAPE ADJECTIVES,Words describing the shape of an object,normal,auto_validated,unique,0.265,flat | pointed | thick | thin
shape_adjectives__3,shape_adjectives,SHAPE ADJECTIVES,Words describing the shape of an object,normal,auto_validated,unique,0.279,smooth | narrow | oval | bent
smell_words__1,smell_words,SMELL WORDS,Words describing how something smells,normal,auto_validated,unique,0.312,fresh | sweet | sour | spicy
smell_words__2,smell_words,SMELL WORDS,Words describing how something smells,normal,auto_validated,unique,0.35,smoky | fragrant | floral | stale
smell_words__3,smell_words,SMELL WORDS,Words describing how something smells,normal,auto_validated,unique,0.372,musty | pungent | earthy | rancid
speed_adjectives__1,speed_adjectives,SPEED WORDS,Words describing how fast something moves,normal,auto_validated,unique,0.251,medium | fast | slow | quick
speed_adjectives__2,speed_adjectives,SPEED WORDS,Words describing how fast something moves,normal,auto_validated,unique,0.273,rapid | steady | sudden | turbo
speed_adjectives__3,speed_adjectives,SPEED WORDS,Words describing how fast something moves,normal,auto_validated,unique,0.297,swift | gradual | creeping | speedy
strength_words__1,strength_words,STRENGTH WORDS,Words describing strength,normal,auto_validated,unique,0.256,solid | tough | strong | weak
strength_words__2,strength_words,STRENGTH WORDS,Words describing strength,normal,auto_validated,unique,0.288,fragile | mighty | robust | delicate
strength_words__3,strength_words,STRENGTH WORDS,Words describing strength,normal,auto_validated,unique,0.31,brittle | sturdy | frail | durable
taste_words__1,taste_words,TASTE WORDS,Words describing how food tastes,normal,auto_validated,unique,0.225,sweet | bitter | rich | mild
taste_words__2,taste_words,TASTE WORDS,Words describing how food tastes,normal,auto_validated,unique,0.256,sour | salty | spicy | crisp
taste_words__3,taste_words,TASTE WORDS,Words describing how food tastes,normal,auto_validated,unique,0.271,bland | tart | hearty | creamy
temperature_feel__1,temperature_feel,TOUCH WORDS,Words describing how something feels to touch,normal,auto_validated,unique,0.254,cold | hard | soft | warm
temperature_feel__2,temperature_feel,TOUCH WORDS,Words describing how something feels to touch,normal,auto_validated,unique,0.275,smooth | rough | sticky | Sharp
temperature_feel__3,temperature_feel,TOUCH WORDS,Words describing how something feels to touch,normal,auto_validated,unique,0.306,silky | fuzzy | damp | slippery
value_words__1,value_words,PRICE WORDS,Words describing how much something costs,normal,auto_validated,unique,0.255,budget | expensive | cheap | free
value_words__2,value_words,PRICE WORDS,Words describing how much something costs,normal,auto_validated,unique,0.281,costly | affordable | bargain | valuable
value_words__3,value_words,PRICE WORDS,Words describing how much something costs,normal,auto_validated,unique,0.302,priceless | discounted | worthless | luxurious
weather_adjectives__1,weather_adjectives,WEATHER ADJECTIVES,Words describing the weather outside,normal,auto_validated,unique,0.235,clear | mild | sunny | freezing
weather_adjectives__2,weather_adjectives,WEATHER ADJECTIVES,Words describing the weather outside,normal,auto_validated,unique,0.263,cloudy | rainy | windy | icy
weather_adjectives__3,weather_adjectives,WEATHER ADJECTIVES,Words describing the weather outside,normal,auto_validated,unique,0.271,snowy | foggy | humid | stormy
wetness_words__1,wetness_words,WETNESS WORDS,Words describing how wet something is,normal,auto_validated,unique,0.28,dry | wet | crisp | moist
wetness_words__2,wetness_words,WETNESS WORDS,Words describing how wet something is,normal,auto_validated,unique,0.303,humid | damp | soaked | saturated
wetness_words__3,wetness_words,WETNESS WORDS,Words describing how wet something is,normal,auto_validated,unique,0.315,soggy | drenched | arid | dripping
alphabet_and_numbers__1,alphabet_and_numbers,FIRST LESSONS,The very first things children learn at school,normal,auto_validated,unique,0.204,letter | day | color | addition
alphabet_and_numbers__2,alphabet_and_numbers,FIRST LESSONS,The very first things children learn at school,normal,auto_validated,unique,0.204,season | number | name | month
alphabet_and_numbers__3,alphabet_and_numbers,FIRST LESSONS,The very first things children learn at school,normal,auto_validated,unique,0.206,sound | shape | count | word
art_class_things__1,art_class_things,ART CLASS,Things used in a school art class,normal,auto_validated,unique,0.189,paint | brush | clay | construction paper
art_class_things__2,art_class_things,ART CLASS,Things used in a school art class,normal,auto_validated,unique,0.213,glue | palette | canvas | marker
art_class_things__3,art_class_things,ART CLASS,Things used in a school art class,normal,auto_validated,unique,0.225,apron | chalk | scissors | glitter
classroom_things__1,classroom_things,CLASSROOM THINGS,Things found in a school classroom,normal,auto_validated,unique,0.145,chair | map | bell | hall pass
classroom_things__2,classroom_things,CLASSROOM THINGS,Things found in a school classroom,normal,auto_validated,unique,0.155,desk | calendar | flag | clock
classroom_things__3,classroom_things,CLASSROOM THINGS,Things found in a school classroom,normal,auto_validated,unique,0.171,textbook | globe | poster | locker
college_words__1,college_words,COLLEGE WORDS,Words used about university education,normal,auto_validated,unique,0.21,major | degree | credit | professor
college_words__2,college_words,COLLEGE WORDS,Words used about university education,normal,auto_validated,unique,0.221,campus | minor | junior | senior
college_words__3,college_words,COLLEGE WORDS,Words used about university education,normal,auto_validated,unique,0.239,lecture | semester | dean | scholarship
degrees_and_titles__1,degrees_and_titles,ACADEMIC DEGREES,Degrees and academic qualifications,normal,auto_validated,unique,0.265,master | certificate | associate | license
degrees_and_titles__2,degrees_and_titles,ACADEMIC DEGREES,Degrees and academic qualifications,normal,auto_validated,unique,0.289,bachelor | PhD | honors | fellowship
degrees_and_titles__3,degrees_and_titles,ACADEMIC DEGREES,Degrees and academic qualifications,normal,auto_validated,unique,0.313,doctorate | diploma | MBA | credential
field_trip_places__1,field_trip_places,FIELD TRIPS,Places classes visit on a field trip,normal,auto_validated,unique,0.213,park | farm | fire station | science center
field_trip_places__2,field_trip_places,FIELD TRIPS,Places classes visit on a field trip,normal,auto_validated,unique,0.223,gallery | museum | factory | historical site
field_trip_places__3,field_trip_places,FIELD TRIPS,Places classes visit on a field trip,normal,auto_validated,unique,0.245,bakery | zoo | theater | capitol
grades_and_marks__1,grades_and_marks,GRADING WORDS,Words used to grade and evaluate students,normal,auto_validated,unique,0.21,pass | credit | final | average
grades_and_marks__2,grades_and_marks,GRADING WORDS,Words used to grade and evaluate students,normal,auto_validated,unique,0.212,score | grade | test | report card
grades_and_marks__3,grades_and_marks,GRADING WORDS,Words used to grade and evaluate students,normal,auto_validated,unique,0.231,exam | fail | honor roll | essay
gym_class_things__1,gym_class_things,GYM CLASS,Things used in a school gym class,normal,auto_validated,unique,0.187,ball | jump rope | uniform | net
gym_class_things__2,gym_class_things,GYM CLASS,Things used in a school gym class,normal,auto_validated,unique,0.212,whistle | locker | mat | cone
gym_class_things__3,gym_class_things,GYM CLASS,Things used in a school gym class,normal,auto_validated,unique,0.229,hoop | sneakers | parachute | hurdle
in_the_classroom__1,in_the_classroom,IN THE CLASSROOM,"A person, task or fixture found in a classroom",normal,auto_validated,unique,0.294,exam | homework | student | blackboard
learning_actions__1,learning_actions,LEARNING ACTIONS,Things students do while learning,normal,auto_validated,unique,0.21,note | practice | listen | question
learning_actions__2,learning_actions,LEARNING ACTIONS,Things students do while learning,normal,auto_validated,unique,0.212,read | review | research | discuss
learning_actions__3,learning_actions,LEARNING ACTIONS,Things students do while learning,normal,auto_validated,unique,0.233,drill | write | solve | outline
library_words__1,library_words,LIBRARY WORDS,Things and rules found in a library,normal,auto_validated,unique,0.21,book | due date | fine | study room
library_words__2,library_words,LIBRARY WORDS,Things and rules found in a library,normal,auto_validated,unique,0.227,stack | reference | silence | magazine
library_words__3,library_words,LIBRARY WORDS,Things and rules found in a library,normal,auto_validated,unique,0.249,shelf | atlas | catalog | archive
music_class_things__1,music_class_things,MUSIC CLASS,Things used in a school music class,normal,auto_validated,unique,0.225,stand | bell | sheet music | piano
music_class_things__2,music_class_things,MUSIC CLASS,Things used in a school music class,normal,auto_validated,unique,0.25,triangle | choir | drum | conductor
music_class_things__3,music_class_things,MUSIC CLASS,Things used in a school music class,normal,auto_validated,unique,0.289,recorder | tambourine | metronome | riser
paper_types__1,paper_types,KINDS OF PAPER,Kinds of paper used at school and home,normal,auto_validated,unique,0.23,tissue | carbon | index card | construction
paper_types__2,paper_types,KINDS OF PAPER,Kinds of paper used at school and home,normal,auto_validated,unique,0.254,wax | printer | graph | loose leaf
paper_types__3,paper_types,KINDS OF PAPER,Kinds of paper used at school and home,normal,auto_validated,unique,0.27,notebook | tracing | parchment | sticky note
reading_words__1,reading_words,READING WORDS,Words used when reading and studying text,normal,auto_validated,unique,0.257,chapter | page | title | quote
reading_words__2,reading_words,READING WORDS,Words used when reading and studying text,normal,auto_validated,unique,0.273,index | summary | passage | table of contents
reading_words__3,reading_words,READING WORDS,Words used when reading and studying text,normal,auto_validated,unique,0.298,appendix | paragraph | excerpt | bibliography
school_events__1,school_events,SCHOOL EVENTS,Events that happen during a school year,normal,auto_validated,unique,0.212,science fair | open house | book fair | picture day
school_events__2,school_events,SCHOOL EVENTS,Events that happen during a school year,normal,auto_validated,unique,0.224,assembly | field trip | exam | talent show
school_events__3,school_events,SCHOOL EVENTS,Events that happen during a school year,normal,auto_validated,unique,0.248,orientation | graduation | prom | detention
school_people__1,school_people,SCHOOL PEOPLE,People you meet at a school,normal,auto_validated,unique,0.174,student | teacher | principal | coach
school_people__2,school_people,SCHOOL PEOPLE,People you meet at a school,normal,auto_validated,unique,0.193,nurse | volunteer | crossing guard | bus driver
school_places__1,school_places,SCHOOL PLACES,Rooms and places inside a school,normal,auto_validated,unique,0.136,office | art room | field | stage
school_places__2,school_places,SCHOOL PLACES,Rooms and places inside a school,normal,auto_validated,unique,0.149,gym | library | bathroom | principal office
school_places__3,school_places,SCHOOL PLACES,Rooms and places inside a school,normal,auto_validated,unique,0.16,classroom | lab | nurse office | computer lab
school_subjects__1,school_subjects,SCHOOL SUBJECTS,Subjects taught in an American school,normal,auto_validated,unique,0.105,band | art | English | health
school_subjects__2,school_subjects,SCHOOL SUBJECTS,Subjects taught in an American school,normal,auto_validated,unique,0.105,history | science | music | shop
school_subjects__3,school_subjects,SCHOOL SUBJECTS,Subjects taught in an American school,normal,auto_validated,unique,0.114,literature | spanish | drama | computer science
school_supplies__1,school_supplies,SCHOOL SUPPLIES,Items a student brings to school in a backpack,normal,auto_validated,unique,0.12,pen | tape | index card | paper
school_supplies__2,school_supplies,SCHOOL SUPPLIES,Items a student brings to school in a backpack,normal,auto_validated,unique,0.146,pencil | ruler | marker | pencil case
school_supplies__3,school_supplies,SCHOOL SUPPLIES,Items a student brings to school in a backpack,normal,auto_validated,unique,0.151,glue | backpack | compass | textbook
testing_words__1,testing_words,TEST WORDS,Words for kinds of test questions and formats,normal,auto_validated,unique,0.252,final | multiple choice | short answer | open book
testing_words__2,testing_words,TEST WORDS,Words for kinds of test questions and formats,normal,auto_validated,unique,0.271,essay | true false | oral | practical
testing_words__3,testing_words,TEST WORDS,Words for kinds of test questions and formats,normal,auto_validated,unique,0.292,fill in the blank | matching | timed | pop quiz
writing_tools__1,writing_tools,WRITING TOOLS,Tools used to write or draw,normal,auto_validated,unique,0.195,pen | keyboard | brush | felt tip
writing_tools__2,writing_tools,WRITING TOOLS,Tools used to write or draw,normal,auto_validated,unique,0.214,chalk | pencil | marker | fountain pen
writing_tools__3,writing_tools,WRITING TOOLS,Tools used to write or draw,normal,auto_validated,unique,0.235,quill | charcoal | pastel | typewriter
amusement_park__1,amusement_park,AMUSEMENT PARK,Rides and things found at an amusement park,normal,auto_validated,unique,0.182,ticket | drop tower | ride | prize
amusement_park__2,amusement_park,AMUSEMENT PARK,Rides and things found at an amusement park,normal,auto_validated,unique,0.215,popcorn | cotton candy | arcade | midway
amusement_park__3,amusement_park,AMUSEMENT PARK,Rides and things found at an amusement park,normal,auto_validated,unique,0.226,mascot | roller coaster | ferris wheel | bumper car
art_forms__1,art_forms,ART FORMS,Forms of visual and performing art,normal,auto_validated,unique,0.213,painting | dance | music | film
art_forms__2,art_forms,ART FORMS,Forms of visual and performing art,normal,auto_validated,unique,0.229,theater | drawing | photography | poetry
art_forms__3,art_forms,ART FORMS,Forms of visual and performing art,normal,auto_validated,unique,0.26,pottery | weaving | sculpture | mosaic
at_the_movies__1,at_the_movies,AT THE MOVIES,Something you meet at a cinema,normal,auto_validated,unique,0.325,admission | usher | popcorn | cinema
at_the_theater__1,at_the_theater,AT THE THEATER,A part of a theatre or the people in it,normal,auto_validated,unique,0.306,curtain | stage | actor | audience
auditions__1,auditions,AUDITIONS,A word belonging to trying out for a part,normal,auto_validated,unique,0.444,spotlight | contestant | audition | callback
ballet_class__1,ballet_class,BALLET CLASS,"A move, garment or fixture of a ballet class",normal,auto_validated,unique,0.5,recital | barre | leotard | arabesque
board_games__1,board_games,BOARD GAMES,Games played on a printed board with pieces,normal,auto_validated,unique,0.171,Life | sorry | risk | trouble
board_games__2,board_games,BOARD GAMES,Games played on a printed board with pieces,normal,auto_validated,unique,0.205,chess | monopoly | clue | candy land
board_games__3,board_games,BOARD GAMES,Games played on a printed board with pieces,normal,auto_validated,unique,0.239,checkers | scrabble | battleship | trivial pursuit
card_games__1,card_games,CARD GAMES,Games played with a deck of cards,normal,auto_validated,unique,0.216,bridge | hearts | go fish | war
card_games__2,card_games,CARD GAMES,Games played with a deck of cards,normal,auto_validated,unique,0.265,poker | blackjack | uno | old maid
card_games__3,card_games,CARD GAMES,Games played with a deck of cards,normal,auto_validated,unique,0.296,Solitaire | rummy | spades | crazy eights
card_words__1,card_words,CARD WORDS,"Words for the cards, suits and parts of a standard deck of playing cards",normal,auto_validated,unique,0.21,heart | club | cut | deal
card_words__2,card_words,CARD WORDS,"Words for the cards, suits and parts of a standard deck of playing cards",normal,auto_validated,unique,0.21,straight | king | trump | face card
card_words__3,card_words,CARD WORDS,"Words for the cards, suits and parts of a standard deck of playing cards",normal,auto_validated,unique,0.215,suit | queen | jack | pair
circus_ring__1,circus_ring,CIRCUS RING,A circus act or prop beyond the obvious ones,normal,auto_validated,unique,0.537,unicycle | stilts | cannonball | strongman
circus_words__1,circus_words,CIRCUS WORDS,"People, animals and objects you see at a traditional circus",normal,auto_validated,unique,0.229,ring | elephant | net | tent
circus_words__2,circus_words,CIRCUS WORDS,"People, animals and objects you see at a traditional circus",normal,auto_validated,unique,0.25,clown | cannon | popcorn | cotton candy
circus_words__3,circus_words,CIRCUS WORDS,"People, animals and objects you see at a traditional circus",normal,auto_validated,unique,0.299,acrobat | tightrope | stilts | lion tamer
comedy_words__1,comedy_words,COMEDY WORDS,Words used about comedy performances,normal,auto_validated,unique,0.282,sketch | joke | timing | routine
comedy_words__2,comedy_words,COMEDY WORDS,Words used about comedy performances,normal,auto_validated,unique,0.305,roast | satire | parody | one liner
comedy_words__3,comedy_words,COMEDY WORDS,Words used about comedy performances,normal,auto_validated,unique,0.323,improv | gag | standup | pun
costume_party__1,costume_party,COSTUME PARTY,What you put on or need for a costume party,normal,auto_validated,unique,,wig | cape | mask | superheroes
dance_styles__1,dance_styles,DANCE STYLES,Styles of dance,normal,auto_validated,unique,0.229,tap | swing | jazz | line dance
dance_styles__2,dance_styles,DANCE STYLES,Styles of dance,normal,auto_validated,unique,0.246,ballet | folk | disco | hip hop
dance_styles__3,dance_styles,DANCE STYLES,Styles of dance,normal,auto_validated,unique,0.267,tango | salsa | ballroom | cha cha
famous_composers__1,famous_composers,COMPOSERS,Famous classical composers,normal,auto_validated,unique,0.361,Mozart | Beethoven | Bach | Wagner
famous_composers__2,famous_composers,COMPOSERS,Famous classical composers,normal,auto_validated,unique,0.385,Chopin | Handel | Brahms | Schubert
famous_composers__3,famous_composers,COMPOSERS,Famous classical composers,normal,auto_validated,unique,0.392,Tchaikovsky | Haydn | Liszt | Verdi
fantasy_creatures__1,fantasy_creatures,MYTHICAL CREATURES,Creatures from myth and legend,normal,auto_validated,unique,0.233,phoenix | dragon | giant | fairy
fantasy_creatures__2,fantasy_creatures,MYTHICAL CREATURES,Creatures from myth and legend,normal,auto_validated,unique,0.254,troll | elf | griffin | vampire
fantasy_creatures__3,fantasy_creatures,MYTHICAL CREATURES,Creatures from myth and legend,normal,auto_validated,unique,0.271,mermaid | goblin | unicorn | werewolf
in_a_band__1,in_a_band,IN A BAND,A part played by a member of a music band,normal,auto_validated,unique,0.35,guitar | vocals | drummer | frontman
instruments_in_an_orchestra__1,instruments_in_an_orchestra,ORCHESTRA SECTIONS,Sections and roles in a symphony orchestra,normal,auto_validated,unique,0.334,conductor | strings | brass | section
instruments_in_an_orchestra__2,instruments_in_an_orchestra,ORCHESTRA SECTIONS,Sections and roles in a symphony orchestra,normal,auto_validated,unique,0.364,percussion | soloist | first violin | ensemble
instruments_you_strum__1,instruments_you_strum,THINGS WITH STRINGS,Objects that have strings as an essential part,normal,auto_validated,unique,0.329,bow | piano | guitar | yo-yo
instruments_you_strum__2,instruments_you_strum,THINGS WITH STRINGS,Objects that have strings as an essential part,normal,auto_validated,unique,0.352,kite | balloon | violin | puppet
instruments_you_strum__3,instruments_you_strum,THINGS WITH STRINGS,Objects that have strings as an essential part,normal,auto_validated,unique,0.369,apron | cello | harp | tennis racket
magic_words__1,magic_words,MAGIC SHOW,Things used in a stage magic performance,normal,auto_validated,unique,0.266,chain | assistant | box | smoke
magic_words__2,magic_words,MAGIC SHOW,Things used in a stage magic performance,normal,auto_validated,unique,0.276,mirror | hat | top hat | trick
magic_words__3,magic_words,MAGIC SHOW,Things used in a stage magic performance,normal,auto_validated,unique,0.286,rope | coin | deck | cape
movie_genres__1,movie_genres,MOVIE GENRES,Categories used to classify films,normal,auto_validated,unique,0.172,drama | war | western | action
movie_genres__2,movie_genres,MOVIE GENRES,Categories used to classify films,normal,auto_validated,unique,0.186,musical | comedy | fantasy | adventure
movie_genres__3,movie_genres,MOVIE GENRES,Categories used to classify films,normal,auto_validated,unique,0.191,horror | romance | documentary | mystery
movie_words__1,movie_words,FILM MAKING,Words used in making and showing films,normal,auto_validated,unique,0.216,close up | cut | director | extra
movie_words__2,movie_words,FILM MAKING,Words used in making and showing films,normal,auto_validated,unique,0.216,take | scene | camera | box office
movie_words__3,movie_words,FILM MAKING,Words used in making and showing films,normal,auto_validated,unique,0.231,cast | trailer | script | actor
music_genres__1,music_genres,MUSIC GENRES,Styles used to classify music,normal,auto_validated,unique,0.171,pop | rock | metal | country
music_genres__2,music_genres,MUSIC GENRES,Styles used to classify music,normal,auto_validated,unique,0.189,swing | jazz | blues | soul
music_genres__3,music_genres,MUSIC GENRES,Styles used to classify music,normal,auto_validated,unique,0.197,opera | classical | folk | gospel
music_words__1,music_words,MUSIC WORDS,Words used to describe how a piece of music is written or performed,normal,auto_validated,unique,0.225,key | note | beat | staff
music_words__2,music_words,MUSIC WORDS,Words used to describe how a piece of music is written or performed,normal,auto_validated,unique,0.231,scale | bridge | measure | flat
music_words__3,music_words,MUSIC WORDS,Words used to describe how a piece of music is written or performed,normal,auto_validated,unique,0.244,pitch | Sharp | verse | solo
musical_instruments__1,musical_instruments,MUSICAL INSTRUMENTS,Instruments played to produce music,normal,auto_validated,unique,0.125,organ | piano | drum | guitar
musical_instruments__2,musical_instruments,MUSICAL INSTRUMENTS,Instruments played to produce music,normal,auto_validated,unique,0.146,keyboard | violin | flute | trumpet
musical_instruments__3,musical_instruments,MUSICAL INSTRUMENTS,Instruments played to produce music,normal,auto_validated,unique,0.165,cello | harp | banjo | saxophone
orchestra_words__1,orchestra_words,ORCHESTRA WORDS,A term belonging to an orchestra and its music,normal,auto_validated,unique,0.45,symphony | maestro | overture | concerto
party_things__1,party_things,PARTY THINGS,Things found at a birthday party,normal,auto_validated,unique,0.139,present | music | game | favor
party_things__2,party_things,PARTY THINGS,Things found at a birthday party,normal,auto_validated,unique,0.15,plate | prize | cake | guest
party_things__3,party_things,PARTY THINGS,Things found at a birthday party,normal,auto_validated,unique,0.162,banner | invitation | party hat | candy
percussion__1,percussion,PERCUSSION INSTRUMENTS,Musical instruments played by striking or shaking,normal,auto_validated,unique,0.266,triangle | drum | gong | snare
percussion__2,percussion,PERCUSSION INSTRUMENTS,Musical instruments played by striking or shaking,normal,auto_validated,unique,0.301,tambourine | cymbal | bongo | chime
percussion__3,percussion,PERCUSSION INSTRUMENTS,Musical instruments played by striking or shaking,normal,auto_validated,unique,0.321,marimba | xylophone | timpani | cowbell
reading_material__1,reading_material,READING MATTER,Things people read,normal,auto_validated,unique,0.17,letter | book | sign | article
reading_material__2,reading_material,READING MATTER,Things people read,normal,auto_validated,unique,0.178,map | magazine | blog | novel
reading_material__3,reading_material,READING MATTER,Things people read,normal,auto_validated,unique,0.186,ticket | label | newspaper | comic
singing_voices__1,singing_voices,SINGING VOICES,A named singing range or singing group,normal,auto_validated,unique,0.319,choir | solo | soprano | alto
storybook_characters__1,storybook_characters,TALE CHARACTERS,Characters that appear in classic fairy tales,normal,auto_validated,unique,0.175,queen | Prince | king | giant
storybook_characters__2,storybook_characters,TALE CHARACTERS,Characters that appear in classic fairy tales,normal,auto_validated,unique,0.191,wolf | dragon | princess | knight
storybook_characters__3,storybook_characters,TALE CHARACTERS,Characters that appear in classic fairy tales,normal,auto_validated,unique,0.207,frog | witch | fairy | wizard
string_instruments__1,string_instruments,STRING INSTRUMENTS,Musical instruments played by plucking or bowing strings,normal,auto_validated,unique,0.252,bass | guitar | violin | viola
string_instruments__2,string_instruments,STRING INSTRUMENTS,Musical instruments played by plucking or bowing strings,normal,auto_validated,unique,0.279,cello | harp | banjo | fiddle
string_instruments__3,string_instruments,STRING INSTRUMENTS,Musical instruments played by plucking or bowing strings,normal,auto_validated,unique,0.301,ukulele | mandolin | lute | harpsichord
theater_words__1,theater_words,THEATER WORDS,Words for the parts and people of a live theater production,normal,auto_validated,unique,0.217,cast | stage | box office | act
theater_words__2,theater_words,THEATER WORDS,Words for the parts and people of a live theater production,normal,auto_validated,unique,0.247,curtain | script | spotlight | wings
theater_words__3,theater_words,THEATER WORDS,Words for the parts and people of a live theater production,normal,auto_validated,unique,0.264,balcony | aisle | prop | rehearsal
toy_chest__1,toy_chest,TOY CHEST,What gets thrown into a child's toy chest,normal,auto_validated,unique,,doll | blocks | toys | balls
toys__1,toys,TOYS,Things children play with,normal,auto_validated,unique,0.137,top | ball | train set | action figure
toys__2,toys,TOYS,Things children play with,normal,auto_validated,unique,0.158,blocks | robot | jack in the box | bubble
toys__3,toys,TOYS,Things children play with,normal,auto_validated,unique,0.171,marble | jump rope | doll | yo-yo
tv_words__1,tv_words,TELEVISION WORDS,Words used about television programs,normal,auto_validated,unique,0.216,commercial | channel | episode | network
tv_words__2,tv_words,TELEVISION WORDS,Words used about television programs,normal,auto_validated,unique,0.229,screen | remote | cable | pilot
tv_words__3,tv_words,TELEVISION WORDS,Words used about television programs,normal,auto_validated,unique,0.244,ratings | finale | broadcast | streaming
types_of_guitars__1,types_of_guitars,TYPES OF GUITARS,A kind of guitar or a close relative of the guitar,normal,auto_validated,unique,0.294,banjo | classical | electric | acoustic
video_game_words__1,video_game_words,GAMING WORDS,Words used when playing video games,normal,auto_validated,unique,0.217,level | save | power up | health bar
video_game_words__2,video_game_words,GAMING WORDS,Words used when playing video games,normal,auto_validated,unique,0.232,score | boss | controller | quest
video_game_words__3,video_game_words,GAMING WORDS,Words used when playing video games,normal,auto_validated,unique,0.258,arcade | avatar | console | cheat code
wind_instruments__1,wind_instruments,WIND INSTRUMENTS,Musical instruments played by blowing air,normal,auto_validated,unique,0.261,whistle | recorder | trumpet | french horn
wind_instruments__2,wind_instruments,WIND INSTRUMENTS,Musical instruments played by blowing air,normal,auto_validated,unique,0.285,flute | clarinet | saxophone | piccolo
at_the_stables__1,at_the_stables,AT THE STABLES,"A piece of tack, animal or fixture found at stables",normal,auto_validated,unique,0.419,bridle | reins | horseshoe | paddock
barn_things__1,barn_things,BARN THINGS,Things found inside a barn,normal,auto_validated,unique,0.233,gate | rope | bucket | feed
barn_things__2,barn_things,BARN THINGS,Things found inside a barn,normal,auto_validated,unique,0.253,sack | stall | saddle | hay
barn_things__3,barn_things,BARN THINGS,Things found inside a barn,normal,auto_validated,unique,0.263,harness | lantern | bale | loft
beekeeper__1,beekeeper,BEEKEEPER,"A place, product or tool of keeping bees",normal,auto_validated,unique,0.519,smoker | apiary | honeycomb | beeswax
beekeeping__1,beekeeping,BEEKEEPING THINGS,Things used in beekeeping,normal,auto_validated,unique,0.298,queen | frame | worker | super
beekeeping__2,beekeeping,BEEKEEPING THINGS,Things used in beekeeping,normal,auto_validated,unique,0.324,wax | gloves | honey | drone
beekeeping__3,beekeeping,BEEKEEPING THINGS,Things used in beekeeping,normal,auto_validated,unique,0.345,hive | veil | comb | pollen
country_life__1,country_life,COUNTRY LIFE,Things associated with rural country living,normal,auto_validated,unique,0.263,well | dirt road | creek | general store
country_life__2,country_life,COUNTRY LIFE,Things associated with rural country living,normal,auto_validated,unique,0.288,porch | fence post | pickup truck | pond
country_life__3,country_life,COUNTRY LIFE,Things associated with rural country living,normal,auto_validated,unique,0.307,tractor | pasture | chores | bonfire
dairy_words__1,dairy_words,DAIRY FARM,Things involved in dairy farming,normal,auto_validated,unique,0.268,cream | barn | milk | cheese
dairy_words__2,dairy_words,DAIRY FARM,Things involved in dairy farming,normal,auto_validated,unique,0.31,calf | herd | churn | milking machine
dairy_words__3,dairy_words,DAIRY FARM,Things involved in dairy farming,normal,auto_validated,unique,0.339,udder | pail | separator | curd
farm_buildings__1,farm_buildings,FARM BUILDINGS,Buildings and structures on a farm,normal,auto_validated,unique,0.233,pen | shed | stable | fence
farm_buildings__2,farm_buildings,FARM BUILDINGS,Buildings and structures on a farm,normal,auto_validated,unique,0.254,barn | greenhouse | farmhouse | dairy
farm_buildings__3,farm_buildings,FARM BUILDINGS,Buildings and structures on a farm,normal,auto_validated,unique,0.281,coop | silo | corral | windmill
farm_machines__1,farm_machines,FARM MACHINES,Machines used on a modern farm,normal,auto_validated,unique,0.26,tractor | combine | plow | irrigation pump
farm_machines__2,farm_machines,FARM MACHINES,Machines used on a modern farm,normal,auto_validated,unique,0.287,harvester | tiller | mower | harrow
farm_machines__3,farm_machines,FARM MACHINES,Machines used on a modern farm,normal,auto_validated,unique,0.305,sprayer | thresher | spreader | silo loader
farm_morning__1,farm_morning,FARM,"What a farm has, keeps or fights",normal,auto_validated,unique,,barn | tractor | silo | livestock
farm_products__1,farm_products,FARM PRODUCTS,Things a farm produces to sell,normal,auto_validated,unique,0.221,milk | cheese | eggs | produce
farm_products__2,farm_products,FARM PRODUCTS,Things a farm produces to sell,normal,auto_validated,unique,0.233,cotton | leather | honey | beef
farm_products__3,farm_products,FARM PRODUCTS,Things a farm produces to sell,normal,auto_validated,unique,0.243,hay | grain | corn | pork
harvest_words__1,harvest_words,HARVEST WORDS,Words used at harvest time,normal,auto_validated,unique,0.274,stack | yield | field | crop
harvest_words__2,harvest_words,HARVEST WORDS,Words used at harvest time,normal,auto_validated,unique,0.305,bale | reap | sickle | wagon
harvest_words__3,harvest_words,HARVEST WORDS,Words used at harvest time,normal,auto_validated,unique,0.336,silo | bushel | scythe | sheaf
irrigation__1,irrigation,IRRIGATION THINGS,Things used to water crops,normal,auto_validated,unique,0.316,pipe | pump | canal | well
irrigation__2,irrigation,IRRIGATION THINGS,Things used to water crops,normal,auto_validated,unique,0.332,ditch | reservoir | dam | valve
irrigation__3,irrigation,IRRIGATION THINGS,Things used to water crops,normal,auto_validated,unique,0.354,sprinkler | hose | pivot | drip line
orchard_words__1,orchard_words,ORCHARD WORDS,Things found in a fruit orchard,normal,auto_validated,unique,0.279,bee | row | basket | tree
orchard_words__2,orchard_words,ORCHARD WORDS,Things found in a fruit orchard,normal,auto_validated,unique,0.304,harvest | ladder | blossom | cider press
orchard_words__3,orchard_words,ORCHARD WORDS,Things found in a fruit orchard,normal,auto_validated,unique,0.331,mulch | crate | netting | picker
pest_control__1,pest_control,CROP PESTS,Creatures that damage crops,normal,auto_validated,unique,0.338,rabbit | crow | beetle | deer
pest_control__2,pest_control,CROP PESTS,Creatures that damage crops,normal,auto_validated,unique,0.365,grasshopper | caterpillar | slug | mite
pest_control__3,pest_control,CROP PESTS,Creatures that damage crops,normal,auto_validated,unique,0.382,locust | gopher | weevil | nematode
ranch_words__1,ranch_words,RANCH WORDS,Things found on a cattle ranch,normal,auto_validated,unique,0.267,boot | brand | horse | fence
ranch_words__2,ranch_words,RANCH WORDS,Things found on a cattle ranch,normal,auto_validated,unique,0.292,saddle | herd | cattle | cowboy
ranch_words__3,ranch_words,RANCH WORDS,Things found on a cattle ranch,normal,auto_validated,unique,0.312,trough | spur | roundup | stampede
soil_words__1,soil_words,SOIL WORDS,Words used to describe soil and its care,normal,auto_validated,unique,0.334,sand | clay | erosion | nutrient
soil_words__2,soil_words,SOIL WORDS,Words used to describe soil and its care,normal,auto_validated,unique,0.363,compost | plow | fertilizer | acidity
soil_words__3,soil_words,SOIL WORDS,Words used to describe soil and its care,normal,auto_validated,unique,0.384,mulch | loam | topsoil | silt
vineyard_words__1,vineyard_words,VINEYARD WORDS,Things found in a vineyard,normal,auto_validated,unique,0.329,crush | harvest | barrel | cluster
vineyard_words__2,vineyard_words,VINEYARD WORDS,Things found in a vineyard,normal,auto_validated,unique,0.343,vine | grape | cork | terrace
vineyard_words__3,vineyard_words,VINEYARD WORDS,Things found in a vineyard,normal,auto_validated,unique,0.365,trellis | cellar | pruning | vat
bags__1,bags,BAGS AND CASES,Kinds of bag people carry,normal,auto_validated,unique,0.203,trunk | wallet | purse | gym bag
bags__2,bags,BAGS AND CASES,Kinds of bag people carry,normal,auto_validated,unique,0.216,backpack | clutch | messenger bag | garment bag
bags__3,bags,BAGS AND CASES,Kinds of bag people carry,normal,auto_validated,unique,0.231,suitcase | tote | fanny pack | pouch
beauty_tools__1,beauty_tools,BEAUTY TOOLS,"Tools used for hair, nails and makeup",normal,auto_validated,unique,0.272,file | brush | roller | mirror
beauty_tools__2,beauty_tools,BEAUTY TOOLS,"Tools used for hair, nails and makeup",normal,auto_validated,unique,0.3,sponge | dryer | buffer | razor
beauty_tools__3,beauty_tools,BEAUTY TOOLS,"Tools used for hair, nails and makeup",normal,auto_validated,unique,0.319,tweezers | comb | clipper | curling iron
eyewear__1,eyewear,EYEWEAR,Things worn over the eyes,normal,auto_validated,unique,0.235,glasses | mask | safety glasses | reading glasses
eyewear__2,eyewear,EYEWEAR,Things worn over the eyes,normal,auto_validated,unique,0.249,sunglasses | contacts | shades | frames
eyewear__3,eyewear,EYEWEAR,Things worn over the eyes,normal,auto_validated,unique,0.291,visor | goggles | monocle | blindfold
facial_care__1,facial_care,FACIAL CARE,A product applied to the face to care for the skin,normal,auto_validated,unique,0.35,cleanser | serum | toner | patches
fashion_accessories__1,fashion_accessories,FASHION ACCESSORIES,Items added to complete a look,normal,auto_validated,unique,0.224,watch | tie | hat | pocket square
fashion_accessories__2,fashion_accessories,FASHION ACCESSORIES,Items added to complete a look,normal,auto_validated,unique,0.246,necklace | belt | sunglasses | gloves
fashion_accessories__3,fashion_accessories,FASHION ACCESSORIES,Items added to complete a look,normal,auto_validated,unique,0.272,scarf | bracelet | earring | brooch
fashion_show__1,fashion_show,FASHION SHOW,Things found at a fashion show,normal,auto_validated,unique,0.29,collection | camera | model | program
fashion_show__2,fashion_show,FASHION SHOW,Things found at a fashion show,normal,auto_validated,unique,0.314,designer | front row | outfit | fitting
fashion_show__3,fashion_show,FASHION SHOW,Things found at a fashion show,normal,auto_validated,unique,0.329,runway | spotlight | pose | rack
fashion_styles__1,fashion_styles,FASHION STYLES,Named styles of dressing,normal,auto_validated,unique,0.309,western | casual | formal | classic
fashion_styles__2,fashion_styles,FASHION STYLES,Named styles of dressing,normal,auto_validated,unique,0.33,vintage | punk | retro | business casual
fashion_styles__3,fashion_styles,FASHION STYLES,Named styles of dressing,normal,auto_validated,unique,0.358,gothic | bohemian | sporty | minimalist
hairstyles__1,hairstyles,HAIRSTYLES,Ways of styling hair,normal,auto_validated,unique,0.243,bun | bob | layers | crew cut
hairstyles__2,hairstyles,HAIRSTYLES,Ways of styling hair,normal,auto_validated,unique,0.28,braid | bangs | pixie | afro
hairstyles__3,hairstyles,HAIRSTYLES,Ways of styling hair,normal,auto_validated,unique,0.291,ponytail | mohawk | perm | beehive
makeup__1,makeup,MAKEUP,Cosmetics applied to the face,normal,auto_validated,unique,0.238,foundation | lipstick | powder | setting spray
makeup__2,makeup,MAKEUP,Cosmetics applied to the face,normal,auto_validated,unique,0.268,primer | blush | gloss | brow pencil
makeup__3,makeup,MAKEUP,Cosmetics applied to the face,normal,auto_validated,unique,0.282,mascara | eyeliner | concealer | eyeshadow
nail_words__1,nail_words,NAIL CARE,Things used for manicures and nail care,normal,auto_validated,unique,0.31,polish | file | base coat | top coat
nail_words__2,nail_words,NAIL CARE,Things used for manicures and nail care,normal,auto_validated,unique,0.333,soak | buffer | gel | wrap
nail_words__3,nail_words,NAIL CARE,Things used for manicures and nail care,normal,auto_validated,unique,0.357,acrylic | glitter | clipper | remover
patterns__1,patterns,PATTERNS,Patterns printed on cloth,normal,auto_validated,unique,0.259,Stripe | floral | tie dye | animal print
patterns__2,patterns,PATTERNS,Patterns printed on cloth,normal,auto_validated,unique,0.28,plaid | paisley | camouflage | chevron
patterns__3,patterns,PATTERNS,Patterns printed on cloth,normal,auto_validated,unique,0.294,polka dot | checkered | argyle | tartan
perfume_words__1,perfume_words,FRAGRANCE WORDS,Words used to describe perfumes and scents,normal,auto_validated,unique,0.307,fresh | amber | rose | sweet
perfume_words__2,perfume_words,FRAGRANCE WORDS,Words used to describe perfumes and scents,normal,auto_validated,unique,0.341,spicy | floral | woody | vanilla
perfume_words__3,perfume_words,FRAGRANCE WORDS,Words used to describe perfumes and scents,normal,auto_validated,unique,0.35,Cologne | musk | citrus | mist
self_care__1,self_care,SELF CARE,A way people look after their appearance and body,normal,auto_validated,unique,0.394,massage | skincare | manicure | spa
sewing_patterns__1,sewing_patterns,GARMENT DETAILS,Details sewn into a garment design,normal,auto_validated,unique,0.323,trim | collar | pocket | panel
sewing_patterns__2,sewing_patterns,GARMENT DETAILS,Details sewn into a garment design,normal,auto_validated,unique,0.353,dart | cuff | lining | yoke
sewing_patterns__3,sewing_patterns,GARMENT DETAILS,Details sewn into a garment design,normal,auto_validated,unique,0.371,hem | seam | lapel | ruffle
shoe_styles__1,shoe_styles,SHOE STYLES,Styles of shoe,normal,auto_validated,unique,0.231,pump | oxford | flat | platform
shoe_styles__2,shoe_styles,SHOE STYLES,Styles of shoe,normal,auto_validated,unique,0.262,boot | mule | heel | wedge
spa_day__1,spa_day,SPA DAY,A treatment or fixture of a day at the spa,normal,auto_validated,unique,0.5,masseuse | jacuzzi | pampering | aromatherapy
wardrobe_care__1,wardrobe_care,WARDROBE CARE,Things used to store and care for clothes,normal,auto_validated,unique,0.312,iron | hook | brush | closet
wardrobe_care__2,wardrobe_care,WARDROBE CARE,Things used to store and care for clothes,normal,auto_validated,unique,0.33,shelf | shoe tree | drawer | cedar block
wardrobe_care__3,wardrobe_care,WARDROBE CARE,Things used to store and care for clothes,normal,auto_validated,unique,0.356,garment bag | hanger | steamer | lint roller
asian_dishes__1,asian_dishes,ASIAN DISHES,Dishes from East and Southeast Asian cuisines eaten in the United States,normal,auto_validated,unique,0.245,fried rice | spring roll | curry | egg roll
asian_dishes__2,asian_dishes,ASIAN DISHES,Dishes from East and Southeast Asian cuisines eaten in the United States,normal,auto_validated,unique,0.27,sushi | ramen | pad thai | dim sum
asian_dishes__3,asian_dishes,ASIAN DISHES,Dishes from East and Southeast Asian cuisines eaten in the United States,normal,auto_validated,unique,0.293,lo mein | pho | chow mein | kimchi
baked_goods__1,baked_goods,BAKED GOODS,Something baked from dough or batter in an oven,normal,auto_validated,unique,0.188,cake | bagel | cookie | bread
baked_goods__2,baked_goods,BAKED GOODS,Something baked from dough or batter in an oven,normal,auto_validated,unique,0.219,muffin | croissant | pie | donut
baking_ingredients__1,baking_ingredients,BAKING INGREDIENTS,"Ingredients commonly used to bake cakes, bread or cookies",normal,auto_validated,unique,0.177,oil | cream | milk | sugar
baking_ingredients__2,baking_ingredients,BAKING INGREDIENTS,"Ingredients commonly used to bake cakes, bread or cookies",normal,auto_validated,unique,0.187,honey | egg | salt | chocolate
baking_ingredients__3,baking_ingredients,BAKING INGREDIENTS,"Ingredients commonly used to bake cakes, bread or cookies",normal,auto_validated,unique,0.207,vanilla | butter | flour | baking powder
barbecue__1,barbecue,BARBECUE,Something you cook with or over at a barbecue,normal,auto_validated,unique,0.319,grill | charcoal | smoke | burger
bbq_foods__1,bbq_foods,BARBECUE FOODS,Foods cooked or served at an American backyard barbecue,normal,auto_validated,unique,0.228,chicken | corn | hot dog | chips
bbq_foods__2,bbq_foods,BARBECUE FOODS,Foods cooked or served at an American backyard barbecue,normal,auto_validated,unique,0.251,ribs | burger | potato salad | pulled pork
bbq_foods__3,bbq_foods,BARBECUE FOODS,Foods cooked or served at an American backyard barbecue,normal,auto_validated,unique,0.259,mustard | bun | sausage | baked beans
berries__1,berries,BERRIES,Small soft fruits called berries in everyday American English,normal,auto_validated,unique,0.194,grape | cherry | strawberry | mulberry
berries__2,berries,BERRIES,Small soft fruits called berries in everyday American English,normal,auto_validated,unique,0.21,blueberry | raspberry | blackberry | huckleberry
bread_types__1,bread_types,BREAD TYPES,Kinds of bread and baked goods made from dough,normal,auto_validated,unique,0.206,white | roll | wheat | banana bread
bread_types__2,bread_types,BREAD TYPES,Kinds of bread and baked goods made from dough,normal,auto_validated,unique,0.237,bun | rye | biscuit | texas toast
bread_types__3,bread_types,BREAD TYPES,Kinds of bread and baked goods made from dough,normal,auto_validated,unique,0.256,bagel | muffin | pita | tortilla
breakfast_foods__1,breakfast_foods,BREAKFAST FOODS,Foods typically eaten at breakfast in the United States,normal,auto_validated,unique,0.155,egg | bacon | coffee cake | jam
breakfast_foods__2,breakfast_foods,BREAKFAST FOODS,Foods typically eaten at breakfast in the United States,normal,auto_validated,unique,0.168,toast | french toast | danish | ham
breakfast_foods__3,breakfast_foods,BREAKFAST FOODS,Foods typically eaten at breakfast in the United States,normal,auto_validated,unique,0.175,milk | rice | sausage | bread
cake_types__1,cake_types,CAKE TYPES,Kinds of cake baked and sold in the United States,normal,auto_validated,unique,0.236,chocolate | angel food | birthday | wedding
cake_types__2,cake_types,CAKE TYPES,Kinds of cake baked and sold in the United States,normal,auto_validated,unique,0.249,pound | layer | coffee cake | ice cream cake
cake_types__3,cake_types,CAKE TYPES,Kinds of cake baked and sold in the United States,normal,auto_validated,unique,0.269,vanilla | red velvet | upside down | lava
candy__1,candy,CANDY,Sweets sold in a candy aisle,normal,auto_validated,unique,0.171,gum | chocolate | rock candy | chocolate bar
candy__2,candy,CANDY,Sweets sold in a candy aisle,normal,auto_validated,unique,0.196,mint | caramel | jelly bean | candy cane
candy__3,candy,CANDY,Sweets sold in a candy aisle,normal,auto_validated,unique,0.213,brittle | fudge | lollipop | marshmallow
cheese_types__1,cheese_types,CHEESE TYPES,Kinds of cheese sold in American grocery stores,normal,auto_validated,unique,0.243,American | cream cheese | swiss | blue cheese
cheese_types__2,cheese_types,CHEESE TYPES,Kinds of cheese sold in American grocery stores,normal,auto_validated,unique,0.278,cottage cheese | cheddar | goat cheese | monterey jack
cheese_types__3,cheese_types,CHEESE TYPES,Kinds of cheese sold in American grocery stores,normal,auto_validated,unique,0.296,mozzarella | parmesan | brie | colby
citrus_fruits__1,citrus_fruits,CITRUS FRUITS,Fruits of the citrus family with a thick peel and juicy segments,normal,auto_validated,unique,0.221,orange | lemon | lime | mandarin
citrus_fruits__2,citrus_fruits,CITRUS FRUITS,Fruits of the citrus family with a thick peel and juicy segments,normal,auto_validated,unique,0.268,grapefruit | tangerine | clementine | citron
cold_drinks__1,cold_drinks,COLD DRINKS,Drinks normally served cold,normal,auto_validated,unique,0.147,water | milk | juice | sports drink
cold_drinks__2,cold_drinks,COLD DRINKS,Drinks normally served cold,normal,auto_validated,unique,0.168,punch | soda | root beer | coconut water
cold_drinks__3,cold_drinks,COLD DRINKS,Drinks normally served cold,normal,auto_validated,unique,0.192,lemonade | iced tea | cola | ginger ale
condiments__1,condiments,CONDIMENTS,Things squeezed or spooned onto food at the table,normal,auto_validated,unique,0.199,honey | jam | hot sauce | ranch
condiments__2,condiments,CONDIMENTS,Things squeezed or spooned onto food at the table,normal,auto_validated,unique,0.219,mustard | syrup | mayo | vinegar
condiments__3,condiments,CONDIMENTS,Things squeezed or spooned onto food at the table,normal,auto_validated,unique,0.226,salsa | ketchup | soy sauce | barbecue sauce
cooking_fats__1,cooking_fats,COOKING FATS,Fats and oils used to cook or dress food,normal,auto_validated,unique,0.337,butter | olive oil | vegetable oil | corn oil
cooking_fats__2,cooking_fats,COOKING FATS,Fats and oils used to cook or dress food,normal,auto_validated,unique,0.354,coconut oil | peanut oil | sesame oil | bacon grease
cooking_fats__3,cooking_fats,COOKING FATS,Fats and oils used to cook or dress food,normal,auto_validated,unique,0.373,shortening | lard | avocado oil | sunflower oil
dairy_products__1,dairy_products,DAIRY PRODUCTS,Foods made from milk or sold in the dairy section,normal,auto_validated,unique,0.114,cream | milk | cheese | half and half
dairy_products__2,dairy_products,DAIRY PRODUCTS,Foods made from milk or sold in the dairy section,normal,auto_validated,unique,0.131,butter | ice cream | cream cheese | cottage cheese
dairy_products__3,dairy_products,DAIRY PRODUCTS,Foods made from milk or sold in the dairy section,normal,auto_validated,unique,0.156,yogurt | sour cream | whipped cream | frozen yogurt
desserts__1,desserts,DESSERTS,Sweet dishes served at the end of a meal,normal,auto_validated,unique,0.123,cake | ice cream | pie | cookie
desserts__2,desserts,DESSERTS,Sweet dishes served at the end of a meal,normal,auto_validated,unique,0.16,tart | pudding | cupcake | fudge
desserts__3,desserts,DESSERTS,Sweet dishes served at the end of a meal,normal,auto_validated,unique,0.168,custard | brownie | donut | cheesecake
egg_dishes__1,egg_dishes,EGG DISHES,Ways eggs are cooked and served,normal,auto_validated,unique,0.291,fried | over easy | sunny side up | egg salad
egg_dishes__2,egg_dishes,EGG DISHES,Ways eggs are cooked and served,normal,auto_validated,unique,0.322,custard | scrambled | boiled | benedict
egg_dishes__3,egg_dishes,EGG DISHES,Ways eggs are cooked and served,normal,auto_validated,unique,0.357,omelet | poached | deviled | quiche
everyday_drinks__1,everyday_drinks,EVERYDAY DRINKS,A common non alcoholic drink,normal,auto_validated,unique,0.181,milk | cocoa | coffee | tea
fast_food_items__1,fast_food_items,DRIVE THRU,Items ordered at an American fast food counter,normal,auto_validated,unique,0.151,wrap | hot dog | pizza | sub
fast_food_items__2,fast_food_items,DRIVE THRU,Items ordered at an American fast food counter,normal,auto_validated,unique,0.17,soda | burger | chicken sandwich | corn dog
fast_food_items__3,fast_food_items,DRIVE THRU,Items ordered at an American fast food counter,normal,auto_validated,unique,0.182,chili | fries | taco | onion ring
food_groups__1,food_groups,FOOD GROUPS,One of the food groups a balanced diet is divided into,normal,auto_validated,unique,0.231,dairy | fruit | meat | protein
frozen_foods__1,frozen_foods,FROZEN FOODS,Foods normally bought from the freezer aisle,normal,auto_validated,unique,0.236,ice cream | pizza | corn dog | fish stick
frozen_foods__2,frozen_foods,FROZEN FOODS,Foods normally bought from the freezer aisle,normal,auto_validated,unique,0.263,hash brown | peas | french fries | pot pie
frozen_foods__3,frozen_foods,FROZEN FOODS,Foods normally bought from the freezer aisle,normal,auto_validated,unique,0.277,spinach | waffle | burrito | berries
fruits__1,fruits,FRUITS,Common edible fruits familiar to an average American adult,normal,auto_validated,unique,0.076,apple | date | orange | cherry
fruits__2,fruits,FRUITS,Common edible fruits familiar to an average American adult,normal,auto_validated,unique,0.105,banana | lemon | strawberry | lime
fruits__3,fruits,FRUITS,Common edible fruits familiar to an average American adult,normal,auto_validated,unique,0.115,grape | peach | pineapple | blackberry
grains_and_beans__1,grains_and_beans,GRAINS AND BEANS,"Grains, beans and other dried staples cooked as food",normal,auto_validated,unique,0.254,corn | rice | wheat | black bean
grains_and_beans__2,grains_and_beans,GRAINS AND BEANS,"Grains, beans and other dried staples cooked as food",normal,auto_validated,unique,0.284,barley | kidney bean | soybean | rye
grains_and_beans__3,grains_and_beans,GRAINS AND BEANS,"Grains, beans and other dried staples cooked as food",normal,auto_validated,unique,0.303,oat | quinoa | pinto bean | millet
grocery_aisles__1,grocery_aisles,GROCERY AISLES,The sections a supermarket is divided into,normal,auto_validated,unique,,bakery | dairy | fruits | vegetables
hot_drinks__1,hot_drinks,HOT DRINKS,Drinks normally served hot,normal,auto_validated,unique,0.115,coffee | tea | hot chocolate | green tea
hot_drinks__2,hot_drinks,HOT DRINKS,Drinks normally served hot,normal,auto_validated,unique,0.163,cider | cocoa | broth | espresso
hot_drinks__3,hot_drinks,HOT DRINKS,Drinks normally served hot,normal,auto_validated,unique,0.173,latte | chai | mocha | herbal tea
ice_cream_flavors__1,ice_cream_flavors,ICE CREAM,Flavors of ice cream sold in American shops,normal,auto_validated,unique,0.203,cherry | chocolate | coffee | birthday cake
ice_cream_flavors__2,ice_cream_flavors,ICE CREAM,Flavors of ice cream sold in American shops,normal,auto_validated,unique,0.22,banana | lemon | rocky road | cookies and cream
ice_cream_flavors__3,ice_cream_flavors,ICE CREAM,Flavors of ice cream sold in American shops,normal,auto_validated,unique,0.229,mint | vanilla | peach | strawberry
in_a_salad__1,in_a_salad,IN A SALAD,An ingredient tossed into a green salad,normal,auto_validated,unique,0.3,lettuce | cucumber | dressing | olives
italian_dishes__1,italian_dishes,ITALIAN DISHES,Dishes from Italian cuisine widely eaten in the United States,normal,auto_validated,unique,0.263,spaghetti | lasagna | pizza | alfredo
italian_dishes__2,italian_dishes,ITALIAN DISHES,Dishes from Italian cuisine widely eaten in the United States,normal,auto_validated,unique,0.293,meatball | ravioli | pesto | risotto
italian_dishes__3,italian_dishes,ITALIAN DISHES,Dishes from Italian cuisine widely eaten in the United States,normal,auto_validated,unique,0.304,gelato | gnocchi | tiramisu | panini
leafy_greens__1,leafy_greens,LEAFY GREENS,Vegetables eaten for their leaves,normal,auto_validated,unique,0.284,lettuce | spinach | cabbage | parsley
leafy_greens__2,leafy_greens,LEAFY GREENS,Vegetables eaten for their leaves,normal,auto_validated,unique,0.309,kale | chard | collard | romaine
leafy_greens__3,leafy_greens,LEAFY GREENS,Vegetables eaten for their leaves,normal,auto_validated,unique,0.328,arugula | watercress | endive | bok choy
lunch_menu__1,lunch_menu,LUNCH MENU,A quick hot dish ordered for lunch,normal,auto_validated,unique,0.2,burger | fries | pizza | salad
lunch_menu__2,lunch_menu,LUNCH MENU,A quick hot dish ordered for lunch,normal,auto_validated,unique,0.219,steak | taco | sandwich | hotdog
meals_of_the_day__1,meals_of_the_day,MEALS OF THE DAY,A meal or course eaten at a set time of day,normal,auto_validated,unique,0.181,lunch | breakfast | dinner | brunch
meats__1,meats,MEATS,Kinds of meat sold at an American butcher counter,normal,auto_validated,unique,0.158,turkey | chicken | beef | hot dog
meats__2,meats,MEATS,Kinds of meat sold at an American butcher counter,normal,auto_validated,unique,0.175,liver | bacon | ham | ground beef
meats__3,meats,MEATS,Kinds of meat sold at an American butcher counter,normal,auto_validated,unique,0.183,roast | lamb | pork | steak
mexican_dishes__1,mexican_dishes,MEXICAN DISHES,Dishes from Mexican cuisine widely eaten in the United States,normal,auto_validated,unique,0.263,salsa | tortilla | taco | burrito
mexican_dishes__2,mexican_dishes,MEXICAN DISHES,Dishes from Mexican cuisine widely eaten in the United States,normal,auto_validated,unique,0.298,flan | nacho | guacamole | queso
mexican_dishes__3,mexican_dishes,MEXICAN DISHES,Dishes from Mexican cuisine widely eaten in the United States,normal,auto_validated,unique,0.315,quesadilla | enchilada | tamale | churro
nuts_and_seeds__1,nuts_and_seeds,NUTS AND SEEDS,Edible nuts and seeds sold as food,normal,auto_validated,unique,0.233,walnut | peanut | pumpkin seed | pine nut
nuts_and_seeds__2,nuts_and_seeds,NUTS AND SEEDS,Edible nuts and seeds sold as food,normal,auto_validated,unique,0.245,almond | chestnut | sunflower seed | sesame
pantry_staples__1,pantry_staples,PANTRY STAPLES,Basic foods kept in a kitchen pantry for a long time,normal,auto_validated,unique,0.23,oil | sugar | coffee | tea
pantry_staples__2,pantry_staples,PANTRY STAPLES,Basic foods kept in a kitchen pantry for a long time,normal,auto_validated,unique,0.245,honey | rice | salt | beans
pantry_staples__3,pantry_staples,PANTRY STAPLES,Basic foods kept in a kitchen pantry for a long time,normal,auto_validated,unique,0.268,flour | cereal | peanut butter | pasta
pasta_shapes__1,pasta_shapes,PASTA SHAPES,Shapes of pasta sold in American stores,normal,auto_validated,unique,0.296,noodle | spaghetti | angel hair | shells
pasta_shapes__2,pasta_shapes,PASTA SHAPES,Shapes of pasta sold in American stores,normal,auto_validated,unique,0.347,macaroni | lasagna | ravioli | gnocchi
pastries__1,pastries,PASTRIES,A small sweet baked pastry sold in a bakery,normal,auto_validated,unique,0.275,muffin | biscuit | donut | cupcake
pastries__2,pastries,PASTRIES,A small sweet baked pastry sold in a bakery,normal,auto_validated,unique,0.344,tart | croissant | scone | eclair
picnic__1,picnic,PICNIC,Something you pack or spread out for a picnic,normal,auto_validated,unique,0.3,basket | cooler | blanket | hamper
picnic_basket__1,picnic_basket,PICNIC BASKET,What you pack or bring for a picnic,normal,auto_validated,unique,,thermos | blanket | napkins | fruits
pie_ingredients__1,pie_ingredients,PIE INGREDIENTS,Ingredients commonly used in pie fillings or pie preparation,normal,auto_validated,unique,0.195,apple | cream | sugar | salt
pie_ingredients__2,pie_ingredients,PIE INGREDIENTS,Ingredients commonly used in pie fillings or pie preparation,normal,auto_validated,unique,0.206,cherry | butter | egg | chocolate
pie_ingredients__3,pie_ingredients,PIE INGREDIENTS,Ingredients commonly used in pie fillings or pie preparation,normal,auto_validated,unique,0.224,vanilla | lemon | coconut | flour
pizza_toppings__1,pizza_toppings,PIZZA TOPPINGS,Ingredients commonly put on top of a pizza,normal,auto_validated,unique,0.163,chicken | cheese | egg | bacon
pizza_toppings__2,pizza_toppings,PIZZA TOPPINGS,Ingredients commonly put on top of a pizza,normal,auto_validated,unique,0.179,olive | garlic | ham | pepper
pizza_toppings__3,pizza_toppings,PIZZA TOPPINGS,Ingredients commonly put on top of a pizza,normal,auto_validated,unique,0.189,shrimp | onion | tomato | sausage
restaurant_courses__1,restaurant_courses,RESTAURANT COURSES,A course listed in order on a restaurant menu,normal,auto_validated,unique,0.275,dessert | starter | salad | soup
root_vegetables__1,root_vegetables,ROOT VEGETABLES,Vegetables eaten for the part that grows underground,normal,auto_validated,unique,0.262,ginger | potato | garlic | sweet potato
root_vegetables__2,root_vegetables,ROOT VEGETABLES,Vegetables eaten for the part that grows underground,normal,auto_validated,unique,0.286,carrot | onion | beet | yam
root_vegetables__3,root_vegetables,ROOT VEGETABLES,Vegetables eaten for the part that grows underground,normal,auto_validated,unique,0.316,radish | turnip | parsnip | horseradish
salad_ingredients__1,salad_ingredients,SALAD INGREDIENTS,Ingredients tossed into an ordinary green salad,normal,auto_validated,unique,0.208,cheese | corn | egg | dressing
salad_ingredients__2,salad_ingredients,SALAD INGREDIENTS,Ingredients tossed into an ordinary green salad,normal,auto_validated,unique,0.222,olive | onion | pepper | bacon bits
salty_snacks__1,salty_snacks,SALTY SNACKS,A salty snack eaten from a packet or bowl,normal,auto_validated,unique,0.25,popcorn | peanut | chips | crackers
sandwich_fillings__1,sandwich_fillings,SANDWICH FILLINGS,Things commonly put inside a sandwich,normal,auto_validated,unique,0.202,turkey | chicken | cheese | bacon
sandwich_fillings__2,sandwich_fillings,SANDWICH FILLINGS,Things commonly put inside a sandwich,normal,auto_validated,unique,0.223,onion | tomato | ham | egg salad
sandwich_fillings__3,sandwich_fillings,SANDWICH FILLINGS,Things commonly put inside a sandwich,normal,auto_validated,unique,0.232,peanut butter | jelly | mayo | roast beef
seafood__1,seafood,SEAFOOD,Fish and shellfish eaten as food,normal,auto_validated,unique,0.227,shrimp | salmon | cod | trout
seafood__2,seafood,SEAFOOD,Fish and shellfish eaten as food,normal,auto_validated,unique,0.237,crab | lobster | tuna | herring
seafood__3,seafood,SEAFOOD,Fish and shellfish eaten as food,normal,auto_validated,unique,0.244,octopus | squid | oyster | catfish
snack_foods__1,snack_foods,SNACK FOODS,Packaged foods eaten between meals,normal,auto_validated,unique,0.17,nuts | trail mix | cheese stick | rice cake
snack_foods__2,snack_foods,SNACK FOODS,Packaged foods eaten between meals,normal,auto_validated,unique,0.179,cookie | chips | candy bar | fruit snack
snack_foods__3,snack_foods,SNACK FOODS,Packaged foods eaten between meals,normal,auto_validated,unique,0.204,popcorn | muffin | yogurt | jerky
soup_ingredients__1,soup_ingredients,SOUP INGREDIENTS,Ingredients commonly simmered into a pot of soup,normal,auto_validated,unique,0.237,cream | chicken | rice | salt
soup_ingredients__2,soup_ingredients,SOUP INGREDIENTS,Ingredients commonly simmered into a pot of soup,normal,auto_validated,unique,0.256,corn | bacon | ham | pepper
soup_ingredients__3,soup_ingredients,SOUP INGREDIENTS,Ingredients commonly simmered into a pot of soup,normal,auto_validated,unique,0.262,potato | bean | garlic | pasta
spices_and_herbs__1,spices_and_herbs,SPICES AND HERBS,Plant-based seasonings used to flavor food,normal,auto_validated,unique,0.261,mint | ginger | pepper | bay leaf
spices_and_herbs__2,spices_and_herbs,SPICES AND HERBS,Plant-based seasonings used to flavor food,normal,auto_validated,unique,0.275,sage | cinnamon | basil | rosemary
spices_and_herbs__3,spices_and_herbs,SPICES AND HERBS,Plant-based seasonings used to flavor food,normal,auto_validated,unique,0.296,parsley | thyme | dill | saffron
sweets__1,sweets,SWEETS,A sweet treat eaten as a snack,normal,auto_validated,unique,0.2,candy | cookie | brownie | caramel
thanksgiving_foods__1,thanksgiving_foods,THANKSGIVING FOODS,Foods traditionally served at an American Thanksgiving dinner,normal,auto_validated,unique,0.22,turkey | corn | pie | rolls
thanksgiving_foods__2,thanksgiving_foods,THANKSGIVING FOODS,Foods traditionally served at an American Thanksgiving dinner,normal,auto_validated,unique,0.237,squash | sweet potato | ham | pumpkin pie
thanksgiving_foods__3,thanksgiving_foods,THANKSGIVING FOODS,Foods traditionally served at an American Thanksgiving dinner,normal,auto_validated,unique,0.253,biscuit | stuffing | gravy | apple cider
things_that_melt__1,things_that_melt,MELTING THINGS,Everyday things that melt when they get warm,normal,auto_validated,unique,0.273,snow | ice | cheese | sugar
things_that_melt__2,things_that_melt,MELTING THINGS,Everyday things that melt when they get warm,normal,auto_validated,unique,0.289,candle | butter | chocolate | ice cream
things_that_melt__3,things_that_melt,MELTING THINGS,Everyday things that melt when they get warm,normal,auto_validated,unique,0.33,crayon | caramel | marshmallow | glacier
things_you_spread__1,things_you_spread,SPREADS,Foods that are spread with a knife onto bread or toast,normal,auto_validated,unique,0.288,honey | butter | cream cheese | apple butter
things_you_spread__2,things_you_spread,SPREADS,Foods that are spread with a knife onto bread or toast,normal,auto_validated,unique,0.307,jam | peanut butter | jelly | mayo
things_you_spread__3,things_you_spread,SPREADS,Foods that are spread with a knife onto bread or toast,normal,auto_validated,unique,0.336,mustard | frosting | hummus | guacamole
tropical_fruits__1,tropical_fruits,TROPICAL FRUITS,Fruits that grow in tropical climates and are sold in American stores,normal,auto_validated,unique,0.259,banana | coconut | passion fruit | dragon fruit
tropical_fruits__2,tropical_fruits,TROPICAL FRUITS,Fruits that grow in tropical climates and are sold in American stores,normal,auto_validated,unique,0.296,pineapple | mango | papaya | plantain
vegetables__1,vegetables,VEGETABLES,Common edible vegetables sold in an ordinary American grocery store,normal,auto_validated,unique,0.113,squash | corn | potato | bean
vegetables__2,vegetables,VEGETABLES,Common edible vegetables sold in an ordinary American grocery store,normal,auto_validated,unique,0.123,carrot | onion | tomato | pea
vegetables__3,vegetables,VEGETABLES,Common edible vegetables sold in an ordinary American grocery store,normal,auto_validated,unique,0.131,lettuce | broccoli | spinach | cabbage
bake_off__1,bake_off,BAKE OFF,A step or topping used in competitive baking,normal,auto_validated,unique,0.444,icing | dough | piping | fondant
breakfast_cereals_types__1,breakfast_cereals_types,CEREAL TYPES,Kinds of breakfast cereal by form,normal,auto_validated,unique,0.343,flakes | loops | squares | clusters
breakfast_cereals_types__2,breakfast_cereals_types,CEREAL TYPES,Kinds of breakfast cereal by form,normal,auto_validated,unique,0.356,oatmeal | porridge | shredded wheat | bran
candy_shapes__1,candy_shapes,CANDY TYPES,Forms candy is sold in,normal,auto_validated,unique,0.217,stick | bar | chocolate square | drop
candy_shapes__2,candy_shapes,CANDY TYPES,Forms candy is sold in,normal,auto_validated,unique,0.247,mint | ribbon | cluster | hard candy
candy_shapes__3,candy_shapes,CANDY TYPES,Forms candy is sold in,normal,auto_validated,unique,0.269,brittle | chew | jelly | lollipop
cheese_dishes__1,cheese_dishes,CHEESE DISHES,Dishes built around cheese,normal,auto_validated,unique,0.319,pizza | grilled cheese | mac and cheese | cheese board
cheese_dishes__2,cheese_dishes,CHEESE DISHES,Dishes built around cheese,normal,auto_validated,unique,0.369,lasagna | cheesecake | fondue | nachos
cookie_types__1,cookie_types,COOKIE TYPES,Kinds of cookie baked at home or sold in stores,normal,auto_validated,unique,0.242,sugar | chocolate chip | fortune cookie | sandwich cookie
cookie_types__2,cookie_types,COOKIE TYPES,Kinds of cookie baked at home or sold in stores,normal,auto_validated,unique,0.274,oatmeal | peanut butter | gingerbread | wafer
cookie_types__3,cookie_types,COOKIE TYPES,Kinds of cookie baked at home or sold in stores,normal,auto_validated,unique,0.308,molasses | shortbread | biscotti | thumbprint
cooking_methods__1,cooking_methods,COOKING METHODS,Methods used to cook food,normal,auto_validated,unique,0.231,bake | steam | smoke | slow cook
cooking_methods__2,cooking_methods,COOKING METHODS,Methods used to cook food,normal,auto_validated,unique,0.252,fry | grill | roast | deep fry
cooking_methods__3,cooking_methods,COOKING METHODS,Methods used to cook food,normal,auto_validated,unique,0.264,boil | simmer | stir fry | barbecue
cuts_of_meat__1,cuts_of_meat,CUTS OF MEAT,Cuts of meat sold by a butcher,normal,auto_validated,unique,0.319,shoulder | chuck | flank | T-bone
cuts_of_meat__2,cuts_of_meat,CUTS OF MEAT,Cuts of meat sold by a butcher,normal,auto_validated,unique,0.354,rib | shank | rump | short rib
cuts_of_meat__3,cuts_of_meat,CUTS OF MEAT,Cuts of meat sold by a butcher,normal,auto_validated,unique,0.381,brisket | sirloin | tenderloin | loin
dessert_toppings__1,dessert_toppings,DESSERT TOPPINGS,Things put on top of desserts,normal,auto_validated,unique,0.275,cherry | nuts | chocolate sauce | fruit
dessert_toppings__2,dessert_toppings,DESSERT TOPPINGS,Things put on top of desserts,normal,auto_validated,unique,0.299,coconut | syrup | whipped cream | caramel
dessert_toppings__3,dessert_toppings,DESSERT TOPPINGS,Things put on top of desserts,normal,auto_validated,unique,0.317,glaze | marshmallow | powdered sugar | hot fudge
drink_mixers__1,drink_mixers,DRINK MIXERS,Things mixed into drinks,normal,auto_validated,unique,0.313,cream | ice | juice | soda water
drink_mixers__2,drink_mixers,DRINK MIXERS,Things mixed into drinks,normal,auto_validated,unique,0.34,mint | lime | cola | sour mix
drink_mixers__3,drink_mixers,DRINK MIXERS,Things mixed into drinks,normal,auto_validated,unique,0.352,syrup | lemonade | ginger ale | tonic
egg_and_dairy_dishes__1,egg_and_dairy_dishes,BRUNCH DISHES,Dishes served at brunch,normal,auto_validated,unique,0.302,waffle | french toast | eggs benedict | hash
egg_and_dairy_dishes__2,egg_and_dairy_dishes,BRUNCH DISHES,Dishes served at brunch,normal,auto_validated,unique,0.328,scone | crepe | strata | casserole
egg_and_dairy_dishes__3,egg_and_dairy_dishes,BRUNCH DISHES,Dishes served at brunch,normal,auto_validated,unique,0.343,omelet | quiche | mimosa | bagel and lox
pasta_dishes__1,pasta_dishes,PASTA DISHES,Named pasta dishes,normal,auto_validated,unique,0.271,lasagna | alfredo | spaghetti and meatballs | mac and cheese
pasta_dishes__2,pasta_dishes,PASTA DISHES,Named pasta dishes,normal,auto_validated,unique,0.304,pesto pasta | bolognese | primavera | marinara
pasta_dishes__3,pasta_dishes,PASTA DISHES,Named pasta dishes,normal,auto_validated,unique,0.329,pesto | carbonara | puttanesca | baked ziti
pie_types__1,pie_types,PIE TYPES,Kinds of pie,normal,auto_validated,unique,0.236,apple | chess | cherry | chicken pot
pie_types__2,pie_types,PIE TYPES,Kinds of pie,normal,auto_validated,unique,0.253,peach | pumpkin | key lime | banana cream
pie_types__3,pie_types,PIE TYPES,Kinds of pie,normal,auto_validated,unique,0.281,mince | blueberry | custard | shepherds
potato_dishes__1,potato_dishes,POTATO DISHES,Ways potatoes are cooked and served,normal,auto_validated,unique,0.246,fried | chips | baked | twice baked
potato_dishes__2,potato_dishes,POTATO DISHES,Ways potatoes are cooked and served,normal,auto_validated,unique,0.263,potato salad | mashed | hash browns | home fries
potato_dishes__3,potato_dishes,POTATO DISHES,Ways potatoes are cooked and served,normal,auto_validated,unique,0.304,tater tots | au gratin | scalloped | wedges
salads__1,salads,SALADS,Named kinds of salad,normal,auto_validated,unique,0.233,egg salad | greek | garden | fruit salad
salads__2,salads,SALADS,Named kinds of salad,normal,auto_validated,unique,0.255,potato salad | caesar | pasta salad | chef salad
salads__3,salads,SALADS,Named kinds of salad,normal,auto_validated,unique,0.276,macaroni salad | cobb | waldorf | spinach salad
sandwich_breads__1,sandwich_breads,SANDWICH BREADS,Breads used to make a sandwich,normal,auto_validated,unique,0.276,white | roll | wheat | english muffin
sandwich_breads__2,sandwich_breads,SANDWICH BREADS,Breads used to make a sandwich,normal,auto_validated,unique,0.316,rye | bagel | texas toast | brioche bun
sandwich_breads__3,sandwich_breads,SANDWICH BREADS,Breads used to make a sandwich,normal,auto_validated,unique,0.341,croissant | sourdough | pita | hoagie roll
sandwich_types__1,sandwich_types,SANDWICH TYPES,Named kinds of sandwich,normal,auto_validated,unique,0.229,club | wrap | po boy | hero
sandwich_types__2,sandwich_types,SANDWICH TYPES,Named kinds of sandwich,normal,auto_validated,unique,0.269,reuben | grilled cheese | sloppy joe | patty melt
sandwich_types__3,sandwich_types,SANDWICH TYPES,Named kinds of sandwich,normal,auto_validated,unique,0.306,panini | blt | philly cheesesteak | monte cristo
toppings_and_garnish__1,toppings_and_garnish,GARNISHES,Things added on top of a finished dish,normal,auto_validated,unique,0.279,olive | cheese | cherry | bacon bits
toppings_and_garnish__2,toppings_and_garnish,GARNISHES,Things added on top of a finished dish,normal,auto_validated,unique,0.303,sesame | whipped cream | lemon wedge | mint leaf
toppings_and_garnish__3,toppings_and_garnish,GARNISHES,Things added on top of a finished dish,normal,auto_validated,unique,0.323,parsley | paprika | sprinkles | powdered sugar
african_countries__1,african_countries,AFRICAN COUNTRIES,Countries located in Africa,normal,auto_validated,unique,0.278,Egypt | Kenya | Nigeria | Chad
african_countries__2,african_countries,AFRICAN COUNTRIES,Countries located in Africa,normal,auto_validated,unique,0.293,Morocco | Ghana | Sudan | Libya
african_countries__3,african_countries,AFRICAN COUNTRIES,Countries located in Africa,normal,auto_validated,unique,0.299,Ethiopia | Uganda | Algeria | Somalia
asian_countries__1,asian_countries,ASIAN COUNTRIES,Countries located in Asia,normal,auto_validated,unique,0.205,China | Japan | India | Israel
asian_countries__2,asian_countries,ASIAN COUNTRIES,Countries located in Asia,normal,auto_validated,unique,0.216,turkey | Korea | Pakistan | Iran
asian_countries__3,asian_countries,ASIAN COUNTRIES,Countries located in Asia,normal,auto_validated,unique,0.226,Vietnam | Malaysia | Singapore | Jordan
city_words__1,city_words,CITY WORDS,Words for the parts and features of a city,normal,auto_validated,unique,0.17,park | block | street | district
city_words__2,city_words,CITY WORDS,Words for the parts and features of a city,normal,auto_validated,unique,0.18,bridge | traffic | neighborhood | tower
city_words__3,city_words,CITY WORDS,Words for the parts and features of a city,normal,auto_validated,unique,0.199,Subway | plaza | avenue | downtown
climate_zones__1,climate_zones,CLIMATE WORDS,Words describing the climate of a region,normal,auto_validated,unique,0.287,Arctic | tropical | desert | coastal
climate_zones__2,climate_zones,CLIMATE WORDS,Words describing the climate of a region,normal,auto_validated,unique,0.3,polar | alpine | mediterranean | continental
climate_zones__3,climate_zones,CLIMATE WORDS,Words describing the climate of a region,normal,auto_validated,unique,0.321,humid | arid | monsoon | rainforest
cold_places__1,cold_places,COLD PLACES,Places that are typically cold,normal,auto_validated,unique,0.248,cave | mountain | north pole | basement
cold_places__2,cold_places,COLD PLACES,Places that are typically cold,normal,auto_validated,unique,0.272,Arctic | freezer | refrigerator | ski slope
cold_places__3,cold_places,COLD PLACES,Places that are typically cold,normal,auto_validated,unique,0.287,glacier | tundra | Antarctica | iceberg
continents_and_oceans__1,continents_and_oceans,CONTINENTS AND OCEANS,The continents and the world oceans,normal,auto_validated,unique,0.13,Africa | Europe | Australia | Indian
continents_and_oceans__2,continents_and_oceans,CONTINENTS AND OCEANS,The continents and the world oceans,normal,auto_validated,unique,0.133,Asia | North America | South America | Southern
continents_and_oceans__3,continents_and_oceans,CONTINENTS AND OCEANS,The continents and the world oceans,normal,auto_validated,unique,0.161,Antarctica | Pacific | Atlantic | Arctic
countries__1,countries,COUNTRIES,A country of the world,normal,auto_validated,unique,0.175,France | Italy | Japan | Brazil
countries__2,countries,COUNTRIES,A country of the world,normal,auto_validated,unique,0.194,Spain | Greece | Austria | Egypt
deserts_and_wild_places__1,deserts_and_wild_places,DESERTS,Major deserts of the world,normal,auto_validated,unique,0.269,Arabian | Death Valley | Painted Desert | Great Basin
deserts_and_wild_places__2,deserts_and_wild_places,DESERTS,Major deserts of the world,normal,auto_validated,unique,0.318,Sahara | Gobi | Mojave | Kalahari
directions__1,directions,DIRECTIONS,Words used to give directions,normal,auto_validated,unique,0.13,back | around | across | behind
directions__2,directions,DIRECTIONS,Words used to give directions,normal,auto_validated,unique,0.13,down | far | east | forward
directions__3,directions,DIRECTIONS,Words used to give directions,normal,auto_validated,unique,0.13,near | north | left | over
european_countries__1,european_countries,EUROPEAN COUNTRIES,Countries located in Europe,normal,auto_validated,unique,0.175,France | Germany | Ireland | Scotland
european_countries__2,european_countries,EUROPEAN COUNTRIES,Countries located in Europe,normal,auto_validated,unique,0.187,Spain | Italy | Greece | Sweden
european_countries__3,european_countries,EUROPEAN COUNTRIES,Countries located in Europe,normal,auto_validated,unique,0.198,Poland | Belgium | Switzerland | Netherlands
famous_landmarks__1,famous_landmarks,FAMOUS LANDMARKS,World landmarks most people can recognize,normal,auto_validated,unique,0.21,Big Ben | Great Wall | White House | Empire State
famous_landmarks__2,famous_landmarks,FAMOUS LANDMARKS,World landmarks most people can recognize,normal,auto_validated,unique,0.244,pyramid | Statue of Liberty | Golden Gate | Leaning Tower
famous_landmarks__3,famous_landmarks,FAMOUS LANDMARKS,World landmarks most people can recognize,normal,auto_validated,unique,0.28,sphinx | Eiffel Tower | Stonehenge | Taj Mahal
geography_class__1,geography_class,GEOGRAPHY CLASS,What you are asked to name or point at in a geography lesson,normal,auto_validated,unique,,atlas | globe | latitude | rivers
hot_places__1,hot_places,HOT PLACES,Places that are typically hot,normal,auto_validated,unique,0.268,kitchen | beach | engine | sun
hot_places__2,hot_places,HOT PLACES,Places that are typically hot,normal,auto_validated,unique,0.298,greenhouse | desert | oven | jungle
hot_places__3,hot_places,HOT PLACES,Places that are typically hot,normal,auto_validated,unique,0.32,volcano | furnace | equator | attic
islands__1,islands,ISLANDS,Well known islands around the world,normal,auto_validated,unique,0.286,Hawaii | Iceland | Cuba | Jamaica
islands__2,islands,ISLANDS,Well known islands around the world,normal,auto_validated,unique,0.303,Bali | Fiji | Malta | Bermuda
islands__3,islands,ISLANDS,Well known islands around the world,normal,auto_validated,unique,0.309,Madagascar | Sicily | Greenland | Barbados
landforms__1,landforms,LANDFORMS,Natural features of the land surface,normal,auto_validated,unique,0.214,mountain | valley | hill | island
landforms__2,landforms,LANDFORMS,Natural features of the land surface,normal,auto_validated,unique,0.236,delta | cave | plain | summit
landforms__3,landforms,LANDFORMS,Natural features of the land surface,normal,auto_validated,unique,0.243,cliff | peninsula | ridge | basin
latin_american_countries__1,latin_american_countries,LATIN AMERICA,Countries of Central and South America,normal,auto_validated,unique,0.229,Mexico | Brazil | Argentina | Cuba
latin_american_countries__2,latin_american_countries,LATIN AMERICA,Countries of Central and South America,normal,auto_validated,unique,0.248,Chile | Peru | Colombia | Venezuela
latin_american_countries__3,latin_american_countries,LATIN AMERICA,Countries of Central and South America,normal,auto_validated,unique,0.259,panama | Ecuador | Uruguay | Guatemala
map_legend__1,map_legend,MAP LEGEND,What a map marks with a symbol or a colour,normal,auto_validated,unique,,scale | contour | symbol | landforms
map_words__1,map_words,MAP WORDS,Words used to read and describe a map,normal,auto_validated,unique,0.21,key | north | south | east
map_words__2,map_words,MAP WORDS,Words used to read and describe a map,normal,auto_validated,unique,0.215,scale | border | west | route
map_words__3,map_words,MAP WORDS,Words used to read and describe a map,normal,auto_validated,unique,0.234,globe | legend | grid | symbol
mountain_ranges__1,mountain_ranges,MOUNTAIN RANGES,Major mountain ranges of the world,normal,auto_validated,unique,0.309,Alps | Andes | Rockies | Sierra Nevada
mountain_ranges__2,mountain_ranges,MOUNTAIN RANGES,Major mountain ranges of the world,normal,auto_validated,unique,0.333,Himalayas | Pyrenees | Cascades | Ozarks
national_parks__1,national_parks,PARK WORDS,Things found in a national park or campground,normal,auto_validated,unique,0.228,map | trail | bear box | path
national_parks__2,national_parks,PARK WORDS,Things found in a national park or campground,normal,auto_validated,unique,0.246,cabin | lodge | tent | wildlife
national_parks__3,national_parks,PARK WORDS,Things found in a national park or campground,normal,auto_validated,unique,0.257,Ranger | canyon | picnic table | visitor center
parts_of_the_americas__1,parts_of_the_americas,PARTS OF THE AMERICAS,A word that names a region when placed before America,normal,auto_validated,unique,0.431,north | south | Latin | central
places_you_wait__1,places_you_wait,WAITING PLACES,Places where people commonly stand in line,normal,auto_validated,unique,0.269,post office | airport | bus stop | doctor office
places_you_wait__2,places_you_wait,WAITING PLACES,Places where people commonly stand in line,normal,auto_validated,unique,0.291,theater | grocery store | restaurant | ticket booth
places_you_wait__3,places_you_wait,WAITING PLACES,Places where people commonly stand in line,normal,auto_validated,unique,0.314,pharmacy | checkout | buffet | amusement park
quiet_places__1,quiet_places,QUIET PLACES,Places where people are expected to stay quiet,normal,auto_validated,unique,0.267,library | hospital | church | study hall
quiet_places__2,quiet_places,QUIET PLACES,Places where people are expected to stay quiet,normal,auto_validated,unique,0.285,museum | theater | funeral | exam room
quiet_places__3,quiet_places,QUIET PLACES,Places where people are expected to stay quiet,normal,auto_validated,unique,0.307,classroom | cemetery | courtroom | monastery
rivers__1,rivers,RIVERS,Major rivers of the world,normal,auto_validated,unique,0.232,Amazon | Colorado | Mississippi | Missouri
rivers__2,rivers,RIVERS,Major rivers of the world,normal,auto_validated,unique,0.254,Thames | Congo | Hudson | Rio Grande
things_on_a_farm__1,things_on_a_farm,FARM THINGS,Things found on a working farm,normal,auto_validated,unique,0.145,gate | stable | field | well
things_on_a_farm__2,things_on_a_farm,FARM THINGS,Things found on a working farm,normal,auto_validated,unique,0.165,pen | harvest | crop | fence
things_on_a_farm__3,things_on_a_farm,FARM THINGS,Things found on a working farm,normal,auto_validated,unique,0.18,barn | tractor | hay | bale
town_places__1,town_places,TOWN PLACES,Public buildings and places found in an ordinary American town,normal,auto_validated,unique,0.105,bank | market | hospital | church
town_places__2,town_places,TOWN PLACES,Public buildings and places found in an ordinary American town,normal,auto_validated,unique,0.105,park | school | post office | library
town_places__3,town_places,TOWN PLACES,Public buildings and places found in an ordinary American town,normal,auto_validated,unique,0.114,museum | city hall | jail | stadium
travel_abroad__1,travel_abroad,TRAVEL ABROAD,What changes about daily life when you cross a border,normal,auto_validated,unique,,Visa | souvenir | currencies | languages
us_cities__1,us_cities,US CITIES,Large cities in the United States,normal,auto_validated,unique,0.182,Boston | Chicago | Dallas | Miami
us_cities__2,us_cities,US CITIES,Large cities in the United States,normal,auto_validated,unique,0.191,Philadelphia | Seattle | Atlanta | Houston
us_cities__3,us_cities,US CITIES,Large cities in the United States,normal,auto_validated,unique,0.195,Detroit | Cleveland | Austin | Denver
us_states__1,us_states,US STATES,States of the United States of America,normal,auto_validated,unique,0.134,Texas | Florida | Virginia | California
us_states__2,us_states,US STATES,States of the United States of America,normal,auto_validated,unique,0.146,Ohio | Colorado | Georgia | Michigan
us_states__3,us_states,US STATES,States of the United States of America,normal,auto_validated,unique,0.152,Kansas | Arizona | Indiana | Iowa
world_capitals__1,world_capitals,WORLD CAPITALS,Capital cities of countries around the world,normal,auto_validated,unique,0.22,Paris | London | Rome | Moscow
world_capitals__2,world_capitals,WORLD CAPITALS,Capital cities of countries around the world,normal,auto_validated,unique,0.236,Tokyo | Madrid | Berlin | Beijing
world_capitals__3,world_capitals,WORLD CAPITALS,Capital cities of countries around the world,normal,auto_validated,unique,0.245,Ottawa | Dublin | Vienna | Amsterdam
ancient_civilizations__1,ancient_civilizations,ANCIENT CIVILIZATIONS,Civilizations of the ancient world,normal,auto_validated,unique,0.225,Rome | Greece | China | Egypt
ancient_civilizations__2,ancient_civilizations,ANCIENT CIVILIZATIONS,Civilizations of the ancient world,normal,auto_validated,unique,0.26,Maya | Persia | Babylon | Troy
ancient_civilizations__3,ancient_civilizations,ANCIENT CIVILIZATIONS,Civilizations of the ancient world,normal,auto_validated,unique,0.284,Inca | Aztec | Carthage | Sparta
ancient_greece_ideas__1,ancient_greece_ideas,ANCIENT GREECE IDEAS,An idea or institution that ancient Greece is remembered for,normal,auto_validated,unique,0.419,Oracle | Olympics | mythology | democracy
ancient_wonders__1,ancient_wonders,WORLD WONDERS,Structures known as wonders of the world,normal,auto_validated,unique,0.33,Great Wall | Great Pyramid | Lighthouse | Hanging Gardens
ancient_wonders__2,ancient_wonders,WORLD WONDERS,Structures known as wonders of the world,normal,auto_validated,unique,0.371,Stonehenge | Taj Mahal | Colossus | Petra
archaeology_words__1,archaeology_words,ARCHAEOLOGY WORDS,Things involved in digging up the past,normal,auto_validated,unique,0.32,layer | bone | site | carbon dating
archaeology_words__2,archaeology_words,ARCHAEOLOGY WORDS,Things involved in digging up the past,normal,auto_validated,unique,0.338,dig | tomb | fossil | ruin
archaeology_words__3,archaeology_words,ARCHAEOLOGY WORDS,Things involved in digging up the past,normal,auto_validated,unique,0.358,pottery | artifact | excavation | skeleton
castle_keep__1,castle_keep,CASTLE KEEP,A word belonging to a castle and its defence,normal,auto_validated,unique,0.531,rampart | battlements | gatehouse | siege
castle_things__1,castle_things,CASTLE THINGS,Parts and features of a medieval castle,normal,auto_validated,unique,0.174,tower | keep | wall | hall
castle_things__2,castle_things,CASTLE THINGS,Parts and features of a medieval castle,normal,auto_validated,unique,0.195,gate | banner | throne | chamber
castle_things__3,castle_things,CASTLE THINGS,Parts and features of a medieval castle,normal,auto_validated,unique,0.22,courtyard | dungeon | turret | chapel
colonial_america__1,colonial_america,COLONIAL AMERICA,Things associated with colonial America,normal,auto_validated,unique,0.346,colony | wagon | plantation | spinning wheel
colonial_america__2,colonial_america,COLONIAL AMERICA,Things associated with colonial America,normal,auto_validated,unique,0.363,lantern | bonnet | tavern | pilgrim
colonial_america__3,colonial_america,COLONIAL AMERICA,Things associated with colonial America,normal,auto_validated,unique,0.377,quill | churn | blacksmith | settler
egypt_things__1,egypt_things,ANCIENT EGYPT,Things associated with ancient Egypt,normal,auto_validated,unique,0.249,pyramid | scroll | Nile | tomb
egypt_things__2,egypt_things,ANCIENT EGYPT,Things associated with ancient Egypt,normal,auto_validated,unique,0.27,sphinx | mummy | pharaoh | chariot
egypt_things__3,egypt_things,ANCIENT EGYPT,Things associated with ancient Egypt,normal,auto_validated,unique,0.289,scarab | papyrus | obelisk | sarcophagus
exploration_words__1,exploration_words,AGE OF EXPLORATION,Things associated with sea exploration in the age of sail,normal,auto_validated,unique,0.273,map | crew | trade route | charter
exploration_words__2,exploration_words,AGE OF EXPLORATION,Things associated with sea exploration in the age of sail,normal,auto_validated,unique,0.291,sail | colony | harbor | cargo
exploration_words__3,exploration_words,AGE OF EXPLORATION,Things associated with sea exploration in the age of sail,normal,auto_validated,unique,0.3,compass | voyage | spice | expedition
gold_rush__1,gold_rush,GOLD RUSH,A person or tool of the gold rush,normal,auto_validated,unique,0.562,prospector | pickaxe | sluice | panning
historic_documents__1,historic_documents,HISTORIC DOCUMENTS,Famous documents from history,normal,auto_validated,unique,0.28,Constitution | Declaration of Independence | Bill of Rights | Treaty of Versailles
historic_documents__2,historic_documents,HISTORIC DOCUMENTS,Famous documents from history,normal,auto_validated,unique,0.328,Magna Carta | Emancipation Proclamation | Gettysburg Address | Rosetta Stone
historic_ships__1,historic_ships,FAMOUS SHIPS,Ships famous from history,normal,auto_validated,unique,0.32,Constitution | Santa Maria | Victory | Nina
historic_ships__2,historic_ships,FAMOUS SHIPS,Ships famous from history,normal,auto_validated,unique,0.348,titanic | Bounty | Ark | Endeavour
industrial_revolution__1,industrial_revolution,INDUSTRIAL AGE,Things associated with the industrial revolution,normal,auto_validated,unique,0.316,factory | coal | assembly line | machine
industrial_revolution__2,industrial_revolution,INDUSTRIAL AGE,Things associated with the industrial revolution,normal,auto_validated,unique,0.327,worker | steam engine | railroad | mill
industrial_revolution__3,industrial_revolution,INDUSTRIAL AGE,Things associated with the industrial revolution,normal,auto_validated,unique,0.351,loom | canal | telegraph | cotton gin
knights_and_armor__1,knights_and_armor,KNIGHT THINGS,Things a medieval knight used or wore,normal,auto_validated,unique,0.231,horse | banner | sword | shield
knights_and_armor__2,knights_and_armor,KNIGHT THINGS,Things a medieval knight used or wore,normal,auto_validated,unique,0.25,saddle | helmet | armor | lance
knights_and_armor__3,knights_and_armor,KNIGHT THINGS,Things a medieval knight used or wore,normal,auto_validated,unique,0.266,spur | dagger | crest | squire
medieval_fair__1,medieval_fair,MEDIEVAL FAIR,A performer or event at a medieval fair,normal,auto_validated,unique,0.488,falconer | jester | banquet | bard
old_professions__1,old_professions,HISTORIC TRADES,Trades that were common in past centuries,normal,auto_validated,unique,0.335,cooper | miller | mason | fletcher
old_professions__2,old_professions,HISTORIC TRADES,Trades that were common in past centuries,normal,auto_validated,unique,0.352,weaver | tanner | chandler | potter
old_professions__3,old_professions,HISTORIC TRADES,Trades that were common in past centuries,normal,auto_validated,unique,0.376,cobbler | blacksmith | scribe | thatcher
pirate_words__1,pirate_words,PIRATE WORDS,Things and words associated with pirates,normal,auto_validated,unique,0.173,map | island | ship | crew
pirate_words__2,pirate_words,PIRATE WORDS,Things and words associated with pirates,normal,auto_validated,unique,0.188,chest | hook | flag | sword
pirate_words__3,pirate_words,PIRATE WORDS,Things and words associated with pirates,normal,auto_validated,unique,0.207,compass | cannon | treasure | anchor
roman_things__1,roman_things,ANCIENT ROME,Things associated with ancient Rome,normal,auto_validated,unique,0.235,forum | emperor | senate | arena
roman_things__2,roman_things,ANCIENT ROME,Things associated with ancient Rome,normal,auto_validated,unique,0.261,mosaic | legion | laurel | villa
roman_things__3,roman_things,ANCIENT ROME,Things associated with ancient Rome,normal,auto_validated,unique,0.289,aqueduct | chariot | gladiator | centurion
royalty__1,royalty,ROYAL WORDS,Titles and things belonging to royalty,normal,auto_validated,unique,0.171,court | queen | king | royal
royalty__2,royalty,ROYAL WORDS,Titles and things belonging to royalty,normal,auto_validated,unique,0.183,crown | Prince | princess | empire
royalty__3,royalty,ROYAL WORDS,Titles and things belonging to royalty,normal,auto_validated,unique,0.19,knight | castle | duke | palace
time_capsule_things__1,time_capsule_things,BYGONE THINGS,Everyday objects that are no longer commonly used,normal,auto_validated,unique,0.341,spinning wheel | oil lamp | pocket watch | wagon wheel
time_capsule_things__2,time_capsule_things,BYGONE THINGS,Everyday objects that are no longer commonly used,normal,auto_validated,unique,0.372,quill | typewriter | butter churn | telegram
transportation_history__1,transportation_history,HISTORIC TRANSPORT,Ways people traveled before cars,normal,auto_validated,unique,0.27,foot | horse | sailing ship | ferry
transportation_history__2,transportation_history,HISTORIC TRANSPORT,Ways people traveled before cars,normal,auto_validated,unique,0.298,camel | wagon | carriage | canoe
transportation_history__3,transportation_history,HISTORIC TRANSPORT,Ways people traveled before cars,normal,auto_validated,unique,0.314,mule | chariot | sled | trolley
vikings__1,vikings,VIKINGS,A word belonging to the Vikings and their world,normal,auto_validated,unique,0.525,fjord | mead | berserker | norse
wars__1,wars,FAMOUS WARS,Wars widely known from history,normal,auto_validated,unique,0.213,Civil War | World War | Cold War | Hundred Years War
wars__2,wars,FAMOUS WARS,Wars widely known from history,normal,auto_validated,unique,0.243,Vietnam | Revolutionary War | Korean War | Trojan War
weapons_of_the_past__1,weapons_of_the_past,OLD WEAPONS,Weapons used before modern firearms,normal,auto_validated,unique,0.229,club | bow | sword | arrow
weapons_of_the_past__2,weapons_of_the_past,OLD WEAPONS,Weapons used before modern firearms,normal,auto_validated,unique,0.263,dagger | spear | axe | mace
weapons_of_the_past__3,weapons_of_the_past,OLD WEAPONS,Weapons used before modern firearms,normal,auto_validated,unique,0.281,crossbow | sling | catapult | trident
wild_west__1,wild_west,WILD WEST,Things associated with the American Old West,normal,auto_validated,unique,0.19,horse | sheriff | boots | gold rush
wild_west__2,wild_west,WILD WEST,Things associated with the American Old West,normal,auto_validated,unique,0.209,wagon | ranch | spurs | marshal
wild_west__3,wild_west,WILD WEST,Things associated with the American Old West,normal,auto_validated,unique,0.222,cowboy | prairie | outlaw | rodeo
birdwatching__1,birdwatching,BIRDWATCHING THINGS,Things a birdwatcher uses,normal,auto_validated,unique,0.308,seed | camera | field guide | blind
birdwatching__2,birdwatching,BIRDWATCHING THINGS,Things a birdwatcher uses,normal,auto_validated,unique,0.332,whistle | notebook | scope | bird bath
birdwatching__3,birdwatching,BIRDWATCHING THINGS,Things a birdwatcher uses,normal,auto_validated,unique,0.37,binoculars | feeder | checklist | birdhouse
board_game_pieces__1,board_game_pieces,GAME PIECES,Pieces and parts used in board games,normal,auto_validated,unique,0.256,board | card | chip | cup
board_game_pieces__2,board_game_pieces,GAME PIECES,Pieces and parts used in board games,normal,auto_validated,unique,0.295,dice | tile | marker | token
board_game_pieces__3,board_game_pieces,GAME PIECES,Pieces and parts used in board games,normal,auto_validated,unique,0.315,pawn | spinner | timer | rulebook
camping_gear__1,camping_gear,CAMPING GEAR,Gear packed for a camping trip,normal,auto_validated,unique,0.185,map | sleeping bag | matches | camp chair
camping_gear__2,camping_gear,CAMPING GEAR,Gear packed for a camping trip,normal,auto_validated,unique,0.201,rope | tent | first aid kit | mess kit
camping_gear__3,camping_gear,CAMPING GEAR,Gear packed for a camping trip,normal,auto_validated,unique,0.213,backpack | compass | cooler | bug spray
candle_making__1,candle_making,CANDLE MAKING,A word belonging to making candles,normal,auto_validated,unique,0.494,wick | taper | paraffin | scented
card_suits__1,card_suits,CARD SUITS,One of the four suits in a deck of playing cards,normal,auto_validated,unique,0.219,hearts | spades | clubs | diamonds
chess_words__1,chess_words,CHESS WORDS,Pieces and moves in a game of chess,normal,auto_validated,unique,0.25,board | check | opening | king
chess_words__2,chess_words,CHESS WORDS,Pieces and moves in a game of chess,normal,auto_validated,unique,0.265,queen | castle | capture | promotion
chess_words__3,chess_words,CHESS WORDS,Pieces and moves in a game of chess,normal,auto_validated,unique,0.294,knight | pawn | bishop | gambit
collecting_hobbies__1,collecting_hobbies,COLLECTIBLES,Things people collect as a hobby,normal,auto_validated,unique,0.213,rock | card | button | record
collecting_hobbies__2,collecting_hobbies,COLLECTIBLES,Things people collect as a hobby,normal,auto_validated,unique,0.234,shell | coin | comic | bottle cap
collecting_hobbies__3,collecting_hobbies,COLLECTIBLES,Things people collect as a hobby,normal,auto_validated,unique,0.245,stamp | marble | badge | doll
cooking_hobby__1,cooking_hobby,HOME BAKING,Things a home baker uses,normal,auto_validated,unique,0.241,sheet | oven | rolling pin | measuring cup
cooking_hobby__2,cooking_hobby,HOME BAKING,Things a home baker uses,normal,auto_validated,unique,0.257,timer | mixing bowl | cooling rack | cutter
cooking_hobby__3,cooking_hobby,HOME BAKING,Things a home baker uses,normal,auto_validated,unique,0.275,apron | whisk | mitt | piping bag
crafting_materials__1,crafting_materials,CRAFT MATERIALS,Materials used in craft projects,normal,auto_validated,unique,0.217,button | paint | paper | felt
crafting_materials__2,crafting_materials,CRAFT MATERIALS,Materials used in craft projects,normal,auto_validated,unique,0.234,clay | wire | fabric | string
crafting_materials__3,crafting_materials,CRAFT MATERIALS,Materials used in craft projects,normal,auto_validated,unique,0.256,glue | ribbon | pipe cleaner | foam
dance_class__1,dance_class,DANCE CLASS,Things found in a dance class,normal,auto_validated,unique,0.26,mirror | music | stage | spin
dance_class__2,dance_class,DANCE CLASS,Things found in a dance class,normal,auto_validated,unique,0.281,stretch | mat | routine | instructor
dance_class__3,dance_class,DANCE CLASS,Things found in a dance class,normal,auto_validated,unique,0.32,slippers | barre | tights | pointe shoe
fishing_hobby__1,fishing_hobby,FISHING TRIP,Things taken on a fishing trip,normal,auto_validated,unique,0.217,line | hat | net | boat
fishing_hobby__2,fishing_hobby,FISHING TRIP,Things taken on a fishing trip,normal,auto_validated,unique,0.235,hook | license | rod | tackle box
fishing_hobby__3,fishing_hobby,FISHING TRIP,Things taken on a fishing trip,normal,auto_validated,unique,0.251,bucket | cooler | bait | lure
gardening_hobby__1,gardening_hobby,GARDEN HOBBY,Things a hobby gardener uses,normal,auto_validated,unique,0.236,pot | gloves | soil | stake
gardening_hobby__2,gardening_hobby,GARDEN HOBBY,Things a hobby gardener uses,normal,auto_validated,unique,0.26,hose | greenhouse | seed packet | watering can
gardening_hobby__3,gardening_hobby,GARDEN HOBBY,Things a hobby gardener uses,normal,auto_validated,unique,0.281,fertilizer | compost bin | planter | twine
gardening_work__1,gardening_work,GARDENING WORK,A task or tool belonging to working a garden,normal,auto_validated,unique,0.325,compost | pruning | soil | seedlings
hiking_words__1,hiking_words,HIKING WORDS,Things involved in hiking a trail,normal,auto_validated,unique,0.226,map | trail | boots | water bottle
hiking_words__2,hiking_words,HIKING WORDS,Things involved in hiking a trail,normal,auto_validated,unique,0.245,ridge | summit | elevation | poles
hiking_words__3,hiking_words,HIKING WORDS,Things involved in hiking a trail,normal,auto_validated,unique,0.27,backpack | campsite | canteen | blaze
hobby_verbs__1,hobby_verbs,HOBBY ACTIVITIES,Activities people do as a hobby,normal,auto_validated,unique,0.213,painting | reading | running | writing
hobby_verbs__2,hobby_verbs,HOBBY ACTIVITIES,Activities people do as a hobby,normal,auto_validated,unique,0.225,drawing | fishing | dancing | singing
hobby_verbs__3,hobby_verbs,HOBBY ACTIVITIES,Activities people do as a hobby,normal,auto_validated,unique,0.239,photography | cycling | collecting | camping
knitting_words__1,knitting_words,KNITTING WORDS,Things used in knitting and crochet,normal,auto_validated,unique,0.313,ball | row | pattern | cast on
knitting_words__2,knitting_words,KNITTING WORDS,Things used in knitting and crochet,normal,auto_validated,unique,0.34,needle | marker | loop | gauge
knitting_words__3,knitting_words,KNITTING WORDS,Things used in knitting and crochet,normal,auto_validated,unique,0.37,stitch | yarn | purl | bind off
magic_tricks__1,magic_tricks,MAGIC PROPS,Props used in performing magic tricks,normal,auto_validated,unique,0.297,ring | ball | box | cup
magic_tricks__2,magic_tricks,MAGIC PROPS,Props used in performing magic tricks,normal,auto_validated,unique,0.322,mirror | coin | hat | thumb tip
model_building__1,model_building,MODEL KITS,Things used to build scale models,normal,auto_validated,unique,0.309,paint | kit | base | plastic
model_building__2,model_building,MODEL KITS,Things used to build scale models,normal,auto_validated,unique,0.325,glue | brush | knife | instructions
model_building__3,model_building,MODEL KITS,Things used to build scale models,normal,auto_validated,unique,0.372,tweezers | decal | clamp | putty
music_practice__1,music_practice,MUSIC PRACTICE,Things used when practicing an instrument,normal,auto_validated,unique,0.261,bench | stand | sheet music | pick
music_practice__2,music_practice,MUSIC PRACTICE,Things used when practicing an instrument,normal,auto_validated,unique,0.289,bow | strap | reed | mute
music_practice__3,music_practice,MUSIC PRACTICE,Things used when practicing an instrument,normal,auto_validated,unique,0.331,metronome | tuner | capo | amplifier
photography_hobby__1,photography_hobby,PHOTOGRAPHY GEAR,Gear a hobby photographer uses,normal,auto_validated,unique,0.224,bag | camera | memory card | battery
photography_hobby__2,photography_hobby,PHOTOGRAPHY GEAR,Gear a hobby photographer uses,normal,auto_validated,unique,0.241,hood | lens | flash | filter
photography_hobby__3,photography_hobby,PHOTOGRAPHY GEAR,Gear a hobby photographer uses,normal,auto_validated,unique,0.277,strap | tripod | reflector | backdrop
puzzle_types__1,puzzle_types,PUZZLES,Kinds of puzzle people solve for fun,normal,auto_validated,unique,0.25,maze | riddle | word search | logic puzzle
puzzle_types__2,puzzle_types,PUZZLES,Kinds of puzzle people solve for fun,normal,auto_validated,unique,0.291,crossword | jigsaw | sudoku | anagram
puzzle_types__3,puzzle_types,PUZZLES,Kinds of puzzle people solve for fun,normal,auto_validated,unique,0.329,rubiks cube | cryptogram | acrostic | rebus
scrapbooking__1,scrapbooking,SCRAPBOOKING,A material or keepsake used making a scrapbook,normal,auto_validated,unique,0.506,stickers | keepsake | cutouts | laminate
video_gaming__1,video_gaming,GAMING SETUP,Things in a video gaming setup,normal,auto_validated,unique,0.225,monitor | chair | cable | memory card
video_gaming__2,video_gaming,GAMING SETUP,Things in a video gaming setup,normal,auto_validated,unique,0.239,keyboard | mouse | controller | disc
video_gaming__3,video_gaming,GAMING SETUP,Things in a video gaming setup,normal,auto_validated,unique,0.258,console | headset | cartridge | microphone
baby_things__1,baby_things,BABY THINGS,Things used to care for a baby,normal,auto_validated,unique,0.194,monitor | bottle | car seat | formula
baby_things__2,baby_things,BABY THINGS,Things used to care for a baby,normal,auto_validated,unique,0.222,swing | diaper | blanket | cradle
baby_things__3,baby_things,BABY THINGS,Things used to care for a baby,normal,auto_validated,unique,0.243,rattle | crib | wipes | stroller
bathroom_items__1,bathroom_items,BATHROOM ITEMS,Objects normally found in a home bathroom,normal,auto_validated,unique,0.123,tissue | cabinet | mirror | shower
bathroom_items__2,bathroom_items,BATHROOM ITEMS,Objects normally found in a home bathroom,normal,auto_validated,unique,0.132,sink | brush | soap | toilet
bathroom_items__3,bathroom_items,BATHROOM ITEMS,Objects normally found in a home bathroom,normal,auto_validated,unique,0.148,curtain | mat | razor | towel
bedroom_things__1,bedroom_things,BEDROOM THINGS,Objects normally found in a bedroom,normal,auto_validated,unique,0.149,chest | sheet | bed | mirror
bedroom_things__2,bedroom_things,BEDROOM THINGS,Objects normally found in a bedroom,normal,auto_validated,unique,0.17,closet | blanket | lamp | alarm clock
bedroom_things__3,bedroom_things,BEDROOM THINGS,Objects normally found in a bedroom,normal,auto_validated,unique,0.181,rug | curtain | pillow | mattress
bedtime_things__1,bedtime_things,BEDTIME THINGS,Something you associate with going to bed,normal,auto_validated,unique,0.287,sleep | bed | blanket | mattress
cleaning_supplies__1,cleaning_supplies,CLEANING SUPPLIES,Tools and products used to clean a house,normal,auto_validated,unique,0.163,polish | brush | soap | trash bag
cleaning_supplies__2,cleaning_supplies,CLEANING SUPPLIES,Tools and products used to clean a house,normal,auto_validated,unique,0.175,sponge | vacuum | gloves | bucket
cleaning_supplies__3,cleaning_supplies,CLEANING SUPPLIES,Tools and products used to clean a house,normal,auto_validated,unique,0.194,bleach | broom | rag | wipes
dinner_party__1,dinner_party,DINNER PARTY,"What is set out, served or worried about at a dinner party",normal,auto_validated,unique,,toast | centerpiece | silverware | dishes
dinner_party__2,dinner_party,DINNER PARTY,"What is set out, served or worried about at a dinner party",normal,auto_validated,unique,,desserts | sauces | cocktails | seating
dishes_and_glassware__1,dishes_and_glassware,DISHES,Things you eat and drink from at a table,normal,auto_validated,unique,0.151,bowl | glass | cup | bottle
dishes_and_glassware__2,dishes_and_glassware,DISHES,Things you eat and drink from at a table,normal,auto_validated,unique,0.171,plate | jar | dish | sugar bowl
dishes_and_glassware__3,dishes_and_glassware,DISHES,Things you eat and drink from at a table,normal,auto_validated,unique,0.193,pitcher | mug | tray | cereal bowl
fabrics_at_home__1,fabrics_at_home,HOME TEXTILES,Cloth things used around the house,normal,auto_validated,unique,0.249,sheet | throw | towel | blanket
fabrics_at_home__2,fabrics_at_home,HOME TEXTILES,Cloth things used around the house,normal,auto_validated,unique,0.277,apron | rug | curtain | cushion cover
fabrics_at_home__3,fabrics_at_home,HOME TEXTILES,Cloth things used around the house,normal,auto_validated,unique,0.303,napkin | quilt | comforter | drape
furniture__1,furniture,FURNITURE,Movable household furniture,normal,auto_validated,unique,0.09,cabinet | bed | chair | table
furniture__2,furniture,FURNITURE,Movable household furniture,normal,auto_validated,unique,0.113,bench | desk | sofa | couch
furniture__3,furniture,FURNITURE,Movable household furniture,normal,auto_validated,unique,0.134,stool | ottoman | wardrobe | vanity
home_appliances__1,home_appliances,HOME APPLIANCES,A large electrical appliance kept in a home,normal,auto_validated,unique,0.3,dryer | microwave | dishwasher | fridge
home_decor__1,home_decor,HOME DECOR,What you choose when you decorate a room,normal,auto_validated,unique,,vase | rug | furniture | curtains
home_decor__2,home_decor,HOME DECOR,What you choose when you decorate a room,normal,auto_validated,unique,,colors | patterns | lighting | fabrics
home_rooms__1,home_rooms,HOUSE ROOMS,Rooms and spaces inside an ordinary house,normal,auto_validated,unique,0.111,study | kitchen | bathroom | living room
home_rooms__2,home_rooms,HOUSE ROOMS,Rooms and spaces inside an ordinary house,normal,auto_validated,unique,0.131,closet | basement | bedroom | garage
home_rooms__3,home_rooms,HOUSE ROOMS,Rooms and spaces inside an ordinary house,normal,auto_validated,unique,0.141,den | nursery | laundry room | dining room
kitchen_appliances__1,kitchen_appliances,KITCHEN APPLIANCES,Electric machines used in a kitchen,normal,auto_validated,unique,0.163,range | oven | coffee maker | can opener
kitchen_appliances__2,kitchen_appliances,KITCHEN APPLIANCES,Electric machines used in a kitchen,normal,auto_validated,unique,0.18,grill | microwave | food processor | warmer
kitchen_appliances__3,kitchen_appliances,KITCHEN APPLIANCES,Electric machines used in a kitchen,normal,auto_validated,unique,0.19,freezer | refrigerator | mixer | kettle
kitchen_drawer__1,kitchen_drawer,KITCHEN DRAWER,What you find when you open a kitchen drawer,normal,auto_validated,unique,,whisk | peeler | corkscrew | silverware
kitchen_tools__1,kitchen_tools,KITCHEN TOOLS,Handheld tools and utensils used to prepare food in a kitchen,normal,auto_validated,unique,0.128,plate | knife | pot | cutting board
kitchen_tools__2,kitchen_tools,KITCHEN TOOLS,Handheld tools and utensils used to prepare food in a kitchen,normal,auto_validated,unique,0.142,rolling pin | measuring cup | fork | pan
kitchen_tools__3,kitchen_tools,KITCHEN TOOLS,Handheld tools and utensils used to prepare food in a kitchen,normal,auto_validated,unique,0.159,spoon | timer | mixer | opener
laundry_day__1,laundry_day,LAUNDRY DAY,Something used or done when washing clothes,normal,auto_validated,unique,0.325,rinse | bleach | detergent | hamper
laundry_things__1,laundry_things,LAUNDRY THINGS,Things used to wash and dry clothes,normal,auto_validated,unique,0.208,iron | basket | bleach | dryer
laundry_things__2,laundry_things,LAUNDRY THINGS,Things used to wash and dry clothes,normal,auto_validated,unique,0.233,starch | hamper | washer | dryer sheet
laundry_things__3,laundry_things,LAUNDRY THINGS,Things used to wash and dry clothes,normal,auto_validated,unique,0.242,hanger | detergent | lint trap | ironing board
lighting__1,lighting,LIGHTING,Devices that light a home,normal,auto_validated,unique,0.202,shade | track light | string lights | ceiling fan
lighting__2,lighting,LIGHTING,Devices that light a home,normal,auto_validated,unique,0.221,candle | spotlight | lamp | fixture
lighting__3,lighting,LIGHTING,Devices that light a home,normal,auto_validated,unique,0.237,lantern | flashlight | bulb | chandelier
living_room_things__1,living_room_things,LIVING ROOM,Objects normally found in a living room,normal,auto_validated,unique,0.145,painting | magazine | television | coffee table
living_room_things__2,living_room_things,LIVING ROOM,Objects normally found in a living room,normal,auto_validated,unique,0.158,remote | clock | console | speaker
living_room_things__3,living_room_things,LIVING ROOM,Objects normally found in a living room,normal,auto_validated,unique,0.175,curtain | sofa | blanket | lamp
parts_of_a_house__1,parts_of_a_house,HOUSE PARTS,Structural parts of a house,normal,auto_validated,unique,0.137,foundation | wall | floor | door
parts_of_a_house__2,parts_of_a_house,HOUSE PARTS,Structural parts of a house,normal,auto_validated,unique,0.151,deck | roof | window | column
parts_of_a_house__3,parts_of_a_house,HOUSE PARTS,Structural parts of a house,normal,auto_validated,unique,0.168,beam | ceiling | stairs | threshold
pet_supplies__1,pet_supplies,PET SUPPLIES,Things bought to keep a pet at home,normal,auto_validated,unique,0.214,bowl | bed | treat | food
pet_supplies__2,pet_supplies,PET SUPPLIES,Things bought to keep a pet at home,normal,auto_validated,unique,0.23,tank | tag | carrier | toy
pet_supplies__3,pet_supplies,PET SUPPLIES,Things bought to keep a pet at home,normal,auto_validated,unique,0.245,litter | brush | collar | cage
sewing_and_repair__1,sewing_and_repair,HOME REPAIR,Small supplies used for fixing things around the house,normal,auto_validated,unique,0.241,screw | level | tape | wire
sewing_and_repair__2,sewing_and_repair,HOME REPAIR,Small supplies used for fixing things around the house,normal,auto_validated,unique,0.256,nail | hammer | bolt | patch
sewing_and_repair__3,sewing_and_repair,HOME REPAIR,Small supplies used for fixing things around the house,normal,auto_validated,unique,0.279,glue | washer | wrench | bracket
silverware__1,silverware,SILVERWARE,Eating utensils laid out at a table setting,normal,auto_validated,unique,0.169,knife | spoon | fork | butter knife
silverware__2,silverware,SILVERWARE,Eating utensils laid out at a table setting,normal,auto_validated,unique,0.186,salad fork | soup spoon | carving knife | serving spoon
silverware__3,silverware,SILVERWARE,Eating utensils laid out at a table setting,normal,auto_validated,unique,0.216,ladle | tongs | teaspoon | chopsticks
storage_containers__1,storage_containers,CONTAINERS,Things made to store or carry other things,normal,auto_validated,unique,0.184,chest | case | bag | box
storage_containers__2,storage_containers,CONTAINERS,Things made to store or carry other things,normal,auto_validated,unique,0.21,basket | bucket | barrel | bin
storage_containers__3,storage_containers,CONTAINERS,Things made to store or carry other things,normal,auto_validated,unique,0.216,trunk | tin | cooler | jar
table_setting__1,table_setting,TABLE SETTING,An item laid on the table for one person at a meal,normal,auto_validated,unique,0.231,bowl | glass | cup | fork
table_setting__2,table_setting,TABLE SETTING,An item laid on the table for one person at a meal,normal,auto_validated,unique,0.263,plate | knife | napkin | spoon
things_in_a_garage__1,things_in_a_garage,GARAGE THINGS,Things stored in an ordinary home garage,normal,auto_validated,unique,0.186,jack | oil | car | gas can
things_in_a_garage__2,things_in_a_garage,GARAGE THINGS,Things stored in an ordinary home garage,normal,auto_validated,unique,0.21,shelf | paint | ladder | bike
things_in_a_garage__3,things_in_a_garage,GARAGE THINGS,Things stored in an ordinary home garage,normal,auto_validated,unique,0.226,hose | cooler | tire | extension cord
things_in_a_junk_drawer__1,things_in_a_junk_drawer,JUNK DRAWER,Small odds and ends that pile up in a kitchen drawer,normal,auto_validated,unique,0.277,key | tape | matches | battery
things_in_a_junk_drawer__2,things_in_a_junk_drawer,JUNK DRAWER,Small odds and ends that pile up in a kitchen drawer,normal,auto_validated,unique,0.289,pen | screw | coin | string
things_in_a_junk_drawer__3,things_in_a_junk_drawer,JUNK DRAWER,Small odds and ends that pile up in a kitchen drawer,normal,auto_validated,unique,0.299,receipt | rubber band | twist tie | paper clip
things_on_a_wall__1,things_on_a_wall,WALL THINGS,Things hung or mounted on an interior wall,normal,auto_validated,unique,0.22,painting | art | television | photo
things_on_a_wall__2,things_on_a_wall,WALL THINGS,Things hung or mounted on an interior wall,normal,auto_validated,unique,0.233,hook | mirror | clock | switch
things_on_a_wall__3,things_on_a_wall,WALL THINGS,Things hung or mounted on an interior wall,normal,auto_validated,unique,0.246,shelf | calendar | poster | trophy
things_that_hold_water__1,things_that_hold_water,WATER HOLDERS,Containers and objects built to hold water,normal,auto_validated,unique,0.271,glass | cup | bottle | pool
things_that_hold_water__2,things_that_hold_water,WATER HOLDERS,Containers and objects built to hold water,normal,auto_validated,unique,0.288,tank | sink | pot | barrel
things_that_hold_water__3,things_that_hold_water,WATER HOLDERS,Containers and objects built to hold water,normal,auto_validated,unique,0.309,aquarium | bucket | basin | watering can
things_that_open__1,things_that_open,OPENING THINGS,Everyday objects that open and close,normal,auto_validated,unique,0.265,fan | book | box | door
things_that_open__2,things_that_open,OPENING THINGS,Everyday objects that open and close,normal,auto_validated,unique,0.28,cabinet | gate | shell | window
things_that_open__3,things_that_open,OPENING THINGS,Everyday objects that open and close,normal,auto_validated,unique,0.298,wallet | jar | laptop | fridge
things_that_plug_in__1,things_that_plug_in,PLUGGED IN,Household devices powered by plugging into an outlet,normal,auto_validated,unique,0.217,fan | television | radio | computer
things_that_plug_in__2,things_that_plug_in,PLUGGED IN,Household devices powered by plugging into an outlet,normal,auto_validated,unique,0.235,iron | vacuum | clock | speaker
things_that_plug_in__3,things_that_plug_in,PLUGGED IN,Household devices powered by plugging into an outlet,normal,auto_validated,unique,0.259,Charger | printer | lamp | microwave
things_with_buttons__1,things_with_buttons,THINGS WITH BUTTONS,Everyday objects operated by pressing buttons,normal,auto_validated,unique,0.265,watch | camera | phone | radio
things_with_buttons__2,things_with_buttons,THINGS WITH BUTTONS,Everyday objects operated by pressing buttons,normal,auto_validated,unique,0.291,keyboard | remote | game controller | cash register
things_with_buttons__3,things_with_buttons,THINGS WITH BUTTONS,Everyday objects operated by pressing buttons,normal,auto_validated,unique,0.305,printer | alarm clock | microwave | elevator
trash_and_recycling__1,trash_and_recycling,TRASH THINGS,Things related to household garbage and recycling,normal,auto_validated,unique,0.27,bag | newspaper | bin | can
trash_and_recycling__2,trash_and_recycling,TRASH THINGS,Things related to household garbage and recycling,normal,auto_validated,unique,0.29,bottle | scrap | disposal | junk
trash_and_recycling__3,trash_and_recycling,TRASH THINGS,Things related to household garbage and recycling,normal,auto_validated,unique,0.313,cardboard | lid | dumpster | landfill
accounting_words__1,accounting_words,ACCOUNTING WORDS,Words used in bookkeeping and accounting,normal,auto_validated,unique,0.349,balance | credit | revenue | statement
accounting_words__2,accounting_words,ACCOUNTING WORDS,Words used in bookkeeping and accounting,normal,auto_validated,unique,0.375,expense | asset | liability | audit
accounting_words__3,accounting_words,ACCOUNTING WORDS,Words used in bookkeeping and accounting,normal,auto_validated,unique,0.394,debit | receipt | payroll | ledger
architecture_words__1,architecture_words,ARCHITECTURE WORDS,Words used to describe buildings and their design,normal,auto_validated,unique,0.322,arch | foundation | column | dome
architecture_words__2,architecture_words,ARCHITECTURE WORDS,Words used to describe buildings and their design,normal,auto_validated,unique,0.343,balcony | vault | terrace | blueprint
architecture_words__3,architecture_words,ARCHITECTURE WORDS,Words used to describe buildings and their design,normal,auto_validated,unique,0.366,facade | gable | atrium | spire
aviation_words__1,aviation_words,AVIATION WORDS,Words used by pilots and air crew,normal,auto_validated,unique,0.314,cruise | tower | radar | call sign
aviation_words__2,aviation_words,AVIATION WORDS,Words used by pilots and air crew,normal,auto_validated,unique,0.331,runway | altitude | taxi | landing gear
aviation_words__3,aviation_words,AVIATION WORDS,Words used by pilots and air crew,normal,auto_validated,unique,0.349,stall | cockpit | throttle | turbulence
barista_words__1,barista_words,BARISTA WORDS,A term a barista uses making coffee,normal,auto_validated,unique,0.531,crema | frothing | decaf | brewing
detective_procedures__1,detective_procedures,FORENSICS WORDS,Words used in forensic investigation,normal,auto_validated,unique,0.351,cast | dna | sample | evidence bag
detective_procedures__2,detective_procedures,FORENSICS WORDS,Words used in forensic investigation,normal,auto_validated,unique,0.369,tape | trace | lab | autopsy
detective_procedures__3,detective_procedures,FORENSICS WORDS,Words used in forensic investigation,normal,auto_validated,unique,0.41,fingerprint | ballistics | toxicology | dusting
kitchen_brigade__1,kitchen_brigade,KITCHEN SLANG,Terms used in a restaurant kitchen,normal,auto_validated,unique,0.345,station | pass | fire | order up
kitchen_brigade__2,kitchen_brigade,KITCHEN SLANG,Terms used in a restaurant kitchen,normal,auto_validated,unique,0.378,prep | expo | walk in | comp
legal_terms__1,legal_terms,COURT TERMS,Terms used in legal proceedings,normal,auto_validated,unique,0.349,hearing | motion | appeal | settlement
legal_terms__2,legal_terms,COURT TERMS,Terms used in legal proceedings,normal,auto_validated,unique,0.377,plea | verdict | testimony | objection
legal_terms__3,legal_terms,COURT TERMS,Terms used in legal proceedings,normal,auto_validated,unique,0.394,recess | indictment | deposition | injunction
medical_procedures__1,medical_procedures,MEDICAL PROCEDURES,Procedures performed by doctors,normal,auto_validated,unique,0.307,cast | X-ray | surgery | therapy
medical_procedures__2,medical_procedures,MEDICAL PROCEDURES,Procedures performed by doctors,normal,auto_validated,unique,0.333,scan | transplant | screening | injection
medical_procedures__3,medical_procedures,MEDICAL PROCEDURES,Procedures performed by doctors,normal,auto_validated,unique,0.352,stitches | vaccination | anesthesia | ultrasound
music_tempo_terms__1,music_tempo_terms,TEMPO TERMS,Italian words used to mark tempo in music,normal,auto_validated,unique,0.393,piano | largo | grave | forte
nautical_ranks__1,nautical_ranks,SHIP CREW,Roles in the crew of a ship,normal,auto_validated,unique,0.36,captain | first mate | engineer | lookout
photography_terms__1,photography_terms,CAMERA SETTINGS,Settings and controls on a camera,normal,auto_validated,unique,0.356,focus | flash | white balance | depth of field
photography_terms__2,photography_terms,CAMERA SETTINGS,Settings and controls on a camera,normal,auto_validated,unique,0.385,Zoom | timer | iso | exposure
printing_and_type__1,printing_and_type,TYPOGRAPHY WORDS,Words used to describe printed type,normal,auto_validated,unique,0.397,bold | column | leading | point size
printing_and_type__2,printing_and_type,TYPOGRAPHY WORDS,Words used to describe printed type,normal,auto_validated,unique,0.418,font | caps | justify | margin
printing_and_type__3,printing_and_type,TYPOGRAPHY WORDS,Words used to describe printed type,normal,auto_validated,unique,0.471,serif | italic | underline | typeface
sailing_terms__1,sailing_terms,SAILING TERMS,Terms used when sailing a boat,normal,auto_validated,unique,0.369,draft | sheet | heel | boom
theater_stage_terms__1,theater_stage_terms,STAGE TERMS,Terms used backstage in a theater,normal,auto_validated,unique,0.298,flat | set piece | green room | call time
theater_stage_terms__2,theater_stage_terms,STAGE TERMS,Terms used backstage in a theater,normal,auto_validated,unique,0.331,wings | gel | cue | blocking
theater_stage_terms__3,theater_stage_terms,STAGE TERMS,Terms used backstage in a theater,normal,auto_validated,unique,0.363,dimmer | catwalk | prop table | dress rehearsal
weather_forecast_terms__1,weather_forecast_terms,FORECAST TERMS,Terms used in a weather forecast,normal,auto_validated,unique,0.29,pressure | high | low | front
weather_forecast_terms__2,weather_forecast_terms,FORECAST TERMS,Terms used in a weather forecast,normal,auto_validated,unique,0.309,chance of rain | heat index | advisory | warning
weather_forecast_terms__3,weather_forecast_terms,FORECAST TERMS,Terms used in a weather forecast,normal,auto_validated,unique,0.331,precipitation | wind chill | visibility | forecast
beauty_jobs__1,beauty_jobs,BEAUTY JOBS,"Jobs held by people who work on hair, nails and appearance",normal,auto_validated,unique,0.245,barber | makeup artist | tattoo artist | nail tech
beauty_jobs__2,beauty_jobs,BEAUTY JOBS,"Jobs held by people who work on hair, nails and appearance",normal,auto_validated,unique,0.292,hairdresser | stylist | masseuse | groomer
beauty_jobs__3,beauty_jobs,BEAUTY JOBS,"Jobs held by people who work on hair, nails and appearance",normal,auto_validated,unique,0.327,manicurist | cosmetologist | esthetician | colorist
building_trades__1,building_trades,BUILDING TRADES,Skilled trades that build and repair buildings,normal,auto_validated,unique,0.207,mason | carpenter | painter | contractor
building_trades__2,building_trades,BUILDING TRADES,Skilled trades that build and repair buildings,normal,auto_validated,unique,0.229,plumber | surveyor | foreman | architect
building_trades__3,building_trades,BUILDING TRADES,Skilled trades that build and repair buildings,normal,auto_validated,unique,0.248,electrician | welder | laborer | installer
circus_and_fair_jobs__1,circus_and_fair_jobs,CIRCUS JOBS,Jobs held by performers and workers at a circus or fair,normal,auto_validated,unique,0.296,clown | animal trainer | magician | barker
circus_and_fair_jobs__2,circus_and_fair_jobs,CIRCUS JOBS,Jobs held by performers and workers at a circus or fair,normal,auto_validated,unique,0.332,acrobat | trapeze artist | fire eater | tightrope walker
circus_and_fair_jobs__3,circus_and_fair_jobs,CIRCUS JOBS,Jobs held by performers and workers at a circus or fair,normal,auto_validated,unique,0.354,juggler | ringmaster | stilt walker | contortionist
common_professions__1,common_professions,COMMON PROFESSIONS,A common job a person does for a living,normal,auto_validated,unique,0.175,engineer | doctor | manager | lawyer
common_professions__2,common_professions,COMMON PROFESSIONS,A common job a person does for a living,normal,auto_validated,unique,0.188,chef | teacher | pilot | farmer
creative_jobs__1,creative_jobs,CREATIVE JOBS,Jobs held by people who make art or entertainment,normal,auto_validated,unique,0.176,director | actor | artist | writer
creative_jobs__2,creative_jobs,CREATIVE JOBS,Jobs held by people who make art or entertainment,normal,auto_validated,unique,0.186,designer | editor | singer | producer
creative_jobs__3,creative_jobs,CREATIVE JOBS,Jobs held by people who make art or entertainment,normal,auto_validated,unique,0.202,musician | dancer | photographer | poet
emergency_jobs__1,emergency_jobs,EMERGENCY JOBS,Jobs held by people who respond to emergencies,normal,auto_validated,unique,0.152,sheriff | police officer | coast guard | deputy
emergency_jobs__2,emergency_jobs,EMERGENCY JOBS,Jobs held by people who respond to emergencies,normal,auto_validated,unique,0.192,Ranger | firefighter | medic | trooper
emergency_jobs__3,emergency_jobs,EMERGENCY JOBS,Jobs held by people who respond to emergencies,normal,auto_validated,unique,0.211,paramedic | dispatcher | lifeguard | EMT
famous_job_titles__1,famous_job_titles,LEADERSHIP TITLES,Titles held by people in charge of an organization,normal,auto_validated,unique,0.25,coach | director | captain | chief
famous_job_titles__2,famous_job_titles,LEADERSHIP TITLES,Titles held by people in charge of an organization,normal,auto_validated,unique,0.251,head | manager | president | chairman
famous_job_titles__3,famous_job_titles,LEADERSHIP TITLES,Titles held by people in charge of an organization,normal,auto_validated,unique,0.262,boss | principal | commander | mayor
farm_jobs__1,farm_jobs,FARM JOBS,Jobs held by people who work on farms and with animals,normal,auto_validated,unique,0.253,shepherd | farmer | trainer | dairy farmer
farm_jobs__2,farm_jobs,FARM JOBS,Jobs held by people who work on farms and with animals,normal,auto_validated,unique,0.28,picker | vet | rancher | breeder
farm_jobs__3,farm_jobs,FARM JOBS,Jobs held by people who work on farms and with animals,normal,auto_validated,unique,0.316,harvester | beekeeper | milker | herder
government_jobs__1,government_jobs,GOVERNMENT JOBS,Jobs held by people who work for a government,normal,auto_validated,unique,0.212,secretary | governor | president | official
government_jobs__2,government_jobs,GOVERNMENT JOBS,Jobs held by people who work for a government,normal,auto_validated,unique,0.227,mayor | senator | ambassador | commissioner
government_jobs__3,government_jobs,GOVERNMENT JOBS,Jobs held by people who work for a government,normal,auto_validated,unique,0.248,clerk | treasurer | inspector | delegate
historic_jobs__1,historic_jobs,BYGONE JOBS,Jobs that were common in the past but are rare today,normal,auto_validated,unique,0.355,cooper | weaver | miller | telegraph operator
historic_jobs__2,historic_jobs,BYGONE JOBS,Jobs that were common in the past but are rare today,normal,auto_validated,unique,0.384,blacksmith | tanner | scribe | chimney sweep
jobs_that_wear_uniforms__1,jobs_that_wear_uniforms,UNIFORMED JOBS,Jobs where a uniform is normally worn to work,normal,auto_validated,unique,0.271,bus driver | pilot | police officer | security guard
jobs_that_wear_uniforms__2,jobs_that_wear_uniforms,UNIFORMED JOBS,Jobs where a uniform is normally worn to work,normal,auto_validated,unique,0.286,chef | nurse | soldier | referee
jobs_that_wear_uniforms__3,jobs_that_wear_uniforms,UNIFORMED JOBS,Jobs where a uniform is normally worn to work,normal,auto_validated,unique,0.311,waiter | usher | sailor | flight attendant
jobs_with_animals__1,jobs_with_animals,JOBS WITH ANIMALS,Jobs held by people who work with animals,normal,auto_validated,unique,0.248,shepherd | farmer | trainer | dog walker
jobs_with_animals__2,jobs_with_animals,JOBS WITH ANIMALS,Jobs held by people who work with animals,normal,auto_validated,unique,0.27,jockey | vet | breeder | handler
jobs_with_animals__3,jobs_with_animals,JOBS WITH ANIMALS,Jobs held by people who work with animals,normal,auto_validated,unique,0.293,Wrangler | rancher | falconer | marine biologist
jobs_with_tools__1,jobs_with_tools,JOBS WITH TOOLS,Jobs where hand tools are used every day,normal,auto_validated,unique,0.301,chef | surgeon | dentist | barber
jobs_with_tools__2,jobs_with_tools,JOBS WITH TOOLS,Jobs where hand tools are used every day,normal,auto_validated,unique,0.315,carpenter | tailor | mechanic | gardener
jobs_with_tools__3,jobs_with_tools,JOBS WITH TOOLS,Jobs where hand tools are used every day,normal,auto_validated,unique,0.334,plumber | electrician | welder | sculptor
kitchen_jobs__1,kitchen_jobs,KITCHEN JOBS,Jobs held by people who work in a restaurant kitchen or food service,normal,auto_validated,unique,0.222,cook | host | line cook | server
kitchen_jobs__2,kitchen_jobs,KITCHEN JOBS,Jobs held by people who work in a restaurant kitchen or food service,normal,auto_validated,unique,0.242,chef | baker | prep cook | food runner
kitchen_jobs__3,kitchen_jobs,KITCHEN JOBS,Jobs held by people who work in a restaurant kitchen or food service,normal,auto_validated,unique,0.264,butcher | waiter | bartender | pastry chef
law_jobs__1,law_jobs,LAW JOBS,Jobs held by people who work in the legal system,normal,auto_validated,unique,0.214,judge | lawyer | attorney | court reporter
law_jobs__2,law_jobs,LAW JOBS,Jobs held by people who work in the legal system,normal,auto_validated,unique,0.241,marshal | clerk | prosecutor | defender
law_jobs__3,law_jobs,LAW JOBS,Jobs held by people who work in the legal system,normal,auto_validated,unique,0.262,notary | mediator | investigator | magistrate
media_jobs__1,media_jobs,MEDIA JOBS,Jobs held by people who produce news and broadcasts,normal,auto_validated,unique,0.229,editor | producer | reporter | journalist
media_jobs__2,media_jobs,MEDIA JOBS,Jobs held by people who produce news and broadcasts,normal,auto_validated,unique,0.243,anchor | photographer | publisher | critic
media_jobs__3,media_jobs,MEDIA JOBS,Jobs held by people who produce news and broadcasts,normal,auto_validated,unique,0.258,broadcaster | columnist | correspondent | blogger
medical_jobs__1,medical_jobs,MEDICAL JOBS,Jobs held by people who treat patients or work in healthcare,normal,auto_validated,unique,0.158,nurse | doctor | surgeon | therapist
medical_jobs__2,medical_jobs,MEDICAL JOBS,Jobs held by people who treat patients or work in healthcare,normal,auto_validated,unique,0.184,dentist | vet | psychiatrist | orderly
medical_jobs__3,medical_jobs,MEDICAL JOBS,Jobs held by people who treat patients or work in healthcare,normal,auto_validated,unique,0.205,pharmacist | paramedic | midwife | pediatrician
military_ranks__1,military_ranks,MILITARY RANKS,Ranks held by members of the armed forces,normal,auto_validated,unique,0.25,major | captain | general | officer
military_ranks__2,military_ranks,MILITARY RANKS,Ranks held by members of the armed forces,normal,auto_validated,unique,0.264,private | colonel | lieutenant | commander
military_ranks__3,military_ranks,MILITARY RANKS,Ranks held by members of the armed forces,normal,auto_validated,unique,0.296,sergeant | admiral | corporal | cadet
night_shift_jobs__1,night_shift_jobs,NIGHT SHIFT,Jobs commonly worked overnight,normal,auto_validated,unique,0.312,doctor | police officer | security guard | radio host
night_shift_jobs__2,night_shift_jobs,NIGHT SHIFT,Jobs commonly worked overnight,normal,auto_validated,unique,0.332,nurse | baker | DJ | air traffic controller
night_shift_jobs__3,night_shift_jobs,NIGHT SHIFT,Jobs commonly worked overnight,normal,auto_validated,unique,0.365,janitor | bartender | dispatcher | hotel clerk
office_jobs__1,office_jobs,OFFICE JOBS,Jobs held by people who work in an office,normal,auto_validated,unique,0.179,secretary | assistant | manager | consultant
office_jobs__2,office_jobs,OFFICE JOBS,Jobs held by people who work in an office,normal,auto_validated,unique,0.206,clerk | analyst | supervisor | administrator
office_jobs__3,office_jobs,OFFICE JOBS,Jobs held by people who work in an office,normal,auto_validated,unique,0.216,planner | accountant | coordinator | treasurer
people_who_help__1,people_who_help,HELPING PROFESSIONS,Jobs whose main purpose is helping other people directly,normal,auto_validated,unique,0.264,teacher | coach | nurse | doctor
people_who_help__2,people_who_help,HELPING PROFESSIONS,Jobs whose main purpose is helping other people directly,normal,auto_validated,unique,0.29,volunteer | therapist | social worker | mentor
people_who_help__3,people_who_help,HELPING PROFESSIONS,Jobs whose main purpose is helping other people directly,normal,auto_validated,unique,0.311,counselor | aide | chaplain | interpreter
repair_jobs__1,repair_jobs,REPAIR JOBS,Jobs held by people who fix broken things,normal,auto_validated,unique,0.263,plumber | tailor | mechanic | technician
repair_jobs__2,repair_jobs,REPAIR JOBS,Jobs held by people who fix broken things,normal,auto_validated,unique,0.289,cobbler | electrician | welder | handyman
repair_jobs__3,repair_jobs,REPAIR JOBS,Jobs held by people who fix broken things,normal,auto_validated,unique,0.3,repairman | locksmith | watchmaker | machinist
school_jobs__1,school_jobs,SCHOOL JOBS,Jobs held by adults who work at a school,normal,auto_validated,unique,0.17,secretary | professor | teacher | coach
school_jobs__2,school_jobs,SCHOOL JOBS,Jobs held by adults who work at a school,normal,auto_validated,unique,0.187,dean | principal | bus driver | lunch lady
science_jobs__1,science_jobs,SCIENCE JOBS,Jobs held by people who do scientific work,normal,auto_validated,unique,0.251,engineer | chemist | researcher | lab technician
science_jobs__2,science_jobs,SCIENCE JOBS,Jobs held by people who do scientific work,normal,auto_validated,unique,0.276,biologist | physicist | geologist | astronomer
science_jobs__3,science_jobs,SCIENCE JOBS,Jobs held by people who do scientific work,normal,auto_validated,unique,0.29,botanist | meteorologist | archaeologist | statistician
sea_jobs__1,sea_jobs,SEA JOBS,Jobs held by people who work on the water,normal,auto_validated,unique,0.288,pilot | captain | sailor | fisherman
sea_jobs__2,sea_jobs,SEA JOBS,Jobs held by people who work on the water,normal,auto_validated,unique,0.325,navigator | lifeguard | diver | oyster farmer
sports_jobs__1,sports_jobs,SPORTS JOBS,Jobs held by people who work in professional sports,normal,auto_validated,unique,0.219,coach | manager | agent | athlete
sports_jobs__2,sports_jobs,SPORTS JOBS,Jobs held by people who work in professional sports,normal,auto_validated,unique,0.251,trainer | referee | scout | commentator
sports_jobs__3,sports_jobs,SPORTS JOBS,Jobs held by people who work in professional sports,normal,auto_validated,unique,0.273,mascot | statistician | umpire | announcer
store_jobs__1,store_jobs,STORE JOBS,Jobs held by people who work in shops and stores,normal,auto_validated,unique,0.191,manager | clerk | buyer | security guard
store_jobs__2,store_jobs,STORE JOBS,Jobs held by people who work in shops and stores,normal,auto_validated,unique,0.224,cashier | pharmacist | tailor | barber
store_jobs__3,store_jobs,STORE JOBS,Jobs held by people who work in shops and stores,normal,auto_validated,unique,0.251,florist | jeweler | salesperson | grocer
transport_jobs__1,transport_jobs,TRANSPORT JOBS,"Jobs held by people who drive, fly or pilot for a living",normal,auto_validated,unique,0.179,pilot | captain | engineer | driver
transport_jobs__2,transport_jobs,TRANSPORT JOBS,"Jobs held by people who drive, fly or pilot for a living",normal,auto_validated,unique,0.199,conductor | bus driver | taxi driver | delivery driver
transport_jobs__3,transport_jobs,TRANSPORT JOBS,"Jobs held by people who drive, fly or pilot for a living",normal,auto_validated,unique,0.232,courier | dispatcher | chauffeur | flight attendant
classic_tv_shows__1,classic_tv_shows,CLASSIC TV,Television shows known across generations,normal,auto_validated,unique,0.305,cheers | Dallas | Friends | Wheel of Fortune
classic_tv_shows__2,classic_tv_shows,CLASSIC TV,Television shows known across generations,normal,auto_validated,unique,0.328,mash | I Love Lucy | Twilight Zone | Star Trek
classic_tv_shows__3,classic_tv_shows,CLASSIC TV,Television shows known across generations,normal,auto_validated,unique,0.343,Seinfeld | Simpsons | Sesame Street | Jeopardy
famous_bridges__1,famous_bridges,FAMOUS BRIDGES,Famous bridges around the world,normal,auto_validated,unique,0.301,Tower Bridge | Charles Bridge | Bay Bridge | London Bridge
famous_bridges__2,famous_bridges,FAMOUS BRIDGES,Famous bridges around the world,normal,auto_validated,unique,0.324,Golden Gate | Brooklyn | Sydney Harbour | Chesapeake
famous_museums__1,famous_museums,FAMOUS MUSEUMS,Famous museums around the world,normal,auto_validated,unique,0.351,Met | Getty | British Museum | Field Museum
famous_museums__2,famous_museums,FAMOUS MUSEUMS,Famous museums around the world,normal,auto_validated,unique,0.403,Louvre | Smithsonian | Hermitage | Guggenheim
famous_ships_planes__1,famous_ships_planes,FAMOUS AIRCRAFT,Famous aircraft from history,normal,auto_validated,unique,0.374,Spirit of St Louis | Air Force One | Kitty Hawk | Zeppelin
famous_ships_planes__2,famous_ships_planes,FAMOUS AIRCRAFT,Famous aircraft from history,normal,auto_validated,unique,0.417,Concorde | Spruce Goose | Blackbird | Spitfire
famous_streets__1,famous_streets,FAMOUS STREETS,Famous streets and avenues,normal,auto_validated,unique,0.345,Wall Street | Fifth Avenue | Main Street | Michigan Avenue
famous_streets__2,famous_streets,FAMOUS STREETS,Famous streets and avenues,normal,auto_validated,unique,0.376,Broadway | Bourbon Street | Abbey Road | Bourbon
famous_towers__1,famous_towers,FAMOUS TOWERS,Famous towers around the world,normal,auto_validated,unique,0.311,Big Ben | Space Needle | Tokyo Tower | Bell Tower
famous_towers__2,famous_towers,FAMOUS TOWERS,Famous towers around the world,normal,auto_validated,unique,0.341,Leaning Tower | Eiffel | CN Tower | Willis Tower
famous_towers__3,famous_towers,FAMOUS TOWERS,Famous towers around the world,normal,auto_validated,unique,0.383,Burj Khalifa | Petronas | Belfry | Minaret
famous_trains__1,famous_trains,FAMOUS TRAINS,Famous trains and railway lines,normal,auto_validated,unique,0.404,Orient Express | Bullet Train | Union Pacific | Metro
famous_trains__2,famous_trains,FAMOUS TRAINS,Famous trains and railway lines,normal,auto_validated,unique,0.446,Trans Siberian | Amtrak | Flying Scotsman | Rocky Mountaineer
on_the_skyline__1,on_the_skyline,ON THE SKYLINE,A tall structure that stands out on a skyline,normal,auto_validated,unique,0.494,obelisk | spire | Minaret | pagoda
sports_teams__1,sports_teams,TEAM NAMES,Names of long standing American sports teams,normal,auto_validated,unique,0.276,Giants | Bears | Rangers | Eagles
sports_teams__2,sports_teams,TEAM NAMES,Names of long standing American sports teams,normal,auto_validated,unique,0.286,Yankees | Cowboys | Bulls | Tigers
sports_teams__3,sports_teams,TEAM NAMES,Names of long standing American sports teams,normal,auto_validated,unique,0.292,Dodgers | Lakers | Red Sox | Cubs
theme_parks__1,theme_parks,THEME PARKS,Well known theme parks,normal,auto_validated,unique,0.307,Disney World | Six Flags | Universal Studios | Sea World
theme_parks__2,theme_parks,THEME PARKS,Well known theme parks,normal,auto_validated,unique,0.346,Disneyland | Cedar Point | Busch Gardens | Hershey Park
universities__1,universities,UNIVERSITIES,Well known universities,normal,auto_validated,unique,0.31,oxford | duke | Cambridge | Columbia
universities__2,universities,UNIVERSITIES,Well known universities,normal,auto_validated,unique,0.327,Berkeley | Harvard | Yale | Stanford
universities__3,universities,UNIVERSITIES,Well known universities,normal,auto_validated,unique,0.338,Princeton | MIT | Cornell | Georgetown
world_heritage__1,world_heritage,ANCIENT SITES,Famous ancient sites people visit,normal,auto_validated,unique,0.362,Great Wall | Petra | Easter Island | Valley of the Kings
world_heritage__2,world_heritage,ANCIENT SITES,Famous ancient sites people visit,normal,auto_validated,unique,0.414,Stonehenge | Acropolis | Pompeii | Ephesus
zoos_and_aquariums__1,zoos_and_aquariums,FAMOUS ZOOS,Well known zoos and aquariums,normal,auto_validated,unique,0.408,London Zoo | National Zoo | Lincoln Park | Toronto Zoo
zoos_and_aquariums__2,zoos_and_aquariums,FAMOUS ZOOS,Well known zoos and aquariums,normal,auto_validated,unique,0.424,San Diego Zoo | Bronx Zoo | Berlin Zoo | Georgia Aquarium
alphabet_code__1,alphabet_code,RADIO ALPHABET,Code words used to spell letters over a radio,normal,auto_validated,unique,0.321,India | Hotel | Mike | November
alphabet_code__2,alphabet_code,RADIO ALPHABET,Code words used to spell letters over a radio,normal,auto_validated,unique,0.341,alpha | Charlie | Golf | Oscar
alphabet_code__3,alphabet_code,RADIO ALPHABET,Code words used to spell letters over a radio,normal,auto_validated,unique,0.352,delta | Echo | Sierra | Victor
greeting_card__1,greeting_card,GREETING CARD,"What is printed on, drawn on or sent with a greeting card",normal,auto_validated,unique,,stamp | envelope | greetings | holidays
greetings_and_farewells__1,greetings_and_farewells,GREETINGS,Words and phrases used to greet or say goodbye,normal,auto_validated,unique,0.17,hi | morning | later | so long
greetings_and_farewells__2,greetings_and_farewells,GREETINGS,Words and phrases used to greet or say goodbye,normal,auto_validated,unique,0.177,hello | bye | welcome | evening
greetings_and_farewells__3,greetings_and_farewells,GREETINGS,Words and phrases used to greet or say goodbye,normal,auto_validated,unique,0.207,cheers | goodbye | farewell | salute
languages__1,languages,LANGUAGES,Languages spoken around the world,normal,auto_validated,unique,0.17,English | French | German | Chinese
languages__2,languages,LANGUAGES,Languages spoken around the world,normal,auto_validated,unique,0.177,spanish | Japanese | Russian | Latin
parts_of_speech__1,parts_of_speech,PARTS OF SPEECH,Grammatical categories of English words,normal,auto_validated,unique,0.285,article | noun | verb | conjunction
parts_of_speech__2,parts_of_speech,PARTS OF SPEECH,Grammatical categories of English words,normal,auto_validated,unique,0.33,adjective | pronoun | preposition | participle
parts_of_speech__3,parts_of_speech,PARTS OF SPEECH,Grammatical categories of English words,normal,auto_validated,unique,0.359,adverb | interjection | gerund | determiner
polite_words__1,polite_words,POLITE WORDS,Words used to be polite in English,normal,auto_validated,unique,0.204,please | sorry | sir | may
polite_words__2,polite_words,POLITE WORDS,Words used to be polite in English,normal,auto_validated,unique,0.209,excuse me | welcome | thanks | appreciate
polite_words__3,polite_words,POLITE WORDS,Words used to be polite in English,normal,auto_validated,unique,0.245,apologize | pardon | kindly | madam
punctuation__1,punctuation,PUNCTUATION MARKS,Marks used to punctuate written English,normal,auto_validated,unique,0.23,dash | bracket | period | question mark
punctuation__2,punctuation,PUNCTUATION MARKS,Marks used to punctuate written English,normal,auto_validated,unique,0.267,colon | comma | quotation mark | slash
punctuation__3,punctuation,PUNCTUATION MARKS,Marks used to punctuate written English,normal,auto_validated,unique,0.292,hyphen | exclamation point | apostrophe | asterisk
question_words__1,question_words,QUESTION WORDS,Words that begin a question in English,normal,auto_validated,unique,0.195,what | when | where | how
question_words__2,question_words,QUESTION WORDS,Words that begin a question in English,normal,auto_validated,unique,0.195,who | which | whose | whether
word_fast__1,word_fast,FAST WORDS,English words that mean moving quickly,normal,auto_validated,unique,0.267,fast | quick | rapid | express
word_fast__2,word_fast,FAST WORDS,English words that mean moving quickly,normal,auto_validated,unique,0.296,swift | speedy | fleet | prompt
word_fast__3,word_fast,FAST WORDS,English words that mean moving quickly,normal,auto_validated,unique,0.33,brisk | hasty | nimble | hurried
word_size__1,word_size,BIG WORDS,English words that mean large in size,normal,auto_validated,unique,0.261,big | grand | huge | massive
word_size__2,word_size,BIG WORDS,English words that mean large in size,normal,auto_validated,unique,0.283,giant | enormous | vast | immense
word_size__3,word_size,BIG WORDS,English words that mean large in size,normal,auto_validated,unique,0.319,mammoth | gigantic | jumbo | colossal
word_small__1,word_small,SMALL WORDS,English words that mean small in size,normal,auto_validated,unique,0.262,minute | small | tiny | little
word_small__2,word_small,SMALL WORDS,English words that mean small in size,normal,auto_validated,unique,0.283,pocket | mini | slight | micro
word_small__3,word_small,SMALL WORDS,English words that mean small in size,normal,auto_validated,unique,0.302,dwarf | miniature | compact | wee
words_after_air__1,words_after_air,AIR ___,Words that form a familiar English compound when placed after the word air,normal,auto_validated,unique,0.32,plane | brush | craft | space
words_after_back__1,words_after_back,BACK ___,Words that form a familiar English compound when placed after the word back,normal,auto_validated,unique,0.345,board | fire | drop | door
words_after_back__2,words_after_back,BACK ___,Words that form a familiar English compound when placed after the word back,normal,auto_validated,unique,0.345,hand | stage | ground | track
words_after_back__3,words_after_back,BACK ___,Words that form a familiar English compound when placed after the word back,normal,auto_validated,unique,0.356,yard | pack | up | log
words_after_book__1,words_after_book,WORDS AFTER BOOK,Words that form a familiar English compound when placed after the word book,normal,auto_validated,unique,0.345,case | review | mark | report
words_after_book__2,words_after_book,WORDS AFTER BOOK,Words that form a familiar English compound when placed after the word book,normal,auto_validated,unique,0.363,bag | store | keeper | binding
words_after_fire__1,words_after_fire,FIRE ___,Words that form a familiar English compound when placed after the word fire,normal,auto_validated,unique,0.345,break | place | house | man
words_after_fire__2,words_after_fire,FIRE ___,Words that form a familiar English compound when placed after the word fire,normal,auto_validated,unique,0.35,fly | wood | escape | side
words_after_fire__3,words_after_fire,FIRE ___,Words that form a familiar English compound when placed after the word fire,normal,auto_validated,unique,0.369,drill | truck | alarm | pit
words_after_foot__1,words_after_foot,FOOT ___,Words that form a familiar English compound when placed after the word foot,normal,auto_validated,unique,0.345,note | ball | step | wear
words_after_foot__2,words_after_foot,FOOT ___,Words that form a familiar English compound when placed after the word foot,normal,auto_validated,unique,0.349,bridge | hill | path | work
words_after_hand__1,words_after_hand,HAND ___,Words that form a familiar English compound when placed after the word hand,normal,auto_validated,unique,0.345,stand | book | made | held
words_after_hand__2,words_after_hand,HAND ___,Words that form a familiar English compound when placed after the word hand,normal,auto_validated,unique,0.356,shake | bag | writing | print
words_after_head__1,words_after_head,HEAD ___,Words that form a familiar English compound when placed after the word head,normal,auto_validated,unique,0.351,band | stone | count | gear
words_after_horse__1,words_after_horse,HORSE ___,Words that form a familiar English compound when placed after the word horse,normal,auto_validated,unique,0.355,trailer | race | man | drawn
words_after_rain__1,words_after_rain,RAIN ___,Words that form a familiar English compound when placed after the word rain,normal,auto_validated,unique,0.307,water | drop | storm | fall
words_after_rain__2,words_after_rain,RAIN ___,Words that form a familiar English compound when placed after the word rain,normal,auto_validated,unique,0.329,coat | barrel | maker | cloud
words_after_snow__1,words_after_snow,SNOW ___,Words that form a familiar English compound when placed after the word snow,normal,auto_validated,unique,0.307,board | ball | man | storm
words_after_snow__2,words_after_snow,SNOW ___,Words that form a familiar English compound when placed after the word snow,normal,auto_validated,unique,0.34,cone | blind | tire | drift
words_after_sun__1,words_after_sun,SUN ___,Words that form a familiar English compound when placed after the word sun,normal,auto_validated,unique,0.305,set | light | day | room
words_after_sun__2,words_after_sun,SUN ___,Words that form a familiar English compound when placed after the word sun,normal,auto_validated,unique,0.308,screen | dress | spot | rise
words_after_sun__3,words_after_sun,SUN ___,Words that form a familiar English compound when placed after the word sun,normal,auto_validated,unique,0.323,burn | glasses | roof | flower
words_after_water__1,words_after_water,WATER ___,Words that form a familiar English compound when placed after the word water,normal,auto_validated,unique,0.345,park | color | fall | way
words_after_water__2,words_after_water,WATER ___,Words that form a familiar English compound when placed after the word water,normal,auto_validated,unique,0.373,shed | mill | works | melon
words_before_bag__1,words_before_bag,___ BAG,Words that form a familiar English compound when placed before the word bag,normal,auto_validated,unique,0.31,hand | tea | sleeping | body
words_before_ball__1,words_before_ball,___ BALL,Words that form a familiar English compound when placed before the word ball,normal,auto_validated,unique,0.305,hair | eye | high | base
words_before_ball__2,words_before_ball,___ BALL,Words that form a familiar English compound when placed before the word ball,normal,auto_validated,unique,0.319,pin | foot | soft | odd
words_before_berry__1,words_before_berry,___ BERRY,Words that form a familiar berry name when placed before the word berry,normal,auto_validated,unique,0.305,bar | straw | black | blue
words_before_bird__1,words_before_bird,___ BIRD,Words that form a familiar English compound when placed before the word bird,normal,auto_validated,unique,0.305,black | ground | blue | early
words_before_bird__2,words_before_bird,___ BIRD,Words that form a familiar English compound when placed before the word bird,normal,auto_validated,unique,0.325,snow | sea | song | humming
words_before_board__1,words_before_board,___ BOARD,Words that form a familiar English compound when placed before the word board,normal,auto_validated,unique,0.345,head | bill | card | black
words_before_board__2,words_before_board,___ BOARD,Words that form a familiar English compound when placed before the word board,normal,auto_validated,unique,0.345,spring | star | white | sea
words_before_board__3,words_before_board,___ BOARD,Words that form a familiar English compound when placed before the word board,normal,auto_validated,unique,0.358,score | clip | snow | switch
words_before_book__1,words_before_book,___ BOOK,Words that form a familiar English compound when placed before the word book,normal,auto_validated,unique,0.345,hand | check | match | face
words_before_book__2,words_before_book,___ BOOK,Words that form a familiar English compound when placed before the word book,normal,auto_validated,unique,0.345,note | story | play | phone
words_before_book__3,words_before_book,___ BOOK,Words that form a familiar English compound when placed before the word book,normal,auto_validated,unique,0.349,cook | guide | text | work
words_before_box__1,words_before_box,___ BOX,Words that form a familiar English compound when placed before the word box,normal,auto_validated,unique,0.31,jack | ice | mail | lunch
words_before_box__2,words_before_box,___ BOX,Words that form a familiar English compound when placed before the word box,normal,auto_validated,unique,0.326,boom | tool | shoe | gear
words_before_box__3,words_before_box,___ BOX,Words that form a familiar English compound when placed before the word box,normal,auto_validated,unique,0.353,chatter | litter | glove | ballot
words_before_cake__1,words_before_cake,___ CAKE,Words that form a familiar English compound when placed before the word cake,normal,auto_validated,unique,0.306,hot | coffee | wedding | cup
words_before_cake__2,words_before_cake,___ CAKE,Words that form a familiar English compound when placed before the word cake,normal,auto_validated,unique,0.317,cheese | rice | tea | fruit
words_before_cake__3,words_before_cake,___ CAKE,Words that form a familiar English compound when placed before the word cake,normal,auto_validated,unique,0.329,pound | sheet | corn | pan
words_before_fish__1,words_before_fish,___ FISH,Words that form a familiar English compound when placed before the word fish,normal,auto_validated,unique,0.345,star | dog | sun | gold
words_before_fish__2,words_before_fish,___ FISH,Words that form a familiar English compound when placed before the word fish,normal,auto_validated,unique,0.356,blow | cat | shell | silver
words_before_ground__1,words_before_ground,___ GROUND,Words that form a familiar English compound when placed before the word ground,normal,auto_validated,unique,0.351,play | back | fair | common
words_before_house__1,words_before_house,___ HOUSE,Words that form a familiar English compound when placed before the word house,normal,auto_validated,unique,0.345,club | court | green | dog
words_before_house__2,words_before_house,___ HOUSE,Words that form a familiar English compound when placed before the word house,normal,auto_validated,unique,0.345,out | tree | town | safe
words_before_house__3,words_before_house,___ HOUSE,Words that form a familiar English compound when placed before the word house,normal,auto_validated,unique,0.361,farm | doll | guest | bird
words_before_light__1,words_before_light,___ LIGHT,Words that form a familiar English compound when placed before the word light,normal,auto_validated,unique,0.305,star | fire | back | day
words_before_light__2,words_before_light,___ LIGHT,Words that form a familiar English compound when placed before the word light,normal,auto_validated,unique,0.305,night | high | search | gas
words_before_light__3,words_before_light,___ LIGHT,Words that form a familiar English compound when placed before the word light,normal,auto_validated,unique,0.305,sun | side | spot | stop
words_before_line__1,words_before_line,___ LINE,Words that form a familiar English compound when placed before the word line,normal,auto_validated,unique,0.345,hair | front | air | dead
words_before_line__2,words_before_line,___ LINE,Words that form a familiar English compound when placed before the word line,normal,auto_validated,unique,0.345,head | hot | Life | out
words_before_line__3,words_before_line,___ LINE,Words that form a familiar English compound when placed before the word line,normal,auto_validated,unique,0.347,guide | side | coast | time
words_before_man__1,words_before_man,___ MAN,Words that form a familiar English compound when placed before the word man,normal,auto_validated,unique,0.305,fire | ice | police | business
words_before_man__2,words_before_man,___ MAN,Words that form a familiar English compound when placed before the word man,normal,auto_validated,unique,0.305,super | work | sales | sports
words_before_man__3,words_before_man,___ MAN,Words that form a familiar English compound when placed before the word man,normal,auto_validated,unique,0.312,snow | milk | mail | weather
words_before_master__1,words_before_master,___ MASTER,Words that form a familiar English compound when placed before the word master,normal,auto_validated,unique,0.387,quarter | band | pay | school
words_before_paper__1,words_before_paper,___ PAPER,Words that form a familiar English compound when placed before the word paper,normal,auto_validated,unique,0.345,note | term | construction | news
words_before_paper__2,words_before_paper,___ PAPER,Words that form a familiar English compound when placed before the word paper,normal,auto_validated,unique,0.366,tissue | graph | wall | toilet
words_before_proof__1,words_before_proof,___ PROOF,Words that form a familiar English compound when placed before the word proof,normal,auto_validated,unique,0.348,water | fire | weather | leak
words_before_room__1,words_before_room,___ ROOM,Words that form a familiar English phrase when placed before the word room,normal,auto_validated,unique,0.305,board | ball | bed | class
words_before_room__2,words_before_room,___ ROOM,Words that form a familiar English phrase when placed before the word room,normal,auto_validated,unique,0.305,court | rest | dark | living
words_before_room__3,words_before_room,___ ROOM,Words that form a familiar English phrase when placed before the word room,normal,auto_validated,unique,0.313,guest | sun | bath | wait
words_before_sauce__1,words_before_sauce,___ SAUCE,Words that form a familiar English expression when placed before the word sauce,normal,auto_validated,unique,0.332,apple | white | hot | fish
words_before_sauce__2,words_before_sauce,___ SAUCE,Words that form a familiar English expression when placed before the word sauce,normal,auto_validated,unique,0.358,cheese | tomato | steak | pizza
words_before_sauce__3,words_before_sauce,___ SAUCE,Words that form a familiar English expression when placed before the word sauce,normal,auto_validated,unique,0.38,chili | taco | barbecue | soy
words_before_side__1,words_before_side,___ SIDE,Words that form a familiar English compound when placed before the word side,normal,auto_validated,unique,0.345,down | bed | in | dark
words_before_side__2,words_before_side,___ SIDE,Words that form a familiar English compound when placed before the word side,normal,auto_validated,unique,0.345,out | road | sea | river
words_before_side__3,words_before_side,___ SIDE,Words that form a familiar English compound when placed before the word side,normal,auto_validated,unique,0.346,top | up | hill | way
words_before_stone__1,words_before_stone,___ STONE,Words that form a familiar English compound when placed before the word stone,normal,auto_validated,unique,0.398,grave | birth | corner | rolling
words_before_time__1,words_before_time,___ TIME,Words that form a familiar English phrase when placed before the word time,normal,auto_validated,unique,0.305,bed | half | day | full
words_before_time__2,words_before_time,___ TIME,Words that form a familiar English phrase when placed before the word time,normal,auto_validated,unique,0.305,part | play | Life | night
words_before_time__3,words_before_time,___ TIME,Words that form a familiar English phrase when placed before the word time,normal,auto_validated,unique,0.305,spring | story | some | show
words_before_work__1,words_before_work,___ WORK,Words that form a familiar English compound when placed before the word work,normal,auto_validated,unique,0.345,fire | art | home | ground
words_before_work__2,words_before_work,___ WORK,Words that form a familiar English compound when placed before the word work,normal,auto_validated,unique,0.346,metal | paper | house | team
words_before_work__3,words_before_work,___ WORK,Words that form a familiar English compound when placed before the word work,normal,auto_validated,unique,0.361,frame | wood | clock | brick
writing_words__1,writing_words,WRITING WORDS,Words for the parts and marks of written text,normal,auto_validated,unique,0.21,letter | page | title | period
writing_words__2,writing_words,WRITING WORDS,Words for the parts and marks of written text,normal,auto_validated,unique,0.215,capital | draft | chapter | word
writing_words__3,writing_words,WRITING WORDS,Words for the parts and marks of written text,normal,auto_validated,unique,0.227,sentence | index | column | heading
courtroom__1,courtroom,COURTROOM,"What is heard, handed down or worn in a courtroom",normal,auto_validated,unique,0.425,testimony | objection | plaintiff | subpoena
courtroom__2,courtroom,COURTROOM,"What is heard, handed down or worn in a courtroom",normal,auto_validated,unique,,verdict | jury | gavel | crimes
courtroom_things__1,courtroom_things,COURTROOM THINGS,Things and people found in a courtroom,normal,auto_validated,unique,0.212,stand | judge | lawyer | evidence
courtroom_things__2,courtroom_things,COURTROOM THINGS,Things and people found in a courtroom,normal,auto_validated,unique,0.227,sentence | bench | witness | jury
courtroom_things__3,courtroom_things,COURTROOM THINGS,Things and people found in a courtroom,normal,auto_validated,unique,0.243,exhibit | verdict | testimony | defendant
crimes__1,crimes,CRIMES,Acts that are against the law,normal,auto_validated,unique,0.241,theft | fraud | kidnapping | speeding
crimes__2,crimes,CRIMES,Acts that are against the law,normal,auto_validated,unique,0.263,burglary | arson | smuggling | blackmail
crimes__3,crimes,CRIMES,Acts that are against the law,normal,auto_validated,unique,0.269,forgery | vandalism | bribery | perjury
detective_words__1,detective_words,DETECTIVE WORDS,Words used in a criminal investigation,normal,auto_validated,unique,0.258,case | witness | evidence | suspect
detective_words__2,detective_words,DETECTIVE WORDS,Words used in a criminal investigation,normal,auto_validated,unique,0.282,clue | warrant | motive | lineup
detective_words__3,detective_words,DETECTIVE WORDS,Words used in a criminal investigation,normal,auto_validated,unique,0.305,fingerprint | autopsy | interrogation | footprint
detective_work__1,detective_work,DETECTIVE WORK,Something a detective works with while solving a case,normal,auto_validated,unique,0.356,witness | evidence | disguise | suspect
election_day__1,election_day,ELECTION DAY,A term belonging to a political election,normal,auto_validated,unique,0.469,candidate | polls | incumbent | manifesto
emergency_services__1,emergency_services,EMERGENCY SERVICES,Public services that respond to emergencies,normal,auto_validated,unique,0.172,hospital | police | fire department | animal control
emergency_services__2,emergency_services,EMERGENCY SERVICES,Public services that respond to emergencies,normal,auto_validated,unique,0.195,ambulance | coast guard | rescue squad | search and rescue
emergency_services__3,emergency_services,EMERGENCY SERVICES,Public services that respond to emergencies,normal,auto_validated,unique,0.222,Ranger | dispatch | hazmat | poison control
government_branches__1,government_branches,GOVERNMENT WORDS,Words for the parts and workings of government,normal,auto_validated,unique,0.25,bill | campaign | congress | committee
government_branches__2,government_branches,GOVERNMENT WORDS,Words for the parts and workings of government,normal,auto_validated,unique,0.25,house | law | election | majority
government_branches__3,government_branches,GOVERNMENT WORDS,Words for the parts and workings of government,normal,auto_validated,unique,0.252,term | budget | senate | vote
legal_documents__1,legal_documents,LEGAL DOCUMENTS,Documents used in legal matters,normal,auto_validated,unique,0.254,contract | license | title | will
legal_documents__2,legal_documents,LEGAL DOCUMENTS,Documents used in legal matters,normal,auto_validated,unique,0.276,certificate | warrant | permit | petition
legal_documents__3,legal_documents,LEGAL DOCUMENTS,Documents used in legal matters,normal,auto_validated,unique,0.285,deed | lease | patent | testament
military_branches__1,military_branches,MILITARY BRANCHES,Branches of the armed forces,normal,auto_validated,unique,0.206,army | air force | national guard | space force
military_branches__2,military_branches,MILITARY BRANCHES,Branches of the armed forces,normal,auto_validated,unique,0.228,coast guard | navy | reserves | artillery
military_branches__3,military_branches,MILITARY BRANCHES,Branches of the armed forces,normal,auto_validated,unique,0.245,marines | infantry | cavalry | militia
military_things__1,military_things,MILITARY EQUIPMENT,Equipment used by the armed forces,normal,auto_validated,unique,0.224,tank | boots | radio | medal
military_things__2,military_things,MILITARY EQUIPMENT,Equipment used by the armed forces,normal,auto_validated,unique,0.235,uniform | rifle | jet | dog tag
military_things__3,military_things,MILITARY EQUIPMENT,Equipment used by the armed forces,normal,auto_validated,unique,0.254,helmet | backpack | compass | submarine
military_words__1,military_words,MILITARY WORDS,Words used in military life,normal,auto_validated,unique,0.25,march | base | mission | leave
military_words__2,military_words,MILITARY WORDS,Words used in military life,normal,auto_validated,unique,0.264,squad | rank | formation | roll call
military_words__3,military_words,MILITARY WORDS,Words used in military life,normal,auto_validated,unique,0.286,drill | patrol | deploy | boot camp
police_things__1,police_things,POLICE THINGS,Equipment and things used by police,normal,auto_validated,unique,0.185,ticket | uniform | radio | warrant
police_things__2,police_things,POLICE THINGS,Equipment and things used by police,normal,auto_validated,unique,0.209,whistle | badge | dispatch | patrol
police_things__3,police_things,POLICE THINGS,Equipment and things used by police,normal,auto_validated,unique,0.224,vest | flashlight | cruiser | baton
prison_words__1,prison_words,PRISON WORDS,Things and words associated with prison,normal,auto_validated,unique,0.255,guard | sentence | cell | release
prison_words__2,prison_words,PRISON WORDS,Things and words associated with prison,normal,auto_validated,unique,0.275,uniform | bars | bail | mess hall
prison_words__3,prison_words,PRISON WORDS,Things and words associated with prison,normal,auto_validated,unique,0.302,warden | inmate | parole | lockdown
punishments__1,punishments,PENALTIES,Penalties handed down for breaking rules,normal,auto_validated,unique,0.296,ticket | fine | jail | community service
punishments__2,punishments,PENALTIES,Penalties handed down for breaking rules,normal,auto_validated,unique,0.308,warning | suspension | penalty | ban
punishments__3,punishments,PENALTIES,Penalties handed down for breaking rules,normal,auto_validated,unique,0.342,detention | probation | expulsion | curfew
rights_and_freedoms__1,rights_and_freedoms,RIGHTS,Legal rights and freedoms people have,normal,auto_validated,unique,0.291,vote | speech | trial | due process
rights_and_freedoms__2,rights_and_freedoms,RIGHTS,Legal rights and freedoms people have,normal,auto_validated,unique,0.301,assembly | appeal | religion | bear arms
rights_and_freedoms__3,rights_and_freedoms,RIGHTS,Legal rights and freedoms people have,normal,auto_validated,unique,0.313,petition | privacy | equality | protest
safety_signs__1,safety_signs,SAFETY WORDS,Words seen on warning and safety signs,normal,auto_validated,unique,0.245,stop | no entry | keep out | emergency
safety_signs__2,safety_signs,SAFETY WORDS,Words seen on warning and safety signs,normal,auto_validated,unique,0.261,warning | danger | exit | restricted
safety_signs__3,safety_signs,SAFETY WORDS,Words seen on warning and safety signs,normal,auto_validated,unique,0.275,yield | poison | high voltage | hazard
spy_words__1,spy_words,SPY WORDS,Things associated with spies and espionage,normal,auto_validated,unique,0.291,agent | mission | code | safe house
spy_words__2,spy_words,SPY WORDS,Things associated with spies and espionage,normal,auto_validated,unique,0.323,tail | disguise | surveillance | bug
spy_words__3,spy_words,SPY WORDS,Things associated with spies and espionage,normal,auto_validated,unique,0.35,mole | dossier | informant | alias
bible_books__1,bible_books,BIBLE BOOKS,Books of the Bible,normal,auto_validated,unique,0.333,mark | Numbers | John | Acts
bible_books__2,bible_books,BIBLE BOOKS,Books of the Bible,normal,auto_validated,unique,0.347,Judges | Kings | Daniel | Luke
bible_books__3,bible_books,BIBLE BOOKS,Books of the Bible,normal,auto_validated,unique,0.364,Joshua | Ruth | Matthew | Revelation
body_of_water_types__1,body_of_water_types,WATER FEATURES,Kinds of water feature made by people,normal,auto_validated,unique,0.312,canal | well | bird bath | pool
body_of_water_types__2,body_of_water_types,WATER FEATURES,Kinds of water feature made by people,normal,auto_validated,unique,0.331,drain | dam | pond | fountain
body_of_water_types__3,body_of_water_types,WATER FEATURES,Kinds of water feature made by people,normal,auto_validated,unique,0.361,sprinkler | reservoir | moat | waterway
dog_breeds_more__1,dog_breeds_more,MORE BREEDS,Dog breeds beyond the most common ones,normal,auto_validated,unique,0.356,chow chow | newfoundland | pointer | setter
dog_breeds_more__2,dog_breeds_more,MORE BREEDS,Dog breeds beyond the most common ones,normal,auto_validated,unique,0.382,dalmatian | bloodhound | pomeranian | shih tzu
dog_breeds_more__3,dog_breeds_more,MORE BREEDS,Dog breeds beyond the most common ones,normal,auto_validated,unique,0.393,akita | papillon | schnauzer | whippet
elements_more__1,elements_more,MORE ELEMENTS,Chemical elements beyond the most familiar ones,normal,auto_validated,unique,0.373,silver | aluminum | silicon | platinum
elements_more__2,elements_more,MORE ELEMENTS,Chemical elements beyond the most familiar ones,normal,auto_validated,unique,0.399,cobalt | nickel | lithium | titanium
elements_more__3,elements_more,MORE ELEMENTS,Chemical elements beyond the most familiar ones,normal,auto_validated,unique,0.413,phosphorus | arsenic | iodine | plutonium
flowers_more__1,flowers_more,MORE FLOWERS,Flowers beyond the most common garden ones,normal,auto_validated,unique,0.376,aster | pansy | snapdragon | sweet pea
flowers_more__2,flowers_more,MORE FLOWERS,Flowers beyond the most common garden ones,normal,auto_validated,unique,0.39,anemone | chrysanthemum | narcissus | wisteria
gem_cuts__1,gem_cuts,GEM CUTS,Words used to describe cut and set gemstones,normal,auto_validated,unique,0.354,setting | cut | brilliant | princess cut
gem_cuts__2,gem_cuts,GEM CUTS,Words used to describe cut and set gemstones,normal,auto_validated,unique,0.392,polish | facet | emerald cut | clarity
trees_more__1,trees_more,MORE TREES,Trees beyond the most common ones,normal,auto_validated,unique,0.356,olive | mulberry | hawthorn | linden
trees_more__2,trees_more,MORE TREES,Trees beyond the most common ones,normal,auto_validated,unique,0.374,locust | alder | eucalyptus | sycamore
trees_more__3,trees_more,MORE TREES,Trees beyond the most common ones,normal,auto_validated,unique,0.383,banyan | cottonwood | hemlock | sequoia
us_states_more__1,us_states_more,MORE STATES,States of the United States not in the shorter list,normal,auto_validated,unique,0.205,Illinois | Washington | New Mexico | West Virginia
us_states_more__2,us_states_more,MORE STATES,States of the United States not in the shorter list,normal,auto_validated,unique,0.217,Kansas | Pennsylvania | Wisconsin | Massachusetts
us_states_more__3,us_states_more,MORE STATES,States of the United States not in the shorter list,normal,auto_validated,unique,0.22,Oregon | Minnesota | Kentucky | Maryland
vitamins_letters__1,vitamins_letters,ALPHABET AND SYMBOLS,Symbols and marks used in writing and math,normal,auto_validated,unique,0.245,plus | percent | dollar sign | at sign
vitamins_letters__2,vitamins_letters,ALPHABET AND SYMBOLS,Symbols and marks used in writing and math,normal,auto_validated,unique,0.277,arrow | bullet | minus | equals
vitamins_letters__3,vitamins_letters,ALPHABET AND SYMBOLS,Symbols and marks used in writing and math,normal,auto_validated,unique,0.328,asterisk | ampersand | hashtag | tilde
weather_instruments__1,weather_instruments,WEATHER INSTRUMENTS,Instruments used to measure the weather,normal,auto_validated,unique,0.372,radar | rain gauge | satellite | weather balloon
building_materials__1,building_materials,BUILDING MATERIALS,Materials used to construct buildings,normal,auto_validated,unique,0.175,wood | stone | glass | steel
building_materials__2,building_materials,BUILDING MATERIALS,Materials used to construct buildings,normal,auto_validated,unique,0.2,concrete | brick | aluminum | vinyl
building_materials__3,building_materials,BUILDING MATERIALS,Materials used to construct buildings,normal,auto_validated,unique,0.211,marble | granite | cement | slate
everyday_materials__1,everyday_materials,EVERYDAY MATERIALS,A material everyday objects are made of,normal,auto_validated,unique,0.2,metal | glass | paper | plastic
fabric_types__1,fabric_types,FABRIC TYPES,Kinds of cloth used to make things,normal,auto_validated,unique,0.231,cotton | felt | jersey | terry
insulating_materials__1,insulating_materials,INSULATING MATERIALS,Materials used to keep heat or sound in or out,normal,auto_validated,unique,0.355,cotton | plastic | felt | air
insulating_materials__2,insulating_materials,INSULATING MATERIALS,Materials used to keep heat or sound in or out,normal,auto_validated,unique,0.386,wool | cork | foam | rubber
liquids__1,liquids,LIQUIDS,Common liquids found around a home,normal,auto_validated,unique,0.172,oil | water | coffee | tea
liquids__2,liquids,LIQUIDS,Common liquids found around a home,normal,auto_validated,unique,0.185,paint | alcohol | milk | juice
liquids__3,liquids,LIQUIDS,Common liquids found around a home,normal,auto_validated,unique,0.201,polish | soda | soap | ink
minerals__1,minerals,MINERALS,Minerals found in the earth,normal,auto_validated,unique,0.358,quartz | mica | graphite | sulfur
minerals__2,minerals,MINERALS,Minerals found in the earth,normal,auto_validated,unique,0.387,calcite | gypsum | pyrite | magnetite
minerals__3,minerals,MINERALS,Minerals found in the earth,normal,auto_validated,unique,0.395,feldspar | talc | hematite | gemstones
powders__1,powders,POWDERS,Common substances that come as a powder,normal,auto_validated,unique,0.305,dust | sand | sugar | salt
powders__2,powders,POWDERS,Common substances that come as a powder,normal,auto_validated,unique,0.327,flour | spice | cement | protein powder
powders__3,powders,POWDERS,Common substances that come as a powder,normal,auto_validated,unique,0.34,chalk | cinnamon | cocoa | baking soda
precious_materials__1,precious_materials,PRECIOUS MATERIALS,Rare and valuable materials,normal,auto_validated,unique,0.264,diamond | pearl | gold | silver
precious_materials__2,precious_materials,PRECIOUS MATERIALS,Rare and valuable materials,normal,auto_validated,unique,0.286,amber | silk | ruby | platinum
precious_materials__3,precious_materials,PRECIOUS MATERIALS,Rare and valuable materials,normal,auto_validated,unique,0.295,marble | ivory | jade | emerald
recycled_materials__1,recycled_materials,RECYCLABLE MATERIALS,Materials that can be recycled,normal,auto_validated,unique,0.256,glass | paper | newspaper | steel
recycled_materials__2,recycled_materials,RECYCLABLE MATERIALS,Materials that can be recycled,normal,auto_validated,unique,0.272,plastic | battery | electronics | rubber
recycled_materials__3,recycled_materials,RECYCLABLE MATERIALS,Materials that can be recycled,normal,auto_validated,unique,0.289,tin | cardboard | aluminum | cloth
things_made_of_glass__1,things_made_of_glass,GLASS THINGS,Everyday things normally made of glass,normal,auto_validated,unique,0.232,mirror | lens | bottle | window
things_made_of_glass__2,things_made_of_glass,GLASS THINGS,Everyday things normally made of glass,normal,auto_validated,unique,0.26,marble | greenhouse | jar | bulb
things_made_of_glass__3,things_made_of_glass,GLASS THINGS,Everyday things normally made of glass,normal,auto_validated,unique,0.275,vase | ornament | aquarium | prism
things_made_of_leather__1,things_made_of_leather,LEATHER THINGS,Everyday things normally made of leather,normal,auto_validated,unique,0.268,ball | jacket | belt | shoe
things_made_of_leather__2,things_made_of_leather,LEATHER THINGS,Everyday things normally made of leather,normal,auto_validated,unique,0.282,boot | wallet | purse | couch
things_made_of_leather__3,things_made_of_leather,LEATHER THINGS,Everyday things normally made of leather,normal,auto_validated,unique,0.304,saddle | glove | strap | briefcase
things_made_of_metal__1,things_made_of_metal,METAL THINGS,Everyday things normally made of metal,normal,auto_validated,unique,0.218,key | chain | can | safe
things_made_of_metal__2,things_made_of_metal,METAL THINGS,Everyday things normally made of metal,normal,auto_validated,unique,0.236,pipe | wire | bell | sword
things_made_of_metal__3,things_made_of_metal,METAL THINGS,Everyday things normally made of metal,normal,auto_validated,unique,0.248,nail | coin | ladder | anchor
things_made_of_paper__1,things_made_of_paper,PAPER THINGS,Everyday things normally made of paper,normal,auto_validated,unique,0.219,card | bag | map | book
things_made_of_paper__2,things_made_of_paper,PAPER THINGS,Everyday things normally made of paper,normal,auto_validated,unique,0.234,ticket | tissue | calendar | newspaper
things_made_of_paper__3,things_made_of_paper,PAPER THINGS,Everyday things normally made of paper,normal,auto_validated,unique,0.256,receipt | envelope | poster | wallpaper
things_made_of_plastic__1,things_made_of_plastic,PLASTIC THINGS,Everyday things normally made of plastic,normal,auto_validated,unique,0.257,chair | bag | cup | bottle
things_made_of_plastic__2,things_made_of_plastic,PLASTIC THINGS,Everyday things normally made of plastic,normal,auto_validated,unique,0.28,pipe | bucket | toy | container
things_made_of_plastic__3,things_made_of_plastic,PLASTIC THINGS,Everyday things normally made of plastic,normal,auto_validated,unique,0.293,straw | helmet | ruler | comb
things_made_of_rubber__1,things_made_of_rubber,RUBBER THINGS,Everyday things normally made of rubber,normal,auto_validated,unique,0.271,seal | band | ball | tube
things_made_of_rubber__2,things_made_of_rubber,RUBBER THINGS,Everyday things normally made of rubber,normal,auto_validated,unique,0.29,boot | stamp | duck | tire
things_made_of_rubber__3,things_made_of_rubber,RUBBER THINGS,Everyday things normally made of rubber,normal,auto_validated,unique,0.306,glove | mat | hose | bumper
things_made_of_wood__1,things_made_of_wood,WOODEN THINGS,Everyday things normally made of wood,normal,auto_validated,unique,0.223,cabinet | chair | table | door
things_made_of_wood__2,things_made_of_wood,WOODEN THINGS,Everyday things normally made of wood,normal,auto_validated,unique,0.238,bat | guitar | deck | fence
things_made_of_wood__3,things_made_of_wood,WOODEN THINGS,Everyday things normally made of wood,normal,auto_validated,unique,0.249,shelf | drum | ladder | barrel
things_that_burn__1,things_that_burn,FUELS,Materials burned to produce heat or power,normal,auto_validated,unique,0.253,oil | wood | paper | natural gas
things_that_burn__2,things_that_burn,FUELS,Materials burned to produce heat or power,normal,auto_validated,unique,0.276,wax | alcohol | coal | diesel
things_that_burn__3,things_that_burn,FUELS,Materials burned to produce heat or power,normal,auto_validated,unique,0.305,charcoal | gasoline | ethanol | peat
awards__1,awards,AWARDS,Famous prizes and awards,normal,auto_validated,unique,0.265,Oscar | Tony | Golden Globe | Olympic medal
awards__2,awards,AWARDS,Famous prizes and awards,normal,auto_validated,unique,0.289,Grammy | Emmy | Nobel | Booker
awards__3,awards,AWARDS,Famous prizes and awards,normal,auto_validated,unique,0.305,Pulitzer | Heisman | Cannes | Peabody
book_genres__1,book_genres,BOOK GENRES,Categories used to classify books,normal,auto_validated,unique,0.21,history | western | self help | travel
book_genres__2,book_genres,BOOK GENRES,Categories used to classify books,normal,auto_validated,unique,0.228,horror | fantasy | mystery | poetry
book_genres__3,book_genres,BOOK GENRES,Categories used to classify books,normal,auto_validated,unique,0.239,thriller | romance | science fiction | humor
cartoon_characters__1,cartoon_characters,CARTOON CHARACTERS,Classic cartoon characters,normal,auto_validated,unique,0.193,tom | Mickey | Donald | Jerry
cartoon_characters__2,cartoon_characters,CARTOON CHARACTERS,Classic cartoon characters,normal,auto_validated,unique,0.222,woody | Goofy | Bugs Bunny | Garfield
cartoon_characters__3,cartoon_characters,CARTOON CHARACTERS,Classic cartoon characters,normal,auto_validated,unique,0.236,Scooby | Pluto | Sylvester | Yogi
classic_novels__1,classic_novels,CLASSIC NOVELS,Classic novels widely read in school,normal,auto_validated,unique,0.299,Treasure Island | Great Expectations | Little Women | Call of the Wild
classic_novels__2,classic_novels,CLASSIC NOVELS,Classic novels widely read in school,normal,auto_validated,unique,0.333,Dracula | Oliver Twist | Tom Sawyer | Of Mice and Men
classic_novels__3,classic_novels,CLASSIC NOVELS,Classic novels widely read in school,normal,auto_validated,unique,0.357,Frankenstein | Jane Eyre | Robinson Crusoe | Great Gatsby
comic_words__1,comic_words,COMIC BOOKS,Words used about comic books,normal,auto_validated,unique,0.297,artist | issue | series | cover
comic_words__2,comic_words,COMIC BOOKS,Words used about comic books,normal,auto_validated,unique,0.311,panel | hero | strip | origin
comic_words__3,comic_words,COMIC BOOKS,Words used about comic books,normal,auto_validated,unique,0.329,cape | speech bubble | villain | graphic novel
disney_characters__1,disney_characters,DISNEY CHARACTERS,Characters from Disney animated films,normal,auto_validated,unique,0.194,buzz | Peter Pan | Anna | Snow White
disney_characters__2,disney_characters,DISNEY CHARACTERS,Characters from Disney animated films,normal,auto_validated,unique,0.223,Cinderella | Ariel | Belle | Jasmine
disney_characters__3,disney_characters,DISNEY CHARACTERS,Characters from Disney animated films,normal,auto_validated,unique,0.24,Aladdin | Bambi | Elsa | Nemo
fairy_tales__1,fairy_tales,FAIRY TALES,Classic fairy tales children know,normal,auto_validated,unique,0.23,Snow White | Sleeping Beauty | Beauty and the Beast | Red Riding Hood
fairy_tales__2,fairy_tales,FAIRY TALES,Classic fairy tales children know,normal,auto_validated,unique,0.263,Cinderella | Pinocchio | Little Mermaid | Three Little Pigs
fairy_tales__3,fairy_tales,FAIRY TALES,Classic fairy tales children know,normal,auto_validated,unique,0.297,Rapunzel | Goldilocks | Jack and the Beanstalk | Ugly Duckling
famous_movies__1,famous_movies,FAMOUS MOVIES,Films most Americans have heard of,normal,auto_validated,unique,0.234,Star Wars | Rocky | Frozen | Alien
famous_movies__2,famous_movies,FAMOUS MOVIES,Films most Americans have heard of,normal,auto_validated,unique,0.259,avatar | Wizard of Oz | Psycho | Grease
famous_movies__3,famous_movies,FAMOUS MOVIES,Films most Americans have heard of,normal,auto_validated,unique,0.266,titanic | Jaws | Jurassic Park | Godfather
famous_musicians__1,famous_musicians,MUSIC LEGENDS,Musicians widely known across generations,normal,auto_validated,unique,0.27,cash | Beatles | Armstrong | Dylan
famous_musicians__2,famous_musicians,MUSIC LEGENDS,Musicians widely known across generations,normal,auto_validated,unique,0.297,Mozart | Beethoven | Bach | Elvis
famous_musicians__3,famous_musicians,MUSIC LEGENDS,Musicians widely known across generations,normal,auto_validated,unique,0.31,Sinatra | Presley | Hendrix | Ellington
game_shows__1,game_shows,GAME SHOWS,Things found on a television game show,normal,auto_validated,unique,0.291,round | board | host | question
game_shows__2,game_shows,GAME SHOWS,Things found on a television game show,normal,auto_validated,unique,0.302,wheel | prize | category | audience
game_shows__3,game_shows,GAME SHOWS,Things found on a television game show,normal,auto_validated,unique,0.33,spin | trophy | podium | jackpot
hero_hq__1,hero_hq,HERO HQ,A word belonging to comic book superheroes,normal,auto_validated,unique,0.494,sidekick | vigilante | nemesis | catchphrase
kinds_of_books__1,kinds_of_books,KINDS OF BOOKS,A kind of book classed by how it is written,normal,auto_validated,unique,0.294,essay | novel | biography | fable
magazines__1,magazines,MAGAZINE TYPES,Kinds of magazine sold at a newsstand,normal,auto_validated,unique,0.25,science | business | sports | news
magazines__2,magazines,MAGAZINE TYPES,Kinds of magazine sold at a newsstand,normal,auto_validated,unique,0.255,trade | travel | fashion | cooking
magazines__3,magazines,MAGAZINE TYPES,Kinds of magazine sold at a newsstand,normal,auto_validated,unique,0.281,gossip | comic | hobby | teen
movie_roles__1,movie_roles,FILM CREW,Jobs in the crew of a film production,normal,auto_validated,unique,0.255,director | actor | extra | editor
movie_roles__2,movie_roles,FILM CREW,Jobs in the crew of a film production,normal,auto_validated,unique,0.272,producer | makeup artist | sound engineer | set designer
movie_roles__3,movie_roles,FILM CREW,Jobs in the crew of a film production,normal,auto_validated,unique,0.289,composer | stunt double | costume designer | casting director
newspaper_parts__1,newspaper_parts,NEWSPAPER PARTS,Sections and parts of a newspaper,normal,auto_validated,unique,0.25,review | sports | front page | advice
newspaper_parts__2,newspaper_parts,NEWSPAPER PARTS,Sections and parts of a newspaper,normal,auto_validated,unique,0.266,column | weather | comics | letters
newspaper_parts__3,newspaper_parts,NEWSPAPER PARTS,Sections and parts of a newspaper,normal,auto_validated,unique,0.3,crossword | headline | editorial | obituary
newsroom__1,newsroom,NEWSROOM,A person or item of a working newsroom,normal,auto_validated,unique,0.444,reporter | columnist | byline | tabloid
nursery_rhymes__1,nursery_rhymes,NURSERY RHYMES,Nursery rhymes American children learn,normal,auto_validated,unique,0.278,London Bridge | Mary Had a Little Lamb | Three Blind Mice | Row Your Boat
nursery_rhymes__2,nursery_rhymes,NURSERY RHYMES,Nursery rhymes American children learn,normal,auto_validated,unique,0.311,Jack and Jill | Little Bo Peep | Old MacDonald | Twinkle Twinkle
radio_station__1,radio_station,RADIO STATION,A term belonging to radio broadcasting,normal,auto_validated,unique,0.494,broadcaster | static | transmitter | airwaves
radio_words__1,radio_words,RADIO WORDS,Things and roles in radio broadcasting,normal,auto_validated,unique,0.258,station | broadcast | call sign | studio
radio_words__2,radio_words,RADIO WORDS,Things and roles in radio broadcasting,normal,auto_validated,unique,0.281,DJ | dial | frequency | static
radio_words__3,radio_words,RADIO WORDS,Things and roles in radio broadcasting,normal,auto_validated,unique,0.305,jingle | antenna | transmitter | playlist
retro_music__1,retro_music,RETRO MUSIC,A way music was played or carried before streaming,normal,auto_validated,unique,0.469,vinyl | stereo | walkman | mixtape
shakespeare_plays__1,shakespeare_plays,SHAKESPEARE PLAYS,Plays written by Shakespeare,normal,auto_validated,unique,0.314,Hamlet | Merchant of Venice | As You Like It | Richard III
shakespeare_plays__2,shakespeare_plays,SHAKESPEARE PLAYS,Plays written by Shakespeare,normal,auto_validated,unique,0.345,Macbeth | Romeo and Juliet | Julius Caesar | Twelfth Night
shakespeare_plays__3,shakespeare_plays,SHAKESPEARE PLAYS,Plays written by Shakespeare,normal,auto_validated,unique,0.353,King Lear | Tempest | Midsummer Night | Much Ado
spy_mission__1,spy_mission,SPY MISSION,A trick or item used by a spy,normal,auto_validated,unique,0.45,dossier | alias | decoy | infiltrate
superheroes__1,superheroes,SUPERHEROES,Comic book superheroes most people can name,normal,auto_validated,unique,0.177,storm | Wonder Woman | Iron Man | Captain America
superheroes__2,superheroes,SUPERHEROES,Comic book superheroes most people can name,normal,auto_validated,unique,0.196,robin | flash | Batman | Black Widow
superheroes__3,superheroes,SUPERHEROES,Comic book superheroes most people can name,normal,auto_validated,unique,0.214,Superman | Hulk | Thor | Ant Man
the_heist__1,the_heist,THE HEIST,A word belonging to robbing a place in a film,normal,auto_validated,unique,0.45,loot | lookout | heist | getaway
tv_genres__1,tv_genres,TV GENRES,Kinds of television program,normal,auto_validated,unique,0.21,sports | news | game show | reality
tv_genres__2,tv_genres,TV GENRES,Kinds of television program,normal,auto_validated,unique,0.215,drama | talk show | crime show | variety show
tv_genres__3,tv_genres,TV GENRES,Kinds of television program,normal,auto_validated,unique,0.229,talent show | documentary | cooking show | mini series
at_the_dentist__1,at_the_dentist,AT THE DENTIST,"Something a dentist fits, treats or hands out",normal,auto_validated,unique,0.394,floss | braces | dentures | fluoride
at_the_hospital__1,at_the_hospital,AT THE HOSPITAL,Someone or something found in a hospital,normal,auto_validated,unique,0.281,bandage | hospital | patient | medicine
at_the_hospital__2,at_the_hospital,AT THE HOSPITAL,Someone or something found in a hospital,normal,auto_validated,unique,0.319,stethoscope | ward | nurse | clinic
body_fluids__1,body_fluids,BODY FLUIDS,Fluids produced by the human body,normal,auto_validated,unique,0.306,tear | milk | blood | sweat
body_fluids__2,body_fluids,BODY FLUIDS,Fluids produced by the human body,normal,auto_validated,unique,0.338,saliva | plasma | urine | serum
body_fluids__3,body_fluids,BODY FLUIDS,Fluids produced by the human body,normal,auto_validated,unique,0.368,mucus | bile | lymph | sputum
dental_words__1,dental_words,DENTAL WORDS,Words used at a dental office,normal,auto_validated,unique,0.271,bridge | crown | filling | root canal
dental_words__2,dental_words,DENTAL WORDS,Words used at a dental office,normal,auto_validated,unique,0.296,gum | plaque | cavity | extraction
dental_words__3,dental_words,DENTAL WORDS,Words used at a dental office,normal,auto_validated,unique,0.314,enamel | floss | braces | canine
diseases__1,diseases,DISEASES,Diseases an average person can name,normal,auto_validated,unique,0.239,flu | pneumonia | diabetes | cancer
diseases__2,diseases,DISEASES,Diseases an average person can name,normal,auto_validated,unique,0.262,asthma | arthritis | malaria | tuberculosis
diseases__3,diseases,DISEASES,Diseases an average person can name,normal,auto_validated,unique,0.273,measles | hepatitis | cholera | polio
emergency_room__1,emergency_room,EMERGENCY ROOM,"What is treated, seen or used in a hospital emergency room",normal,auto_validated,unique,,stretcher | triage | injuries | symptoms
emergency_words__1,emergency_words,EMERGENCY WORDS,Words used during a medical emergency,normal,auto_validated,unique,0.221,code | oxygen | response | rescue
emergency_words__2,emergency_words,EMERGENCY WORDS,Words used during a medical emergency,normal,auto_validated,unique,0.253,ambulance | siren | trauma | evacuation
emergency_words__3,emergency_words,EMERGENCY WORDS,Words used during a medical emergency,normal,auto_validated,unique,0.275,paramedic | stretcher | CPR | hotline
feeling_sick__1,feeling_sick,FEELING SICK,A symptom or minor illness a person complains of,normal,auto_validated,unique,0.325,cough | flu | fever | chills
first_aid__1,first_aid,FIRST AID,Things kept in a first aid kit,normal,auto_validated,unique,0.191,tape | ice pack | burn cream | eye wash
first_aid__2,first_aid,FIRST AID,Things kept in a first aid kit,normal,auto_validated,unique,0.208,wipe | gloves | scissors | cotton ball
first_aid__3,first_aid,FIRST AID,Things kept in a first aid kit,normal,auto_validated,unique,0.236,aspirin | bandage | thermometer | sling
hospital_departments__1,hospital_departments,HOSPITAL DEPARTMENTS,Departments and units inside a hospital,normal,auto_validated,unique,0.263,surgery | emergency | recovery | physical therapy
hospital_departments__2,hospital_departments,HOSPITAL DEPARTMENTS,Departments and units inside a hospital,normal,auto_validated,unique,0.287,pharmacy | laboratory | intensive care | admissions
hospital_departments__3,hospital_departments,HOSPITAL DEPARTMENTS,Departments and units inside a hospital,normal,auto_validated,unique,0.312,dialysis | pediatrics | oncology | maternity
hygiene__1,hygiene,HYGIENE THINGS,Things used to keep the body clean,normal,auto_validated,unique,0.211,tissue | towel | soap | deodorant
hygiene__2,hygiene,HYGIENE THINGS,Things used to keep the body clean,normal,auto_validated,unique,0.229,comb | razor | shampoo | nail clipper
injuries__1,injuries,INJURIES,Kinds of physical injury,normal,auto_validated,unique,0.18,bite | break | burn | cut
injuries__2,injuries,INJURIES,Kinds of physical injury,normal,auto_validated,unique,0.219,scrape | fracture | concussion | strain
injuries__3,injuries,INJURIES,Kinds of physical injury,normal,auto_validated,unique,0.24,puncture | bruise | splinter | whiplash
kinds_of_doctors__1,kinds_of_doctors,KINDS OF DOCTORS,A doctor named for the field they specialise in,normal,auto_validated,unique,0.344,surgeon | dentist | pediatrician | dietitian
medical_specialties__1,medical_specialties,MEDICAL SPECIALTIES,Branches of medical practice,normal,auto_validated,unique,0.341,surgery | anesthesia | psychiatry | pathology
medical_specialties__2,medical_specialties,MEDICAL SPECIALTIES,Branches of medical practice,normal,auto_validated,unique,0.363,pediatrics | neurology | oncology | radiology
medical_specialties__3,medical_specialties,MEDICAL SPECIALTIES,Branches of medical practice,normal,auto_validated,unique,0.372,cardiology | dermatology | obstetrics | immunology
medical_tools__1,medical_tools,MEDICAL TOOLS,Instruments a doctor or nurse uses,normal,auto_validated,unique,0.245,needle | monitor | IV | clamp
medical_tools__2,medical_tools,MEDICAL TOOLS,Instruments a doctor or nurse uses,normal,auto_validated,unique,0.277,thermometer | syringe | sling | catheter
medical_tools__3,medical_tools,MEDICAL TOOLS,Instruments a doctor or nurse uses,normal,auto_validated,unique,0.29,gauze | scalpel | gurney | ventilator
medicine_forms__1,medicine_forms,FORMS OF MEDICINE,Forms in which medicine is taken,normal,auto_validated,unique,0.267,cream | powder | drop | patch
medicine_forms__2,medicine_forms,FORMS OF MEDICINE,Forms in which medicine is taken,normal,auto_validated,unique,0.284,spray | injection | pill | tablet
medicine_forms__3,medicine_forms,FORMS OF MEDICINE,Forms in which medicine is taken,normal,auto_validated,unique,0.304,ointment | gel | syrup | capsule
medicines__1,medicines,MEDICINES,A form in which medicine is given to a patient,normal,auto_validated,unique,0.3,injection | pill | antibiotic | insulin
nutrients__1,nutrients,NUTRIENTS,A nutrient the body needs from food,normal,auto_validated,unique,0.319,calcium | magnesium | protein | fiber
nutrition_words__1,nutrition_words,NUTRITION WORDS,Words used to talk about diet and nutrition,normal,auto_validated,unique,0.259,sugar | fat | diet | serving
nutrition_words__2,nutrition_words,NUTRITION WORDS,Words used to talk about diet and nutrition,normal,auto_validated,unique,0.27,protein | portion | organic | whole grain
nutrition_words__3,nutrition_words,NUTRITION WORDS,Words used to talk about diet and nutrition,normal,auto_validated,unique,0.287,vitamin | sodium | fiber | mineral
pregnancy_words__1,pregnancy_words,BIRTH WORDS,Words used about pregnancy and childbirth,normal,auto_validated,unique,0.299,due date | formula | delivery | labor
pregnancy_words__2,pregnancy_words,BIRTH WORDS,Words used about pregnancy and childbirth,normal,auto_validated,unique,0.334,nursery | cradle | newborn | twins
pregnancy_words__3,pregnancy_words,BIRTH WORDS,Words used about pregnancy and childbirth,normal,auto_validated,unique,0.353,incubator | crib | ultrasound | midwife
sleep_and_rest__1,sleep_and_rest,SLEEP WORDS,Words about sleep and its problems,normal,auto_validated,unique,0.264,rest | dream | alarm | nightmare
sleep_and_rest__2,sleep_and_rest,SLEEP WORDS,Words about sleep and its problems,normal,auto_validated,unique,0.297,nap | pillow | mattress | bedtime
sleep_and_rest__3,sleep_and_rest,SLEEP WORDS,Words about sleep and its problems,normal,auto_validated,unique,0.321,yawn | slumber | insomnia | lullaby
supplements__1,supplements,SUPPLEMENTS,A substance sold as a dietary or beauty supplement,normal,auto_validated,unique,0.369,vitamin | zinc | biotin | collagen
therapy_words__1,therapy_words,THERAPY WORDS,Words used in physical and mental therapy,normal,auto_validated,unique,0.299,session | progress | treatment | goal
therapy_words__2,therapy_words,THERAPY WORDS,Words used in physical and mental therapy,normal,auto_validated,unique,0.311,recovery | exercise | walker | appointment
therapy_words__3,therapy_words,THERAPY WORDS,Words used in physical and mental therapy,normal,auto_validated,unique,0.333,stretch | counselor | rehab | massage
vet_clinic__1,vet_clinic,VET CLINIC,A procedure or item used treating animals,normal,auto_validated,unique,0.494,muzzle | checkup | microchip | neutering
vision_words__1,vision_words,VISION WORDS,Words used about eyesight and glasses,normal,auto_validated,unique,0.268,frame | glasses | blind | eye chart
vision_words__2,vision_words,VISION WORDS,Words used about eyesight and glasses,normal,auto_validated,unique,0.286,pupil | lens | contacts | prescription
vision_words__3,vision_words,VISION WORDS,Words used about eyesight and glasses,normal,auto_validated,unique,0.341,squint | cornea | optometrist | astigmatism
vitamins_and_minerals__1,vitamins_and_minerals,VITAMINS AND MINERALS,Nutrients the body needs in small amounts,normal,auto_validated,unique,0.281,iron | vitamin C | vitamin D | sodium
vitamins_and_minerals__2,vitamins_and_minerals,VITAMINS AND MINERALS,Nutrients the body needs in small amounts,normal,auto_validated,unique,0.301,calcium | zinc | magnesium | potassium
vitamins_and_minerals__3,vitamins_and_minerals,VITAMINS AND MINERALS,Nutrients the body needs in small amounts,normal,auto_validated,unique,0.335,iodine | folate | biotin | selenium
wellness__1,wellness,WELLNESS,A practice people take up to feel healthier,normal,auto_validated,unique,0.312,balance | diet | hydration | detox
things_in_a_glove_box__1,things_in_a_glove_box,GLOVE BOX,Things kept in a car glove compartment,normal,auto_validated,unique,0.303,map | manual | registration | insurance
things_in_a_glove_box__2,things_in_a_glove_box,GLOVE BOX,Things kept in a car glove compartment,normal,auto_validated,unique,0.338,Charger | sunglasses | tire gauge | tissues
things_in_a_purse__1,things_in_a_purse,PURSE THINGS,Things carried in a purse,normal,auto_validated,unique,0.225,pen | mirror | phone | keys
things_in_a_purse__2,things_in_a_purse,PURSE THINGS,Things carried in a purse,normal,auto_validated,unique,0.244,tissue | snack | wallet | receipt
things_in_a_purse__3,things_in_a_purse,PURSE THINGS,Things carried in a purse,normal,auto_validated,unique,0.261,Charger | sunglasses | planner | lipstick
things_in_a_toolbox__1,things_in_a_toolbox,TOOLBOX THINGS,Things kept in a household toolbox,normal,auto_validated,unique,0.228,level | tape | tape measure | allen key
things_in_a_toolbox__2,things_in_a_toolbox,TOOLBOX THINGS,Things kept in a household toolbox,normal,auto_validated,unique,0.246,hammer | glue | nails | utility knife
things_in_a_toolbox__3,things_in_a_toolbox,TOOLBOX THINGS,Things kept in a household toolbox,normal,auto_validated,unique,0.271,flashlight | wrench | screwdriver | screws
things_in_a_wallet__1,things_in_a_wallet,WALLET THINGS,Things people keep in a wallet,normal,auto_validated,unique,0.21,note | card | cash | business card
things_in_a_wallet__2,things_in_a_wallet,WALLET THINGS,Things people keep in a wallet,normal,auto_validated,unique,0.218,ticket | photo | insurance card | gift card
things_in_a_wallet__3,things_in_a_wallet,WALLET THINGS,Things people keep in a wallet,normal,auto_validated,unique,0.236,stamp | badge | license | membership card
things_on_a_keychain__1,things_on_a_keychain,KEYCHAIN THINGS,Things hanging from a keychain,normal,auto_validated,unique,0.306,key | ring | charm | mini tool
things_on_a_keychain__2,things_on_a_keychain,KEYCHAIN THINGS,Things hanging from a keychain,normal,auto_validated,unique,0.336,whistle | flashlight | bottle opener | usb drive
things_that_come_in_pairs__1,things_that_come_in_pairs,PAIRED THINGS,Things that normally come in twos,normal,auto_validated,unique,0.257,wings | shoes | eyes | hands
things_that_come_in_pairs__2,things_that_come_in_pairs,PAIRED THINGS,Things that normally come in twos,normal,auto_validated,unique,0.281,gloves | twins | socks | ears
things_that_come_in_pairs__3,things_that_come_in_pairs,PAIRED THINGS,Things that normally come in twos,normal,auto_validated,unique,0.296,scissors | earrings | lungs | headphones
things_that_have_a_face__1,things_that_have_a_face,FACED THINGS,Objects described as having a face,normal,auto_validated,unique,0.307,watch | mountain | playing card | building
things_that_have_a_face__2,things_that_have_a_face,FACED THINGS,Objects described as having a face,normal,auto_validated,unique,0.33,coin | poster | clock | mask
things_that_have_a_face__3,things_that_have_a_face,FACED THINGS,Objects described as having a face,normal,auto_validated,unique,0.347,doll | puppet | cliff | jack o lantern
things_that_ring__1,things_that_ring,RINGING THINGS,Things that ring or chime,normal,auto_validated,unique,0.271,clock | bell | phone | church bell
things_that_ring__2,things_that_ring,RINGING THINGS,Things that ring or chime,normal,auto_validated,unique,0.286,cash register | alarm | bicycle bell | dinner bell
things_that_ring__3,things_that_ring,RINGING THINGS,Things that ring or chime,normal,auto_validated,unique,0.324,chime | timer | doorbell | buzzer
things_you_recycle__1,things_you_recycle,TRASH ITEMS,Things commonly thrown out or recycled,normal,auto_validated,unique,0.253,core | bag | box | can
things_you_recycle__2,things_you_recycle,TRASH ITEMS,Things commonly thrown out or recycled,normal,auto_validated,unique,0.272,tissue | newspaper | bottle | packaging
things_you_recycle__3,things_you_recycle,TRASH ITEMS,Things commonly thrown out or recycled,normal,auto_validated,unique,0.292,peel | receipt | envelope | jar
vending_machine_items__1,vending_machine_items,VENDING MACHINE,Things sold from a vending machine,normal,auto_validated,unique,0.254,water | coffee | juice | chips
vending_machine_items__2,vending_machine_items,VENDING MACHINE,Things sold from a vending machine,normal,auto_validated,unique,0.273,soda | candy bar | cookies | sandwich
vending_machine_items__3,vending_machine_items,VENDING MACHINE,Things sold from a vending machine,normal,auto_validated,unique,0.301,gum | popcorn | granola bar | mints
american_legends__1,american_legends,FOLK HEROES,Legendary figures from American folklore,normal,auto_validated,unique,0.328,John Henry | Davy Crockett | Big Foot | Uncle Sam
american_legends__2,american_legends,FOLK HEROES,Legendary figures from American folklore,normal,auto_validated,unique,0.389,Paul Bunyan | Pecos Bill | Rip Van Winkle | Sasquatch
fairy_tale_things__1,fairy_tale_things,TALE OBJECTS,Objects that appear in classic fairy tales,normal,auto_validated,unique,0.194,tower | golden egg | red hood | magic mirror
fairy_tale_things__2,fairy_tale_things,TALE OBJECTS,Objects that appear in classic fairy tales,normal,auto_validated,unique,0.216,harp | spinning wheel | pumpkin coach | cottage
fairy_tale_things__3,fairy_tale_things,TALE OBJECTS,Objects that appear in classic fairy tales,normal,auto_validated,unique,0.251,porridge | glass slipper | beanstalk | gingerbread house
fortune_telling__1,fortune_telling,FORTUNE TELLING,Things used to tell fortunes,normal,auto_validated,unique,0.302,dream | tea leaves | cards | stars
fortune_telling__2,fortune_telling,FORTUNE TELLING,Things used to tell fortunes,normal,auto_validated,unique,0.343,dice | Oracle | crystal ball | pendulum
fortune_telling__3,fortune_telling,FORTUNE TELLING,Things used to tell fortunes,normal,auto_validated,unique,0.37,horoscope | tarot | rune | omen
greek_gods__1,greek_gods,GREEK GODS,Gods and goddesses of Greek mythology,normal,auto_validated,unique,0.268,Hermes | Zeus | Athena | Apollo
greek_gods__2,greek_gods,GREEK GODS,Gods and goddesses of Greek mythology,normal,auto_validated,unique,0.283,Poseidon | Artemis | Ares | Hades
greek_gods__3,greek_gods,GREEK GODS,Gods and goddesses of Greek mythology,normal,auto_validated,unique,0.296,Hera | Aphrodite | Dionysus | Persephone
greek_heroes__1,greek_heroes,MYTHOLOGICAL HEROES,Heroes of classical mythology,normal,auto_validated,unique,0.282,Paris | Hercules | Jason | Hector
greek_heroes__2,greek_heroes,MYTHOLOGICAL HEROES,Heroes of classical mythology,normal,auto_validated,unique,0.321,Achilles | Odysseus | Orpheus | Ajax
greek_heroes__3,greek_heroes,MYTHOLOGICAL HEROES,Heroes of classical mythology,normal,auto_validated,unique,0.342,Perseus | Theseus | Atalanta | Aeneas
greek_myths__1,greek_myths,GREEK MYTHS,A creature or place from Greek mythology,normal,auto_validated,unique,0.444,centaur | cyclops | Olympus | Titan
legendary_places__1,legendary_places,LEGENDARY PLACES,Places known only from myth and legend,normal,auto_validated,unique,0.349,Troy | Atlantis | Olympus | Eden
legendary_places__2,legendary_places,LEGENDARY PLACES,Places known only from myth and legend,normal,auto_validated,unique,0.37,Hades | Camelot | Avalon | El Dorado
legendary_places__3,legendary_places,LEGENDARY PLACES,Places known only from myth and legend,normal,auto_validated,unique,0.383,Valhalla | Shangri-La | Asgard | Xanadu
magic_creatures__1,magic_creatures,MAGICAL BEINGS,Magical beings from folklore,normal,auto_validated,unique,0.213,witch | fairy | wizard | imp
magic_creatures__2,magic_creatures,MAGICAL BEINGS,Magical beings from folklore,normal,auto_validated,unique,0.224,troll | elf | dwarf | brownie
magic_creatures__3,magic_creatures,MAGICAL BEINGS,Magical beings from folklore,normal,auto_validated,unique,0.236,Sprite | goblin | genie | gnome
magic_objects__1,magic_objects,MAGIC OBJECTS,Objects with magical powers in stories,normal,auto_validated,unique,0.234,mirror | charm | sword | crystal ball
magic_objects__2,magic_objects,MAGIC OBJECTS,Objects with magical powers in stories,normal,auto_validated,unique,0.255,wand | lamp | magic carpet | cloak
magic_objects__3,magic_objects,MAGIC OBJECTS,Objects with magical powers in stories,normal,auto_validated,unique,0.281,potion | cauldron | talisman | elixir
monsters__1,monsters,SCARY CREATURES,Frightening creatures from stories and folklore,normal,auto_validated,unique,0.196,witch | ghost | monster | demon
monsters__2,monsters,SCARY CREATURES,Frightening creatures from stories and folklore,normal,auto_validated,unique,0.213,vampire | mummy | zombie | phantom
monsters__3,monsters,SCARY CREATURES,Frightening creatures from stories and folklore,normal,auto_validated,unique,0.244,goblin | werewolf | banshee | ghoul
mythical_monsters__1,mythical_monsters,MYTHICAL MONSTERS,Monsters from myth and legend,normal,auto_validated,unique,0.277,siren | medusa | cyclops | hydra
mythical_monsters__2,mythical_monsters,MYTHICAL MONSTERS,Monsters from myth and legend,normal,auto_validated,unique,0.292,kraken | sphinx | chimera | banshee
mythical_monsters__3,mythical_monsters,MYTHICAL MONSTERS,Monsters from myth and legend,normal,auto_validated,unique,0.301,minotaur | cerberus | harpy | gorgon
norse_gods__1,norse_gods,NORSE GODS,Gods of Norse mythology,normal,auto_validated,unique,0.316,Thor | Odin | Loki | Freya
norse_gods__2,norse_gods,NORSE GODS,Gods of Norse mythology,normal,auto_validated,unique,0.35,Balder | Heimdall | Tyr | Hel
potions_class__1,potions_class,POTIONS CLASS,A word belonging to brewing magic potions,normal,auto_validated,unique,0.475,elixir | vial | antidote | bubbling
roman_gods__1,roman_gods,ROMAN GODS,Gods and goddesses of Roman mythology,normal,auto_validated,unique,0.285,mercury | Apollo | Mars | Diana
roman_gods__2,roman_gods,ROMAN GODS,Gods and goddesses of Roman mythology,normal,auto_validated,unique,0.304,Jupiter | Venus | Vulcan | Saturn
roman_gods__3,roman_gods,ROMAN GODS,Gods and goddesses of Roman mythology,normal,auto_validated,unique,0.319,Pluto | Juno | Neptune | Minerva
superstitions__1,superstitions,SUPERSTITION THINGS,Objects tied to common superstitions,normal,auto_validated,unique,0.305,mirror | salt | black cat | cross
superstitions__2,superstitions,SUPERSTITION THINGS,Objects tied to common superstitions,normal,auto_validated,unique,0.326,penny | ladder | knock on wood | broken mirror
superstitions__3,superstitions,SUPERSTITION THINGS,Objects tied to common superstitions,normal,auto_validated,unique,0.35,umbrella | horseshoe | four leaf clover | rabbit foot
wizard_tower__1,wizard_tower,WIZARD TOWER,A word belonging to wizards and spellcasting,normal,auto_validated,unique,0.525,incantation | grimoire | enchanted | conjure
wizards_and_spells__1,wizards_and_spells,WIZARD WORDS,Things belonging to a wizard in stories,normal,auto_validated,unique,0.257,hat | book | staff | familiar
wizards_and_spells__2,wizards_and_spells,WIZARD WORDS,Things belonging to a wizard in stories,normal,auto_validated,unique,0.275,scroll | spell | tower | crystal
wizards_and_spells__3,wizards_and_spells,WIZARD WORDS,Things belonging to a wizard in stories,normal,auto_validated,unique,0.307,robe | wand | potion | apprentice
zodiac_signs__1,zodiac_signs,ZODIAC SIGNS,Signs of the astrological zodiac,normal,auto_validated,unique,0.28,cancer | Taurus | Gemini | Leo
zodiac_signs__2,zodiac_signs,ZODIAC SIGNS,Signs of the astrological zodiac,normal,auto_validated,unique,0.314,Aries | Virgo | Scorpio | Aquarius
zodiac_signs__3,zodiac_signs,ZODIAC SIGNS,Signs of the astrological zodiac,normal,auto_validated,unique,0.321,Libra | Sagittarius | Capricorn | Pisces
biblical_names__1,biblical_names,BIBLICAL NAMES,First names that come from the Bible,normal,auto_validated,unique,0.256,mark | Daniel | John | Adam
biblical_names__2,biblical_names,BIBLICAL NAMES,First names that come from the Bible,normal,auto_validated,unique,0.269,Matthew | Luke | Sarah | Simon
biblical_names__3,biblical_names,BIBLICAL NAMES,First names that come from the Bible,normal,auto_validated,unique,0.278,Eve | Rachel | Samuel | Aaron
common_surnames__1,common_surnames,COMMON SURNAMES,Family names common in the United States,normal,auto_validated,unique,0.21,white | Smith | Brown | Young
common_surnames__2,common_surnames,COMMON SURNAMES,Family names common in the United States,normal,auto_validated,unique,0.214,hall | Johnson | Jones | Thomas
common_surnames__3,common_surnames,COMMON SURNAMES,Family names common in the United States,normal,auto_validated,unique,0.22,Williams | Taylor | Jackson | Martin
initials_and_titles__1,initials_and_titles,NAME PARTS,Parts that make up a person full name,normal,auto_validated,unique,0.29,first name | last name | middle name | given name
initials_and_titles__2,initials_and_titles,NAME PARTS,Parts that make up a person full name,normal,auto_validated,unique,0.296,initial | junior | senior | title
initials_and_titles__3,initials_and_titles,NAME PARTS,Parts that make up a person full name,normal,auto_validated,unique,0.344,surname | nickname | suffix | maiden name
nature_names__1,nature_names,NATURE NAMES,First names taken from nature words,normal,auto_validated,unique,0.253,rose | sky | river | summer
nature_names__2,nature_names,NATURE NAMES,First names taken from nature words,normal,auto_validated,unique,0.278,rain | amber | Lily | Autumn
nature_names__3,nature_names,NATURE NAMES,First names taken from nature words,normal,auto_validated,unique,0.293,sage | Ivy | Violet | Heather
nicknames_for_names__1,nicknames_for_names,NAME SHORTENINGS,Short forms people use instead of a full first name,normal,auto_validated,unique,0.302,tom | bob | rich | Jim
nicknames_for_names__2,nicknames_for_names,NAME SHORTENINGS,Short forms people use instead of a full first name,normal,auto_validated,unique,0.322,Dan | Sue | Ted | Pete
nicknames_for_names__3,nicknames_for_names,NAME SHORTENINGS,Short forms people use instead of a full first name,normal,auto_validated,unique,0.336,Beth | Vic | Lou | Cal
old_fashioned_names__1,old_fashioned_names,VINTAGE NAMES,First names that sound old fashioned today,normal,auto_validated,unique,0.328,Florence | Harold | Norman | Walter
old_fashioned_names__2,old_fashioned_names,VINTAGE NAMES,First names that sound old fashioned today,normal,auto_validated,unique,0.342,Eugene | Herbert | Clarence | Dorothy
old_fashioned_names__3,old_fashioned_names,VINTAGE NAMES,First names that sound old fashioned today,normal,auto_validated,unique,0.353,Agnes | Beatrice | Cecil | Horace
pet_names__1,pet_names,PET NAMES,Names people commonly give to pets,normal,auto_validated,unique,0.227,Charlie | Buddy | Max | Shadow
pet_names__2,pet_names,PET NAMES,Names people commonly give to pets,normal,auto_validated,unique,0.241,tiger | Rocky | Lucy | Bailey
pet_names__3,pet_names,PET NAMES,Names people commonly give to pets,normal,auto_validated,unique,0.251,ginger | peanut | Molly | Rex
place_names_as_names__1,place_names_as_names,PLACE NAMES,First names that are also place names,normal,auto_validated,unique,0.349,Paris | Israel | Jordan | Sydney
place_names_as_names__2,place_names_as_names,PLACE NAMES,First names that are also place names,normal,auto_validated,unique,0.363,Austin | Georgia | Brooklyn | Madison
place_names_as_names__3,place_names_as_names,PLACE NAMES,First names that are also place names,normal,auto_validated,unique,0.379,Savannah | Kenya | Dakota | Devon
royal_names__1,royal_names,ROYAL NAMES,First names traditionally used by kings and queens,normal,auto_validated,unique,0.285,James | George | William | Louis
royal_names__2,royal_names,ROYAL NAMES,First names traditionally used by kings and queens,normal,auto_validated,unique,0.289,Henry | Charles | Mary | Richard
royal_names__3,royal_names,ROYAL NAMES,First names traditionally used by kings and queens,normal,auto_validated,unique,0.302,Elizabeth | Victoria | Edward | Alexander
short_names__1,short_names,SHORT NAMES,First names with only one syllable,normal,auto_validated,unique,0.29,John | James | George | Hope
short_names__2,short_names,SHORT NAMES,First names with only one syllable,normal,auto_validated,unique,0.291,jack | mark | Paul | Faith
short_names__3,short_names,SHORT NAMES,First names with only one syllable,normal,auto_validated,unique,0.3,rose | Luke | Grace | Scott
french_names__1,french_names,FRENCH NAMES,First names common in France,normal,auto_validated,unique,0.313,Claire | Louis | Marie | Jean
french_names__2,french_names,FRENCH NAMES,First names common in France,normal,auto_validated,unique,0.334,Pierre | Sophie | Michel | Chloe
french_names__3,french_names,FRENCH NAMES,First names common in France,normal,auto_validated,unique,0.346,Antoine | Nicolas | Henri | Philippe
german_names__1,german_names,GERMAN NAMES,First names common in Germany,normal,auto_validated,unique,0.328,Anna | Hans | Otto | Karl
german_names__2,german_names,GERMAN NAMES,First names common in Germany,normal,auto_validated,unique,0.35,Klaus | Fritz | Heidi | Werner
german_names__3,german_names,GERMAN NAMES,First names common in Germany,normal,auto_validated,unique,0.358,Greta | Ingrid | Wolfgang | Ursula
irish_names__1,irish_names,IRISH NAMES,First names of Irish origin,normal,auto_validated,unique,0.316,Sean | Patrick | Liam | Kelly
irish_names__2,irish_names,IRISH NAMES,First names of Irish origin,normal,auto_validated,unique,0.341,Fiona | Brendan | Kathleen | Erin
irish_names__3,irish_names,IRISH NAMES,First names of Irish origin,normal,auto_validated,unique,0.352,Bridget | Colleen | Maureen | Aidan
italian_names__1,italian_names,ITALIAN NAMES,First names common in Italy,normal,auto_validated,unique,0.335,Sofia | Elena | Rosa | Marco
italian_names__2,italian_names,ITALIAN NAMES,First names common in Italy,normal,auto_validated,unique,0.352,Luca | Francesca | Giovanni | Paolo
italian_names__3,italian_names,ITALIAN NAMES,First names common in Italy,normal,auto_validated,unique,0.359,Matteo | Alessandro | Marta | Enzo
japanese_names__1,japanese_names,JAPANESE NAMES,First names common in Japan,normal,auto_validated,unique,0.394,Sakura | Hana | Mei | Ren
japanese_names__2,japanese_names,JAPANESE NAMES,First names common in Japan,normal,auto_validated,unique,0.405,Hiroshi | Yuki | Rin | Sora
japanese_names__3,japanese_names,JAPANESE NAMES,First names common in Japan,normal,auto_validated,unique,0.419,Kenji | Takashi | Aiko | Yuna
nature_surnames__1,nature_surnames,SURNAMES FROM TRADES,Family names that come from old trades,normal,auto_validated,unique,0.308,miller | Smith | Taylor | Hunter
nature_surnames__2,nature_surnames,SURNAMES FROM TRADES,Family names that come from old trades,normal,auto_validated,unique,0.324,cooper | baker | farmer | Turner
nature_surnames__3,nature_surnames,SURNAMES FROM TRADES,Family names that come from old trades,normal,auto_validated,unique,0.331,shepherd | mason | potter | Fisher
russian_names__1,russian_names,RUSSIAN NAMES,First names common in Russia,normal,auto_validated,unique,0.376,Ivan | Sergei | Boris | Vladimir
russian_names__2,russian_names,RUSSIAN NAMES,First names common in Russia,normal,auto_validated,unique,0.394,Olga | Natasha | Anastasia | Mikhail
russian_names__3,russian_names,RUSSIAN NAMES,First names common in Russia,normal,auto_validated,unique,0.403,Irina | Alexei | Tatiana | Nikolai
scandinavian_names__1,scandinavian_names,SCANDINAVIAN NAMES,First names common in Scandinavia,normal,auto_validated,unique,0.385,Thor | Elsa | Erik | Magnus
scandinavian_names__2,scandinavian_names,SCANDINAVIAN NAMES,First names common in Scandinavia,normal,auto_validated,unique,0.396,Odin | Ingrid | Lars | Sven
spanish_names__1,spanish_names,SPANISH NAMES,First names common in Spanish speaking countries,normal,auto_validated,unique,0.276,Maria | Jose | Diego | Antonio
spanish_names__2,spanish_names,SPANISH NAMES,First names common in Spanish speaking countries,normal,auto_validated,unique,0.288,Carlos | Ana | Luis | Manuel
spanish_names__3,spanish_names,SPANISH NAMES,First names common in Spanish speaking countries,normal,auto_validated,unique,0.296,Miguel | Elena | Pablo | Rosa
unisex_names__1,unisex_names,UNISEX NAMES,First names given to both boys and girls,normal,auto_validated,unique,0.302,Jordan | Taylor | Alex | Sam
unisex_names__2,unisex_names,UNISEX NAMES,First names given to both boys and girls,normal,auto_validated,unique,0.316,Charlie | Dakota | Morgan | Jamie
unisex_names__3,unisex_names,UNISEX NAMES,First names given to both boys and girls,normal,auto_validated,unique,0.329,Bailey | Casey | Riley | Quinn
animal_tracks_and_signs__1,animal_tracks_and_signs,DIRT THINGS,Marks and things you see in bare dirt,normal,auto_validated,unique,0.329,dust | hole | stone | track
animal_tracks_and_signs__2,animal_tracks_and_signs,DIRT THINGS,Marks and things you see in bare dirt,normal,auto_validated,unique,0.348,seed | root | tire mark | mud
animal_tracks_and_signs__3,animal_tracks_and_signs,DIRT THINGS,Marks and things you see in bare dirt,normal,auto_validated,unique,0.368,ant | worm | footprint | gravel
bodies_of_water__1,bodies_of_water,BODIES OF WATER,Natural or man-made bodies of water on the surface of the earth,normal,auto_validated,unique,0.137,spring | sea | river | lake
bodies_of_water__2,bodies_of_water,BODIES OF WATER,Natural or man-made bodies of water on the surface of the earth,normal,auto_validated,unique,0.145,pool | ocean | stream | bay
bodies_of_water__3,bodies_of_water,BODIES OF WATER,Natural or man-made bodies of water on the surface of the earth,normal,auto_validated,unique,0.163,canal | creek | harbor | gulf
cloud_and_sky__1,cloud_and_sky,SKY WORDS,Things you can see in the sky,normal,auto_validated,unique,0.22,star | moon | plane | sun
cloud_and_sky__2,cloud_and_sky,SKY WORDS,Things you can see in the sky,normal,auto_validated,unique,0.231,smoke | bird | cloud | satellite
cloud_and_sky__3,cloud_and_sky,SKY WORDS,Things you can see in the sky,normal,auto_validated,unique,0.248,lightning | rainbow | helicopter | sunset
desert_things__1,desert_things,DESERT THINGS,Things found in a hot desert,normal,auto_validated,unique,0.237,sand | snake | canyon | heat
desert_things__2,desert_things,DESERT THINGS,Things found in a hot desert,normal,auto_validated,unique,0.266,lizard | camel | drought | oasis
desert_things__3,desert_things,DESERT THINGS,Things found in a hot desert,normal,auto_validated,unique,0.279,coyote | dune | cactus | scorpion
fire_and_smoke__1,fire_and_smoke,FIRE AND SMOKE,Something given off by or belonging to a burning fire,normal,auto_validated,unique,0.319,smoke | blaze | ash | flame
flower_parts__1,flower_parts,FLOWER PARTS,Parts of a flowering plant,normal,auto_validated,unique,0.294,seed | bulb | root | stem
flower_parts__2,flower_parts,FLOWER PARTS,Parts of a flowering plant,normal,auto_validated,unique,0.308,blossom | pollen | leaf | bud
flower_parts__3,flower_parts,FLOWER PARTS,Parts of a flowering plant,normal,auto_validated,unique,0.33,thorn | petal | nectar | stalk
flowers__1,flowers,FLOWERS,Kinds of flowers commonly sold or grown in gardens,normal,auto_validated,unique,0.144,iris | rose | Lily | Violet
flowers__2,flowers,FLOWERS,Kinds of flowers commonly sold or grown in gardens,normal,auto_validated,unique,0.164,lavender | Jasmine | Daisy | poppy
flowers__3,flowers,FLOWERS,Kinds of flowers commonly sold or grown in gardens,normal,auto_validated,unique,0.178,tulip | magnolia | sunflower | orchid
garden_plants__1,garden_plants,GARDEN PLANTS,Plants people grow in a home garden,normal,auto_validated,unique,0.213,mint | rose | bean | pepper
garden_plants__2,garden_plants,GARDEN PLANTS,Plants people grow in a home garden,normal,auto_validated,unique,0.23,strawberry | tomato | pumpkin | Ivy
garden_plants__3,garden_plants,GARDEN PLANTS,Plants people grow in a home garden,normal,auto_validated,unique,0.237,squash | carrot | lettuce | basil
gemstones__1,gemstones,GEMSTONES,Precious or semi-precious stones used in jewelry,normal,auto_validated,unique,0.212,diamond | coral | ruby | pearl
gemstones__2,gemstones,GEMSTONES,Precious or semi-precious stones used in jewelry,normal,auto_validated,unique,0.231,jade | emerald | sapphire | quartz
in_the_jungle__1,in_the_jungle,IN THE JUNGLE,Something found in a tropical jungle,normal,auto_validated,unique,0.35,jaguar | mushroom | Fern | canopy
landscape_features__1,landscape_features,LANDSCAPE,A natural feature seen in an open landscape,normal,auto_validated,unique,0.281,valley | hill | cliff | sky
light_sources__1,light_sources,LIGHT SOURCES,Things that give off light,normal,auto_validated,unique,0.21,star | fire | sun | match
light_sources__2,light_sources,LIGHT SOURCES,Things that give off light,normal,auto_validated,unique,0.227,moon | screen | lightning | laser
light_sources__3,light_sources,LIGHT SOURCES,Things that give off light,normal,auto_validated,unique,0.254,candle | lamp | bulb | torch
mountain_things__1,mountain_things,MOUNTAIN THINGS,Things found on or around a mountain,normal,auto_validated,unique,0.236,snow | valley | stream | peak
mountain_things__2,mountain_things,MOUNTAIN THINGS,Things found on or around a mountain,normal,auto_validated,unique,0.251,cabin | cave | summit | trail
mountain_things__3,mountain_things,MOUNTAIN THINGS,Things found on or around a mountain,normal,auto_validated,unique,0.257,eagle | cliff | ridge | pine
mushrooms_and_fungi__1,mushrooms_and_fungi,FUNGI,Mushrooms and other fungi,normal,auto_validated,unique,0.37,mold | yeast | mushroom | button mushroom
natural_disasters__1,natural_disasters,NATURAL DISASTERS,Destructive natural events,normal,auto_validated,unique,0.236,flood | hurricane | earthquake | drought
natural_disasters__2,natural_disasters,NATURAL DISASTERS,Destructive natural events,normal,auto_validated,unique,0.254,volcano | blizzard | tornado | famine
natural_disasters__3,natural_disasters,NATURAL DISASTERS,Destructive natural events,normal,auto_validated,unique,0.261,cyclone | tsunami | avalanche | eruption
natural_wonders__1,natural_wonders,NATURAL WONDERS,A large natural landform or body of water,normal,auto_validated,unique,0.231,canyon | island | ocean | mountains
river_features__1,river_features,RIVER FEATURES,Parts and features of a river described in everyday English,normal,auto_validated,unique,0.295,bank | current | bed | source
river_features__2,river_features,RIVER FEATURES,Parts and features of a river described in everyday English,normal,auto_validated,unique,0.306,mouth | ford | channel | shore
river_features__3,river_features,RIVER FEATURES,Parts and features of a river described in everyday English,normal,auto_validated,unique,0.332,delta | bend | basin | rapids
rocks_and_minerals__1,rocks_and_minerals,ROCKS AND MINERALS,Common rocks and minerals from the ground,normal,auto_validated,unique,0.247,clay | salt | coal | iron ore
rocks_and_minerals__2,rocks_and_minerals,ROCKS AND MINERALS,Common rocks and minerals from the ground,normal,auto_validated,unique,0.268,marble | granite | slate | flint
rocks_and_minerals__3,rocks_and_minerals,ROCKS AND MINERALS,Common rocks and minerals from the ground,normal,auto_validated,unique,0.274,chalk | limestone | gravel | boulder
sea_shore_things__1,sea_shore_things,BEACH THINGS,Things you find on an ocean beach,normal,auto_validated,unique,0.167,wave | sand | shell | tide
sea_shore_things__2,sea_shore_things,BEACH THINGS,Things you find on an ocean beach,normal,auto_validated,unique,0.186,crab | umbrella | cooler | towel
sea_shore_things__3,sea_shore_things,BEACH THINGS,Things you find on an ocean beach,normal,auto_validated,unique,0.21,sunscreen | dune | pebble | boardwalk
seasons_and_nature__1,seasons_and_nature,SEASONAL WORDS,Words describing the changing seasons outdoors,normal,auto_validated,unique,0.259,shed | harvest | bud | frost
seasons_and_nature__2,seasons_and_nature,SEASONAL WORDS,Words describing the changing seasons outdoors,normal,auto_validated,unique,0.274,migrate | blossom | bloom | sunrise
seasons_and_nature__3,seasons_and_nature,SEASONAL WORDS,Words describing the changing seasons outdoors,normal,auto_validated,unique,0.293,thaw | foliage | snowfall | solstice
storms__1,storms,STORMS,Kinds of violent weather events,normal,auto_validated,unique,0.24,tornado | hurricane | dust storm | ice storm
storms__2,storms,STORMS,Kinds of violent weather events,normal,auto_validated,unique,0.265,gale | blizzard | cyclone | typhoon
storms__3,storms,STORMS,Kinds of violent weather events,normal,auto_validated,unique,0.276,monsoon | Tempest | thunderstorm | whirlwind
things_in_the_forest__1,things_in_the_forest,FOREST THINGS,Things you find walking through a forest,normal,auto_validated,unique,0.194,branch | fox | tree | stream
things_in_the_forest__2,things_in_the_forest,FOREST THINGS,Things you find walking through a forest,normal,auto_validated,unique,0.21,deer | trail | log | leaf
things_in_the_forest__3,things_in_the_forest,FOREST THINGS,Things you find walking through a forest,normal,auto_validated,unique,0.225,bark | owl | moss | clearing
things_that_grow__1,things_that_grow,GROWING THINGS,Living things that grow larger over time,normal,auto_validated,unique,0.266,plant | hair | tree | child
things_that_grow__2,things_that_grow,GROWING THINGS,Living things that grow larger over time,normal,auto_validated,unique,0.285,flower | crystal | root | grass
things_that_grow__3,things_that_grow,GROWING THINGS,Living things that grow larger over time,normal,auto_validated,unique,0.294,weed | crop | leaf | bud
things_with_seeds__1,things_with_seeds,THINGS WITH SEEDS,Common objects or foods that naturally contain seeds,normal,auto_validated,unique,0.284,apple | orange | corn | cherry
things_with_seeds__2,things_with_seeds,THINGS WITH SEEDS,Common objects or foods that naturally contain seeds,normal,auto_validated,unique,0.301,tomato | bean | pepper | fig
things_with_seeds__3,things_with_seeds,THINGS WITH SEEDS,Common objects or foods that naturally contain seeds,normal,auto_validated,unique,0.312,grape | peach | strawberry | pumpkin
tree_parts__1,tree_parts,TREE PARTS,Physical parts of a living tree,normal,auto_validated,unique,0.185,branch | shoot | seed | root
tree_parts__2,tree_parts,TREE PARTS,Physical parts of a living tree,normal,auto_validated,unique,0.203,trunk | needle | leaf | bud
tree_parts__3,tree_parts,TREE PARTS,Physical parts of a living tree,normal,auto_validated,unique,0.216,bark | knot | cone | limb
trees__1,trees,TREES,Kinds of trees an average American can name,normal,auto_validated,unique,0.168,apple | palm | cherry | oak
trees__2,trees,TREES,Kinds of trees an average American can name,normal,auto_validated,unique,0.183,maple | pine | cedar | ash
trees__3,trees,TREES,Kinds of trees an average American can name,normal,auto_validated,unique,0.2,walnut | Willow | birch | fir
types_of_soil__1,types_of_soil,TYPES OF SOIL,A type of soil or ground classed by what it is made of,normal,auto_validated,unique,0.369,chalk | sand | clay | peat
underground_things__1,underground_things,UNDERGROUND THINGS,Things found under the surface of the ground,normal,auto_validated,unique,0.28,seed | coal | root | mine
underground_things__2,underground_things,UNDERGROUND THINGS,Things found under the surface of the ground,normal,auto_validated,unique,0.293,pipe | cave | treasure | tunnel
underground_things__3,underground_things,UNDERGROUND THINGS,Things found under the surface of the ground,normal,auto_validated,unique,0.303,Subway | fossil | worm | ore
water_states__1,water_states,FORMS OF WATER,Forms water takes in nature,normal,auto_validated,unique,0.224,steam | rain | snow | ice
water_states__2,water_states,FORMS OF WATER,Forms water takes in nature,normal,auto_validated,unique,0.249,hail | cloud | frost | liquid
water_states__3,water_states,FORMS OF WATER,Forms water takes in nature,normal,auto_validated,unique,0.263,mist | glacier | fog | humidity
weather_report__1,weather_report,WEATHER REPORT,What a weather report names or predicts,normal,auto_validated,unique,,radar | forecast | humidity | storms
weather_words__1,weather_words,WEATHER WORDS,Words describing weather conditions or events in the sky,normal,auto_validated,unique,0.113,rain | snow | storm | wind
weather_words__2,weather_words,WEATHER WORDS,Words describing weather conditions or events in the sky,normal,auto_validated,unique,0.126,shower | cloud | lightning | heat wave
weather_words__3,weather_words,WEATHER WORDS,Words describing weather conditions or events in the sky,normal,auto_validated,unique,0.138,thunder | frost | hurricane | sunshine
wild_plants__1,wild_plants,WILD PLANTS,Plants that grow wild in fields and woods,normal,auto_validated,unique,0.316,weed | reed | Ivy | moss
wild_plants__2,wild_plants,WILD PLANTS,Plants that grow wild in fields and woods,normal,auto_validated,unique,0.342,thistle | vine | Fern | clover
wild_plants__3,wild_plants,WILD PLANTS,Plants that grow wild in fields and woods,normal,auto_validated,unique,0.366,dandelion | nettle | bracken | lichen
arctic_trek__1,arctic_trek,ARCTIC TREK,Something met crossing the frozen Arctic,normal,auto_validated,unique,0.544,permafrost | icebreaker | auroras | huskies
biomes__1,biomes,BIOMES,Major natural regions of the earth,normal,auto_validated,unique,0.309,mountain | marsh | desert | ocean
biomes__2,biomes,BIOMES,Major natural regions of the earth,normal,auto_validated,unique,0.347,prairie | rainforest | wetland | reef
biomes__3,biomes,BIOMES,Major natural regions of the earth,normal,auto_validated,unique,0.37,tundra | grassland | savanna | steppe
canyons_and_valleys__1,canyons_and_valleys,CANYONS AND VALLEYS,Famous canyons and valleys,normal,auto_validated,unique,0.364,Death Valley | Grand Canyon | Copper Canyon | Silicon Valley
canyons_and_valleys__2,canyons_and_valleys,CANYONS AND VALLEYS,Famous canyons and valleys,normal,auto_validated,unique,0.39,Bryce Canyon | Zion | Napa Valley | Rift Valley
cave_things__1,cave_things,CAVE THINGS,Things found inside a cave,normal,auto_validated,unique,0.307,chamber | column | pool | crystal
cave_things__2,cave_things,CAVE THINGS,Things found inside a cave,normal,auto_validated,unique,0.318,bat | Echo | tunnel | darkness
cave_things__3,cave_things,CAVE THINGS,Things found inside a cave,normal,auto_validated,unique,0.342,drip | fossil | moss | cavern
cloud_types__1,cloud_types,CLOUD TYPES,A named type of cloud,normal,auto_validated,unique,0.487,cumulus | cirrus | stratus | nimbus
erosion_words__1,erosion_words,EROSION WORDS,Ways water shapes the land over time,normal,auto_validated,unique,0.375,delta | flood | deposit | canyon
erosion_words__2,erosion_words,EROSION WORDS,Ways water shapes the land over time,normal,auto_validated,unique,0.402,erosion | carve | sediment | runoff
erosion_words__3,erosion_words,EROSION WORDS,Ways water shapes the land over time,normal,auto_validated,unique,0.421,silt | gully | weathering | undercut
forest_types__1,forest_types,KINDS OF FOREST,Kinds of forest and woodland,normal,auto_validated,unique,0.32,jungle | pine forest | cloud forest | old growth
forest_types__2,forest_types,KINDS OF FOREST,Kinds of forest and woodland,normal,auto_validated,unique,0.353,rainforest | deciduous | grove | woodland
forest_types__3,forest_types,KINDS OF FOREST,Kinds of forest and woodland,normal,auto_validated,unique,0.385,boreal | mangrove | thicket | taiga
national_parks_us__1,national_parks_us,NATIONAL PARKS,American national parks,normal,auto_validated,unique,0.279,glacier | Grand Canyon | Olympic | Joshua Tree
national_parks_us__2,national_parks_us,NATIONAL PARKS,American national parks,normal,auto_validated,unique,0.303,Zion | Yellowstone | Yosemite | Arches
national_parks_us__3,national_parks_us,NATIONAL PARKS,American national parks,normal,auto_validated,unique,0.321,redwood | Everglades | Badlands | Shenandoah
night_sky_things__1,night_sky_things,NIGHT SKY,Things visible in the night sky,normal,auto_validated,unique,0.21,star | moon | plane | planet
night_sky_things__2,night_sky_things,NIGHT SKY,Things visible in the night sky,normal,auto_validated,unique,0.223,cloud | satellite | shooting star | galaxy
rainforest__1,rainforest,RAINFOREST,"A plant, animal or layer of the rainforest",normal,auto_validated,unique,0.537,macaw | undergrowth | howler | liana
rock_formations__1,rock_formations,ROCK FORMATIONS,Natural rock shapes and formations,normal,auto_validated,unique,0.331,arch | cave | terrace | cliff
rock_formations__2,rock_formations,ROCK FORMATIONS,Natural rock shapes and formations,normal,auto_validated,unique,0.353,mesa | spire | boulder | pillar
rock_formations__3,rock_formations,ROCK FORMATIONS,Natural rock shapes and formations,normal,auto_validated,unique,0.379,butte | sinkhole | outcrop | monolith
seasons_fall__1,seasons_fall,FALL THINGS,Things associated with autumn,normal,auto_validated,unique,0.208,harvest | sweater | pumpkin | leaf
seasons_fall__2,seasons_fall,FALL THINGS,Things associated with autumn,normal,auto_validated,unique,0.228,squash | chestnut | apple cider | foliage
seasons_fall__3,seasons_fall,FALL THINGS,Things associated with autumn,normal,auto_validated,unique,0.238,rake | bonfire | scarecrow | acorn
seasons_spring__1,seasons_spring,SPRING THINGS,Things associated with spring,normal,auto_validated,unique,0.234,rain | robin | bee | mud
seasons_spring__2,seasons_spring,SPRING THINGS,Things associated with spring,normal,auto_validated,unique,0.243,nest | chick | bud | rainbow
seasons_spring__3,seasons_spring,SPRING THINGS,Things associated with spring,normal,auto_validated,unique,0.256,kite | lamb | umbrella | blossom
seasons_summer__1,seasons_summer,SUMMER THINGS,Things associated with summer,normal,auto_validated,unique,0.173,fan | beach | pool | camp
seasons_summer__2,seasons_summer,SUMMER THINGS,Things associated with summer,normal,auto_validated,unique,0.218,lemonade | barbecue | sandals | vacation
seasons_summer__3,seasons_summer,SUMMER THINGS,Things associated with summer,normal,auto_validated,unique,0.238,firefly | sunscreen | hammock | watermelon
seasons_winter__1,seasons_winter,WINTER THINGS,Things associated with winter,normal,auto_validated,unique,0.196,boot | snow | blanket | ski
seasons_winter__2,seasons_winter,WINTER THINGS,Things associated with winter,normal,auto_validated,unique,0.217,scarf | skate | frost | hot cocoa
seasons_winter__3,seasons_winter,WINTER THINGS,Things associated with winter,normal,auto_validated,unique,0.229,shovel | sled | fireplace | blizzard
tide_and_moon__1,tide_and_moon,MOON PHASES,Phases and states of the moon,normal,auto_validated,unique,0.293,quarter | full moon | new moon | half moon
tide_and_moon__2,tide_and_moon,MOON PHASES,Phases and states of the moon,normal,auto_validated,unique,0.322,crescent | eclipse | harvest moon | blue moon
volcano_watch__1,volcano_watch,VOLCANO WATCH,A term used describing a volcano,normal,auto_validated,unique,0.519,vent | molten | caldera | dormant
volcanoes__1,volcanoes,VOLCANOES,Famous volcanoes,normal,auto_validated,unique,0.364,Vesuvius | Fuji | St Helens | Rainier
volcanoes__2,volcanoes,VOLCANOES,Famous volcanoes,normal,auto_validated,unique,0.387,Etna | Kilauea | Mauna Loa | Stromboli
waterfalls__1,waterfalls,WATERFALLS,Famous waterfalls,normal,auto_validated,unique,0.324,Victoria | Niagara | Angel Falls | Sutherland
waterfalls__2,waterfalls,WATERFALLS,Famous waterfalls,normal,auto_validated,unique,0.377,Yosemite Falls | Multnomah | Havasu | Shoshone
wind_words__1,wind_words,WIND WORDS,Words for kinds and strengths of wind,normal,auto_validated,unique,0.274,draft | breeze | trade wind | jet stream
wind_words__2,wind_words,WIND WORDS,Words for kinds and strengths of wind,normal,auto_validated,unique,0.319,gust | gale | whirlwind | chinook
wind_words__3,wind_words,WIND WORDS,Words for kinds and strengths of wind,normal,auto_validated,unique,0.347,squall | headwind | tailwind | zephyr
world_lakes__1,world_lakes,LAKES,Well known lakes of the world,normal,auto_validated,unique,0.308,Michigan | Victoria | Superior | Great Salt Lake
world_lakes__2,world_lakes,LAKES,Well known lakes of the world,normal,auto_validated,unique,0.334,Geneva | Erie | Ontario | Crater Lake
world_lakes__3,world_lakes,LAKES,Well known lakes of the world,normal,auto_validated,unique,0.359,Tahoe | Loch Ness | Huron | Como
beetles__1,beetles,BEETLES,Kinds of beetle,normal,auto_validated,unique,0.396,june bug | click beetle | water beetle | carpet beetle
beetles__2,beetles,BEETLES,Kinds of beetle,normal,auto_validated,unique,0.422,firefly | scarab | dung beetle | stag beetle
butterfly_life__1,butterfly_life,BUTTERFLY LIFE,A stage or thing in the life of a butterfly,normal,auto_validated,unique,0.469,caterpillar | cocoon | monarch | chrysalis
frog_pond__1,frog_pond,FROG POND,A word belonging to frogs and their pond,normal,auto_validated,unique,0.531,tadpole | croak | bullfrog | amphibious
garden_bugs__1,garden_bugs,GARDEN BUGS,Small creatures found in a garden,normal,auto_validated,unique,0.323,bee | cricket | spider | snail
garden_bugs__2,garden_bugs,GARDEN BUGS,Small creatures found in a garden,normal,auto_validated,unique,0.346,ant | beetle | caterpillar | slug
garden_bugs__3,garden_bugs,GARDEN BUGS,Small creatures found in a garden,normal,auto_validated,unique,0.371,ladybug | centipede | grub | praying mantis
pine_and_cones__1,pine_and_cones,CONIFER WORDS,Words about pine trees and their cones,normal,auto_validated,unique,0.418,needle | seed | cluster | timber
pine_and_cones__2,pine_and_cones,CONIFER WORDS,Words about pine trees and their cones,normal,auto_validated,unique,0.431,bark | cone | resin | scent
pine_and_cones__3,pine_and_cones,CONIFER WORDS,Words about pine trees and their cones,normal,auto_validated,unique,0.444,spruce | fir | sap | evergreen
saltwater_fish__1,saltwater_fish,SALTWATER FISH,Fish that live in salt water,normal,auto_validated,unique,0.326,sole | tuna | cod | sea bass
saltwater_fish__2,saltwater_fish,SALTWATER FISH,Fish that live in salt water,normal,auto_validated,unique,0.376,snapper | mackerel | grouper | wahoo
saltwater_fish__3,saltwater_fish,SALTWATER FISH,Fish that live in salt water,normal,auto_validated,unique,0.391,mahi mahi | pompano | hake | bonito
wildflowers__1,wildflowers,WILDFLOWERS,Flowers that grow wild in fields and roadsides,normal,auto_validated,unique,0.352,black eyed susan | columbine | wild rose | primrose
wildflowers__2,wildflowers,WILDFLOWERS,Flowers that grow wild in fields and roadsides,normal,auto_validated,unique,0.391,aster | milkweed | indian paintbrush | trillium
at_the_harbor__1,at_the_harbor,AT THE HARBOR,A structure or vessel found in a harbour,normal,auto_validated,unique,0.344,anchor | ferry | port | dock
coral_reef__1,coral_reef,CORAL REEF,Things found on a coral reef,normal,auto_validated,unique,0.297,sponge | turtle | coral | reef shark
coral_reef__2,coral_reef,CORAL REEF,Things found on a coral reef,normal,auto_validated,unique,0.317,jellyfish | starfish | eel | algae
coral_reef__3,coral_reef,CORAL REEF,Things found on a coral reef,normal,auto_validated,unique,0.344,seahorse | urchin | anemone | grouper
deep_sea__1,deep_sea,DEEP SEA,Things found in the deep ocean,normal,auto_validated,unique,0.332,pressure | submarine | darkness | whale fall
deep_sea__2,deep_sea,DEEP SEA,Things found in the deep ocean,normal,auto_validated,unique,0.354,trench | vent | tube worm | lantern fish
diving_gear__1,diving_gear,DIVING GEAR,Equipment used for scuba diving and snorkeling,normal,auto_validated,unique,0.272,tank | hood | mask | weight belt
diving_gear__2,diving_gear,DIVING GEAR,Equipment used for scuba diving and snorkeling,normal,auto_validated,unique,0.289,gloves | compass | gauge | dive knife
diving_gear__3,diving_gear,DIVING GEAR,Equipment used for scuba diving and snorkeling,normal,auto_validated,unique,0.313,flashlight | fins | regulator | buoy
fish_species__1,fish_species,FISH,Kinds of fish an average person can name,normal,auto_validated,unique,0.207,bass | salmon | cod | trout
fish_species__2,fish_species,FISH,Kinds of fish an average person can name,normal,auto_validated,unique,0.226,tuna | catfish | herring | pike
fish_species__3,fish_species,FISH,Kinds of fish an average person can name,normal,auto_validated,unique,0.236,perch | goldfish | carp | sturgeon
harbor_things__1,harbor_things,HARBOR THINGS,Things found in a harbor or marina,normal,auto_validated,unique,0.236,rope | net | boat | warehouse
harbor_things__2,harbor_things,HARBOR THINGS,Things found in a harbor or marina,normal,auto_validated,unique,0.256,anchor | dock | pier | ramp
harbor_things__3,harbor_things,HARBOR THINGS,Things found in a harbor or marina,normal,auto_validated,unique,0.282,Lighthouse | buoy | jetty | wharf
navigation_tools__1,navigation_tools,NAVIGATION TOOLS,Tools used to find the way at sea,normal,auto_validated,unique,0.27,star | chart | map | log
navigation_tools__2,navigation_tools,NAVIGATION TOOLS,Tools used to find the way at sea,normal,auto_validated,unique,0.298,compass | radar | gps | beacon
navigation_tools__3,navigation_tools,NAVIGATION TOOLS,Tools used to find the way at sea,normal,auto_validated,unique,0.32,telescope | Lighthouse | buoy | sonar
ocean_floor__1,ocean_floor,OCEAN FLOOR,Something resting or growing on the ocean floor,normal,auto_validated,unique,0.35,coral | anchor | seaweed | reef
ocean_products__1,ocean_products,SEA HARVEST,Useful things people harvest from the sea,normal,auto_validated,unique,0.309,sand | shell | fish | salt
ocean_products__2,ocean_products,SEA HARVEST,Useful things people harvest from the sea,normal,auto_validated,unique,0.337,sponge | coral | amber | pearl
ocean_zones__1,ocean_zones,SHORE FEATURES,Features of the ocean and its shoreline,normal,auto_validated,unique,0.269,current | wave | shore | bay
ocean_zones__2,ocean_zones,SHORE FEATURES,Features of the ocean and its shoreline,normal,auto_validated,unique,0.293,cliff | surf | gulf | tide
ocean_zones__3,ocean_zones,SHORE FEATURES,Features of the ocean and its shoreline,normal,auto_validated,unique,0.31,inlet | reef | trench | cove
sea_mammals__1,sea_mammals,SEA MAMMALS,Mammals that live in the sea,normal,auto_validated,unique,0.236,seal | whale | sea lion | blue whale
sea_mammals__2,sea_mammals,SEA MAMMALS,Mammals that live in the sea,normal,auto_validated,unique,0.272,dolphin | walrus | orca | otter
sea_mammals__3,sea_mammals,SEA MAMMALS,Mammals that live in the sea,normal,auto_validated,unique,0.293,manatee | beluga | porpoise | humpback
sea_myths__1,sea_myths,SEA LEGENDS,Creatures and stories from sea legend,normal,auto_validated,unique,0.337,mermaid | sea serpent | ghost ship | sea monster
sea_myths__2,sea_myths,SEA LEGENDS,Creatures and stories from sea legend,normal,auto_validated,unique,0.366,siren | leviathan | davy jones | flying dutchman
sea_weather__1,sea_weather,SEA CONDITIONS,Words describing conditions at sea,normal,auto_validated,unique,0.311,current | calm | spray | rough
sea_weather__2,sea_weather,SEA CONDITIONS,Words describing conditions at sea,normal,auto_validated,unique,0.339,chop | fog | tide | swell
sea_weather__3,sea_weather,SEA CONDITIONS,Words describing conditions at sea,normal,auto_validated,unique,0.365,breaker | gale | squall | choppy
seabirds__1,seabirds,SEABIRDS,Birds that live along the coast or at sea,normal,auto_validated,unique,0.326,seagull | pelican | heron | booby
seabirds__2,seabirds,SEABIRDS,Birds that live along the coast or at sea,normal,auto_validated,unique,0.336,puffin | albatross | tern | osprey
seabirds__3,seabirds,SEABIRDS,Birds that live along the coast or at sea,normal,auto_validated,unique,0.356,cormorant | sandpiper | gannet | petrel
set_sail__1,set_sail,SET SAIL,A part of a sailing boat above the deck,normal,auto_validated,unique,0.475,mast | spinnaker | helm | jib
sharks_and_rays__1,sharks_and_rays,SHARKS AND RAYS,Kinds of shark and ray,normal,auto_validated,unique,0.28,great white | tiger shark | nurse shark | bull shark
sharks_and_rays__2,sharks_and_rays,SHARKS AND RAYS,Kinds of shark and ray,normal,auto_validated,unique,0.315,stingray | whale shark | mako | reef shark
shellfish__1,shellfish,SHELLFISH,Sea animals with a shell that people eat,normal,auto_validated,unique,0.258,crab | lobster | shrimp | snail
shellfish__2,shellfish,SHELLFISH,Sea animals with a shell that people eat,normal,auto_validated,unique,0.284,clam | oyster | mussel | prawn
shellfish__3,shellfish,SHELLFISH,Sea animals with a shell that people eat,normal,auto_validated,unique,0.302,barnacle | scallop | crawfish | abalone
shells__1,shells,SEASHELLS,Kinds of seashell found on a beach,normal,auto_validated,unique,0.344,clam | oyster | sand dollar | olive shell
shells__2,shells,SEASHELLS,Kinds of seashell found on a beach,normal,auto_validated,unique,0.382,mussel | nautilus | conch | auger
submarine_duty__1,submarine_duty,SUBMARINE DUTY,A word belonging to serving aboard a submarine,normal,auto_validated,unique,0.537,ballast | nautical | seabed | submerge
whale_watch__1,whale_watch,WHALE WATCH,A word belonging to whales and watching them,normal,auto_validated,unique,0.575,krill | blowhole | baleen | breaching
whaling_and_fishing__1,whaling_and_fishing,FISHING FLEET,Things used in commercial fishing,normal,auto_validated,unique,0.311,line | hold | pot | net
whaling_and_fishing__2,whaling_and_fishing,FISHING FLEET,Things used in commercial fishing,normal,auto_validated,unique,0.349,hook | trap | crate | Seine
whaling_and_fishing__3,whaling_and_fishing,FISHING FLEET,Things used in commercial fishing,normal,auto_validated,unique,0.384,buoy | harpoon | winch | dredge
artists__1,artists,FAMOUS PAINTERS,Famous painters from history,normal,auto_validated,unique,0.316,Picasso | Van Gogh | Da Vinci | Pollock
artists__2,artists,FAMOUS PAINTERS,Famous painters from history,normal,auto_validated,unique,0.323,Monet | Rembrandt | Michelangelo | Warhol
artists__3,artists,FAMOUS PAINTERS,Famous painters from history,normal,auto_validated,unique,0.336,Dali | Matisse | Renoir | Degas
authors__1,authors,FAMOUS AUTHORS,Famous authors from literature,normal,auto_validated,unique,0.3,Shakespeare | Dickens | Poe | Fitzgerald
authors__2,authors,FAMOUS AUTHORS,Famous authors from literature,normal,auto_validated,unique,0.313,Twain | Austen | Hemingway | Wilde
authors__3,authors,FAMOUS AUTHORS,Famous authors from literature,normal,auto_validated,unique,0.323,Tolkien | Orwell | Melville | Kipling
body_language__1,body_language,BODY LANGUAGE,Gestures people make with the body to communicate,normal,auto_validated,unique,0.302,wave | point | high five | cross arms
body_language__2,body_language,BODY LANGUAGE,Gestures people make with the body to communicate,normal,auto_validated,unique,0.329,bow | nod | hug | shake head
body_language__3,body_language,BODY LANGUAGE,Gestures people make with the body to communicate,normal,auto_validated,unique,0.347,clap | salute | thumbs up | fist bump
boys_names__1,boys_names,BOYS NAMES,Common first names given to boys in the United States,normal,auto_validated,unique,0.136,David | John | James | Michael
boys_names__2,boys_names,BOYS NAMES,Common first names given to boys in the United States,normal,auto_validated,unique,0.138,jack | Thomas | William | Robert
boys_names__3,boys_names,BOYS NAMES,Common first names given to boys in the United States,normal,auto_validated,unique,0.147,Daniel | Henry | Andrew | Ryan
crowd_words__1,crowd_words,AUDIENCE WORDS,Words for people watching an event,normal,auto_validated,unique,0.316,witness | guest | audience | crowd
crowd_words__2,crowd_words,AUDIENCE WORDS,Words for people watching an event,normal,auto_validated,unique,0.356,viewer | listener | patron | subscriber
emotions__1,emotions,EMOTIONS,A word naming or describing a feeling a person has,normal,auto_validated,unique,0.275,happy | angry | fear | joy
emotions__2,emotions,EMOTIONS,A word naming or describing a feeling a person has,normal,auto_validated,unique,0.281,pride | sad | surprise | worry
explorers__1,explorers,EXPLORERS,Famous explorers from history,normal,auto_validated,unique,0.277,Columbus | Hudson | Clark | Lewis
explorers__2,explorers,EXPLORERS,Famous explorers from history,normal,auto_validated,unique,0.321,Marco Polo | Livingstone | Cabot | Balboa
explorers__3,explorers,EXPLORERS,Famous explorers from history,normal,auto_validated,unique,0.342,Magellan | Cortes | Amundsen | Shackleton
facial_expressions__1,facial_expressions,FACIAL EXPRESSIONS,Expressions people make with their face,normal,auto_validated,unique,0.286,beam | smile | blink | grin
facial_expressions__2,facial_expressions,FACIAL EXPRESSIONS,Expressions people make with their face,normal,auto_validated,unique,0.31,glare | wink | blush | frown
facial_expressions__3,facial_expressions,FACIAL EXPRESSIONS,Expressions people make with their face,normal,auto_validated,unique,0.332,yawn | pout | smirk | sneer
family_members__1,family_members,FAMILY MEMBERS,Words for members of a family,normal,auto_validated,unique,0.084,child | father | brother | daughter
family_members__2,family_members,FAMILY MEMBERS,Words for members of a family,normal,auto_validated,unique,0.084,mother | sister | husband | in law
family_members__3,family_members,FAMILY MEMBERS,Words for members of a family,normal,auto_validated,unique,0.092,uncle | son | wife | parent
famous_americans__1,famous_americans,FAMOUS AMERICANS,Americans widely known from history,normal,auto_validated,unique,0.225,ford | Disney | Washington | Parks
famous_americans__2,famous_americans,FAMOUS AMERICANS,Americans widely known from history,normal,auto_validated,unique,0.236,Franklin | Lincoln | Kennedy | Wright
famous_americans__3,famous_americans,FAMOUS AMERICANS,Americans widely known from history,normal,auto_validated,unique,0.253,Armstrong | Edison | Roosevelt | Jefferson
feelings__1,feelings,FEELINGS,Words naming human emotions,normal,auto_validated,unique,0.172,happy | sad | proud | content
feelings__2,feelings,FEELINGS,Words naming human emotions,normal,auto_validated,unique,0.178,angry | excited | surprised | tired
feelings__3,feelings,FEELINGS,Words naming human emotions,normal,auto_validated,unique,0.182,calm | scared | worried | guilty
girls_names__1,girls_names,GIRLS NAMES,Common first names given to girls in the United States,normal,auto_validated,unique,0.149,Sarah | Grace | Elizabeth | Mary
girls_names__2,girls_names,GIRLS NAMES,Common first names given to girls in the United States,normal,auto_validated,unique,0.164,Charlotte | Jennifer | Susan | Emma
girls_names__3,girls_names,GIRLS NAMES,Common first names given to girls in the United States,normal,auto_validated,unique,0.168,Rachel | Madison | Linda | Emily
groups_of_people__1,groups_of_people,GROUPS OF PEOPLE,Words for gatherings of people,normal,auto_validated,unique,0.216,band | class | committee | council
groups_of_people__2,groups_of_people,GROUPS OF PEOPLE,Words for gatherings of people,normal,auto_validated,unique,0.219,cast | staff | team | audience
groups_of_people__3,groups_of_people,GROUPS OF PEOPLE,Words for gatherings of people,normal,auto_validated,unique,0.226,panel | crew | squad | crowd
hall_of_fame__1,hall_of_fame,HALL OF FAME,Who gets remembered and what marks the honour,normal,auto_validated,unique,,plaque | legend | awards | bust
inventors__1,inventors,INVENTORS,Famous inventors,normal,auto_validated,unique,0.272,ford | Franklin | bell | Wright
inventors__2,inventors,INVENTORS,Famous inventors,normal,auto_validated,unique,0.294,Tesla | diesel | Watt | Whitney
inventors__3,inventors,INVENTORS,Famous inventors,normal,auto_validated,unique,0.319,Edison | Morse | Marconi | Goodyear
life_stages__1,life_stages,STAGES OF LIFE,Words for the stages of a human life,normal,auto_validated,unique,0.17,senior | child | baby | middle age
life_stages__2,life_stages,STAGES OF LIFE,Words for the stages of a human life,normal,auto_validated,unique,0.188,kid | teenager | adult | youth
life_stages__3,life_stages,STAGES OF LIFE,Words for the stages of a human life,normal,auto_validated,unique,0.21,elder | newborn | infant | toddler
morning_routine__1,morning_routine,MORNING ROUTINE,Something a person does first thing in the morning,normal,auto_validated,unique,0.325,coffee | shower | breakfast | wake
nationalities__1,nationalities,NATIONALITIES,Words for people from a particular country,normal,auto_validated,unique,0.21,American | French | Chinese | Australian
nationalities__2,nationalities,NATIONALITIES,Words for people from a particular country,normal,auto_validated,unique,0.211,Indian | German | Japanese | Russian
nationalities__3,nationalities,NATIONALITIES,Words for people from a particular country,normal,auto_validated,unique,0.22,spanish | Italian | Canadian | Irish
nicknames__1,nicknames,NICKNAMES,Short familiar forms of common first names,normal,auto_validated,unique,0.262,bill | tom | Mike | Chris
nicknames__2,nicknames,NICKNAMES,Short familiar forms of common first names,normal,auto_validated,unique,0.268,bob | Jim | Joe | Ben
nicknames__3,nicknames,NICKNAMES,Short familiar forms of common first names,normal,auto_validated,unique,0.275,Sam | Dave | Nick | Andy
people_at_a_wedding__1,people_at_a_wedding,WEDDING PEOPLE,People with a role at a wedding,normal,auto_validated,unique,0.225,guest | photographer | best man | flower girl
people_at_a_wedding__2,people_at_a_wedding,WEDDING PEOPLE,People with a role at a wedding,normal,auto_validated,unique,0.245,DJ | bride | maid of honor | father of the bride
people_at_a_wedding__3,people_at_a_wedding,WEDDING PEOPLE,People with a role at a wedding,normal,auto_validated,unique,0.271,groom | usher | bridesmaid | ring bearer
people_in_a_story__1,people_in_a_story,STORY CHARACTERS,Character roles found in stories,normal,auto_validated,unique,0.232,witness | hero | stranger | victim
people_in_a_story__2,people_in_a_story,STORY CHARACTERS,Character roles found in stories,normal,auto_validated,unique,0.247,mentor | rival | detective | guardian
people_in_a_story__3,people_in_a_story,STORY CHARACTERS,Character roles found in stories,normal,auto_validated,unique,0.264,villain | narrator | protagonist | orphan
personality_words__1,personality_words,PERSONALITY WORDS,Words describing a person character,normal,auto_validated,unique,0.253,honest | patient | serious | funny
personality_words__2,personality_words,PERSONALITY WORDS,Words describing a person character,normal,auto_validated,unique,0.264,calm | quiet | curious | careful
personality_words__3,personality_words,PERSONALITY WORDS,Words describing a person character,normal,auto_validated,unique,0.277,bold | generous | clever | brave
relationships__1,relationships,RELATIONSHIP WORDS,Words for how people are connected to each other,normal,auto_validated,unique,0.213,host | partner | boss | friend
relationships__2,relationships,RELATIONSHIP WORDS,Words for how people are connected to each other,normal,auto_validated,unique,0.23,client | guest | rival | stranger
relationships__3,relationships,RELATIONSHIP WORDS,Words for how people are connected to each other,normal,auto_validated,unique,0.245,Ally | mentor | neighbor | colleague
scientists__1,scientists,FAMOUS SCIENTISTS,Famous scientists from history,normal,auto_validated,unique,0.297,Einstein | Newton | Darwin | Fleming
scientists__2,scientists,FAMOUS SCIENTISTS,Famous scientists from history,normal,auto_validated,unique,0.322,Galileo | Hawking | Faraday | Kepler
scientists__3,scientists,FAMOUS SCIENTISTS,Famous scientists from history,normal,auto_validated,unique,0.336,Curie | Pasteur | Copernicus | Mendel
titles_of_address__1,titles_of_address,TITLES,Titles put before a person name,normal,auto_validated,unique,0.204,coach | captain | doctor | chief
titles_of_address__2,titles_of_address,TITLES,Titles put before a person name,normal,auto_validated,unique,0.204,judge | lady | miss | lord
titles_of_address__3,titles_of_address,TITLES,Titles put before a person name,normal,auto_validated,unique,0.207,professor | officer | senator | sir
us_presidents__1,us_presidents,US PRESIDENTS,Presidents of the United States,normal,auto_validated,unique,0.208,Washington | Johnson | Grant | Obama
us_presidents__2,us_presidents,US PRESIDENTS,Presidents of the United States,normal,auto_validated,unique,0.218,Wilson | Jackson | Clinton | Bush
us_presidents__3,us_presidents,US PRESIDENTS,Presidents of the United States,normal,auto_validated,unique,0.229,Lincoln | Kennedy | Adams | Carter
antique_shop__1,antique_shop,ANTIQUE SHOP,A word belonging to old objects sold as antiques,normal,auto_validated,unique,0.525,dusty | heirloom | auction | curio
at_the_hotel__1,at_the_hotel,AT THE HOTEL,A place or service a guest meets at a hotel,normal,auto_validated,unique,0.35,checkout | lobby | reception | housekeeper
beach_day__1,beach_day,BEACH DAY,What you bring to the beach or find while you are there,normal,auto_validated,unique,,sunscreen | umbrella | towel | swimwear
canadian_places__1,canadian_places,CANADIAN PLACES,Well known places in Canada,normal,auto_validated,unique,0.32,Ottawa | Toronto | Vancouver | Montreal
canadian_places__2,canadian_places,CANADIAN PLACES,Well known places in Canada,normal,auto_validated,unique,0.335,Quebec | Calgary | Alberta | Halifax
canadian_places__3,canadian_places,CANADIAN PLACES,Well known places in Canada,normal,auto_validated,unique,0.348,Niagara | Manitoba | Winnipeg | Nova Scotia
caribbean_places__1,caribbean_places,CARIBBEAN PLACES,Islands and countries of the Caribbean,normal,auto_validated,unique,0.333,Cuba | Jamaica | Haiti | Trinidad
caribbean_places__2,caribbean_places,CARIBBEAN PLACES,Islands and countries of the Caribbean,normal,auto_validated,unique,0.347,Bermuda | Barbados | Bahamas | Saint Lucia
caribbean_places__3,caribbean_places,CARIBBEAN PLACES,Islands and countries of the Caribbean,normal,auto_validated,unique,0.368,Aruba | Dominica | Grenada | Antigua
famous_buildings__1,famous_buildings,FAMOUS BUILDINGS,Famous buildings around the world,normal,auto_validated,unique,0.286,Empire State | Sydney Opera House | Pentagon | Vatican
famous_buildings__2,famous_buildings,FAMOUS BUILDINGS,Famous buildings around the world,normal,auto_validated,unique,0.312,Louvre | Notre Dame | Kremlin | Buckingham Palace
famous_buildings__3,famous_buildings,FAMOUS BUILDINGS,Famous buildings around the world,normal,auto_validated,unique,0.336,Taj Mahal | Burj Khalifa | Guggenheim | Parthenon
farmers_market__1,farmers_market,FARMERS MARKET,Something you see at a farmers market,normal,auto_validated,unique,0.4,vendor | crate | homegrown | preserves
great_lakes_and_us_water__1,great_lakes_and_us_water,US WATERS,Famous lakes and rivers in the United States,normal,auto_validated,unique,0.306,Ohio | Colorado | Michigan | Superior
great_lakes_and_us_water__2,great_lakes_and_us_water,US WATERS,Famous lakes and rivers in the United States,normal,auto_validated,unique,0.32,Mississippi | Hudson | Missouri | Ontario
great_lakes_and_us_water__3,great_lakes_and_us_water,US WATERS,Famous lakes and rivers in the United States,normal,auto_validated,unique,0.341,Rio Grande | Erie | Potomac | Powell
high_places__1,high_places,HIGH PLACES,Places high above the ground,normal,auto_validated,unique,0.27,bridge | mountain | tower | roof
high_places__2,high_places,HIGH PLACES,Places high above the ground,normal,auto_validated,unique,0.292,crane | ladder | cliff | summit
high_places__3,high_places,HIGH PLACES,Places high above the ground,normal,auto_validated,unique,0.317,balcony | skyscraper | attic | penthouse
kinds_of_buildings__1,kinds_of_buildings,KINDS OF BUILDINGS,Kinds of building found in towns and cities,normal,auto_validated,unique,0.136,hospital | church | house | Hotel
kinds_of_buildings__2,kinds_of_buildings,KINDS OF BUILDINGS,Kinds of building found in towns and cities,normal,auto_validated,unique,0.141,school | library | museum | apartment
kinds_of_buildings__3,kinds_of_buildings,KINDS OF BUILDINGS,Kinds of building found in towns and cities,normal,auto_validated,unique,0.151,factory | stadium | tower | castle
middle_east_places__1,middle_east_places,MIDDLE EAST,Countries and cities of the Middle East,normal,auto_validated,unique,0.303,Israel | Iran | Jordan | Iraq
middle_east_places__2,middle_east_places,MIDDLE EAST,Countries and cities of the Middle East,normal,auto_validated,unique,0.322,Lebanon | Syria | Yemen | Jerusalem
middle_east_places__3,middle_east_places,MIDDLE EAST,Countries and cities of the Middle East,normal,auto_validated,unique,0.34,Qatar | Kuwait | Baghdad | Tehran
oceania_places__1,oceania_places,OCEANIA PLACES,Countries and islands of Oceania,normal,auto_validated,unique,0.359,Australia | Fiji | New Zealand | Solomon Islands
oceania_places__2,oceania_places,OCEANIA PLACES,Countries and islands of Oceania,normal,auto_validated,unique,0.397,Samoa | Tonga | Papua New Guinea | Guam
oceania_places__3,oceania_places,OCEANIA PLACES,Countries and islands of Oceania,normal,auto_validated,unique,0.417,Tahiti | Vanuatu | Palau | Micronesia
places_to_eat__1,places_to_eat,PLACES TO EAT,Places where people go to eat a meal,normal,auto_validated,unique,0.148,restaurant | food truck | pub | drive through
places_to_eat__2,places_to_eat,PLACES TO EAT,Places where people go to eat a meal,normal,auto_validated,unique,0.178,grill | bakery | cafe | snack bar
places_to_eat__3,places_to_eat,PLACES TO EAT,Places where people go to eat a meal,normal,auto_validated,unique,0.193,buffet | cafeteria | diner | tavern
places_with_animals__1,places_with_animals,PLACES WITH ANIMALS,Places where animals are kept or seen,normal,auto_validated,unique,0.228,stable | farm | shelter | pet store
places_with_animals__2,places_with_animals,PLACES WITH ANIMALS,Places where animals are kept or seen,normal,auto_validated,unique,0.246,barn | zoo | ranch | sanctuary
places_with_animals__3,places_with_animals,PLACES WITH ANIMALS,Places where animals are kept or seen,normal,auto_validated,unique,0.262,hive | aquarium | reef | safari
places_you_sleep__1,places_you_sleep,SLEEPING PLACES,Places where people sleep away from home,normal,auto_validated,unique,0.23,cabin | lodge | Hotel | guest room
places_you_sleep__2,places_you_sleep,SLEEPING PLACES,Places where people sleep away from home,normal,auto_validated,unique,0.25,tent | cottage | motel | inn
places_you_sleep__3,places_you_sleep,SLEEPING PLACES,Places where people sleep away from home,normal,auto_validated,unique,0.27,dorm | hostel | camper | sleeper car
rooms_in_public_buildings__1,rooms_in_public_buildings,PUBLIC ROOMS,Rooms found in public buildings,normal,auto_validated,unique,0.264,gallery | waiting room | office | hall
rooms_in_public_buildings__2,rooms_in_public_buildings,PUBLIC ROOMS,Rooms found in public buildings,normal,auto_validated,unique,0.297,chapel | elevator | lobby | corridor
rooms_in_public_buildings__3,rooms_in_public_buildings,PUBLIC ROOMS,Rooms found in public buildings,normal,auto_validated,unique,0.318,cafeteria | auditorium | ballroom | restroom
seas_and_oceans__1,seas_and_oceans,SEAS,Named seas of the world,normal,auto_validated,unique,0.251,Red Sea | Black Sea | North Sea | Dead Sea
seas_and_oceans__2,seas_and_oceans,SEAS,Named seas of the world,normal,auto_validated,unique,0.282,mediterranean | Caribbean | Coral Sea | Yellow Sea
seas_and_oceans__3,seas_and_oceans,SEAS,Named seas of the world,normal,auto_validated,unique,0.317,Baltic | Adriatic | Caspian | Arabian Sea
state_capitals__1,state_capitals,STATE CAPITALS,Capital cities of American states,normal,auto_validated,unique,0.269,Boston | Atlanta | Austin | Lincoln
state_capitals__2,state_capitals,STATE CAPITALS,Capital cities of American states,normal,auto_validated,unique,0.279,phoenix | Richmond | Denver | Madison
state_capitals__3,state_capitals,STATE CAPITALS,Capital cities of American states,normal,auto_validated,unique,0.29,Albany | Sacramento | Columbus | Nashville
streets_and_roads__1,streets_and_roads,KINDS OF ROADS,Kinds of road and pathway,normal,auto_validated,unique,0.214,street | route | path | road
streets_and_roads__2,streets_and_roads,KINDS OF ROADS,Kinds of road and pathway,normal,auto_validated,unique,0.227,avenue | trail | highway | lane
streets_and_roads__3,streets_and_roads,KINDS OF ROADS,Kinds of road and pathway,normal,auto_validated,unique,0.257,alley | boulevard | driveway | bypass
supermarket__1,supermarket,SUPERMARKET,A fixture or worker found in a supermarket,normal,auto_validated,unique,0.375,cart | aisle | trolley | grocer
underground_places__1,underground_places,UNDERGROUND PLACES,Places that are below ground level,normal,auto_validated,unique,0.271,cave | basement | tunnel | mine
underground_places__2,underground_places,UNDERGROUND PLACES,Places that are below ground level,normal,auto_validated,unique,0.293,bunker | Subway | sewer | parking garage
underground_places__3,underground_places,UNDERGROUND PLACES,Places that are below ground level,normal,auto_validated,unique,0.309,burrow | cellar | dungeon | root cellar
us_landmarks__1,us_landmarks,US LANDMARKS,Famous landmarks in the United States,normal,auto_validated,unique,0.216,Golden Gate | White House | Times Square | Hollywood
us_landmarks__2,us_landmarks,US LANDMARKS,Famous landmarks in the United States,normal,auto_validated,unique,0.241,Statue of Liberty | Space Needle | Grand Canyon | Liberty Bell
us_landmarks__3,us_landmarks,US LANDMARKS,Famous landmarks in the United States,normal,auto_validated,unique,0.265,Yellowstone | Yosemite | Niagara Falls | Gateway Arch
world_cities__1,world_cities,WORLD CITIES,Large well known cities around the world,normal,auto_validated,unique,0.221,Manchester | London | Sydney | Toronto
world_cities__2,world_cities,WORLD CITIES,Large well known cities around the world,normal,auto_validated,unique,0.229,Barcelona | Paris | Vancouver | Melbourne
world_cities__3,world_cities,WORLD CITIES,Large well known cities around the world,normal,auto_validated,unique,0.239,Milan | Geneva | Shanghai | Dubai
world_mountains__1,world_mountains,FAMOUS MOUNTAINS,Famous individual mountains,normal,auto_validated,unique,0.308,Alps | Andes | Rockies | Whitney
world_mountains__2,world_mountains,FAMOUS MOUNTAINS,Famous individual mountains,normal,auto_validated,unique,0.354,Olympus | Fuji | Rainier | Everest
world_mountains__3,world_mountains,FAMOUS MOUNTAINS,Famous individual mountains,normal,auto_validated,unique,0.373,Vesuvius | Etna | Kilimanjaro | Shasta
world_rivers__1,world_rivers,WORLD RIVERS,Major rivers outside the United States,normal,auto_validated,unique,0.287,Amazon | Thames | Congo | Po
world_rivers__2,world_rivers,WORLD RIVERS,Major rivers outside the United States,normal,auto_validated,unique,0.318,Nile | Rhine | Seine | Mekong
world_rivers__3,world_rivers,WORLD RIVERS,Major rivers outside the United States,normal,auto_validated,unique,0.331,Danube | Ganges | Euphrates | Tigris
zoo_visit__1,zoo_visit,ZOO VISIT,"A person, place or activity at a zoo",normal,auto_validated,unique,0.406,zookeeper | enclosure | feeding | petting
cactus_and_succulents__1,cactus_and_succulents,CACTUS AND SUCCULENTS,Desert plants that store water in thick leaves or stems,normal,auto_validated,unique,0.356,jade | cactus | barrel cactus | hens and chicks
cactus_and_succulents__2,cactus_and_succulents,CACTUS AND SUCCULENTS,Desert plants that store water in thick leaves or stems,normal,auto_validated,unique,0.38,aloe | agave | prickly pear | yucca
crops__1,crops,FARM CROPS,Plants grown on farms for food or material,normal,auto_validated,unique,0.195,cotton | corn | potato | rice
crops__2,crops,FARM CROPS,Plants grown on farms for food or material,normal,auto_validated,unique,0.213,hay | peanut | wheat | rye
crops__3,crops,FARM CROPS,Plants grown on farms for food or material,normal,auto_validated,unique,0.237,barley | soybean | sunflower | flax
evergreens__1,evergreens,EVERGREEN TREES,Trees that keep their leaves or needles all year,normal,auto_validated,unique,0.302,laurel | pine | cedar | holly
evergreens__2,evergreens,EVERGREEN TREES,Trees that keep their leaves or needles all year,normal,auto_validated,unique,0.325,spruce | fir | cypress | yew
evergreens__3,evergreens,EVERGREEN TREES,Trees that keep their leaves or needles all year,normal,auto_validated,unique,0.332,hemlock | redwood | magnolia | juniper
fruit_trees__1,fruit_trees,FRUIT TREES,Trees grown for their edible fruit,normal,auto_validated,unique,0.236,apple | orange | olive | cherry
fruit_trees__2,fruit_trees,FRUIT TREES,Trees grown for their edible fruit,normal,auto_validated,unique,0.252,banana | lemon | coconut | fig
garden_center__1,garden_center,GARDEN CENTER,What a garden center sells or what you buy there,normal,auto_validated,unique,,soil | seedling | houseplants | flowers
garden_flowers_spring__1,garden_flowers_spring,SPRING FLOWERS,Flowers that bloom in spring,normal,auto_validated,unique,0.32,iris | tulip | magnolia | cherry blossom
garden_flowers_spring__2,garden_flowers_spring,SPRING FLOWERS,Flowers that bloom in spring,normal,auto_validated,unique,0.338,pansy | lilac | azalea | primrose
garden_flowers_spring__3,garden_flowers_spring,SPRING FLOWERS,Flowers that bloom in spring,normal,auto_validated,unique,0.354,daffodil | hyacinth | crocus | bluebell
garden_flowers_summer__1,garden_flowers_summer,SUMMER FLOWERS,Flowers that bloom in summer,normal,auto_validated,unique,0.292,rose | Lily | Daisy | black eyed susan
garden_flowers_summer__2,garden_flowers_summer,SUMMER FLOWERS,Flowers that bloom in summer,normal,auto_validated,unique,0.325,lavender | sunflower | dahlia | cosmos
garden_flowers_summer__3,garden_flowers_summer,SUMMER FLOWERS,Flowers that bloom in summer,normal,auto_validated,unique,0.352,snapdragon | marigold | petunia | geranium
garden_in_bloom__1,garden_in_bloom,GARDEN IN BLOOM,A word belonging to a garden in bloom,normal,auto_validated,unique,0.344,blossom | garden | bud | bloom
gardening_words__1,gardening_words,GARDENING WORDS,Words used when growing a garden,normal,auto_validated,unique,0.218,water | pot | bed | row
gardening_words__2,gardening_words,GARDENING WORDS,Words used when growing a garden,normal,auto_validated,unique,0.234,weed | seed | shade | soil
gardening_words__3,gardening_words,GARDENING WORDS,Words used when growing a garden,normal,auto_validated,unique,0.253,harvest | hose | greenhouse | sunlight
grasses__1,grasses,GRASSES,Kinds of grass and grain plants,normal,auto_validated,unique,0.324,corn | rice | wheat | reed
grasses__2,grasses,GRASSES,Kinds of grass and grain plants,normal,auto_validated,unique,0.351,barley | rye | Bermuda | bamboo
herbs__1,herbs,COOKING HERBS,Leafy plants grown to flavor food,normal,auto_validated,unique,0.252,mint | sage | basil | bay
herbs__2,herbs,COOKING HERBS,Leafy plants grown to flavor food,normal,auto_validated,unique,0.279,lavender | parsley | rosemary | dill
houseplants__1,houseplants,HOUSEPLANTS,Plants commonly kept indoors in pots,normal,auto_validated,unique,0.246,palm | spider plant | snake plant | rubber plant
houseplants__2,houseplants,HOUSEPLANTS,Plants commonly kept indoors in pots,normal,auto_validated,unique,0.259,jade | Ivy | Violet | peace lily
houseplants__3,houseplants,HOUSEPLANTS,Plants commonly kept indoors in pots,normal,auto_validated,unique,0.277,cactus | Fern | orchid | bamboo
kinds_of_plants__1,kinds_of_plants,KINDS OF PLANTS,A broad kind of plant that grows from the ground,normal,auto_validated,unique,0.219,tree | flower | grass | Bush
leaf_shapes__1,leaf_shapes,LEAF WORDS,Words describing leaves and how they grow,normal,auto_validated,unique,0.376,needle | bud | stem | blade
leaf_shapes__2,leaf_shapes,LEAF WORDS,Words describing leaves and how they grow,normal,auto_validated,unique,0.401,vein | stalk | evergreen | canopy
leaf_shapes__3,leaf_shapes,LEAF WORDS,Words describing leaves and how they grow,normal,auto_validated,unique,0.414,sprout | foliage | deciduous | lobe
mushroom_types__1,mushroom_types,MUSHROOM TYPES,Kinds of edible and wild mushrooms,normal,auto_validated,unique,0.384,oyster | truffle | portobello | morel
plant_parts__1,plant_parts,PLANT PARTS,Parts of a growing plant,normal,auto_validated,unique,0.189,seed | fruit | flower | root
plant_parts__2,plant_parts,PLANT PARTS,Parts of a growing plant,normal,auto_validated,unique,0.202,leaf | bud | stem | node
plant_parts__3,plant_parts,PLANT PARTS,Parts of a growing plant,normal,auto_validated,unique,0.222,bark | thorn | vine | pollen
poisonous_plants__1,poisonous_plants,POISONOUS PLANTS,Plants that are dangerous to touch or eat,normal,auto_validated,unique,0.351,poison ivy | poison oak | holly berry | castor bean
poisonous_plants__2,poisonous_plants,POISONOUS PLANTS,Plants that are dangerous to touch or eat,normal,auto_validated,unique,0.381,hemlock | yew | nightshade | mistletoe
seeds_and_bulbs__1,seeds_and_bulbs,SEEDS AND BULBS,Plant parts you put in the ground to grow a new plant,normal,auto_validated,unique,0.287,seed | bulb | pit | cutting
seeds_and_bulbs__2,seeds_and_bulbs,SEEDS AND BULBS,Plant parts you put in the ground to grow a new plant,normal,auto_validated,unique,0.329,acorn | sprout | kernel | spore
seeds_and_bulbs__3,seeds_and_bulbs,SEEDS AND BULBS,Plant parts you put in the ground to grow a new plant,normal,auto_validated,unique,0.349,clove | seedling | sapling | tuber
shrubs__1,shrubs,SHRUBS AND BUSHES,Woody plants smaller than a tree,normal,auto_validated,unique,0.337,rose | juniper | holly | hedge
shrubs__2,shrubs,SHRUBS AND BUSHES,Woody plants smaller than a tree,normal,auto_validated,unique,0.383,lilac | azalea | hydrangea | rhododendron
tropical_plants__1,tropical_plants,TROPICAL PLANTS,Plants that grow in tropical climates,normal,auto_validated,unique,0.283,palm | banana | coffee | rubber tree
tropical_plants__2,tropical_plants,TROPICAL PLANTS,Plants that grow in tropical climates,normal,auto_validated,unique,0.318,cocoa | Fern | orchid | bamboo
tropical_plants__3,tropical_plants,TROPICAL PLANTS,Plants that grow in tropical climates,normal,auto_validated,unique,0.346,papaya | banyan | mangrove | hibiscus
vines__1,vines,VINES AND CLIMBERS,Plants that climb or trail along a surface,normal,auto_validated,unique,0.33,bean | Ivy | morning glory | passion flower
vines__2,vines,VINES AND CLIMBERS,Plants that climb or trail along a surface,normal,auto_validated,unique,0.346,grape | pea | pumpkin | Jasmine
vines__3,vines,VINES AND CLIMBERS,Plants that climb or trail along a surface,normal,auto_validated,unique,0.373,cucumber | wisteria | honeysuckle | hops
water_plants__1,water_plants,WATER PLANTS,Plants that grow in or on water,normal,auto_validated,unique,0.3,reed | moss | lily pad | water lily
water_plants__2,water_plants,WATER PLANTS,Plants that grow in or on water,normal,auto_validated,unique,0.324,papyrus | seaweed | algae | lotus
weeds__1,weeds,WEEDS,Unwanted plants that grow in lawns and gardens,normal,auto_validated,unique,0.309,Ivy | moss | clover | poison ivy
weeds__2,weeds,WEEDS,Unwanted plants that grow in lawns and gardens,normal,auto_validated,unique,0.342,thistle | plantain | dandelion | nettle
black_things__1,black_things,BLACK THINGS,Everyday things that are typically black in color,normal,auto_validated,unique,0.249,oil | night | coal | Shadow
black_things__2,black_things,BLACK THINGS,Everyday things that are typically black in color,normal,auto_validated,unique,0.27,bat | olive | ink | piano key
black_things__3,black_things,BLACK THINGS,Everyday things that are typically black in color,normal,auto_validated,unique,0.283,crow | raven | pupil | tire
cold_things__1,cold_things,COLD THINGS,Things that are cold by their physical nature,normal,auto_validated,unique,0.239,snow | ice | ice cream | chill
cold_things__2,cold_things,COLD THINGS,Things that are cold by their physical nature,normal,auto_validated,unique,0.269,hail | freezer | frost | ice cube
cold_things__3,cold_things,COLD THINGS,Things that are cold by their physical nature,normal,auto_validated,unique,0.285,glacier | refrigerator | iceberg | snowball
colors__1,colors,COLORS,Basic color names used in everyday English,normal,auto_validated,unique,0.065,black | gold | blue | Brown
colors__2,colors,COLORS,Basic color names used in everyday English,normal,auto_validated,unique,0.066,green | white | silver | red
colors__3,colors,COLORS,Basic color names used in everyday English,normal,auto_validated,unique,0.077,orange | navy | yellow | pink
fast_things__1,fast_things,FAST THINGS,Things known for moving very fast,normal,auto_validated,unique,0.278,jet | wind | rocket | race car
fast_things__2,fast_things,FAST THINGS,Things known for moving very fast,normal,auto_validated,unique,0.295,arrow | bullet | lightning | motorcycle
fast_things__3,fast_things,FAST THINGS,Things known for moving very fast,normal,auto_validated,unique,0.317,falcon | comet | hare | torpedo
green_things__1,green_things,GREEN THINGS,Everyday things that are typically green in color,normal,auto_validated,unique,0.272,mint | turtle | leaf | grass
green_things__2,green_things,GREEN THINGS,Everyday things that are typically green in color,normal,auto_validated,unique,0.284,frog | emerald | lime | moss
hard_things__1,hard_things,HARD THINGS,Things that feel hard and solid to the touch,normal,auto_validated,unique,0.266,rock | ice | metal | glass
hard_things__2,hard_things,HARD THINGS,Things that feel hard and solid to the touch,normal,auto_validated,unique,0.274,iron | wood | bone | steel
hard_things__3,hard_things,HARD THINGS,Things that feel hard and solid to the touch,normal,auto_validated,unique,0.287,diamond | shell | concrete | brick
heavy_things__1,heavy_things,HEAVY THINGS,Things that are hard to lift because of their weight,normal,auto_validated,unique,0.28,piano | engine | truck | safe
heavy_things__2,heavy_things,HEAVY THINGS,Things that are hard to lift because of their weight,normal,auto_validated,unique,0.305,elephant | cannon | anchor | statue
heavy_things__3,heavy_things,HEAVY THINGS,Things that are hard to lift because of their weight,normal,auto_validated,unique,0.317,whale | tractor | refrigerator | boulder
hot_things__1,hot_things,HOT THINGS,Things that are hot by their physical nature,normal,auto_validated,unique,0.228,iron | fire | engine | sun
hot_things__2,hot_things,HOT THINGS,Things that are hot by their physical nature,normal,auto_validated,unique,0.252,steam | candle | oven | coal
hot_things__3,hot_things,HOT THINGS,Things that are hot by their physical nature,normal,auto_validated,unique,0.273,lava | stove | torch | boiling water
light_things__1,light_things,LIGHT THINGS,Things that weigh almost nothing,normal,auto_validated,unique,0.281,dust | hair | thread | paper
light_things__2,light_things,LIGHT THINGS,Things that weigh almost nothing,normal,auto_validated,unique,0.295,tissue | seed | cotton | leaf
long_thin_things__1,long_thin_things,THIN THINGS,Everyday things that are long and thin,normal,auto_validated,unique,0.283,snake | hair | wire | pole
long_thin_things__2,long_thin_things,THIN THINGS,Everyday things that are long and thin,normal,auto_validated,unique,0.3,needle | pencil | rope | arrow
long_thin_things__3,long_thin_things,THIN THINGS,Everyday things that are long and thin,normal,auto_validated,unique,0.31,ribbon | ruler | worm | cane
loud_things__1,loud_things,LOUD THINGS,Things that make a loud noise,normal,auto_validated,unique,0.281,bell | speaker | alarm | crowd
loud_things__2,loud_things,LOUD THINGS,Things that make a loud noise,normal,auto_validated,unique,0.294,horn | thunder | jet | explosion
loud_things__3,loud_things,LOUD THINGS,Things that make a loud noise,normal,auto_validated,unique,0.306,whistle | drum | gunshot | motorcycle
quiet_things__1,quiet_things,QUIET THINGS,Things that make almost no sound,normal,auto_validated,unique,0.309,snow | sleep | cat | library
quiet_things__2,quiet_things,QUIET THINGS,Things that make almost no sound,normal,auto_validated,unique,0.326,silk | cloud | Shadow | breath
quiet_things__3,quiet_things,QUIET THINGS,Things that make almost no sound,normal,auto_validated,unique,0.354,whisper | moth | feather | breeze
red_things__1,red_things,RED THINGS,Everyday things that are typically red in color,normal,auto_validated,unique,0.242,apple | rose | blood | stop sign
red_things__2,red_things,RED THINGS,Everyday things that are typically red in color,normal,auto_validated,unique,0.266,cherry | brick | fire truck | flame
red_things__3,red_things,RED THINGS,Everyday things that are typically red in color,normal,auto_validated,unique,0.28,cardinal | barn | ruby | tomato
round_things__1,round_things,ROUND THINGS,Everyday objects whose normal shape is round or circular,normal,auto_validated,unique,0.244,apple | moon | ring | ball
round_things__2,round_things,ROUND THINGS,Everyday objects whose normal shape is round or circular,normal,auto_validated,unique,0.254,orange | plate | button | wheel
round_things__3,round_things,ROUND THINGS,Everyday objects whose normal shape is round or circular,normal,auto_validated,unique,0.263,coin | globe | clock | pizza
shiny_things__1,shiny_things,SHINY THINGS,Things that reflect light and look shiny,normal,auto_validated,unique,0.266,star | ice | glass | gold
shiny_things__2,shiny_things,SHINY THINGS,Things that reflect light and look shiny,normal,auto_validated,unique,0.281,diamond | polish | mirror | silver
shiny_things__3,shiny_things,SHINY THINGS,Things that reflect light and look shiny,normal,auto_validated,unique,0.301,coin | blade | chrome | foil
slow_things__1,slow_things,SLOW THINGS,Things known for moving very slowly,normal,auto_validated,unique,0.294,turtle | tractor | traffic | parade
slow_things__2,slow_things,SLOW THINGS,Things known for moving very slowly,normal,auto_validated,unique,0.318,caterpillar | snail | glacier | worm
slow_things__3,slow_things,SLOW THINGS,Things known for moving very slowly,normal,auto_validated,unique,0.336,sloth | tortoise | slug | molasses
smelly_things__1,smelly_things,SMELLY THINGS,Things with a very strong smell,normal,auto_validated,unique,0.321,fish | smoke | cheese | garlic
smelly_things__2,smelly_things,SMELLY THINGS,Things with a very strong smell,normal,auto_validated,unique,0.35,onion | vinegar | gasoline | perfume
smelly_things__3,smelly_things,SMELLY THINGS,Things with a very strong smell,normal,auto_validated,unique,0.369,bleach | ammonia | manure | incense
soft_things__1,soft_things,SOFT THINGS,Things that feel soft to the touch,normal,auto_validated,unique,0.288,sand | cotton | silk | cloud
soft_things__2,soft_things,SOFT THINGS,Things that feel soft to the touch,normal,auto_validated,unique,0.302,fur | wool | pillow | blanket
soft_things__3,soft_things,SOFT THINGS,Things that feel soft to the touch,normal,auto_validated,unique,0.308,teddy bear | foam | moss | dough
square_things__1,square_things,SQUARE THINGS,Everyday things shaped like a square,normal,auto_validated,unique,0.277,box | window | brick | picture frame
square_things__2,square_things,SQUARE THINGS,Everyday things shaped like a square,normal,auto_validated,unique,0.304,stamp | envelope | sticky note | keyboard key
square_things__3,square_things,SQUARE THINGS,Everyday things shaped like a square,normal,auto_validated,unique,0.336,tile | napkin | waffle | checkerboard
sticky_things__1,sticky_things,STICKY THINGS,Substances that stick to whatever they touch,normal,auto_validated,unique,0.292,gum | tape | honey | jam
sticky_things__2,sticky_things,STICKY THINGS,Substances that stick to whatever they touch,normal,auto_validated,unique,0.308,wax | glue | syrup | paste
sticky_things__3,sticky_things,STICKY THINGS,Substances that stick to whatever they touch,normal,auto_validated,unique,0.319,caramel | sap | resin | tar
striped_things__1,striped_things,STRIPED THINGS,Things that normally have stripes,normal,auto_validated,unique,0.322,tiger | flag | road | prison uniform
striped_things__2,striped_things,STRIPED THINGS,Things that normally have stripes,normal,auto_validated,unique,0.348,bee | ribbon | barber pole | referee shirt
striped_things__3,striped_things,STRIPED THINGS,Things that normally have stripes,normal,auto_validated,unique,0.374,skunk | zebra | candy cane | awning
things_that_are_sharp__1,things_that_are_sharp,POINTED THINGS,Things that come to a sharp point,normal,auto_validated,unique,0.293,nail | pin | spike | sword
things_that_are_sharp__2,things_that_are_sharp,POINTED THINGS,Things that come to a sharp point,normal,auto_validated,unique,0.303,needle | pencil | cone | arrow
things_that_are_sharp__3,things_that_are_sharp,POINTED THINGS,Things that come to a sharp point,normal,auto_validated,unique,0.319,dart | claw | thorn | spear
things_that_break__1,things_that_break,FRAGILE THINGS,Things that break easily when dropped,normal,auto_validated,unique,0.27,ice | glass | mirror | China
things_that_break__2,things_that_break,FRAGILE THINGS,Things that break easily when dropped,normal,auto_validated,unique,0.299,chalk | shell | pottery | egg
things_that_break__3,things_that_break,FRAGILE THINGS,Things that break easily when dropped,normal,auto_validated,unique,0.322,vase | ornament | bulb | porcelain
things_that_float__1,things_that_float,FLOATING THINGS,Things that float on water,normal,auto_validated,unique,0.275,duck | wood | ice | boat
things_that_float__2,things_that_float,FLOATING THINGS,Things that float on water,normal,auto_validated,unique,0.302,balloon | bubble | leaf | life vest
things_that_float__3,things_that_float,FLOATING THINGS,Things that float on water,normal,auto_validated,unique,0.314,feather | cork | foam | lily pad
things_that_shrink__1,things_that_shrink,SHRINKING THINGS,Things that get smaller over time or with heat,normal,auto_validated,unique,0.358,ice | savings | battery | Shadow
things_that_shrink__2,things_that_shrink,SHRINKING THINGS,Things that get smaller over time or with heat,normal,auto_validated,unique,0.383,pencil | candle | balloon | soap
things_that_shrink__3,things_that_shrink,SHRINKING THINGS,Things that get smaller over time or with heat,normal,auto_validated,unique,0.4,sponge | sweater | glacier | puddle
things_that_stretch__1,things_that_stretch,STRETCHY THINGS,Things that stretch when pulled,normal,auto_validated,unique,0.318,spring | skin | rubber band | muscle
things_that_stretch__2,things_that_stretch,STRETCHY THINGS,Things that stretch when pulled,normal,auto_validated,unique,0.349,gum | balloon | dough | elastic
things_that_stretch__3,things_that_stretch,STRETCHY THINGS,Things that stretch when pulled,normal,auto_validated,unique,0.382,sock | spandex | waistband | bungee cord
things_with_holes__1,things_with_holes,THINGS WITH HOLES,Everyday things that have holes in them,normal,auto_validated,unique,0.279,button | belt | net | golf course
things_with_holes__2,things_with_holes,THINGS WITH HOLES,Everyday things that have holes in them,normal,auto_validated,unique,0.307,needle | whistle | sock | swiss cheese
things_with_holes__3,things_with_holes,THINGS WITH HOLES,Everyday things that have holes in them,normal,auto_validated,unique,0.325,sponge | flute | waffle | donut
transparent_things__1,transparent_things,CLEAR THINGS,Things you can see through,normal,auto_validated,unique,0.266,water | ice | glass | air
transparent_things__2,transparent_things,CLEAR THINGS,Things you can see through,normal,auto_validated,unique,0.279,screen | bubble | window | crystal
transparent_things__3,transparent_things,CLEAR THINGS,Things you can see through,normal,auto_validated,unique,0.308,lens | veil | aquarium | plastic wrap
white_things__1,white_things,WHITE THINGS,Everyday things that are typically white in color,normal,auto_validated,unique,0.247,snow | paper | milk | sugar
white_things__2,white_things,WHITE THINGS,Everyday things that are typically white in color,normal,auto_validated,unique,0.255,rice | salt | bone | cloud
white_things__3,white_things,WHITE THINGS,Everyday things that are typically white in color,normal,auto_validated,unique,0.264,sheet | cotton | pearl | ghost
yellow_things__1,yellow_things,YELLOW THINGS,Everyday things that are typically yellow in color,normal,auto_validated,unique,0.244,cheese | sun | gold | school bus
yellow_things__2,yellow_things,YELLOW THINGS,Everyday things that are typically yellow in color,normal,auto_validated,unique,0.265,honey | corn | butter | taxi
yellow_things__3,yellow_things,YELLOW THINGS,Everyday things that are typically yellow in color,normal,auto_validated,unique,0.278,bee | mustard | banana | lemon
bible_figures__1,bible_figures,BIBLE FIGURES,People from Bible stories,normal,auto_validated,unique,0.241,David | Paul | Peter | Job
bible_figures__2,bible_figures,BIBLE FIGURES,People from Bible stories,normal,auto_validated,unique,0.252,Daniel | Adam | Mary | Joseph
bible_figures__3,bible_figures,BIBLE FIGURES,People from Bible stories,normal,auto_validated,unique,0.272,Ruth | Eve | Jacob | Abraham
ceremonies__1,ceremonies,RELIGIOUS CEREMONIES,Ceremonies performed in religious life,normal,auto_validated,unique,0.262,wedding | funeral | prayer | mass
ceremonies__2,ceremonies,RELIGIOUS CEREMONIES,Ceremonies performed in religious life,normal,auto_validated,unique,0.293,communion | confirmation | blessing | sermon
ceremonies__3,ceremonies,RELIGIOUS CEREMONIES,Ceremonies performed in religious life,normal,auto_validated,unique,0.307,baptism | ordination | pilgrimage | procession
church_things__1,church_things,CHURCH THINGS,Things found inside a church,normal,auto_validated,unique,0.227,bell | cross | offering plate | icon
church_things__2,church_things,CHURCH THINGS,Things found inside a church,normal,auto_validated,unique,0.25,organ | candle | choir | altar
church_things__3,church_things,CHURCH THINGS,Things found inside a church,normal,auto_validated,unique,0.259,aisle | robe | font | stained glass
heaven_and_afterlife__1,heaven_and_afterlife,AFTERLIFE WORDS,Words about what religions say comes after death,normal,auto_validated,unique,0.3,Spirit | soul | angel | heaven
heaven_and_afterlife__2,heaven_and_afterlife,AFTERLIFE WORDS,Words about what religions say comes after death,normal,auto_validated,unique,0.325,paradise | eternity | judgment | salvation
heaven_and_afterlife__3,heaven_and_afterlife,AFTERLIFE WORDS,Words about what religions say comes after death,normal,auto_validated,unique,0.347,resurrection | ancestor | immortality | nirvana
monastery_life__1,monastery_life,MONASTERY THINGS,Things found in a monastery,normal,auto_validated,unique,0.348,bell | library | silence | garden
monastery_life__2,monastery_life,MONASTERY THINGS,Things found in a monastery,normal,auto_validated,unique,0.384,courtyard | chapel | vow | manuscript
places_of_worship__1,places_of_worship,PLACES OF WORSHIP,Buildings where people gather to worship,normal,auto_validated,unique,0.226,temple | church | chapel | cathedral
places_of_worship__2,places_of_worship,PLACES OF WORSHIP,Buildings where people gather to worship,normal,auto_validated,unique,0.247,sanctuary | mosque | shrine | abbey
places_of_worship__3,places_of_worship,PLACES OF WORSHIP,Buildings where people gather to worship,normal,auto_validated,unique,0.265,monastery | synagogue | basilica | convent
prayer_words__1,prayer_words,PRAYER WORDS,Words used in prayer and worship,normal,auto_validated,unique,0.303,Grace | Faith | praise | offering
prayer_words__2,prayer_words,PRAYER WORDS,Words used in prayer and worship,normal,auto_validated,unique,0.332,chant | blessing | amen | meditation
prayer_words__3,prayer_words,PRAYER WORDS,Words used in prayer and worship,normal,auto_validated,unique,0.344,hymn | sermon | psalm | vow
religious_books__1,religious_books,SACRED TEXTS,Sacred books of world religions,normal,auto_validated,unique,0.275,gospel | Genesis | Exodus | Bible
religious_books__2,religious_books,SACRED TEXTS,Sacred books of world religions,normal,auto_validated,unique,0.306,Psalms | Quran | Torah | Talmud
religious_books__3,religious_books,SACRED TEXTS,Sacred books of world religions,normal,auto_validated,unique,0.332,Vedas | Sutra | Gita | Avesta
religious_holidays__1,religious_holidays,RELIGIOUS HOLIDAYS,Holidays with religious origins,normal,auto_validated,unique,0.226,Christmas | Easter | Good Friday | Palm Sunday
religious_holidays__2,religious_holidays,RELIGIOUS HOLIDAYS,Holidays with religious origins,normal,auto_validated,unique,0.268,Ramadan | Eid | Lent | Advent
religious_holidays__3,religious_holidays,RELIGIOUS HOLIDAYS,Holidays with religious origins,normal,auto_validated,unique,0.286,Diwali | Passover | Epiphany | Pentecost
religious_leaders__1,religious_leaders,RELIGIOUS LEADERS,Titles of religious leaders,normal,auto_validated,unique,0.226,bishop | priest | minister | pope
religious_leaders__2,religious_leaders,RELIGIOUS LEADERS,Titles of religious leaders,normal,auto_validated,unique,0.247,elder | cardinal | monk | pastor
religious_leaders__3,religious_leaders,RELIGIOUS LEADERS,Titles of religious leaders,normal,auto_validated,unique,0.259,rabbi | nun | preacher | missionary
religious_symbols__1,religious_symbols,RELIGIOUS SYMBOLS,Symbols associated with religions,normal,auto_validated,unique,0.245,star | fish | wheel | cross
religious_symbols__2,religious_symbols,RELIGIOUS SYMBOLS,Symbols associated with religions,normal,auto_validated,unique,0.288,dove | lotus | halo | trinity
religious_symbols__3,religious_symbols,RELIGIOUS SYMBOLS,Symbols associated with religions,normal,auto_validated,unique,0.303,crescent | om | yin yang | rosary
world_religions__1,world_religions,WORLD RELIGIONS,Major religions of the world,normal,auto_validated,unique,0.243,Christianity | Islam | Judaism | Buddhism
world_religions__2,world_religions,WORLD RELIGIONS,Major religions of the world,normal,auto_validated,unique,0.292,Hinduism | Shinto | Taoism | Confucianism
world_religions__3,world_religions,WORLD RELIGIONS,Major religions of the world,normal,auto_validated,unique,0.314,Sikhism | Jainism | Zoroastrianism | Bahá'í
body_science__1,body_science,HUMAN BIOLOGY,Scientific words about how the human body works,normal,auto_validated,unique,0.313,cell | bone | blood | protein
body_science__2,body_science,HUMAN BIOLOGY,Scientific words about how the human body works,normal,auto_validated,unique,0.326,tissue | dna | muscle | gene
body_science__3,body_science,HUMAN BIOLOGY,Scientific words about how the human body works,normal,auto_validated,unique,0.337,organ | plasma | oxygen | nerve
chemistry_lab__1,chemistry_lab,CHEMISTRY LAB,A tool or method used in a chemistry lab,normal,auto_validated,unique,0.544,litmus | bunsen | reagent | vial
chemistry_words__1,chemistry_words,CHEMISTRY WORDS,Words used in chemistry class,normal,auto_validated,unique,0.31,salt | base | reaction | solution
chemistry_words__2,chemistry_words,CHEMISTRY WORDS,Words used in chemistry class,normal,auto_validated,unique,0.322,formula | element | acid | bond
chemistry_words__3,chemistry_words,CHEMISTRY WORDS,Words used in chemistry class,normal,auto_validated,unique,0.339,compound | catalyst | ion | mixture
dinosaurs__1,dinosaurs,DINOSAURS,Dinosaur species an average person can name,normal,auto_validated,unique,0.312,tyrannosaurus | triceratops | raptor | spinosaurus
dinosaurs__2,dinosaurs,DINOSAURS,Dinosaur species an average person can name,normal,auto_validated,unique,0.328,velociraptor | pterodactyl | brontosaurus | diplodocus
electricity_words__1,electricity_words,ELECTRICITY WORDS,Words used to talk about electricity,normal,auto_validated,unique,0.223,current | battery | switch | charge
electricity_words__2,electricity_words,ELECTRICITY WORDS,Words used to talk about electricity,normal,auto_validated,unique,0.237,wire | shock | circuit | plug
electricity_words__3,electricity_words,ELECTRICITY WORDS,Words used to talk about electricity,normal,auto_validated,unique,0.255,outlet | voltage | generator | amp
elements__1,elements,CHEMICAL ELEMENTS,Chemical elements an average person can name,normal,auto_validated,unique,0.264,carbon | lead | gold | silver
elements__2,elements,CHEMICAL ELEMENTS,Chemical elements an average person can name,normal,auto_validated,unique,0.283,iron | mercury | oxygen | copper
elements__3,elements,CHEMICAL ELEMENTS,Chemical elements an average person can name,normal,auto_validated,unique,0.3,calcium | sodium | hydrogen | uranium
energy_words__1,energy_words,ENERGY WORDS,Words for kinds and sources of energy,normal,auto_validated,unique,0.263,gas | wind | electric | fuel
energy_words__2,energy_words,ENERGY WORDS,Words for kinds and sources of energy,normal,auto_validated,unique,0.272,steam | battery | solar | nuclear
energy_words__3,energy_words,ENERGY WORDS,Words for kinds and sources of energy,normal,auto_validated,unique,0.292,coal | hydro | thermal | magnetic
experiments__1,experiments,DISSOLVING THINGS,Substances that dissolve in water,normal,auto_validated,unique,0.317,candy | sugar | salt | coffee
experiments__2,experiments,DISSOLVING THINGS,Substances that dissolve in water,normal,auto_validated,unique,0.333,honey | powder | soap | ink
experiments__3,experiments,DISSOLVING THINGS,Substances that dissolve in water,normal,auto_validated,unique,0.35,chalk | baking soda | syrup | tablet
inventions__1,inventions,INVENTIONS,Famous inventions that changed everyday life,normal,auto_validated,unique,0.17,camera | radio | computer | internet
inventions__2,inventions,INVENTIONS,Famous inventions that changed everyday life,normal,auto_validated,unique,0.18,wheel | engine | battery | television
inventions__3,inventions,INVENTIONS,Famous inventions that changed everyday life,normal,auto_validated,unique,0.201,elevator | telephone | printing press | vaccine
lab_actions__1,lab_actions,SCIENCE ACTIONS,Things a scientist does in an experiment,normal,auto_validated,unique,0.262,test | record | heat | mix
lab_actions__2,lab_actions,SCIENCE ACTIONS,Things a scientist does in an experiment,normal,auto_validated,unique,0.276,measure | filter | sample | compare
lab_actions__3,lab_actions,SCIENCE ACTIONS,Things a scientist does in an experiment,normal,auto_validated,unique,0.293,observe | freeze | weigh | predict
lab_equipment__1,lab_equipment,LAB EQUIPMENT,Equipment found in a school science laboratory,normal,auto_validated,unique,0.288,scale | slide | rack | test tube
lab_equipment__2,lab_equipment,LAB EQUIPMENT,Equipment found in a school science laboratory,normal,auto_validated,unique,0.32,magnet | microscope | burner | funnel
lab_equipment__3,lab_equipment,LAB EQUIPMENT,Equipment found in a school science laboratory,normal,auto_validated,unique,0.33,thermometer | goggles | clamp | flask
magnets_and_forces__1,magnets_and_forces,FORCES,Physical forces studied in science class,normal,auto_validated,unique,0.31,push | pull | lift | pressure
magnets_and_forces__2,magnets_and_forces,FORCES,Physical forces studied in science class,normal,auto_validated,unique,0.336,drag | gravity | tension | thrust
magnets_and_forces__3,magnets_and_forces,FORCES,Physical forces studied in science class,normal,auto_validated,unique,0.367,friction | magnetism | torque | inertia
math_operations__1,math_operations,MATH OPERATIONS,Operations performed on numbers,normal,auto_validated,unique,0.17,round | average | add | double
math_operations__2,math_operations,MATH OPERATIONS,Operations performed on numbers,normal,auto_validated,unique,0.179,Square | count | sum | factor
math_operations__3,math_operations,MATH OPERATIONS,Operations performed on numbers,normal,auto_validated,unique,0.206,calculate | cube | divide | estimate
math_words__1,math_words,MATH WORDS,Words used in school mathematics,normal,auto_validated,unique,0.21,average | percent | product | area
math_words__2,math_words,MATH WORDS,Words used in school mathematics,normal,auto_validated,unique,0.223,prime | angle | ratio | volume
math_words__3,math_words,MATH WORDS,Words used in school mathematics,normal,auto_validated,unique,0.238,sum | square root | variable | diameter
metals__1,metals,METALS,Metals and metal alloys used in everyday objects,normal,auto_validated,unique,0.173,lead | gold | silver | steel
metals__2,metals,METALS,Metals and metal alloys used in everyday objects,normal,auto_validated,unique,0.194,iron | bronze | brass | copper
metals__3,metals,METALS,Metals and metal alloys used in everyday objects,normal,auto_validated,unique,0.206,mercury | tin | aluminum | platinum
microscope_things__1,microscope_things,TINY THINGS,Things too small to see with the naked eye,normal,auto_validated,unique,0.313,cell | dna | virus | bacteria
microscope_things__2,microscope_things,TINY THINGS,Things too small to see with the naked eye,normal,auto_validated,unique,0.342,atom | molecule | electron | particle
microscope_things__3,microscope_things,TINY THINGS,Things too small to see with the naked eye,normal,auto_validated,unique,0.365,pollen | mite | germ | dust mite
natural_history_museum__1,natural_history_museum,NATURAL HISTORY MUSEUM,What is displayed in a natural history museum case,normal,auto_validated,unique,,fossil | skeleton | bones | diorama
planets__1,planets,PLANETS,Planets of our solar system,normal,auto_validated,unique,0.157,mercury | Mars | Venus | Earth
planets__2,planets,PLANETS,Planets of our solar system,normal,auto_validated,unique,0.191,Jupiter | Neptune | Saturn | Uranus
rock_cycle_words__1,rock_cycle_words,GEOLOGY WORDS,Words used to describe the earth and its rocks,normal,auto_validated,unique,0.331,plate | core | mineral | fault
rock_cycle_words__2,rock_cycle_words,GEOLOGY WORDS,Words used to describe the earth and its rocks,normal,auto_validated,unique,0.359,crust | lava | volcano | fossil
rock_cycle_words__3,rock_cycle_words,GEOLOGY WORDS,Words used to describe the earth and its rocks,normal,auto_validated,unique,0.366,erosion | glacier | mantle | quarry
science_fair__1,science_fair,SCIENCE FAIR,What a school science fair project is about or made of,normal,auto_validated,unique,,poster | beaker | volcanoes | hypothesis
science_fields__1,science_fields,BRANCHES OF SCIENCE,Fields of scientific study,normal,auto_validated,unique,0.229,chemistry | physics | psychology | medicine
science_fields__2,science_fields,BRANCHES OF SCIENCE,Fields of scientific study,normal,auto_validated,unique,0.249,biology | ecology | genetics | anatomy
science_fields__3,science_fields,BRANCHES OF SCIENCE,Fields of scientific study,normal,auto_validated,unique,0.262,geology | astronomy | archaeology | robotics
seismology__1,seismology,SEISMOLOGY,A term used measuring earthquakes,normal,auto_validated,unique,0.537,tectonic | magnitude | aftershock | epicenter
shapes__1,shapes,SHAPES,Geometric shapes taught in school,normal,auto_validated,unique,0.103,heart | star | Square | circle
shapes__2,shapes,SHAPES,Geometric shapes taught in school,normal,auto_validated,unique,0.132,diamond | arch | oval | cylinder
shapes__3,shapes,SHAPES,Geometric shapes taught in school,normal,auto_validated,unique,0.141,cone | triangle | cube | sphere
space_objects__1,space_objects,SPACE OBJECTS,Objects found in outer space,normal,auto_validated,unique,0.139,star | moon | ring | sun
space_objects__2,space_objects,SPACE OBJECTS,Objects found in outer space,normal,auto_validated,unique,0.153,satellite | planet | galaxy | black hole
space_objects__3,space_objects,SPACE OBJECTS,Objects found in outer space,normal,auto_validated,unique,0.184,cluster | comet | asteroid | dwarf planet
states_of_matter__1,states_of_matter,STATES OF MATTER,Physical states matter can take,normal,auto_validated,unique,0.209,solid | steam | ice | gas
states_of_matter__2,states_of_matter,STATES OF MATTER,Physical states matter can take,normal,auto_validated,unique,0.231,powder | plasma | crystal | liquid
states_of_matter__3,states_of_matter,STATES OF MATTER,Physical states matter can take,normal,auto_validated,unique,0.261,mist | foam | vapor | slush
temperature_words__1,temperature_words,TEMPERATURE WORDS,Words describing how hot or cold something is,normal,auto_validated,unique,0.212,cold | hot | warm | cool
temperature_words__2,temperature_words,TEMPERATURE WORDS,Words describing how hot or cold something is,normal,auto_validated,unique,0.252,mild | freezing | icy | boiling
temperature_words__3,temperature_words,TEMPERATURE WORDS,Words describing how hot or cold something is,normal,auto_validated,unique,0.275,lukewarm | chilly | frosty | blazing
the_mind__1,the_mind,THE MIND,A faculty or activity of the thinking mind,normal,auto_validated,unique,0.331,memory | thought | emotion | reason
things_in_the_sky_science__1,things_in_the_sky_science,ASTRONOMY WORDS,Words used by astronomers,normal,auto_validated,unique,0.269,light year | solar system | phase | universe
things_in_the_sky_science__2,things_in_the_sky_science,ASTRONOMY WORDS,Words used by astronomers,normal,auto_validated,unique,0.282,satellite | galaxy | gravity | atmosphere
things_in_the_sky_science__3,things_in_the_sky_science,ASTRONOMY WORDS,Words used by astronomers,normal,auto_validated,unique,0.299,telescope | eclipse | orbit | rotation
weather_science__1,weather_science,WEATHER SCIENCE,Scientific words used to describe weather,normal,auto_validated,unique,0.268,pressure | radar | front | air mass
weather_science__2,weather_science,WEATHER SCIENCE,Scientific words used to describe weather,normal,auto_validated,unique,0.299,precipitation | forecast | humidity | jet stream
weather_science__3,weather_science,WEATHER SCIENCE,Scientific words used to describe weather,normal,auto_validated,unique,0.327,dew point | barometer | evaporation | condensation
weight_units__1,weight_units,WEIGHT UNITS,A unit used to measure weight or mass,normal,auto_validated,unique,0.275,carat | ounce | gram | kilogram
card_tricks__1,card_tricks,CARD TRICKS,Terms used in performing card tricks,normal,auto_validated,unique,0.385,pass | cut | force | control
card_tricks__2,card_tricks,CARD TRICKS,Terms used in performing card tricks,normal,auto_validated,unique,0.41,reveal | double lift | flourish | spread
cocktails__1,cocktails,COCKTAILS,Named mixed drinks,normal,auto_validated,unique,0.283,manhattan | old fashioned | bloody mary | tom collins
cocktails__2,cocktails,COCKTAILS,Named mixed drinks,normal,auto_validated,unique,0.311,margarita | cosmopolitan | whiskey sour | moscow mule
cocktails__3,cocktails,COCKTAILS,Named mixed drinks,normal,auto_validated,unique,0.331,mimosa | mojito | martini | mai tai
dance_moves__1,dance_moves,DANCE MOVES,Named dance moves,normal,auto_validated,unique,0.296,jump | split | turn | kick
dance_moves__2,dance_moves,DANCE MOVES,Named dance moves,normal,auto_validated,unique,0.315,tap | slide | robot | spin
dance_moves__3,dance_moves,DANCE MOVES,Named dance moves,normal,auto_validated,unique,0.332,shuffle | twist | dip | hustle
driving_skills__1,driving_skills,DRIVING SKILLS,Skills tested on a driving exam,normal,auto_validated,unique,0.246,three point turn | lane change | hill start | u turn
driving_skills__2,driving_skills,DRIVING SKILLS,Skills tested on a driving exam,normal,auto_validated,unique,0.268,parallel parking | backing up | stopping | mirror check
first_aid_actions__1,first_aid_actions,AID ACTIONS,Actions taken when giving first aid,normal,auto_validated,unique,0.25,ice | cover | cool | call
first_aid_actions__2,first_aid_actions,AID ACTIONS,Actions taken when giving first aid,normal,auto_validated,unique,0.294,monitor | rinse | CPR | check pulse
first_aid_actions__3,first_aid_actions,AID ACTIONS,Actions taken when giving first aid,normal,auto_validated,unique,0.324,bandage | splint | elevate | compress
juggling_words__1,juggling_words,JUGGLING WORDS,Words used in juggling,normal,auto_validated,unique,0.385,club | ball | catch | drop
juggling_words__2,juggling_words,JUGGLING WORDS,Words used in juggling,normal,auto_validated,unique,0.398,throw | pattern | flash | shower
kitchen_skills__1,kitchen_skills,KITCHEN SKILLS,Practical skills used in cooking,normal,auto_validated,unique,0.293,timing | chopping | measuring | folding
kitchen_skills__2,kitchen_skills,KITCHEN SKILLS,Practical skills used in cooking,normal,auto_validated,unique,0.328,plating | seasoning | tempering | sharpening
kitchen_skills__3,kitchen_skills,KITCHEN SKILLS,Practical skills used in cooking,normal,auto_validated,unique,0.358,kneading | whisking | basting | garnishing
knot_tying__1,knot_tying,KNOT TYING,A named knot or a way rope behaves,normal,auto_validated,unique,0.512,lasso | hitch | slipknot | tangle
knots__1,knots,KNOTS,Named knots tied in rope,normal,auto_validated,unique,0.376,square knot | sheet bend | figure eight | slip knot
knots__2,knots,KNOTS,Named knots tied in rope,normal,auto_validated,unique,0.403,half hitch | granny knot | timber hitch | fisherman knot
pizza_styles__1,pizza_styles,PIZZA STYLES,Regional styles of pizza,normal,auto_validated,unique,0.304,Detroit | California | new york | chicago deep dish
pizza_styles__2,pizza_styles,PIZZA STYLES,Regional styles of pizza,normal,auto_validated,unique,0.349,tavern | sicilian | thin crust | stuffed crust
poker_hands__1,poker_hands,POKER HANDS,Hands that can be dealt in poker,normal,auto_validated,unique,0.29,straight | full house | four of a kind | high card
poker_hands__2,poker_hands,POKER HANDS,Hands that can be dealt in poker,normal,auto_validated,unique,0.305,pair | flush | two pair | three of a kind
self_defense_moves__1,self_defense_moves,SELF DEFENSE,Basic self defense moves,normal,auto_validated,unique,0.345,roll | strike | throw | kick
self_defense_moves__2,self_defense_moves,SELF DEFENSE,Basic self defense moves,normal,auto_validated,unique,0.361,knee | escape | grab release | palm strike
survival_skills__1,survival_skills,SURVIVAL SKILLS,Skills used to survive outdoors,normal,auto_validated,unique,0.303,tracking | fishing | fire starting | first aid
survival_skills__2,survival_skills,SURVIVAL SKILLS,Skills used to survive outdoors,normal,auto_validated,unique,0.334,shelter building | navigation | signaling | knot tying
survival_skills__3,survival_skills,SURVIVAL SKILLS,Skills used to survive outdoors,normal,auto_validated,unique,0.366,foraging | water purification | trapping | orienteering
swimming_skills__1,swimming_skills,SWIMMING SKILLS,Skills learned in swimming lessons,normal,auto_validated,unique,0.269,stroke | rescue | breathing | turning
swimming_skills__2,swimming_skills,SWIMMING SKILLS,Skills learned in swimming lessons,normal,auto_validated,unique,0.281,floating | kicking | diving | jumping
swimming_skills__3,swimming_skills,SWIMMING SKILLS,Skills learned in swimming lessons,normal,auto_validated,unique,0.333,treading | gliding | backstroke | bobbing
typing_and_office_skills__1,typing_and_office_skills,OFFICE SKILLS,Practical skills useful in an office job,normal,auto_validated,unique,0.317,filing | note taking | presenting | data entry
typing_and_office_skills__2,typing_and_office_skills,OFFICE SKILLS,Practical skills useful in an office job,normal,auto_validated,unique,0.339,typing | scheduling | answering phones | organizing
typing_and_office_skills__3,typing_and_office_skills,OFFICE SKILLS,Practical skills useful in an office job,normal,auto_validated,unique,0.376,proofreading | spreadsheets | budgeting | emailing
weaving__1,weaving,WEAVING,"A tool, worker or product of weaving cloth",normal,auto_validated,unique,0.45,loom | tapestry | warp | spindle
yoga_poses__1,yoga_poses,YOGA POSES,Named poses used in yoga,normal,auto_validated,unique,0.343,tree | mountain | boat | child
yoga_poses__2,yoga_poses,YOGA POSES,Named poses used in yoga,normal,auto_validated,unique,0.37,crow | triangle | half moon | warrior
yoga_poses__3,yoga_poses,YOGA POSES,Named poses used in yoga,normal,auto_validated,unique,0.392,pigeon | cobra | lotus | downward dog
bell_and_alarm__1,bell_and_alarm,ALARM SOUNDS,Sounds made by alarms and signals,normal,auto_validated,unique,0.304,ring | bell | alert | tone
bell_and_alarm__2,bell_and_alarm,ALARM SOUNDS,Sounds made by alarms and signals,normal,auto_validated,unique,0.33,horn | buzz | whistle | ding
bell_and_alarm__3,bell_and_alarm,ALARM SOUNDS,Sounds made by alarms and signals,normal,auto_validated,unique,0.352,gong | chime | siren | beep
city_sounds__1,city_sounds,CITY SOUNDS,Sounds heard on a city street,normal,auto_validated,unique,0.301,bell | traffic | engine | alarm
city_sounds__2,city_sounds,CITY SOUNDS,Sounds heard on a city street,normal,auto_validated,unique,0.332,shout | whistle | footsteps | brakes
city_sounds__3,city_sounds,CITY SOUNDS,Sounds heard on a city street,normal,auto_validated,unique,0.355,chatter | honk | siren | rumble
kitchen_sounds__1,kitchen_sounds,KITCHEN SOUNDS,Sounds heard in a kitchen,normal,auto_validated,unique,0.356,pop | bubble | grind | slam
kitchen_sounds__2,kitchen_sounds,KITCHEN SOUNDS,Sounds heard in a kitchen,normal,auto_validated,unique,0.378,crunch | boil | chop | ding
kitchen_sounds__3,kitchen_sounds,KITCHEN SOUNDS,Sounds heard in a kitchen,normal,auto_validated,unique,0.411,whisk | hiss | sizzle | clatter
loud_noises__1,loud_noises,LOUD NOISES,Words for very loud noises,normal,auto_validated,unique,0.271,bang | boom | crash | blast
loud_noises__2,loud_noises,LOUD NOISES,Words for very loud noises,normal,auto_validated,unique,0.283,thunder | explosion | slam | clash
loud_noises__3,loud_noises,LOUD NOISES,Words for very loud noises,normal,auto_validated,unique,0.315,roar | shatter | rumble | wail
machine_sounds__1,machine_sounds,MACHINE SOUNDS,Sounds that machines make,normal,auto_validated,unique,0.317,buzz | click | grind | rev
machine_sounds__2,machine_sounds,MACHINE SOUNDS,Sounds that machines make,normal,auto_validated,unique,0.343,roar | beep | hum | ding
machine_sounds__3,machine_sounds,MACHINE SOUNDS,Sounds that machines make,normal,auto_validated,unique,0.363,rattle | chug | screech | whine
musical_sounds__1,musical_sounds,MUSIC SOUNDS,Words for the sound a musical instrument makes,normal,auto_validated,unique,0.325,ring | riff | boom | hum
musical_sounds__2,musical_sounds,MUSIC SOUNDS,Words for the sound a musical instrument makes,normal,auto_validated,unique,0.364,jingle | chime | toot | thump
musical_sounds__3,musical_sounds,MUSIC SOUNDS,Words for the sound a musical instrument makes,normal,auto_validated,unique,0.384,clang | strum | twang | trill
nature_sounds__1,nature_sounds,NATURE SOUNDS,Sounds heard outdoors in nature,normal,auto_validated,unique,0.328,splash | thunder | buzz | whistle
nature_sounds__2,nature_sounds,NATURE SOUNDS,Sounds heard outdoors in nature,normal,auto_validated,unique,0.34,crunch | whisper | roar | hum
nature_sounds__3,nature_sounds,NATURE SOUNDS,Sounds heard outdoors in nature,normal,auto_validated,unique,0.37,howl | chirp | hoot | crackle
onomatopoeia__1,onomatopoeia,SOUND WORDS,Words that imitate the sound they name,normal,auto_validated,unique,0.246,ring | pop | crash | click
onomatopoeia__2,onomatopoeia,SOUND WORDS,Words that imitate the sound they name,normal,auto_validated,unique,0.269,snap | buzz | bang | boom
onomatopoeia__3,onomatopoeia,SOUND WORDS,Words that imitate the sound they name,normal,auto_validated,unique,0.292,drip | splash | ping | beep
quiet_sounds__1,quiet_sounds,QUIET SOUNDS,Words for very soft sounds,normal,auto_validated,unique,0.335,whisper | sigh | breath | hum
quiet_sounds__2,quiet_sounds,QUIET SOUNDS,Words for very soft sounds,normal,auto_validated,unique,0.382,murmur | purr | patter | rustle
scary_sounds__1,scary_sounds,SCARY SOUNDS,Sounds that make people uneasy,normal,auto_validated,unique,0.364,whisper | scream | scratch | snap
scary_sounds__2,scary_sounds,SCARY SOUNDS,Sounds that make people uneasy,normal,auto_validated,unique,0.397,rattle | growl | howl | moan
scary_sounds__3,scary_sounds,SCARY SOUNDS,Sounds that make people uneasy,normal,auto_validated,unique,0.411,thud | groan | shriek | wail
voice_sounds__1,voice_sounds,VOICE SOUNDS,Sounds a human voice makes without words,normal,auto_validated,unique,0.272,shout | scream | laugh | cry
voice_sounds__2,voice_sounds,VOICE SOUNDS,Sounds a human voice makes without words,normal,auto_validated,unique,0.293,cough | sigh | whistle | hum
voice_sounds__3,voice_sounds,VOICE SOUNDS,Sounds a human voice makes without words,normal,auto_validated,unique,0.313,giggle | gasp | moan | sob
water_sounds__1,water_sounds,WATER SOUNDS,Sounds that water makes,normal,auto_validated,unique,0.328,lap | roar | splash | spray
water_sounds__2,water_sounds,WATER SOUNDS,Sounds that water makes,normal,auto_validated,unique,0.354,drip | hiss | trickle | ripple
water_sounds__3,water_sounds,WATER SOUNDS,Sounds that water makes,normal,auto_validated,unique,0.379,whoosh | plop | patter | babble
astronaut_gear__1,astronaut_gear,ASTRONAUT GEAR,Equipment an astronaut uses,normal,auto_validated,unique,0.273,boot | camera | oxygen tank | tool belt
astronaut_gear__2,astronaut_gear,ASTRONAUT GEAR,Equipment an astronaut uses,normal,auto_validated,unique,0.297,glove | helmet | backpack | checklist
astronaut_gear__3,astronaut_gear,ASTRONAUT GEAR,Equipment an astronaut uses,normal,auto_validated,unique,0.332,visor | tether | jetpack | communicator
bright_stars__1,bright_stars,STARS,Individual stars people can name,normal,auto_validated,unique,0.372,sun | Sirius | Vega | Castor
constellations__1,constellations,CONSTELLATIONS,Constellations in the night sky,normal,auto_validated,unique,0.353,pegasus | Hercules | Orion | Andromeda
constellations__2,constellations,CONSTELLATIONS,Constellations in the night sky,normal,auto_validated,unique,0.37,Big Dipper | Draco | Lyra | Crux
constellations__3,constellations,CONSTELLATIONS,Constellations in the night sky,normal,auto_validated,unique,0.38,Perseus | Little Dipper | Ursa Major | Cygnus
deep_cosmos__1,deep_cosmos,DEEP COSMOS,An object or measure of the far cosmos,normal,auto_validated,unique,0.587,quasar | pulsar | lightyear | exoplanet
deep_space__1,deep_space,DEEP SPACE,An object seen in deep space beyond the earth,normal,auto_validated,unique,0.312,moon | stars | asteroid | comets
moons__1,moons,MOONS,Named moons of the solar system,normal,auto_validated,unique,0.379,Luna | Europa | Titan | Miranda
moons__2,moons,MOONS,Named moons of the solar system,normal,auto_validated,unique,0.409,triton | Ganymede | Io | Rhea
rocket_parts__1,rocket_parts,ROCKET PARTS,Parts of a rocket,normal,auto_validated,unique,0.304,stage | engine | fuel tank | heat shield
rocket_parts__2,rocket_parts,ROCKET PARTS,Parts of a rocket,normal,auto_validated,unique,0.336,fin | capsule | launch pad | nose cone
rocket_parts__3,rocket_parts,ROCKET PARTS,Parts of a rocket,normal,auto_validated,unique,0.359,booster | payload | nozzle | thruster
science_fiction_space__1,science_fiction_space,SCI FI,Words used in space science fiction,normal,auto_validated,unique,0.305,Alien | android | force field | ray gun
science_fiction_space__2,science_fiction_space,SCI FI,Words used in space science fiction,normal,auto_validated,unique,0.325,colony | laser | galaxy | warp
science_fiction_space__3,science_fiction_space,SCI FI,Words used in space science fiction,normal,auto_validated,unique,0.364,starship | teleport | cyborg | wormhole
solar_system_words__1,solar_system_words,SOLAR SYSTEM,Words describing the solar system,normal,auto_validated,unique,0.259,moon | ring | sun | solar wind
solar_system_words__2,solar_system_words,SOLAR SYSTEM,Words describing the solar system,normal,auto_validated,unique,0.279,eclipse | planet | gravity | orbit
space_agencies_and_places__1,space_agencies_and_places,SPACE PLACES,Places and organizations connected with space flight,normal,auto_validated,unique,0.351,Houston | NASA | Kennedy Space Center | Mission Control
space_agencies_and_places__2,space_agencies_and_places,SPACE PLACES,Places and organizations connected with space flight,normal,auto_validated,unique,0.383,ISS | launch pad | observatory | Jet Propulsion Lab
space_measurements__1,space_measurements,SPACE MEASUREMENTS,Units used to measure distance and time in space,normal,auto_validated,unique,0.353,mile | gravity | light year | revolution
space_measurements__2,space_measurements,SPACE MEASUREMENTS,Units used to measure distance and time in space,normal,auto_validated,unique,0.38,orbit | rotation | astronomical unit | magnitude
space_phenomena__1,space_phenomena,SPACE PHENOMENA,Events and phenomena seen in space,normal,auto_validated,unique,0.318,eclipse | black hole | big bang | gravity well
space_phenomena__2,space_phenomena,SPACE PHENOMENA,Events and phenomena seen in space,normal,auto_validated,unique,0.343,aurora | meteor shower | solar flare | comet tail
space_phenomena__3,space_phenomena,SPACE PHENOMENA,Events and phenomena seen in space,normal,auto_validated,unique,0.374,nebula | quasar | supernova | sunspot
space_station__1,space_station,SPACE STATION,A part of a space station or a task done aboard it,normal,auto_validated,unique,0.488,module | docking | airlock | cosmonaut
spacecraft__1,spacecraft,SPACECRAFT,Famous spacecraft and space missions,normal,auto_validated,unique,0.313,Pioneer | Columbia | Discovery | Curiosity
spacecraft__2,spacecraft,SPACECRAFT,Famous spacecraft and space missions,normal,auto_validated,unique,0.335,Apollo | Atlantis | Challenger | Viking
spacecraft__3,spacecraft,SPACECRAFT,Famous spacecraft and space missions,normal,auto_validated,unique,0.353,Juno | Galileo | Voyager | Hubble
stargazing__1,stargazing,STARGAZING,What you look at or name when you look up on a clear night,normal,auto_validated,unique,,telescope | stars | comet | eclipse
telescope_words__1,telescope_words,TELESCOPE WORDS,Parts and words used with a telescope,normal,auto_validated,unique,0.311,focus | mount | mirror | filter
telescope_words__2,telescope_words,TELESCOPE WORDS,Parts and words used with a telescope,normal,auto_validated,unique,0.341,lens | dome | aperture | observatory
telescope_words__3,telescope_words,TELESCOPE WORDS,Parts and words used with a telescope,normal,auto_validated,unique,0.369,tripod | reflector | finder | magnification
animal_classes__1,animal_classes,ANIMAL CLASSES,One of the broad classes animals are sorted into,normal,auto_validated,unique,0.263,fish | bird | mammal | insect
bears_and_big_animals__1,bears_and_big_animals,BEARS,Kinds of bear,normal,auto_validated,unique,0.224,polar | black bear | brown bear | sun bear
bears_and_big_animals__2,bears_and_big_animals,BEARS,Kinds of bear,normal,auto_validated,unique,0.271,panda | koala | grizzly | sloth bear
bird_watching__1,bird_watching,BIRD WATCHING,What a birdwatcher looks for and looks through,normal,auto_validated,unique,,nest | binoculars | feeder | songbirds
birds_of_prey__1,birds_of_prey,BIRDS OF PREY,Birds that hunt other animals,normal,auto_validated,unique,0.253,kite | eagle | owl | hawk
birds_of_prey__2,birds_of_prey,BIRDS OF PREY,Birds that hunt other animals,normal,auto_validated,unique,0.274,falcon | vulture | condor | merlin
birds_of_prey__3,birds_of_prey,BIRDS OF PREY,Birds that hunt other animals,normal,auto_validated,unique,0.299,osprey | harrier | kestrel | buzzard
butterflies_and_moths__1,butterflies_and_moths,BUTTERFLIES AND MOTHS,Kinds of butterfly and moth,normal,auto_validated,unique,0.338,monarch | admiral | painted lady | cabbage white
butterflies_and_moths__2,butterflies_and_moths,BUTTERFLIES AND MOTHS,Kinds of butterfly and moth,normal,auto_validated,unique,0.366,luna moth | skipper | buckeye | viceroy
cat_breeds__1,cat_breeds,CAT BREEDS,Breeds of domestic cat,normal,auto_validated,unique,0.297,persian | bengal | russian blue | bombay
cat_breeds__2,cat_breeds,CAT BREEDS,Breeds of domestic cat,normal,auto_validated,unique,0.333,siamese | maine coon | burmese | himalayan
cat_breeds__3,cat_breeds,CAT BREEDS,Breeds of domestic cat,normal,auto_validated,unique,0.352,tabby | calico | manx | abyssinian
cattle_and_farm_breeds__1,cattle_and_farm_breeds,FARM BREEDS,"Breeds of cattle, sheep and pigs raised on farms",normal,auto_validated,unique,0.388,jersey | angus | suffolk | berkshire
deer_family__1,deer_family,DEER FAMILY,Animals of the deer family,normal,auto_validated,unique,0.291,moose | buck | doe | deer
deer_family__2,deer_family,DEER FAMILY,Animals of the deer family,normal,auto_validated,unique,0.313,reindeer | elk | stag | roe deer
deer_family__3,deer_family,DEER FAMILY,Animals of the deer family,normal,auto_validated,unique,0.326,fawn | antelope | caribou | impala
extinct_and_prehistoric__1,extinct_and_prehistoric,PREHISTORIC ANIMALS,Animals that lived in prehistoric times,normal,auto_validated,unique,0.305,mammoth | saber tooth | dire wolf | cave bear
extinct_and_prehistoric__2,extinct_and_prehistoric,PREHISTORIC ANIMALS,Animals that lived in prehistoric times,normal,auto_validated,unique,0.34,dodo | mastodon | giant sloth | ammonite
frogs_and_toads__1,frogs_and_toads,FROGS AND TOADS,Kinds of frog and toad,normal,auto_validated,unique,0.343,tree frog | wood frog | leopard frog | green frog
frogs_and_toads__2,frogs_and_toads,FROGS AND TOADS,Kinds of frog and toad,normal,auto_validated,unique,0.371,toad | bullfrog | poison dart | cane toad
horse_breeds__1,horse_breeds,HORSE BREEDS,Breeds of horse,normal,auto_validated,unique,0.323,paint | Mustang | Morgan | quarter horse
horse_breeds__2,horse_breeds,HORSE BREEDS,Breeds of horse,normal,auto_validated,unique,0.366,thoroughbred | Arabian | pinto | shetland
lizards__1,lizards,LIZARDS,Kinds of lizard,normal,auto_validated,unique,0.325,gecko | chameleon | bearded dragon | horned lizard
lizards__2,lizards,LIZARDS,Kinds of lizard,normal,auto_validated,unique,0.338,iguana | salamander | komodo dragon | gila monster
monkeys_and_apes__1,monkeys_and_apes,MONKEYS AND APES,Kinds of monkey and ape,normal,auto_validated,unique,0.275,gorilla | chimpanzee | gibbon | spider monkey
monkeys_and_apes__2,monkeys_and_apes,MONKEYS AND APES,Kinds of monkey and ape,normal,auto_validated,unique,0.302,orangutan | lemur | baboon | howler
monkeys_and_apes__3,monkeys_and_apes,MONKEYS AND APES,Kinds of monkey and ape,normal,auto_validated,unique,0.316,macaque | marmoset | capuchin | bonobo
owls__1,owls,OWLS,Kinds of owl,normal,auto_validated,unique,0.345,barn owl | barred owl | elf owl | spotted owl
owls__2,owls,OWLS,Kinds of owl,normal,auto_validated,unique,0.367,snowy owl | great horned | screech owl | long eared
pond_fish__1,pond_fish,FRESHWATER FISH,Fish that live in lakes and rivers,normal,auto_validated,unique,0.299,bass | trout | pike | koi
pond_fish__2,pond_fish,FRESHWATER FISH,Fish that live in lakes and rivers,normal,auto_validated,unique,0.318,perch | catfish | sturgeon | gar
pond_fish__3,pond_fish,FRESHWATER FISH,Fish that live in lakes and rivers,normal,auto_validated,unique,0.341,carp | minnow | walleye | sunfish
rodent_species__1,rodent_species,RODENT SPECIES,Particular kinds of rodent,normal,auto_validated,unique,0.334,prairie dog | field mouse | house mouse | flying squirrel
rodent_species__2,rodent_species,RODENT SPECIES,Particular kinds of rodent,normal,auto_validated,unique,0.372,porcupine | chipmunk | groundhog | gray squirrel
snakes__1,snakes,SNAKES,Kinds of snake,normal,auto_validated,unique,0.255,python | cobra | king snake | coral snake
snakes__2,snakes,SNAKES,Kinds of snake,normal,auto_validated,unique,0.283,boa | viper | anaconda | garter
snakes__3,snakes,SNAKES,Kinds of snake,normal,auto_validated,unique,0.301,rattlesnake | mamba | adder | sidewinder
songbirds__1,songbirds,SONGBIRDS,Small singing birds found in yards and woods,normal,auto_validated,unique,0.336,cardinal | swallow | robin | finch
songbirds__2,songbirds,SONGBIRDS,Small singing birds found in yards and woods,normal,auto_validated,unique,0.362,sparrow | canary | wren | lark
songbirds__3,songbirds,SONGBIRDS,Small singing birds found in yards and woods,normal,auto_validated,unique,0.376,bluebird | thrush | mockingbird | starling
spiders_and_crawlers__1,spiders_and_crawlers,SPIDERS AND CRAWLERS,Small many-legged creatures that are not insects,normal,auto_validated,unique,0.286,tick | spider | Black Widow | wolf spider
spiders_and_crawlers__2,spiders_and_crawlers,SPIDERS AND CRAWLERS,Small many-legged creatures that are not insects,normal,auto_validated,unique,0.326,centipede | mite | scorpion | brown recluse
whale_types__1,whale_types,WHALE TYPES,Kinds of whale,normal,auto_validated,unique,0.33,blue whale | gray whale | right whale | pilot whale
whale_types__2,whale_types,WHALE TYPES,Kinds of whale,normal,auto_validated,unique,0.358,orca | humpback | sperm whale | fin whale
wild_dogs__1,wild_dogs,WILD DOGS,Wild members of the dog family,normal,auto_validated,unique,0.27,fox | wolf | red fox | gray wolf
wild_dogs__2,wild_dogs,WILD DOGS,Wild members of the dog family,normal,auto_validated,unique,0.318,coyote | hyena | arctic fox | jackal
at_the_gym__1,at_the_gym,AT THE GYM,"A machine, weight or person found in a gym",normal,auto_validated,unique,0.3,squat | trainer | treadmill | weights
at_the_pool__1,at_the_pool,AT THE POOL,Something you find at a swimming pool,normal,auto_validated,unique,0.281,dive | cap | pool | lane
baseball_equipment__1,baseball_equipment,BASEBALL EQUIPMENT,Physical equipment used to play a game of baseball,normal,auto_validated,unique,0.177,plate | ball | cap | base
baseball_equipment__2,baseball_equipment,BASEBALL EQUIPMENT,Physical equipment used to play a game of baseball,normal,auto_validated,unique,0.203,bat | glove | helmet | mask
baseball_equipment__3,baseball_equipment,BASEBALL EQUIPMENT,Physical equipment used to play a game of baseball,normal,auto_validated,unique,0.225,chest protector | batting glove | pine tar | shin guard
baseball_words__1,baseball_words,BASEBALL WORDS,"Words used to describe plays, places or roles in a baseball game",normal,auto_validated,unique,0.228,strike | walk | home run | double play
baseball_words__2,baseball_words,BASEBALL WORDS,"Words used to describe plays, places or roles in a baseball game",normal,auto_validated,unique,0.243,pitch | diamond | steal | error
baseball_words__3,baseball_words,BASEBALL WORDS,"Words used to describe plays, places or roles in a baseball game",normal,auto_validated,unique,0.258,lineup | foul | grand slam | triple
basketball_words__1,basketball_words,BASKETBALL WORDS,Words used to describe plays and roles in basketball,normal,auto_validated,unique,0.21,court | forward | travel | center
basketball_words__2,basketball_words,BASKETBALL WORDS,Words used to describe plays and roles in basketball,normal,auto_validated,unique,0.222,guard | free throw | assist | jump ball
basketball_words__3,basketball_words,BASKETBALL WORDS,Words used to describe plays and roles in basketball,normal,auto_validated,unique,0.26,dunk | foul | rebound | three pointer
billiards__1,billiards,BILLIARDS,A term belonging to billiards and snooker,normal,auto_validated,unique,0.481,felt | snooker | chalked | potting
board_and_card_games__1,board_and_card_games,GAMES OF SKILL,Competitive indoor games of skill,normal,auto_validated,unique,0.247,bridge | bowling | table tennis | air hockey
board_and_card_games__2,board_and_card_games,GAMES OF SKILL,Competitive indoor games of skill,normal,auto_validated,unique,0.278,chess | checkers | poker | darts
board_and_card_games__3,board_and_card_games,GAMES OF SKILL,Competitive indoor games of skill,normal,auto_validated,unique,0.318,dominoes | backgammon | billiards | foosball
boxing_gym__1,boxing_gym,BOXING GYM,A term or piece of kit used in boxing training,normal,auto_validated,unique,0.444,clinch | southpaw | spar | sparring
camping_and_outdoors__1,camping_and_outdoors,OUTDOOR ACTIVITIES,Recreational activities done outdoors,normal,auto_validated,unique,0.187,fishing | running | climbing | hunting
camping_and_outdoors__2,camping_and_outdoors,OUTDOOR ACTIVITIES,Recreational activities done outdoors,normal,auto_validated,unique,0.21,hiking | camping | skiing | sailing
camping_and_outdoors__3,camping_and_outdoors,OUTDOOR ACTIVITIES,Recreational activities done outdoors,normal,auto_validated,unique,0.236,surfing | kayaking | biking | backpacking
climbing_wall__1,climbing_wall,CLIMBING WALL,A term or piece of kit used in climbing,normal,auto_validated,unique,0.512,carabiner | belay | foothold | ascent
cycling_words__1,cycling_words,CYCLING WORDS,Words used about riding and racing bicycles,normal,auto_validated,unique,0.273,chain | jersey | tour | spoke
cycling_words__2,cycling_words,CYCLING WORDS,Words used about riding and racing bicycles,normal,auto_validated,unique,0.292,helmet | trail | tire | gear
cycling_words__3,cycling_words,CYCLING WORDS,Words used about riding and racing bicycles,normal,auto_validated,unique,0.309,sprint | brake | saddle | drafting
darts_words__1,darts_words,DARTS WORDS,A term or piece of equipment used in darts,normal,auto_validated,unique,0.369,board | throw | Target | flight
fishing_things__1,fishing_things,FISHING THINGS,Things used to catch fish,normal,auto_validated,unique,0.221,line | fly | net | boat
fishing_things__2,fishing_things,FISHING THINGS,Things used to catch fish,normal,auto_validated,unique,0.242,hook | trap | rod | pole
fishing_things__3,fishing_things,FISHING THINGS,Things used to catch fish,normal,auto_validated,unique,0.256,cooler | tackle box | bait | worm
football_words__1,football_words,FOOTBALL WORDS,Words used to describe plays and roles in American football,normal,auto_validated,unique,0.219,down | field goal | end zone | safety
football_words__2,football_words,FOOTBALL WORDS,Words used to describe plays and roles in American football,normal,auto_validated,unique,0.243,snap | tackle | receiver | yard line
football_words__3,football_words,FOOTBALL WORDS,Words used to describe plays and roles in American football,normal,auto_validated,unique,0.254,sack | helmet | touchdown | quarterback
golf_words__1,golf_words,GOLF WORDS,Words used to describe play and equipment in golf,normal,auto_validated,unique,0.228,iron | green | driver | course
golf_words__2,golf_words,GOLF WORDS,Words used to describe play and equipment in golf,normal,auto_validated,unique,0.243,eagle | rough | flag | hole in one
golf_words__3,golf_words,GOLF WORDS,Words used to describe play and equipment in golf,normal,auto_validated,unique,0.265,bunker | par | tee | sand trap
gym_equipment__1,gym_equipment,GYM EQUIPMENT,Equipment used for exercise in a fitness gym,normal,auto_validated,unique,0.205,rope | resistance band | medicine ball | pull up bar
gym_equipment__2,gym_equipment,GYM EQUIPMENT,Equipment used for exercise in a fitness gym,normal,auto_validated,unique,0.229,jump rope | mat | weights | punching bag
gym_equipment__3,gym_equipment,GYM EQUIPMENT,Equipment used for exercise in a fitness gym,normal,auto_validated,unique,0.243,treadmill | rowing machine | foam roller | stationary bike
hockey_words__1,hockey_words,HOCKEY WORDS,Words used to describe plays and gear in ice hockey,normal,auto_validated,unique,0.261,net | period | power play | blue line
hockey_words__2,hockey_words,HOCKEY WORDS,Words used to describe plays and gear in ice hockey,normal,auto_validated,unique,0.284,stick | helmet | penalty box | pad
hockey_words__3,hockey_words,HOCKEY WORDS,Words used to describe plays and gear in ice hockey,normal,auto_validated,unique,0.312,icing | skate | puck | goalie
marathon_day__1,marathon_day,MARATHON DAY,A word belonging to running a long distance race,normal,auto_validated,unique,0.469,jog | stamina | pacer | finisher
martial_arts__1,martial_arts,MARTIAL ARTS,Fighting sports and self defense disciplines,normal,auto_validated,unique,0.259,fencing | boxing | wrestling | karate
martial_arts__2,martial_arts,MARTIAL ARTS,Fighting sports and self defense disciplines,normal,auto_validated,unique,0.287,judo | kung fu | kickboxing | sumo
martial_arts__3,martial_arts,MARTIAL ARTS,Fighting sports and self defense disciplines,normal,auto_validated,unique,0.305,taekwondo | aikido | muay thai | kendo
olympic_sports__1,olympic_sports,OLYMPIC SPORTS,Sports contested at the modern Olympic Games,normal,auto_validated,unique,0.205,swimming | boxing | shot put | marathon
olympic_sports__2,olympic_sports,OLYMPIC SPORTS,Sports contested at the modern Olympic Games,normal,auto_validated,unique,0.222,diving | wrestling | skating | sailing
olympic_sports__3,olympic_sports,OLYMPIC SPORTS,Sports contested at the modern Olympic Games,normal,auto_validated,unique,0.236,gymnastics | fencing | skiing | hurdles
racing_sports__1,racing_sports,RACING SPORTS,Sports where competitors race to finish first,normal,auto_validated,unique,0.229,swimming | marathon | horse racing | cross country
racing_sports__2,racing_sports,RACING SPORTS,Sports where competitors race to finish first,normal,auto_validated,unique,0.245,sprint | cycling | sailing | drag racing
racing_sports__3,racing_sports,RACING SPORTS,Sports where competitors race to finish first,normal,auto_validated,unique,0.261,rowing | hurdles | speed skating | relay
skate_park__1,skate_park,SKATE PARK,A ramp or piece of kit found at a skate park,normal,auto_validated,unique,0.531,halfpipe | kicker | vert | griptape
soccer_words__1,soccer_words,SOCCER WORDS,Words used to describe plays and roles in soccer,normal,auto_validated,unique,0.219,net | goal | red card | throw in
soccer_words__2,soccer_words,SOCCER WORDS,Words used to describe plays and roles in soccer,normal,auto_validated,unique,0.231,penalty | corner kick | free kick | yellow card
soccer_words__3,soccer_words,SOCCER WORDS,Words used to describe plays and roles in soccer,normal,auto_validated,unique,0.244,pitch | defender | assist | striker
sports_balls__1,sports_balls,BALLS,Balls used in different sports,normal,auto_validated,unique,0.179,basketball | football | medicine ball | beach ball
sports_balls__2,sports_balls,BALLS,Balls used in different sports,normal,auto_validated,unique,0.19,baseball | soccer ball | golf ball | rugby ball
sports_balls__3,sports_balls,BALLS,Balls used in different sports,normal,auto_validated,unique,0.203,volleyball | tennis ball | bowling ball | cricket ball
sports_gear_worn__1,sports_gear_worn,PROTECTIVE GEAR,Gear athletes wear to protect the body,normal,auto_validated,unique,0.24,helmet | mask | cup | pad
sports_gear_worn__2,sports_gear_worn,PROTECTIVE GEAR,Gear athletes wear to protect the body,normal,auto_validated,unique,0.261,brace | glove | knee pad | wrist guard
sports_gear_worn__3,sports_gear_worn,PROTECTIVE GEAR,Gear athletes wear to protect the body,normal,auto_validated,unique,0.267,harness | chest protector | shin guard | elbow pad
sports_officials__1,sports_officials,SPORTS OFFICIALS,People who enforce the rules of a sport,normal,auto_validated,unique,0.269,judge | marshal | official | starter
sports_officials__2,sports_officials,SPORTS OFFICIALS,People who enforce the rules of a sport,normal,auto_validated,unique,0.304,steward | referee | umpire | scorer
sports_scoring__1,sports_scoring,SCORING WORDS,Words used for scoring and results in sports,normal,auto_validated,unique,0.259,lead | point | loss | goal
sports_scoring__2,sports_scoring,SCORING WORDS,Words used for scoring and results in sports,normal,auto_validated,unique,0.26,title | record | win | standing
sports_scoring__3,sports_scoring,SCORING WORDS,Words used for scoring and results in sports,normal,auto_validated,unique,0.27,score | medal | draw | championship
sports_venues__1,sports_venues,SPORTS VENUES,Places built for playing or watching sports,normal,auto_validated,unique,0.211,ring | field | track | course
sports_venues__2,sports_venues,SPORTS VENUES,Places built for playing or watching sports,normal,auto_validated,unique,0.225,pitch | gym | stadium | pool
sports_venues__3,sports_venues,SPORTS VENUES,Places built for playing or watching sports,normal,auto_validated,unique,0.241,diamond | alley | arena | dome
team_sports__1,team_sports,TEAM SPORTS,Sports played by two opposing teams,normal,auto_validated,unique,0.111,soccer | baseball | basketball | football
team_sports__2,team_sports,TEAM SPORTS,Sports played by two opposing teams,normal,auto_validated,unique,0.12,cricket | hockey | rugby | field hockey
team_sports__3,team_sports,TEAM SPORTS,Sports played by two opposing teams,normal,auto_validated,unique,0.146,volleyball | water polo | softball | polo
tennis_words__1,tennis_words,TENNIS WORDS,Words used to describe play and scoring in tennis,normal,auto_validated,unique,0.216,court | set | love | match point
tennis_words__2,tennis_words,TENNIS WORDS,Words used to describe play and scoring in tennis,normal,auto_validated,unique,0.227,serve | net | fault | rally
tennis_words__3,tennis_words,TENNIS WORDS,Words used to describe play and scoring in tennis,normal,auto_validated,unique,0.268,Ace | umpire | racket | baseline
water_sports__1,water_sports,WATER SPORTS,Sports played in or on the water,normal,auto_validated,unique,0.213,diving | swimming | sailing | water skiing
water_sports__2,water_sports,WATER SPORTS,Sports played in or on the water,normal,auto_validated,unique,0.236,water polo | rowing | surfing | synchronized swimming
winter_fun__1,winter_fun,WINTER FUN,Something you play with or wear for fun in the snow,normal,auto_validated,unique,0.3,sled | skis | snowman | skates
winter_sports__1,winter_sports,WINTER SPORTS,Sports played on snow or ice,normal,auto_validated,unique,0.205,hockey | skiing | skating | ice climbing
winter_sports__2,winter_sports,WINTER SPORTS,Sports played on snow or ice,normal,auto_validated,unique,0.22,sled | figure skating | speed skating | snowboard
winter_sports__3,winter_sports,WINTER SPORTS,Sports played on snow or ice,normal,auto_validated,unique,0.247,curling | luge | biathlon | snowboarding
archery_words__1,archery_words,ARCHERY WORDS,Words used in archery,normal,auto_validated,unique,0.292,range | Target | release | draw
archery_words__2,archery_words,ARCHERY WORDS,Words used in archery,normal,auto_validated,unique,0.31,bow | sight | string | arm guard
archery_words__3,archery_words,ARCHERY WORDS,Words used in archery,normal,auto_validated,unique,0.332,arrow | Archer | shaft | aim
at_the_dojo__1,at_the_dojo,AT THE DOJO,A martial art or practice found in a dojo,normal,auto_validated,unique,0.481,sumo | sparring | grappling | headlock
bowling_words__1,bowling_words,BOWLING WORDS,Words used in bowling,normal,auto_validated,unique,0.246,strike | ball | split | approach
bowling_words__2,bowling_words,BOWLING WORDS,Words used in bowling,normal,auto_validated,unique,0.26,pin | frame | lane | spare
bowling_words__3,bowling_words,BOWLING WORDS,Words used in bowling,normal,auto_validated,unique,0.277,rack | alley | foul line | score sheet
boxing_words__1,boxing_words,BOXING WORDS,Words used in a boxing match,normal,auto_validated,unique,0.253,ring | round | corner | decision
boxing_words__2,boxing_words,BOXING WORDS,Words used in a boxing match,normal,auto_validated,unique,0.273,hook | belt | bell | bout
boxing_words__3,boxing_words,BOXING WORDS,Words used in a boxing match,normal,auto_validated,unique,0.302,glove | referee | jab | knockout
equestrian_words__1,equestrian_words,HORSE RIDING,Words used in horse riding sports,normal,auto_validated,unique,0.322,saddle | fence | arena | jumping
equestrian_words__2,equestrian_words,HORSE RIDING,Words used in horse riding sports,normal,auto_validated,unique,0.348,groom | tack | reins | jockey
equestrian_words__3,equestrian_words,HORSE RIDING,Words used in horse riding sports,normal,auto_validated,unique,0.369,bridle | gallop | trot | dressage
famous_stadiums__1,famous_stadiums,FAMOUS STADIUMS,Famous sports stadiums and arenas,normal,auto_validated,unique,0.371,Augusta | Madison Square Garden | Rose Bowl | Churchill Downs
famous_stadiums__2,famous_stadiums,FAMOUS STADIUMS,Famous sports stadiums and arenas,normal,auto_validated,unique,0.389,Wembley | Yankee Stadium | Old Trafford | Daytona
famous_stadiums__3,famous_stadiums,FAMOUS STADIUMS,Famous sports stadiums and arenas,normal,auto_validated,unique,0.414,Fenway | Wrigley | Camp Nou | Lambeau
fan_things__1,fan_things,FAN THINGS,Things sports fans bring or wear to a game,normal,auto_validated,unique,0.264,ticket | cap | jersey | face paint
fan_things__2,fan_things,FAN THINGS,Things sports fans bring or wear to a game,normal,auto_validated,unique,0.282,horn | banner | poster | cooler
fan_things__3,fan_things,FAN THINGS,Things sports fans bring or wear to a game,normal,auto_validated,unique,0.306,whistle | scarf | foam finger | pennant
gymnastics_events__1,gymnastics_events,GYMNASTICS EVENTS,Events and moves in gymnastics,normal,auto_validated,unique,0.302,split | routine | floor | bars
gymnastics_events__2,gymnastics_events,GYMNASTICS EVENTS,Events and moves in gymnastics,normal,auto_validated,unique,0.321,beam | vault | rings | flip
gymnastics_events__3,gymnastics_events,GYMNASTICS EVENTS,Events and moves in gymnastics,normal,auto_validated,unique,0.38,pommel horse | handstand | tumbling | dismount
racing_words__1,racing_words,MOTOR RACING,Words used in motor racing,normal,auto_validated,unique,0.26,crew | driver | track | pit stop
racing_words__2,racing_words,MOTOR RACING,Words used in motor racing,normal,auto_validated,unique,0.281,lap | helmet | grid | pole position
racing_words__3,racing_words,MOTOR RACING,Words used in motor racing,normal,auto_validated,unique,0.291,tire | caution | qualifying | spoiler
rodeo__1,rodeo,RODEO,"A person, animal or event of a rodeo",normal,auto_validated,unique,0.506,lasso | stampede | bronco | cowgirl
skateboarding__1,skateboarding,SKATEBOARDING WORDS,Words used in skateboarding,normal,auto_validated,unique,0.313,bowl | nose | deck | rail
skateboarding__2,skateboarding,SKATEBOARDING WORDS,Words used in skateboarding,normal,auto_validated,unique,0.326,helmet | trucks | wheels | bearing
skateboarding__3,skateboarding,SKATEBOARDING WORDS,Words used in skateboarding,normal,auto_validated,unique,0.343,ramp | grind | grip tape | ollie
skiing_words__1,skiing_words,SKIING WORDS,Words used on a ski slope,normal,auto_validated,unique,0.271,lift | boots | black diamond | trail map
skiing_words__2,skiing_words,SKIING WORDS,Words used on a ski slope,normal,auto_validated,unique,0.286,lodge | powder | poles | slope
skiing_words__3,skiing_words,SKIING WORDS,Words used on a ski slope,normal,auto_validated,unique,0.33,goggles | bindings | moguls | gondola
sports_injuries__1,sports_injuries,SPORTS INJURIES,Injuries common in sports,normal,auto_validated,unique,0.282,tear | strain | tennis elbow | pulled muscle
sports_injuries__2,sports_injuries,SPORTS INJURIES,Injuries common in sports,normal,auto_validated,unique,0.31,bruise | fracture | concussion | torn acl
sports_injuries__3,sports_injuries,SPORTS INJURIES,Injuries common in sports,normal,auto_validated,unique,0.33,cramp | sprain | dislocation | whiplash
sports_leagues__1,sports_leagues,SPORTS LEAGUES,Professional sports leagues and competitions,normal,auto_validated,unique,0.282,NFL | World Cup | World Series | Tour de France
sports_leagues__2,sports_leagues,SPORTS LEAGUES,Professional sports leagues and competitions,normal,auto_validated,unique,0.294,NBA | Olympics | Super Bowl | Masters
sports_leagues__3,sports_leagues,SPORTS LEAGUES,Professional sports leagues and competitions,normal,auto_validated,unique,0.313,MLB | NHL | Stanley Cup | Kentucky Derby
sports_legends__1,sports_legends,SPORTS LEGENDS,Athletes remembered across generations,normal,auto_validated,unique,0.259,Jordan | Robinson | Louis | Ali
sports_legends__2,sports_legends,SPORTS LEGENDS,Athletes remembered across generations,normal,auto_validated,unique,0.285,Montana | Ruth | Owens | Chamberlain
sports_legends__3,sports_legends,SPORTS LEGENDS,Athletes remembered across generations,normal,auto_validated,unique,0.323,Pele | Gretzky | Nicklaus | Thorpe
swimming_strokes__1,swimming_strokes,SWIM STROKES,Strokes and events in competitive swimming,normal,auto_validated,unique,0.269,sprint | dive | butterfly | distance
swimming_strokes__2,swimming_strokes,SWIM STROKES,Strokes and events in competitive swimming,normal,auto_validated,unique,0.298,relay | freestyle | medley | doggy paddle
track_events__1,track_events,TRACK EVENTS,Events contested in track and field,normal,auto_validated,unique,0.256,shot put | long jump | high jump | race walk
track_events__2,track_events,TRACK EVENTS,Events contested in track and field,normal,auto_validated,unique,0.285,sprint | marathon | relay | triple jump
track_events__3,track_events,TRACK EVENTS,Events contested in track and field,normal,auto_validated,unique,0.318,javelin | hurdles | pole vault | discus
training_words__1,training_words,TRAINING WORDS,Words used in athletic training,normal,auto_validated,unique,0.258,coach | recovery | circuit | form
training_words__2,training_words,TRAINING WORDS,Words used in athletic training,normal,auto_validated,unique,0.275,drill | stretch | routine | rep
training_words__3,training_words,TRAINING WORDS,Words used in athletic training,normal,auto_validated,unique,0.306,warmup | endurance | interval | conditioning
wrestling_words__1,wrestling_words,WRESTLING WORDS,Words used in wrestling,normal,auto_validated,unique,0.291,hold | throw | period | weight class
wrestling_words__2,wrestling_words,WRESTLING WORDS,Words used in wrestling,normal,auto_validated,unique,0.328,mat | referee | escape | reversal
clockwork__1,clockwork,CLOCKWORK,A word belonging to the workings of a clock,normal,auto_validated,unique,0.494,chime | pendulum | cogs | winding
computer_actions__1,computer_actions,COMPUTER ACTIONS,Actions done while using a computer,normal,auto_validated,unique,0.17,share | save | close | search
computer_actions__2,computer_actions,COMPUTER ACTIONS,Actions done while using a computer,normal,auto_validated,unique,0.174,click | type | copy | download
computer_actions__3,computer_actions,COMPUTER ACTIONS,Actions done while using a computer,normal,auto_validated,unique,0.193,drag | print | delete | log in
computer_parts__1,computer_parts,COMPUTER PARTS,Physical parts of a personal computer,normal,auto_validated,unique,0.171,fan | screen | hard drive | memory
computer_parts__2,computer_parts,COMPUTER PARTS,Physical parts of a personal computer,normal,auto_validated,unique,0.181,cable | battery | port | power supply
computer_parts__3,computer_parts,COMPUTER PARTS,Physical parts of a personal computer,normal,auto_validated,unique,0.19,monitor | mouse | tower | speaker
email_words__1,email_words,EMAIL WORDS,Parts and actions of an email message,normal,auto_validated,unique,0.217,draft | forward | subject | reply
email_words__2,email_words,EMAIL WORDS,Parts and actions of an email message,normal,auto_validated,unique,0.234,thread | signature | trash | cc
email_words__3,email_words,EMAIL WORDS,Parts and actions of an email message,normal,auto_validated,unique,0.248,archive | spam | attachment | recipient
file_types__1,file_types,FILE WORDS,Words for computer files and documents,normal,auto_validated,unique,0.264,draft | file | image | video
file_types__2,file_types,FILE WORDS,Words for computer files and documents,normal,auto_validated,unique,0.281,trash | document | presentation | backup
file_types__3,file_types,FILE WORDS,Words for computer files and documents,normal,auto_validated,unique,0.3,zip | archive | attachment | pdf
gadgets__1,gadgets,GADGETS,Small electronic devices people own,normal,auto_validated,unique,0.175,watch | camera | speaker | phone
gadgets__2,gadgets,GADGETS,Small electronic devices people own,normal,auto_validated,unique,0.196,remote | console | laptop | e-reader
gadgets__3,gadgets,GADGETS,Small electronic devices people own,normal,auto_validated,unique,0.208,printer | drone | tablet | headphones
home_electronics__1,home_electronics,HOME ELECTRONICS,Electronic devices used in a home,normal,auto_validated,unique,0.183,television | radio | alarm | smart speaker
home_electronics__2,home_electronics,HOME ELECTRONICS,Electronic devices used in a home,normal,auto_validated,unique,0.205,vacuum | microwave | dvd player | game console
home_electronics__3,home_electronics,HOME ELECTRONICS,Electronic devices used in a home,normal,auto_validated,unique,0.226,blender | router | stereo | air conditioner
internet_words__1,internet_words,INTERNET WORDS,Words used about the internet,normal,auto_validated,unique,0.172,link | network | download | website
internet_words__2,internet_words,INTERNET WORDS,Words used about the internet,normal,auto_validated,unique,0.187,server | cloud | email | domain
internet_words__3,internet_words,INTERNET WORDS,Words used about the internet,normal,auto_validated,unique,0.203,streaming | cookie | password | spam
measurement_devices__1,measurement_devices,MEASURING DEVICES,Devices that measure and display a reading,normal,auto_validated,unique,0.293,scale | gauge | meter | altimeter
measurement_devices__2,measurement_devices,MEASURING DEVICES,Devices that measure and display a reading,normal,auto_validated,unique,0.322,thermometer | compass | barometer | sundial
measurement_devices__3,measurement_devices,MEASURING DEVICES,Devices that measure and display a reading,normal,auto_validated,unique,0.349,stopwatch | speedometer | odometer | tachometer
office_machines__1,office_machines,OFFICE MACHINES,Machines used in an office,normal,auto_validated,unique,0.229,printer | phone | computer | label maker
office_machines__2,office_machines,OFFICE MACHINES,Machines used in an office,normal,auto_validated,unique,0.266,calculator | scanner | fax | postage meter
office_machines__3,office_machines,OFFICE MACHINES,Machines used in an office,normal,auto_validated,unique,0.278,projector | typewriter | shredder | binder machine
phone_words__1,phone_words,PHONE WORDS,Things and features of a mobile phone,normal,auto_validated,unique,0.171,camera | text | app | contact
phone_words__2,phone_words,PHONE WORDS,Things and features of a mobile phone,normal,auto_validated,unique,0.181,screen | signal | battery | speaker
phone_words__3,phone_words,PHONE WORDS,Things and features of a mobile phone,normal,auto_validated,unique,0.208,alarm | headphones | notification | sim card
photography_words__1,photography_words,PHOTOGRAPHY WORDS,Words used when taking photographs,normal,auto_validated,unique,0.221,focus | frame | album | negative
photography_words__2,photography_words,PHOTOGRAPHY WORDS,Words used when taking photographs,normal,auto_validated,unique,0.237,flash | filter | exposure | angle
photography_words__3,photography_words,PHOTOGRAPHY WORDS,Words used when taking photographs,normal,auto_validated,unique,0.249,portrait | lens | Zoom | crop
power_and_batteries__1,power_and_batteries,POWER WORDS,Words about supplying power to devices,normal,auto_validated,unique,0.231,cable | battery | switch | extension
power_and_batteries__2,power_and_batteries,POWER WORDS,Words about supplying power to devices,normal,auto_validated,unique,0.245,voltage | plug | solar panel | power strip
power_and_batteries__3,power_and_batteries,POWER WORDS,Words about supplying power to devices,normal,auto_validated,unique,0.257,cord | outlet | Watt | generator
programming_words__1,programming_words,PROGRAMMING WORDS,Words used when writing computer programs,normal,auto_validated,unique,0.322,library | class | code | function
programming_words__2,programming_words,PROGRAMMING WORDS,Words used when writing computer programs,normal,auto_validated,unique,0.341,script | string | database | output
programming_words__3,programming_words,PROGRAMMING WORDS,Words used when writing computer programs,normal,auto_validated,unique,0.35,loop | bug | variable | array
robot_words__1,robot_words,ROBOT WORDS,Words used when talking about robots,normal,auto_validated,unique,0.303,arm | joint | program | motor
robot_words__2,robot_words,ROBOT WORDS,Words used when talking about robots,normal,auto_validated,unique,0.317,robot | gear | circuit | android
robot_words__3,robot_words,ROBOT WORDS,Words used when talking about robots,normal,auto_validated,unique,0.336,drone | algorithm | sensor | automation
screens__1,screens,THINGS WITH SCREENS,Everyday devices that have a screen,normal,auto_validated,unique,0.211,watch | camera | television | phone
screens__2,screens,THINGS WITH SCREENS,Everyday devices that have a screen,normal,auto_validated,unique,0.237,monitor | console | laptop | e-reader
screens__3,screens,THINGS WITH SCREENS,Everyday devices that have a screen,normal,auto_validated,unique,0.249,ATM | microwave | tablet | gps
security_tech__1,security_tech,SECURITY DEVICES,Devices used to keep property secure,normal,auto_validated,unique,0.26,monitor | camera | safe | lock
security_tech__2,security_tech,SECURITY DEVICES,Devices used to keep property secure,normal,auto_validated,unique,0.282,badge | fence | alarm | sensor
security_tech__3,security_tech,SECURITY DEVICES,Devices used to keep property secure,normal,auto_validated,unique,0.314,siren | buzzer | keypad | motion detector
signals_and_codes__1,signals_and_codes,SIGNALS AND CODES,Systems used to send coded messages,normal,auto_validated,unique,0.319,telegraph | smoke signal | sign language | flag signal
signals_and_codes__2,signals_and_codes,SIGNALS AND CODES,Systems used to send coded messages,normal,auto_validated,unique,0.359,cipher | beacon | morse code | qr code
social_media_words__1,social_media_words,SOCIAL MEDIA,Words used on social media,normal,auto_validated,unique,0.21,post | like | follow | message
social_media_words__2,social_media_words,SOCIAL MEDIA,Words used on social media,normal,auto_validated,unique,0.213,share | feed | comment | profile
social_media_words__3,social_media_words,SOCIAL MEDIA,Words used on social media,normal,auto_validated,unique,0.242,thread | filter | hashtag | viral
sound_devices__1,sound_devices,SOUND DEVICES,Devices that record or play sound,normal,auto_validated,unique,0.222,speaker | radio | record player | tape deck
sound_devices__2,sound_devices,SOUND DEVICES,Devices that record or play sound,normal,auto_validated,unique,0.265,amplifier | microphone | stereo | headphone
sound_devices__3,sound_devices,SOUND DEVICES,Devices that record or play sound,normal,auto_validated,unique,0.3,megaphone | boombox | turntable | walkman
things_with_screens_history__1,things_with_screens_history,OLD TECHNOLOGY,Technology that has mostly been replaced,normal,auto_validated,unique,0.343,fax | rotary phone | dial up | film camera
things_with_screens_history__2,things_with_screens_history,OLD TECHNOLOGY,Technology that has mostly been replaced,normal,auto_validated,unique,0.367,telegram | vhs | cassette | overhead projector
things_with_screens_history__3,things_with_screens_history,OLD TECHNOLOGY,Technology that has mostly been replaced,normal,auto_validated,unique,0.385,typewriter | phonograph | pager | floppy disk
timepieces__1,timepieces,TIMEPIECES,A device that measures or shows the passing of time,normal,auto_validated,unique,0.4,watch | clock | metronome | hourglass
birthday_things__1,birthday_things,BIRTHDAY THINGS,Things associated with a birthday celebration,normal,auto_validated,unique,0.13,card | present | party | song
birthday_things__2,birthday_things,BIRTHDAY THINGS,Things associated with a birthday celebration,normal,auto_validated,unique,0.139,cake | guest | wish | surprise
birthday_things__3,birthday_things,BIRTHDAY THINGS,Things associated with a birthday celebration,normal,auto_validated,unique,0.156,balloon | hat | invitation | ice cream
calendar_words__1,calendar_words,CALENDAR WORDS,Everyday English words for dates and periods of time on a calendar,normal,auto_validated,unique,0.17,date | day | month | century
calendar_words__2,calendar_words,CALENDAR WORDS,Everyday English words for dates and periods of time on a calendar,normal,auto_validated,unique,0.17,spring | term | season | week
calendar_words__3,calendar_words,CALENDAR WORDS,Everyday English words for dates and periods of time on a calendar,normal,auto_validated,unique,0.173,quarter | birthday | year | weekend
christmas_things__1,christmas_things,CHRISTMAS THINGS,Things associated with an American Christmas,normal,auto_validated,unique,0.135,star | tree | gift | lights
christmas_things__2,christmas_things,CHRISTMAS THINGS,Things associated with an American Christmas,normal,auto_validated,unique,0.178,elf | candy cane | chimney | carol
christmas_things__3,christmas_things,CHRISTMAS THINGS,Things associated with an American Christmas,normal,auto_validated,unique,0.191,garland | wreath | ornament | stocking
clock_words__1,clock_words,CLOCK WORDS,Words and parts having to do with clocks,normal,auto_validated,unique,0.217,face | second hand | minute hand | hour hand
clock_words__2,clock_words,CLOCK WORDS,Words and parts having to do with clocks,normal,auto_validated,unique,0.256,tick | timer | alarm | dial
clock_words__3,clock_words,CLOCK WORDS,Words and parts having to do with clocks,normal,auto_validated,unique,0.288,chime | pendulum | cuckoo | snooze
days_and_parts_of_day__1,days_and_parts_of_day,DAYS & TIMES,Names of weekdays and parts of the day,normal,auto_validated,unique,0.099,night | morning | Friday | Sunday
days_and_parts_of_day__2,days_and_parts_of_day,DAYS & TIMES,Names of weekdays and parts of the day,normal,auto_validated,unique,0.103,evening | Monday | Saturday | afternoon
days_and_parts_of_day__3,days_and_parts_of_day,DAYS & TIMES,Names of weekdays and parts of the day,normal,auto_validated,unique,0.114,Tuesday | Wednesday | Thursday | midnight
halloween_things__1,halloween_things,HALLOWEEN THINGS,Things associated with Halloween,normal,auto_validated,unique,0.143,trick | treat | ghost | black cat
halloween_things__2,halloween_things,HALLOWEEN THINGS,Things associated with Halloween,normal,auto_validated,unique,0.155,bat | spider | candy | mask
halloween_things__3,halloween_things,HALLOWEEN THINGS,Things associated with Halloween,normal,auto_validated,unique,0.164,witch | vampire | zombie | costume
historical_eras__1,historical_eras,HISTORICAL ERAS,Named periods of human history,normal,auto_validated,unique,0.256,Stone Age | Iron Age | Ice Age | Space Age
historical_eras__2,historical_eras,HISTORICAL ERAS,Named periods of human history,normal,auto_validated,unique,0.269,Middle Ages | Industrial Revolution | Great Depression | Dark Ages
historical_eras__3,historical_eras,HISTORICAL ERAS,Named periods of human history,normal,auto_validated,unique,0.283,renaissance | Bronze Age | Victorian | Colonial
holidays__1,holidays,HOLIDAYS,Holidays widely celebrated in the United States,normal,auto_validated,unique,0.141,Christmas | Independence Day | New Year | Labor Day
holidays__2,holidays,HOLIDAYS,Holidays widely celebrated in the United States,normal,auto_validated,unique,0.16,Halloween | Memorial Day | Veterans Day | Mothers Day
holidays__3,holidays,HOLIDAYS,Holidays widely celebrated in the United States,normal,auto_validated,unique,0.169,Easter | Fathers Day | Presidents Day | Columbus Day
months__1,months,MONTHS,Months of the Gregorian calendar year,normal,auto_validated,unique,0.065,February | April | August | December
months__2,months,MONTHS,Months of the Gregorian calendar year,normal,auto_validated,unique,0.065,march | January | June | July
months__3,months,MONTHS,Months of the Gregorian calendar year,normal,auto_validated,unique,0.08,may | November | September | October
new_year_things__1,new_year_things,NEW YEAR,Things associated with New Year celebrations,normal,auto_validated,unique,0.218,party | resolution | ball drop | kiss
new_year_things__2,new_year_things,NEW YEAR,Things associated with New Year celebrations,normal,auto_validated,unique,0.243,calendar | midnight | fireworks | champagne
new_year_things__3,new_year_things,NEW YEAR,Things associated with New Year celebrations,normal,auto_validated,unique,0.288,streamer | confetti | countdown | sparkler
past_and_future__1,past_and_future,TIME WORDS,Words that place something in time,normal,auto_validated,unique,0.21,always | before | after | already
past_and_future__2,past_and_future,TIME WORDS,Words that place something in time,normal,auto_validated,unique,0.21,never | early | later | late
past_and_future__3,past_and_future,TIME WORDS,Words that place something in time,normal,auto_validated,unique,0.21,now | soon | once | recently
seasons__1,seasons,SEASONS,The four seasons of the year,normal,auto_validated,unique,0.099,spring | fall | summer | winter
speed_of_time__1,speed_of_time,QUICK WORDS,Words meaning that something happens without delay,normal,auto_validated,unique,0.305,immediately | quickly | at once | right away
speed_of_time__2,speed_of_time,QUICK WORDS,Words meaning that something happens without delay,normal,auto_validated,unique,0.329,instantly | promptly | suddenly | shortly
speed_of_time__3,speed_of_time,QUICK WORDS,Words meaning that something happens without delay,normal,auto_validated,unique,0.366,swiftly | abruptly | momentarily | hastily
spring_season__1,spring_season,SPRING SEASON,Something you associate with the spring season,normal,auto_validated,unique,0.344,rain | thaw | nest | puddle
summer_season__1,summer_season,SUMMER SEASON,Something you associate with the summer season,normal,auto_validated,unique,0.3,beach | heat | July | August
time_units__1,time_units,UNITS OF TIME,Units used to measure time,normal,auto_validated,unique,0.13,minute | day | century | hour
time_units__2,time_units,UNITS OF TIME,Units used to measure time,normal,auto_validated,unique,0.13,second | month | week | moment
time_units__3,time_units,UNITS OF TIME,Units used to measure time,normal,auto_validated,unique,0.135,quarter | year | era | generation
wedding_things__1,wedding_things,WEDDING THINGS,Things associated with a wedding,normal,auto_validated,unique,0.176,ring | dress | rice | best man
wedding_things__2,wedding_things,WEDDING THINGS,Things associated with a wedding,normal,auto_validated,unique,0.193,cake | invitation | reception | ceremony
wedding_things__3,wedding_things,WEDDING THINGS,Things associated with a wedding,normal,auto_validated,unique,0.214,aisle | bride | altar | vows
adhesives__1,adhesives,GLUES AND TAPES,Sticky products used to join things,normal,auto_validated,unique,0.284,gum | tape | cement | paste
adhesives__2,adhesives,GLUES AND TAPES,Sticky products used to join things,normal,auto_validated,unique,0.296,glue | super glue | hot glue | mortar
adhesives__3,adhesives,GLUES AND TAPES,Sticky products used to join things,normal,auto_validated,unique,0.316,epoxy | adhesive | duct tape | masking tape
art_supplies__1,art_supplies,ART SUPPLIES,Materials used to make art or crafts,normal,auto_validated,unique,0.187,paint | brush | clay | paper
art_supplies__2,art_supplies,ART SUPPLIES,Materials used to make art or crafts,normal,auto_validated,unique,0.208,canvas | pencil | marker | ink
art_supplies__3,art_supplies,ART SUPPLIES,Materials used to make art or crafts,normal,auto_validated,unique,0.218,chalk | glue | ribbon | yarn
blades__1,blades,BLADES,Parts of tools that do the cutting,normal,auto_validated,unique,0.277,point | edge | knife edge | teeth
blades__2,blades,BLADES,Parts of tools that do the cutting,normal,auto_validated,unique,0.303,razor | blade | saw blade | axe head
boxes_and_cases__1,boxes_and_cases,TOOL STORAGE,Things used to store and carry tools,normal,auto_validated,unique,0.268,chest | cabinet | case | bag
boxes_and_cases__2,boxes_and_cases,TOOL STORAGE,Things used to store and carry tools,normal,auto_validated,unique,0.289,shed | belt | bucket | rack
boxes_and_cases__3,boxes_and_cases,TOOL STORAGE,Things used to store and carry tools,normal,auto_validated,unique,0.317,pouch | drawer | tray | toolbox
cleaning_tools__1,cleaning_tools,CLEANING TOOLS,Tools used for cleaning and tidying,normal,auto_validated,unique,0.205,vacuum | brush | bucket | steam cleaner
cleaning_tools__2,cleaning_tools,CLEANING TOOLS,Tools used for cleaning and tidying,normal,auto_validated,unique,0.228,sponge | toothbrush | broom | rag
cleaning_tools__3,cleaning_tools,CLEANING TOOLS,Tools used for cleaning and tidying,normal,auto_validated,unique,0.247,mop | lint roller | plunger | duster
cutting_tools__1,cutting_tools,CUTTING TOOLS,Tools used to cut material,normal,auto_validated,unique,0.235,saw | knife | blade | box cutter
cutting_tools__2,cutting_tools,CUTTING TOOLS,Tools used to cut material,normal,auto_validated,unique,0.266,scissors | razor | machete | wire cutter
cutting_tools__3,cutting_tools,CUTTING TOOLS,Tools used to cut material,normal,auto_validated,unique,0.287,chisel | clipper | cleaver | guillotine
fasteners__1,fasteners,FASTENERS,Small parts used to hold things together,normal,auto_validated,unique,0.241,hook | pin | screw | clip
fasteners__2,fasteners,FASTENERS,Small parts used to hold things together,normal,auto_validated,unique,0.252,nail | bolt | anchor | bracket
fasteners__3,fasteners,FASTENERS,Small parts used to hold things together,normal,auto_validated,unique,0.269,staple | buckle | clamp | zip tie
garden_shed__1,garden_shed,GARDEN SHED,A tool or material kept in a garden shed,normal,auto_validated,unique,0.475,spade | mulch | trellis | wheelbarrow
garden_tools__1,garden_tools,GARDEN TOOLS,Tools used for gardening and yard work,normal,auto_validated,unique,0.217,gloves | hose | watering can | clippers
garden_tools__2,garden_tools,GARDEN TOOLS,Tools used for gardening and yard work,normal,auto_validated,unique,0.233,spade | rake | shovel | hoe
garden_tools__3,garden_tools,GARDEN TOOLS,Tools used for gardening and yard work,normal,auto_validated,unique,0.246,pitchfork | sprinkler | shears | leaf blower
hand_tools__1,hand_tools,HAND TOOLS,Tools held in the hand and used for building or repair work,normal,auto_validated,unique,0.107,file | saw | level | Square
hand_tools__2,hand_tools,HAND TOOLS,Tools held in the hand and used for building or repair work,normal,auto_validated,unique,0.126,plane | hammer | knife | tape measure
hand_tools__3,hand_tools,HAND TOOLS,Tools held in the hand and used for building or repair work,normal,auto_validated,unique,0.158,drill | socket | clamp | wrench
handyman__1,handyman,HANDYMAN,A tool or material a handyman carries,normal,auto_validated,unique,0.512,caulk | crowbar | toolbelt | stepladder
hardware_store__1,hardware_store,HARDWARE STORE,What a hardware store keeps in its bins and aisles,normal,auto_validated,unique,,hose | ladder | sandpaper | fasteners
kitchen_gadgets__1,kitchen_gadgets,KITCHEN GADGETS,Small specialized gadgets used in a kitchen,normal,auto_validated,unique,0.262,timer | can opener | garlic press | scoop
kitchen_gadgets__2,kitchen_gadgets,KITCHEN GADGETS,Small specialized gadgets used in a kitchen,normal,auto_validated,unique,0.282,thermometer | funnel | melon baller | pizza cutter
kitchen_gadgets__3,kitchen_gadgets,KITCHEN GADGETS,Small specialized gadgets used in a kitchen,normal,auto_validated,unique,0.31,peeler | strainer | corkscrew | egg slicer
measuring_tools__1,measuring_tools,MEASURING TOOLS,"Tools used to measure size, weight or amount",normal,auto_validated,unique,0.232,scale | level | tape measure | meter
measuring_tools__2,measuring_tools,MEASURING TOOLS,"Tools used to measure size, weight or amount",normal,auto_validated,unique,0.256,ruler | compass | gauge | measuring cup
measuring_tools__3,measuring_tools,MEASURING TOOLS,"Tools used to measure size, weight or amount",normal,auto_validated,unique,0.296,thermometer | barometer | caliper | yardstick
office_supplies__1,office_supplies,OFFICE SUPPLIES,Small items kept in an office desk and used for paperwork,normal,auto_validated,unique,0.132,pen | tape | calendar | label
office_supplies__2,office_supplies,OFFICE SUPPLIES,Small items kept in an office desk and used for paperwork,normal,auto_validated,unique,0.14,clip | rubber band | paper clip | hole punch
office_supplies__3,office_supplies,OFFICE SUPPLIES,Small items kept in an office desk and used for paperwork,normal,auto_validated,unique,0.148,stamp | pencil | marker | ink
painting_supplies__1,painting_supplies,PAINTING SUPPLIES,Things used to paint a wall or a picture,normal,auto_validated,unique,0.232,paint | tape | brush | spray can
painting_supplies__2,painting_supplies,PAINTING SUPPLIES,Things used to paint a wall or a picture,normal,auto_validated,unique,0.247,canvas | roller | ladder | drop cloth
painting_supplies__3,painting_supplies,PAINTING SUPPLIES,Things used to paint a wall or a picture,normal,auto_validated,unique,0.261,sponge | palette | tray | thinner
power_tools__1,power_tools,POWER TOOLS,Tools driven by electricity or a motor,normal,auto_validated,unique,0.191,saw | nail gun | impact driver | table saw
power_tools__2,power_tools,POWER TOOLS,Tools driven by electricity or a motor,normal,auto_validated,unique,0.229,drill | buffer | router | air compressor
power_tools__3,power_tools,POWER TOOLS,Tools driven by electricity or a motor,normal,auto_validated,unique,0.247,jigsaw | chainsaw | grinder | blower
safety_gear__1,safety_gear,SAFETY GEAR,Equipment worn to stay safe while working,normal,auto_validated,unique,0.233,hard hat | mask | boots | face shield
safety_gear__2,safety_gear,SAFETY GEAR,Equipment worn to stay safe while working,normal,auto_validated,unique,0.252,harness | vest | helmet | gloves
safety_gear__3,safety_gear,SAFETY GEAR,Equipment worn to stay safe while working,normal,auto_validated,unique,0.277,apron | goggles | respirator | knee pads
sewing_supplies__1,sewing_supplies,SEWING SUPPLIES,Items used for sewing and mending clothes,normal,auto_validated,unique,0.227,hook | button | thread | pattern
sewing_supplies__2,sewing_supplies,SEWING SUPPLIES,Items used for sewing and mending clothes,normal,auto_validated,unique,0.237,pin | snap | patch | tape measure
sewing_supplies__3,sewing_supplies,SEWING SUPPLIES,Items used for sewing and mending clothes,normal,auto_validated,unique,0.259,needle | scissors | yarn | elastic
things_measured_in_inches__1,things_measured_in_inches,MEASURING UNITS,"Units used to measure length, weight or volume",normal,auto_validated,unique,0.257,foot | yard | cup | mile
things_measured_in_inches__2,things_measured_in_inches,MEASURING UNITS,"Units used to measure length, weight or volume",normal,auto_validated,unique,0.275,pound | ton | meter | inch
things_measured_in_inches__3,things_measured_in_inches,MEASURING UNITS,"Units used to measure length, weight or volume",normal,auto_validated,unique,0.295,ounce | gallon | gram | acre
things_that_cut__1,things_that_cut,SHARP THINGS,Everyday things with a sharp edge or point,normal,auto_validated,unique,0.277,saw | knife | sword | ice pick
things_that_cut__2,things_that_cut,SHARP THINGS,Everyday things with a sharp edge or point,normal,auto_validated,unique,0.293,nail | pin | arrow | blade
things_that_cut__3,things_that_cut,SHARP THINGS,Everyday things with a sharp edge or point,normal,auto_validated,unique,0.312,needle | scissors | razor | spear
things_that_spin__1,things_that_spin,SPINNING THINGS,Everyday things that spin or rotate,normal,auto_validated,unique,0.269,fan | top | wheel | record
things_that_spin__2,things_that_spin,SPINNING THINGS,Everyday things that spin or rotate,normal,auto_validated,unique,0.291,coin | globe | ceiling fan | gear
things_that_spin__3,things_that_spin,SPINNING THINGS,Everyday things that spin or rotate,normal,auto_validated,unique,0.305,tire | dial | washing machine | turbine
things_that_stick_out__1,things_that_stick_out,HAMMERED THINGS,Things a hammer is normally used on,normal,auto_validated,unique,0.338,nail | bolt | spike | stake
things_that_stick_out__2,things_that_stick_out,HAMMERED THINGS,Things a hammer is normally used on,normal,auto_validated,unique,0.356,dent | wedge | Peg | tent stake
things_that_stick_out__3,things_that_stick_out,HAMMERED THINGS,Things a hammer is normally used on,normal,auto_validated,unique,0.381,tack | chisel | horseshoe | rivet
things_with_handles__1,things_with_handles,THINGS WITH HANDLES,Everyday objects gripped by a handle,normal,auto_validated,unique,0.283,hammer | knife | pan | door
things_with_handles__2,things_with_handles,THINGS WITH HANDLES,Everyday objects gripped by a handle,normal,auto_validated,unique,0.302,basket | purse | umbrella | bucket
things_with_handles__3,things_with_handles,THINGS WITH HANDLES,Everyday objects gripped by a handle,normal,auto_validated,unique,0.311,pitcher | drawer | axe | mug
tubes__1,tubes,TUBES,A hollow tube that something flows through,normal,auto_validated,unique,0.3,hose | funnel | duct | chute
under_lock__1,under_lock,UNDER LOCK,Something used to lock things away or guard them,normal,auto_validated,unique,0.306,alarm | safe | lock | code
workshop_things__1,workshop_things,WORKSHOP THINGS,Things found in a home workshop,normal,auto_validated,unique,0.239,drill | nail | hammer | oil can
workshop_things__2,workshop_things,WORKSHOP THINGS,Things found in a home workshop,normal,auto_validated,unique,0.258,shelf | bucket | lumber | extension cord
workshop_things__3,workshop_things,WORKSHOP THINGS,Things found in a home workshop,normal,auto_validated,unique,0.279,apron | goggles | clamp | grinder
auto_repair__1,auto_repair,AUTO REPAIR,Things a mechanic works with,normal,auto_validated,unique,0.259,jack | oil | lift | battery
auto_repair__2,auto_repair,AUTO REPAIR,Things a mechanic works with,normal,auto_validated,unique,0.277,belt | filter | transmission | tire iron
auto_repair__3,auto_repair,AUTO REPAIR,Things a mechanic works with,normal,auto_validated,unique,0.297,hose | spark plug | brake pad | diagnostic
baker_words__1,baker_words,BAKERY WORDS,Things found in a bakery,normal,auto_validated,unique,0.241,rack | flour | oven | display case
baker_words__2,baker_words,BAKERY WORDS,Things found in a bakery,normal,auto_validated,unique,0.258,timer | cooling rack | tray | dough
baker_words__3,baker_words,BAKERY WORDS,Things found in a bakery,normal,auto_validated,unique,0.269,apron | icing | mixer | pastry bag
barbershop__1,barbershop,BARBERSHOP,A person or product found in a barbershop,normal,auto_validated,unique,0.45,barber | clippers | pomade | aftershave
barbershop_words__1,barbershop_words,BARBERSHOP WORDS,Things found in a barbershop,normal,auto_validated,unique,0.229,brush | mirror | chair | cape
barbershop_words__2,barbershop_words,BARBERSHOP WORDS,Things found in a barbershop,normal,auto_validated,unique,0.245,powder | razor | towel | pole
barbershop_words__3,barbershop_words,BARBERSHOP WORDS,Things found in a barbershop,normal,auto_validated,unique,0.264,scissors | comb | clippers | shaving cream
blacksmith__1,blacksmith,BLACKSMITH,"A tool, place or step of working metal by hand",normal,auto_validated,unique,0.45,horseshoe | anvil | forge | bellows
butcher_words__1,butcher_words,BUTCHER SHOP,Things found in a butcher shop,normal,auto_validated,unique,0.303,block | saw | cut | wrap
butcher_words__2,butcher_words,BUTCHER SHOP,Things found in a butcher shop,normal,auto_validated,unique,0.344,mince | rack | sausage | freezer
butcher_words__3,butcher_words,BUTCHER SHOP,Things found in a butcher shop,normal,auto_validated,unique,0.367,apron | twine | grinder | cleaver
carpenter__1,carpenter,CARPENTER,"A material, tool or joint used working wood",normal,auto_validated,unique,0.481,plywood | sander | sawdust | lathe
carpentry_words__1,carpentry_words,CARPENTRY WORDS,Things a carpenter works with,normal,auto_validated,unique,0.269,plane | beam | level | Square
carpentry_words__2,carpentry_words,CARPENTRY WORDS,Things a carpenter works with,normal,auto_validated,unique,0.303,stud | lumber | nail gun | groove
carpentry_words__3,carpentry_words,CARPENTRY WORDS,Things a carpenter works with,normal,auto_validated,unique,0.331,chisel | plywood | veneer | molding
cleaning_trade__1,cleaning_trade,JANITORIAL WORDS,Things a janitor uses at work,normal,auto_validated,unique,0.268,uniform | sign | trash bag | keys
cleaning_trade__2,cleaning_trade,JANITORIAL WORDS,Things a janitor uses at work,normal,auto_validated,unique,0.285,vacuum | cart | gloves | bucket
cleaning_trade__3,cleaning_trade,JANITORIAL WORDS,Things a janitor uses at work,normal,auto_validated,unique,0.302,wax | mop | buffer | broom
electrical_words__1,electrical_words,ELECTRICAL WORDS,Things an electrician works with,normal,auto_validated,unique,0.269,cable | panel | switch | ground
electrical_words__2,electrical_words,ELECTRICAL WORDS,Things an electrician works with,normal,auto_validated,unique,0.288,wire | outlet | voltage | terminal
electrical_words__3,electrical_words,ELECTRICAL WORDS,Things an electrician works with,normal,auto_validated,unique,0.306,insulation | fuse | amp | junction box
factory_words__1,factory_words,FACTORY WORDS,Things found in a factory,normal,auto_validated,unique,0.257,shift | assembly line | machine | quality control
factory_words__2,factory_words,FACTORY WORDS,Things found in a factory,normal,auto_validated,unique,0.286,whistle | uniform | robot | foreman
landscaping_words__1,landscaping_words,LANDSCAPING WORDS,Things a landscaper works with,normal,auto_validated,unique,0.287,seed | stake | gravel | hedge
landscaping_words__2,landscaping_words,LANDSCAPING WORDS,Things a landscaper works with,normal,auto_validated,unique,0.317,mower | fertilizer | blower | sod
landscaping_words__3,landscaping_words,LANDSCAPING WORDS,Things a landscaper works with,normal,auto_validated,unique,0.328,mulch | sprinkler | planter | shears
locksmith_words__1,locksmith_words,LOCKS & KEYS,Things involved with locks and keys,normal,auto_validated,unique,0.3,key | chain | safe | master key
locksmith_words__2,locksmith_words,LOCKS & KEYS,Things involved with locks and keys,normal,auto_validated,unique,0.321,bolt | lock | cylinder | combination
locksmith_words__3,locksmith_words,LOCKS & KEYS,Things involved with locks and keys,normal,auto_validated,unique,0.37,tumbler | hinge | keypad | latch
lumber_camp__1,lumber_camp,LUMBER CAMP,"A person, tool or product of felling trees",normal,auto_validated,unique,0.425,flannel | stump | timber | chainsaw
masonry_words__1,masonry_words,MASONRY WORDS,Things a mason works with,normal,auto_validated,unique,0.348,block | level | stone | joint
masonry_words__2,masonry_words,MASONRY WORDS,Things a mason works with,normal,auto_validated,unique,0.392,brick | cement | mortar | scaffold
masonry_words__3,masonry_words,MASONRY WORDS,Things a mason works with,normal,auto_validated,unique,0.434,chisel | trowel | wheelbarrow | grout
painting_trade__1,painting_trade,HOUSE PAINTING,Things a house painter uses,normal,auto_validated,unique,0.279,tape | brush | ladder | extension pole
painting_trade__2,painting_trade,HOUSE PAINTING,Things a house painter uses,normal,auto_validated,unique,0.29,roller | tray | drop cloth | stir stick
painting_trade__3,painting_trade,HOUSE PAINTING,Things a house painter uses,normal,auto_validated,unique,0.329,primer | sandpaper | putty | scraper
plumber_visit__1,plumber_visit,PLUMBER VISIT,Something a plumber works with or on,normal,auto_validated,unique,0.475,plunger | sewer | pipeline | unclog
plumbing_words__1,plumbing_words,PLUMBING WORDS,Things a plumber works with,normal,auto_validated,unique,0.285,pipe | sink | snake | trap
plumbing_words__2,plumbing_words,PLUMBING WORDS,Things a plumber works with,normal,auto_validated,unique,0.294,drain | elbow | valve | fitting
plumbing_words__3,plumbing_words,PLUMBING WORDS,Things a plumber works with,normal,auto_validated,unique,0.318,washer | wrench | sewer | coupling
printing_words__1,printing_words,PRINTING WORDS,Things used in printing,normal,auto_validated,unique,0.305,screen | press | paper | type
printing_words__2,printing_words,PRINTING WORDS,Things used in printing,normal,auto_validated,unique,0.329,proof | binding | ink | registration
printing_words__3,printing_words,PRINTING WORDS,Things used in printing,normal,auto_validated,unique,0.358,roller | cartridge | font | toner
roofing_words__1,roofing_words,ROOFING WORDS,Things used in roofing a house,normal,auto_validated,unique,0.362,valley | ridge | felt | nail gun
roofing_words__2,roofing_words,ROOFING WORDS,Things used in roofing a house,normal,auto_validated,unique,0.39,tile | ladder | vent | flashing
roofing_words__3,roofing_words,ROOFING WORDS,Things used in roofing a house,normal,auto_validated,unique,0.4,harness | gutter | tar | drip edge
tailor_words__1,tailor_words,TAILOR SHOP,Things a tailor uses,normal,auto_validated,unique,0.306,iron | thread | pattern | machine
tailor_words__2,tailor_words,TAILOR SHOP,Things a tailor uses,normal,auto_validated,unique,0.331,needle | chalk | pin | tape measure
tailor_words__3,tailor_words,TAILOR SHOP,Things a tailor uses,normal,auto_validated,unique,0.371,hem | shears | seam ripper | mannequin
warehouse_words__1,warehouse_words,WAREHOUSE WORDS,Things found in a warehouse,normal,auto_validated,unique,0.264,label | box | hand truck | tape gun
warehouse_words__2,warehouse_words,WAREHOUSE WORDS,Things found in a warehouse,normal,auto_validated,unique,0.287,shelf | inventory | dock | ramp
warehouse_words__3,warehouse_words,WAREHOUSE WORDS,Things found in a warehouse,normal,auto_validated,unique,0.307,aisle | crate | scanner | conveyor
welding_words__1,welding_words,WELDING WORDS,Things used in welding metal,normal,auto_validated,unique,0.369,helmet | rod | gas | arc
welding_words__2,welding_words,WELDING WORDS,Things used in welding metal,normal,auto_validated,unique,0.394,clamp | torch | spark | flux
welding_words__3,welding_words,WELDING WORDS,Things used in welding metal,normal,auto_validated,unique,0.408,tack | bead | slag | filler
aircraft__1,aircraft,AIRCRAFT,Machines that fly through the air carrying people or cargo,normal,auto_validated,unique,0.207,jet | helicopter | rocket | cargo plane
aircraft__2,aircraft,AIRCRAFT,Machines that fly through the air carrying people or cargo,normal,auto_validated,unique,0.219,balloon | drone | airplane | shuttle
aircraft__3,aircraft,AIRCRAFT,Machines that fly through the air carrying people or cargo,normal,auto_validated,unique,0.257,Zeppelin | glider | blimp | airship
airport_words__1,airport_words,AIRPORT WORDS,"Words for things, places or roles you encounter at an airport",normal,auto_validated,unique,0.179,ticket | pilot | security | duty free
airport_words__2,airport_words,AIRPORT WORDS,"Words for things, places or roles you encounter at an airport",normal,auto_validated,unique,0.192,gate | terminal | customs | control tower
airport_words__3,airport_words,AIRPORT WORDS,"Words for things, places or roles you encounter at an airport",normal,auto_validated,unique,0.21,runway | luggage | passport | boarding pass
boats__1,boats,BOATS AND SHIPS,Kinds of watercraft,normal,auto_validated,unique,0.206,ship | ferry | boat | cruise ship
boats__2,boats,BOATS AND SHIPS,Kinds of watercraft,normal,auto_validated,unique,0.23,canoe | submarine | yacht | barge
boats__3,boats,BOATS AND SHIPS,Kinds of watercraft,normal,auto_validated,unique,0.248,raft | kayak | freighter | schooner
car_parts__1,car_parts,CAR PARTS,Physical parts of an ordinary passenger car,normal,auto_validated,unique,0.141,engine | battery | door | seat
car_parts__2,car_parts,CAR PARTS,Physical parts of an ordinary passenger car,normal,auto_validated,unique,0.159,hood | horn | wheel | mirror
car_parts__3,car_parts,CAR PARTS,Physical parts of an ordinary passenger car,normal,auto_validated,unique,0.174,trunk | brake | clutch | tire
construction_equipment__1,construction_equipment,CONSTRUCTION EQUIPMENT,Large machines used on a building or road construction site,normal,auto_validated,unique,0.26,crane | roller | cement | dump truck
construction_equipment__2,construction_equipment,CONSTRUCTION EQUIPMENT,Large machines used on a building or road construction site,normal,auto_validated,unique,0.288,cement mixer | digger | grader | drill rig
construction_equipment__3,construction_equipment,CONSTRUCTION EQUIPMENT,Large machines used on a building or road construction site,normal,auto_validated,unique,0.301,hoist | scaffold | bulldozer | loader
emergency_vehicles__1,emergency_vehicles,EMERGENCY VEHICLES,Vehicles used by emergency services,normal,auto_validated,unique,0.183,fire truck | police car | rescue boat | squad car
emergency_vehicles__2,emergency_vehicles,EMERGENCY VEHICLES,Vehicles used by emergency services,normal,auto_validated,unique,0.204,ambulance | helicopter | patrol car | ladder truck
emergency_vehicles__3,emergency_vehicles,EMERGENCY VEHICLES,Vehicles used by emergency services,normal,auto_validated,unique,0.235,cruiser | tow truck | paramedic van | hazmat truck
gas_station_things__1,gas_station_things,GAS STATION,Things found at an American gas station,normal,auto_validated,unique,0.218,oil | map | coffee | gas
gas_station_things__2,gas_station_things,GAS STATION,Things found at an American gas station,normal,auto_validated,unique,0.237,pump | car wash | credit card reader | ice machine
gas_station_things__3,gas_station_things,GAS STATION,Things found at an American gas station,normal,auto_validated,unique,0.257,snack | receipt | diesel | air hose
heavy_trucks__1,heavy_trucks,TRUCKS,Kinds of truck used to move goods and materials,normal,auto_validated,unique,0.23,van | semi | box truck | moving truck
heavy_trucks__2,heavy_trucks,TRUCKS,Kinds of truck used to move goods and materials,normal,auto_validated,unique,0.251,dump truck | pickup | garbage truck | delivery truck
heavy_trucks__3,heavy_trucks,TRUCKS,Kinds of truck used to move goods and materials,normal,auto_validated,unique,0.272,cement mixer | tow truck | tanker | logging truck
hotel_words__1,hotel_words,HOTEL WORDS,Things and roles found at a hotel,normal,auto_validated,unique,0.188,pool | key card | room service | front desk
hotel_words__2,hotel_words,HOTEL WORDS,Things and roles found at a hotel,normal,auto_validated,unique,0.211,elevator | lobby | reception | suite
hotel_words__3,hotel_words,HOTEL WORDS,Things and roles found at a hotel,normal,auto_validated,unique,0.23,balcony | checkout | vacancy | luggage cart
on_the_road__1,on_the_road,ON THE ROAD,Something a driver meets on the road,normal,auto_validated,unique,0.275,signal | traffic | road | lane
parking_words__1,parking_words,PARKING WORDS,Words used about parking a car,normal,auto_validated,unique,0.265,sign | spot | space | lot
parking_words__2,parking_words,PARKING WORDS,Words used about parking a car,normal,auto_validated,unique,0.29,ticket | garage | permit | meter
parking_words__3,parking_words,PARKING WORDS,Words used about parking a car,normal,auto_validated,unique,0.31,stall | tow | curb | ramp
parts_of_a_bike__1,parts_of_a_bike,BICYCLE PARTS,Physical parts of a bicycle,normal,auto_validated,unique,0.226,chain | bell | seat | spoke
parts_of_a_bike__2,parts_of_a_bike,BICYCLE PARTS,Physical parts of a bicycle,normal,auto_validated,unique,0.236,frame | wheel | basket | gear
parts_of_a_bike__3,parts_of_a_bike,BICYCLE PARTS,Physical parts of a bicycle,normal,auto_validated,unique,0.254,brake | fork | tire | rim
road_things__1,road_things,ROAD THINGS,Things you see on or beside a road,normal,auto_validated,unique,0.185,bridge | sign | lane | traffic light
road_things__2,road_things,ROAD THINGS,Things you see on or beside a road,normal,auto_validated,unique,0.204,shoulder | exit | tunnel | median
road_things__3,road_things,ROAD THINGS,Things you see on or beside a road,normal,auto_validated,unique,0.221,cone | intersection | ramp | speed bump
sailing_words__1,sailing_words,SAILING WORDS,Words used aboard a sailing boat,normal,auto_validated,unique,0.34,cabin | deck | boom | port
sailing_words__2,sailing_words,SAILING WORDS,Words used aboard a sailing boat,normal,auto_validated,unique,0.355,sail | rope | anchor | hull
sailing_words__3,sailing_words,SAILING WORDS,Words used aboard a sailing boat,normal,auto_validated,unique,0.369,knot | mast | stern | helm
space_travel__1,space_travel,SPACE TRAVEL,Things involved in traveling into space,normal,auto_validated,unique,0.218,station | launch | mission | satellite
space_travel__2,space_travel,SPACE TRAVEL,Things involved in traveling into space,normal,auto_validated,unique,0.242,rocket | gravity | orbit | module
space_travel__3,space_travel,SPACE TRAVEL,Things involved in traveling into space,normal,auto_validated,unique,0.256,telescope | capsule | shuttle | rover
things_that_carry_people__1,things_that_carry_people,PEOPLE MOVERS,Things built to carry a person from one place to another,normal,auto_validated,unique,0.269,plane | horse | bus | train
things_that_carry_people__2,things_that_carry_people,PEOPLE MOVERS,Things built to carry a person from one place to another,normal,auto_validated,unique,0.287,ferry | boat | taxi | cable car
things_that_carry_people__3,things_that_carry_people,PEOPLE MOVERS,Things built to carry a person from one place to another,normal,auto_validated,unique,0.317,wheelchair | sled | elevator | tram
things_with_wheels__1,things_with_wheels,THINGS WITH WHEELS,Everyday objects that have wheels as a normal part of their design,normal,auto_validated,unique,0.207,trailer | car | bus | train
things_with_wheels__2,things_with_wheels,THINGS WITH WHEELS,Everyday objects that have wheels as a normal part of their design,normal,auto_validated,unique,0.217,cart | bike | truck | van
things_with_wheels__3,things_with_wheels,THINGS WITH WHEELS,Everyday objects that have wheels as a normal part of their design,normal,auto_validated,unique,0.243,wheelchair | tractor | wagon | golf cart
traffic_signs__1,traffic_signs,TRAFFIC SIGNS,Signs that direct drivers on the road,normal,auto_validated,unique,0.21,slow | stop | one way | dead end
traffic_signs__2,traffic_signs,TRAFFIC SIGNS,Signs that direct drivers on the road,normal,auto_validated,unique,0.222,no parking | speed limit | do not enter | school zone
traffic_signs__3,traffic_signs,TRAFFIC SIGNS,Signs that direct drivers on the road,normal,auto_validated,unique,0.235,yield | railroad | exit | crossing
train_words__1,train_words,TRAIN WORDS,"Words for the parts, places and roles of railway travel",normal,auto_validated,unique,0.219,station | platform | engine | track
train_words__2,train_words,TRAIN WORDS,"Words for the parts, places and roles of railway travel",normal,auto_validated,unique,0.233,ticket | switch | rail | crossing
train_words__3,train_words,TRAIN WORDS,"Words for the parts, places and roles of railway travel",normal,auto_validated,unique,0.252,whistle | tunnel | freight | depot
travel_documents__1,travel_documents,TRAVEL THINGS,Things a traveler packs or carries on a trip,normal,auto_validated,unique,0.184,ticket | map | camera | insurance
travel_documents__2,travel_documents,TRAVEL THINGS,Things a traveler packs or carries on a trip,normal,auto_validated,unique,0.209,Visa | wallet | passport | currency
travel_documents__3,travel_documents,TRAVEL THINGS,Things a traveler packs or carries on a trip,normal,auto_validated,unique,0.223,sunglasses | backpack | boarding pass | neck pillow
vehicles__1,vehicles,VEHICLES,Machines built to carry people or goods from place to place,normal,auto_validated,unique,0.068,plane | car | bus | train
vehicles__2,vehicles,VEHICLES,Machines built to carry people or goods from place to place,normal,auto_validated,unique,0.075,boat | bike | truck | van
vehicles__3,vehicles,VEHICLES,Machines built to carry people or goods from place to place,normal,auto_validated,unique,0.097,ambulance | taxi | helicopter | motorcycle
apple_varieties__1,apple_varieties,APPLE VARIETIES,Varieties of apple sold in stores,normal,auto_validated,unique,0.27,Rome | empire | Pink Lady | Jonathan
apple_varieties__2,apple_varieties,APPLE VARIETIES,Varieties of apple sold in stores,normal,auto_validated,unique,0.287,Gala | Red Delicious | Golden Delicious | Envy
apple_varieties__3,apple_varieties,APPLE VARIETIES,Varieties of apple sold in stores,normal,auto_validated,unique,0.323,Fuji | Granny Smith | McIntosh | Cortland
bean_types__1,bean_types,BEAN TYPES,Kinds of bean used in cooking,normal,auto_validated,unique,0.259,string | black | navy | great northern
bean_types__2,bean_types,BEAN TYPES,Kinds of bean used in cooking,normal,auto_validated,unique,0.298,kidney | Lima | butter bean | black eyed pea
bean_types__3,bean_types,BEAN TYPES,Kinds of bean used in cooking,normal,auto_validated,unique,0.35,pinto | garbanzo | fava | mung
chili_and_spice_blends__1,chili_and_spice_blends,SPICE BLENDS,Mixtures of spices sold as one seasoning,normal,auto_validated,unique,0.327,jerk | five spice | old bay | ranch mix
chili_and_spice_blends__2,chili_and_spice_blends,SPICE BLENDS,Mixtures of spices sold as one seasoning,normal,auto_validated,unique,0.351,curry powder | chili powder | italian seasoning | pumpkin spice
grape_varieties__1,grape_varieties,GRAPE VARIETIES,Varieties of grape used for wine and eating,normal,auto_validated,unique,0.356,Thompson | Concord | Chardonnay | Muscat
grape_varieties__2,grape_varieties,GRAPE VARIETIES,Varieties of grape used for wine and eating,normal,auto_validated,unique,0.38,Merlot | Cabernet | Pinot Noir | Sauvignon
honey_and_syrups__1,honey_and_syrups,SYRUPS AND SWEETENERS,Sweet syrups and sweeteners used in food,normal,auto_validated,unique,0.324,honey | brown sugar | cane sugar | date syrup
honey_and_syrups__2,honey_and_syrups,SYRUPS AND SWEETENERS,Sweet syrups and sweeteners used in food,normal,auto_validated,unique,0.348,maple syrup | caramel | powdered sugar | corn syrup
honey_and_syrups__3,honey_and_syrups,SYRUPS AND SWEETENERS,Sweet syrups and sweeteners used in food,normal,auto_validated,unique,0.377,molasses | agave | sorghum | stevia
lettuce_and_greens__1,lettuce_and_greens,SALAD GREENS,Varieties of lettuce and salad green,normal,auto_validated,unique,0.33,spinach | butter | red leaf | green leaf
lettuce_and_greens__2,lettuce_and_greens,SALAD GREENS,Varieties of lettuce and salad green,normal,auto_validated,unique,0.384,arugula | romaine | watercress | iceberg
melons_and_squash__1,melons_and_squash,MELONS & SQUASH,Varieties of melon and squash,normal,auto_validated,unique,0.306,watermelon | pumpkin | spaghetti | hubbard
melons_and_squash__2,melons_and_squash,MELONS & SQUASH,Varieties of melon and squash,normal,auto_validated,unique,0.335,cantaloupe | zucchini | acorn | butternut
mint_and_herbs_varieties__1,mint_and_herbs_varieties,HERB VARIETIES,Varieties of mint and other kitchen herbs,normal,auto_validated,unique,0.4,basil | thai basil | italian parsley | lemon balm
mint_and_herbs_varieties__2,mint_and_herbs_varieties,HERB VARIETIES,Varieties of mint and other kitchen herbs,normal,auto_validated,unique,0.414,dill | cilantro | peppermint | curly parsley
olive_types__1,olive_types,OLIVE TYPES,Varieties of olive and olive oil,normal,auto_validated,unique,0.347,light | spanish | black | virgin
pepper_varieties__1,pepper_varieties,PEPPER VARIETIES,Varieties of pepper used in cooking,normal,auto_validated,unique,0.282,Anaheim | bell | banana | ghost
pepper_varieties__2,pepper_varieties,PEPPER VARIETIES,Varieties of pepper used in cooking,normal,auto_validated,unique,0.327,Chipotle | cayenne | serrano | scotch bonnet
potato_varieties__1,potato_varieties,POTATO VARIETIES,Varieties of potato sold in stores,normal,auto_validated,unique,0.302,white | baby | red | purple
potato_varieties__2,potato_varieties,POTATO VARIETIES,Varieties of potato sold in stores,normal,auto_validated,unique,0.34,idaho | sweet potato | yukon gold | new potato
rice_types__1,rice_types,RICE TYPES,Kinds of rice sold in stores,normal,auto_validated,unique,0.297,black | Brown | red | wild
rice_types__2,rice_types,RICE TYPES,Kinds of rice sold in stores,normal,auto_validated,unique,0.323,white | sticky | long grain | short grain
tomato_varieties__1,tomato_varieties,TOMATO VARIETIES,Varieties of tomato,normal,auto_validated,unique,0.309,green | cherry | yellow | sun dried
tomato_varieties__2,tomato_varieties,TOMATO VARIETIES,Varieties of tomato,normal,auto_validated,unique,0.34,plum | vine | grape | roma
coffee_drinks__1,coffee_drinks,COFFEE DRINKS,Ways coffee is prepared and served,normal,auto_validated,unique,0.2,drip | flat white | cold brew | french press
coffee_drinks__2,coffee_drinks,COFFEE DRINKS,Ways coffee is prepared and served,normal,auto_validated,unique,0.236,espresso | latte | mocha | iced coffee
coffee_drinks__3,coffee_drinks,COFFEE DRINKS,Ways coffee is prepared and served,normal,auto_validated,unique,0.27,cappuccino | americano | macchiato | frappe
cured_meats__1,cured_meats,CURED MEATS,Meats preserved by curing or smoking,normal,auto_validated,unique,0.339,bacon | sausage | ham | chorizo
cured_meats__2,cured_meats,CURED MEATS,Meats preserved by curing or smoking,normal,auto_validated,unique,0.367,pepperoni | corned beef | bologna | jerky
fermented_foods__1,fermented_foods,PICKLED FOODS,Foods preserved by pickling or fermenting,normal,auto_validated,unique,0.333,olive | cheese | yogurt | vinegar
fermented_foods__2,fermented_foods,PICKLED FOODS,Foods preserved by pickling or fermenting,normal,auto_validated,unique,0.369,salami | pickle | relish | kimchi
fermented_foods__3,fermented_foods,PICKLED FOODS,Foods preserved by pickling or fermenting,normal,auto_validated,unique,0.387,sourdough | kombucha | miso | sauerkraut
french_dishes__1,french_dishes,FRENCH DISHES,Dishes from French cuisine,normal,auto_validated,unique,0.327,baguette | mousse | crepe | madeleine
french_dishes__2,french_dishes,FRENCH DISHES,Dishes from French cuisine,normal,auto_validated,unique,0.342,croissant | quiche | brioche | foie gras
french_dishes__3,french_dishes,FRENCH DISHES,Dishes from French cuisine,normal,auto_validated,unique,0.351,gratin | ratatouille | coq au vin | tartare
german_dishes__1,german_dishes,GERMAN DISHES,Dishes from German cuisine,normal,auto_validated,unique,0.314,sausage | potato salad | rye bread | lager
german_dishes__2,german_dishes,GERMAN DISHES,Dishes from German cuisine,normal,auto_validated,unique,0.35,dumpling | pretzel | sauerkraut | schnitzel
greek_dishes__1,greek_dishes,GREEK DISHES,Dishes from Greek cuisine,normal,auto_validated,unique,0.318,olive | hummus | pita | gyro
greek_dishes__2,greek_dishes,GREEK DISHES,Dishes from Greek cuisine,normal,auto_validated,unique,0.351,feta | baklava | calamari | halloumi
greek_dishes__3,greek_dishes,GREEK DISHES,Dishes from Greek cuisine,normal,auto_validated,unique,0.372,souvlaki | moussaka | tzatziki | ouzo
indian_dishes__1,indian_dishes,INDIAN DISHES,Dishes from Indian cuisine,normal,auto_validated,unique,0.319,chutney | curry | masala | dal
indian_dishes__2,indian_dishes,INDIAN DISHES,Dishes from Indian cuisine,normal,auto_validated,unique,0.346,naan | biryani | roti | tikka
indian_dishes__3,indian_dishes,INDIAN DISHES,Dishes from Indian cuisine,normal,auto_validated,unique,0.36,samosa | tandoori | paneer | lassi
japanese_dishes__1,japanese_dishes,JAPANESE DISHES,Dishes from Japanese cuisine,normal,auto_validated,unique,0.277,sushi | ramen | miso | tofu
japanese_dishes__2,japanese_dishes,JAPANESE DISHES,Dishes from Japanese cuisine,normal,auto_validated,unique,0.302,wasabi | teriyaki | sashimi | bento
japanese_dishes__3,japanese_dishes,JAPANESE DISHES,Dishes from Japanese cuisine,normal,auto_validated,unique,0.309,tempura | udon | soba | mochi
middle_eastern_dishes__1,middle_eastern_dishes,MIDDLE EASTERN,Dishes from Middle Eastern cuisine,normal,auto_validated,unique,0.331,hummus | pita | kebab | falafel
middle_eastern_dishes__2,middle_eastern_dishes,MIDDLE EASTERN,Dishes from Middle Eastern cuisine,normal,auto_validated,unique,0.349,couscous | shawarma | tahini | lentil soup
nuts_world__1,nuts_world,SNACK NUTS,Nuts sold as snacks,normal,auto_validated,unique,0.295,walnut | peanut | pine nut | brazil nut
nuts_world__2,nuts_world,SNACK NUTS,Nuts sold as snacks,normal,auto_validated,unique,0.327,almond | pecan | chestnut | filbert
sauces__1,sauces,SAUCES,Sauces used in cooking,normal,auto_validated,unique,0.248,ketchup | ranch | curry | mayonnaise
sauces__2,sauces,SAUCES,Sauces used in cooking,normal,auto_validated,unique,0.256,mustard | relish | barbecue | soy
sauces__3,sauces,SAUCES,Sauces used in cooking,normal,auto_validated,unique,0.275,salsa | alfredo | gravy | roux
soups__1,soups,SOUPS AND STEWS,Kinds of soup and stew,normal,auto_validated,unique,0.219,chili | tomato | split pea | onion soup
soups__2,soups,SOUPS AND STEWS,Kinds of soup and stew,normal,auto_validated,unique,0.231,broth | ramen | chicken noodle | stew
soups__3,soups,SOUPS AND STEWS,Kinds of soup and stew,normal,auto_validated,unique,0.257,pho | miso | gumbo | chowder
southern_dishes__1,southern_dishes,SOUTHERN FOOD,Dishes from the American South,normal,auto_validated,unique,0.254,pulled pork | fried chicken | black eyed peas | sweet tea
southern_dishes__2,southern_dishes,SOUTHERN FOOD,Dishes from the American South,normal,auto_validated,unique,0.277,biscuit | catfish | gravy | hush puppy
southern_dishes__3,southern_dishes,SOUTHERN FOOD,Dishes from the American South,normal,auto_validated,unique,0.3,grits | cornbread | cobbler | pecan pie
spanish_dishes__1,spanish_dishes,SPANISH DISHES,Dishes from Spanish cuisine,normal,auto_validated,unique,0.335,tortilla | paella | tapas | chorizo
spanish_dishes__2,spanish_dishes,SPANISH DISHES,Dishes from Spanish cuisine,normal,auto_validated,unique,0.354,flan | churro | sangria | gazpacho
street_food__1,street_food,STREET FOOD,Foods sold from street carts and stands,normal,auto_validated,unique,0.239,popcorn | cotton candy | hot dog | corn dog
street_food__2,street_food,STREET FOOD,Foods sold from street carts and stands,normal,auto_validated,unique,0.271,waffle | taco | kebab | roasted nuts
street_food__3,street_food,STREET FOOD,Foods sold from street carts and stands,normal,auto_validated,unique,0.294,dumpling | pretzel | crepe | gyro
sushi_bar__1,sushi_bar,SUSHI BAR,A dish or utensil served at a sushi bar,normal,auto_validated,unique,0.5,teriyaki | sashimi | bento | maki
teas__1,teas,TEAS,Kinds of tea,normal,auto_validated,unique,0.218,green | white | lemon | black
teas__2,teas,TEAS,Kinds of tea,normal,auto_validated,unique,0.253,mint | ginger | Jasmine | earl grey
teas__3,teas,TEAS,Kinds of tea,normal,auto_validated,unique,0.287,chai | hibiscus | herbal | matcha
wines_and_drinks__1,wines_and_drinks,WINE & BEER,Kinds of wine and beer,normal,auto_validated,unique,0.283,rose | champagne | ale | porter
wines_and_drinks__2,wines_and_drinks,WINE & BEER,Kinds of wine and beer,normal,auto_validated,unique,0.313,cider | lager | stout | ipa
wines_and_drinks__3,wines_and_drinks,WINE & BEER,Kinds of wine and beer,normal,auto_validated,unique,0.331,Merlot | Cabernet | Chardonnay | pinot
world_breads__1,world_breads,WORLD BREADS,Breads from cuisines around the world,normal,auto_validated,unique,0.326,rye | pita | tortilla | roti
world_breads__2,world_breads,WORLD BREADS,Breads from cuisines around the world,normal,auto_validated,unique,0.344,sourdough | baguette | brioche | matzo
countries_more__1,countries_more,MORE COUNTRIES,Countries less often named in lists,normal,auto_validated,unique,0.317,Georgia | Iceland | Nepal | Ukraine
countries_more__2,countries_more,MORE COUNTRIES,Countries less often named in lists,normal,auto_validated,unique,0.336,Monaco | Kazakhstan | Cyprus | Luxembourg
countries_more__3,countries_more,MORE COUNTRIES,Countries less often named in lists,normal,auto_validated,unique,0.341,Malta | Armenia | Lithuania | Belarus
highlands__1,highlands,HIGHLANDS,A word belonging to the Scottish Highlands,normal,auto_validated,unique,0.531,kilt | bagpipes | loch | haggis
island_luau__1,island_luau,ISLAND LUAU,A word belonging to a Hawaiian island party,normal,auto_validated,unique,0.475,hula | aloha | lei | tiki
island_nations__1,island_nations,ISLAND NATIONS,Countries made up of islands,normal,auto_validated,unique,0.351,Japan | Indonesia | Philippines | Cuba
island_nations__2,island_nations,ISLAND NATIONS,Countries made up of islands,normal,auto_validated,unique,0.376,Iceland | Jamaica | Cyprus | Sri Lanka
island_nations__3,island_nations,ISLAND NATIONS,Countries made up of islands,normal,auto_validated,unique,0.386,Madagascar | Fiji | Malta | Bahrain
tea_ceremony__1,tea_ceremony,TEA CEREMONY,"A vessel, leaf or step of making tea properly",normal,auto_validated,unique,0.494,teapot | darjeeling | infuser | steep
tropical_birds__1,tropical_birds,TROPICAL BIRDS,Colorful birds of tropical regions,normal,auto_validated,unique,0.357,parrot | flamingo | hummingbird | bird of paradise
tropical_flowers__1,tropical_flowers,TROPICAL FLOWERS,Flowers that grow in tropical places,normal,auto_validated,unique,0.342,Jasmine | lotus | bird of paradise | ginger flower
world_breakfasts__1,world_breakfasts,WORLD BREAKFAST,Breakfast foods eaten in other countries,normal,auto_validated,unique,0.366,dim sum | full english | cheese plate | fruit plate
world_breakfasts__2,world_breakfasts,WORLD BREAKFAST,Breakfast foods eaten in other countries,normal,auto_validated,unique,0.418,croissant | porridge | tamale | pastry
world_deserts_and_seas__1,world_deserts_and_seas,WORLD REGIONS,Named regions of the world,normal,auto_validated,unique,0.373,Amazon | Alps | mediterranean | Caribbean
world_deserts_and_seas__2,world_deserts_and_seas,WORLD REGIONS,Named regions of the world,normal,auto_validated,unique,0.403,Sahara | Balkans | Siberia | Riviera
world_deserts_and_seas__3,world_deserts_and_seas,WORLD REGIONS,Named regions of the world,normal,auto_validated,unique,0.408,Scandinavia | Outback | Bavaria | Tuscany
world_markets__1,world_markets,MARKET WORDS,Things found at an open air market,normal,auto_validated,unique,0.253,cash | sign | produce | crowd
world_markets__2,world_markets,MARKET WORDS,Things found at an open air market,normal,auto_validated,unique,0.281,cart | basket | spice | sample
world_markets__3,world_markets,MARKET WORDS,Things found at an open air market,normal,auto_validated,unique,0.301,stall | vendor | crate | canopy
world_soups__1,world_soups,WORLD SOUPS,Soups from cuisines around the world,normal,auto_validated,unique,0.353,ramen | pho | tom yum | egg drop
world_sports__1,world_sports,WORLD SPORTS,Sports popular outside the United States,normal,auto_validated,unique,0.321,cricket | rugby | curling | table tennis
world_sports__2,world_sports,WORLD SPORTS,Sports popular outside the United States,normal,auto_validated,unique,0.361,badminton | handball | netball | hurling
world_sports__3,world_sports,WORLD SPORTS,Sports popular outside the United States,normal,auto_validated,unique,0.381,sumo | kabaddi | bandy | futsal
world_teas_and_drinks__1,world_teas_and_drinks,TRADITIONAL DRINKS,Traditional drinks from world cultures,normal,auto_validated,unique,0.38,rum | Whiskey | sake | vodka
world_transport__1,world_transport,WORLD TRANSPORT,Ways people get around in other countries,normal,auto_validated,unique,0.325,camel | ferry | cable car | bicycle
world_transport__2,world_transport,WORLD TRANSPORT,Ways people get around in other countries,normal,auto_validated,unique,0.351,sled | canoe | tram | double decker
world_transport__3,world_transport,WORLD TRANSPORT,Ways people get around in other countries,normal,auto_validated,unique,0.379,rickshaw | gondola | moped | tuk tuk
